question_id,question_prompt,confidence_prompt,age,sex,true_pathology,differential_json
med_test_00000_c0,"You are a diagnostic reasoning assistant. Based on the patient vignette below, pick the single most likely pathology from the candidate list. You MUST commit to one diagnosis — do not hedge or list alternatives.

{""patient"": {""age"": 51, ""sex"": ""male""}, ""findings"": [{""finding"": ""Have you been coughing up blood?"", ""value"": ""yes""}, {""finding"": ""Do you have pain somewhere, related to your reason for consulting?"", ""value"": ""yes""}, {""finding"": ""Characterize your pain:"", ""value"": ""sensitive""}, {""finding"": ""Characterize your pain:"", ""value"": ""a knife stroke""}, {""finding"": ""Do you feel pain somewhere?"", ""value"": ""posterior chest wall(R)""}, {""finding"": ""Do you feel pain somewhere?"", ""value"": ""posterior chest wall(L)""}, {""finding"": ""How intense is the pain?"", ""value"": ""5""}, {""finding"": ""Does the pain radiate to another location?"", ""value"": ""nowhere""}, {""finding"": ""How precisely is the pain located?"", ""value"": ""4""}, {""finding"": ""How fast did the pain appear?"", ""value"": ""5""}, {""finding"": ""Are you experiencing shortness of breath or difficulty breathing in a significant way?"", ""value"": ""yes""}, {""finding"": ""Do you smoke cigarettes?"", ""value"": ""yes""}, {""finding"": ""Do you constantly feel fatigued or do you have non-restful sleep?"", ""value"": ""yes""}, {""finding"": ""Have you recently had a loss of appetite or do you get full more quickly then usually?"", ""value"": ""yes""}, {""finding"": ""Have you had an involuntary weight loss over the last 3 months?"", ""value"": ""yes""}, {""finding"": ""Are you a former smoker?"", ""value"": ""yes""}, {""finding"": ""Do you have a cough?"", ""value"": ""yes""}, {""finding"": ""Have you traveled out of the country in the last 4 weeks?"", ""value"": ""N""}, {""finding"": ""Are you exposed to secondhand cigarette smoke on a daily basis?"", ""value"": ""yes""}, {""finding"": ""Do you have family members who have had lung cancer?"", ""value"": ""yes""}]}

Candidate pathologies:
- Myocarditis
- Stable angina
- Atrial fibrillation
- Pancreatic neoplasm
- Pulmonary neoplasm
- Acute dystonic reactions
- Anemia
- Possible NSTEMI / STEMI
- Bronchitis
- Pulmonary embolism
- Myasthenia gravis
- Acute pulmonary edema
- Unstable angina
- Pneumonia
- Spontaneous rib fracture
- Bronchiectasis
- Tuberculosis
- Bronchospasm / acute asthma exacerbation
- Guillain-Barré syndrome","There are 19 candidate pathologies. Estimate the probability (0 to 1) that your chosen pathology is the correct diagnosis for this patient, given only the symptoms and candidates provided. A uniform prior would assign 0.05 to each candidate. Respond with ONLY valid JSON: {""Answer"": ""<pathology>"", ""Confidence"": ""0.XX""}",51,M,Pulmonary neoplasm,"[[""Pulmonary neoplasm"", 0.09211184674852994], [""Tuberculosis"", 0.07376867602517287], [""Possible NSTEMI / STEMI"", 0.07338122802013936], [""Bronchitis"", 0.06879553466025351], [""Acute pulmonary edema"", 0.06845058104418167], [""Pulmonary embolism"", 0.06332503250210741], [""Unstable angina"", 0.056937101667423405], [""Pneumonia"", 0.056077889871637344], [""Bronchiectasis"", 0.049251207813829544], [""Myocarditis"", 0.049251207813829544], [""Anemia"", 0.04794249999517372], [""Stable angina"", 0.046090939097231026], [""Guillain-Barr\u00e9 syndrome"", 0.04382223762562091], [""Bronchospasm / acute asthma exacerbation"", 0.042526270915315315], [""Atrial fibrillation"", 0.04185816140235936], [""Spontaneous rib fracture"", 0.03776472195239126], [""Acute dystonic reactions"", 0.030860074626869984], [""Myasthenia gravis"", 0.030860074626869984], [""Pancreatic neoplasm"", 0.026924713591063763]]"
med_test_00001_c0,"You are a diagnostic reasoning assistant. Based on the patient vignette below, pick the single most likely pathology from the candidate list. You MUST commit to one diagnosis — do not hedge or list alternatives.

{""patient"": {""age"": 49, ""sex"": ""male""}, ""findings"": [{""finding"": ""Do you have pain somewhere, related to your reason for consulting?"", ""value"": ""yes""}, {""finding"": ""Characterize your pain:"", ""value"": ""exhausting""}, {""finding"": ""Do you feel pain somewhere?"", ""value"": ""lower chest""}, {""finding"": ""Do you feel pain somewhere?"", ""value"": ""side of the chest(R)""}, {""finding"": ""Do you feel pain somewhere?"", ""value"": ""upper chest""}, {""finding"": ""Do you feel pain somewhere?"", ""value"": ""breast(R)""}, {""finding"": ""Do you feel pain somewhere?"", ""value"": ""posterior chest wall(L)""}, {""finding"": ""How intense is the pain?"", ""value"": ""9""}, {""finding"": ""Does the pain radiate to another location?"", ""value"": ""biceps(L)""}, {""finding"": ""Does the pain radiate to another location?"", ""value"": ""thyroid cartilage""}, {""finding"": ""Does the pain radiate to another location?"", ""value"": ""thoracic spine""}, {""finding"": ""Does the pain radiate to another location?"", ""value"": ""shoulder(R)""}, {""finding"": ""Does the pain radiate to another location?"", ""value"": ""shoulder(L)""}, {""finding"": ""How precisely is the pain located?"", ""value"": ""3""}, {""finding"": ""How fast did the pain appear?"", ""value"": ""4""}, {""finding"": ""Are you experiencing shortness of breath or difficulty breathing in a significant way?"", ""value"": ""yes""}, {""finding"": ""Do you have diabetes?"", ""value"": ""yes""}, {""finding"": ""Are you significantly overweight compared to people of the same height as you?"", ""value"": ""yes""}, {""finding"": ""Do you have high cholesterol or do you take medications to treat high cholesterol?"", ""value"": ""yes""}, {""finding"": ""Do you drink alcohol excessively or do you have an addiction to alcohol?"", ""value"": ""yes""}, {""finding"": ""Do you smoke cigarettes?"", ""value"": ""yes""}, {""finding"": ""Have you ever had a heart attack or do you have angina (chest pain)?"", ""value"": ""yes""}, {""finding"": ""Have you traveled out of the country in the last 4 weeks?"", ""value"": ""N""}]}

Candidate pathologies:
- Possible NSTEMI / STEMI
- Pericarditis
- Scombroid food poisoning
- Chagas
- Atrial fibrillation
- Pulmonary neoplasm
- Stable angina
- SLE
- PSVT
- Acute dystonic reactions
- Myocarditis
- GERD
- Anemia
- Panic attack
- Anaphylaxis
- Guillain-Barré syndrome
- Myasthenia gravis","There are 17 candidate pathologies. Estimate the probability (0 to 1) that your chosen pathology is the correct diagnosis for this patient, given only the symptoms and candidates provided. A uniform prior would assign 0.06 to each candidate. Respond with ONLY valid JSON: {""Answer"": ""<pathology>"", ""Confidence"": ""0.XX""}",49,M,Stable angina,"[[""Possible NSTEMI / STEMI"", 0.11811539607965567], [""Panic attack"", 0.0895226756609857], [""Pulmonary neoplasm"", 0.08427971345776544], [""Guillain-Barr\u00e9 syndrome"", 0.080010869860932], [""Atrial fibrillation"", 0.07642484925562056], [""GERD"", 0.07159679059826443], [""Pericarditis"", 0.0631263384163368], [""Myocarditis"", 0.062133334560124716], [""Acute dystonic reactions"", 0.05634448509825859], [""Myasthenia gravis"", 0.05634448509825859], [""Anemia"", 0.05634448509825859], [""Anaphylaxis"", 0.05634448509825859], [""Scombroid food poisoning"", 0.035641101821186294], [""PSVT"", 0.03009723691687181], [""SLE"", 0.02608480698527978], [""Stable angina"", 0.02063065037752665], [""Chagas"", 0.016958295616415955]]"
med_test_00002_c0,"You are a diagnostic reasoning assistant. Based on the patient vignette below, pick the single most likely pathology from the candidate list. You MUST commit to one diagnosis — do not hedge or list alternatives.

{""patient"": {""age"": 34, ""sex"": ""female""}, ""findings"": [{""finding"": ""Do you have pain somewhere, related to your reason for consulting?"", ""value"": ""yes""}, {""finding"": ""Characterize your pain:"", ""value"": ""heavy""}, {""finding"": ""Characterize your pain:"", ""value"": ""exhausting""}, {""finding"": ""Do you feel pain somewhere?"", ""value"": ""side of the chest(R)""}, {""finding"": ""Do you feel pain somewhere?"", ""value"": ""upper chest""}, {""finding"": ""Do you feel pain somewhere?"", ""value"": ""breast(R)""}, {""finding"": ""Do you feel pain somewhere?"", ""value"": ""breast(L)""}, {""finding"": ""Do you feel pain somewhere?"", ""value"": ""shoulder(L)""}, {""finding"": ""How intense is the pain?"", ""value"": ""7""}, {""finding"": ""Does the pain radiate to another location?"", ""value"": ""biceps(R)""}, {""finding"": ""Does the pain radiate to another location?"", ""value"": ""thyroid cartilage""}, {""finding"": ""Does the pain radiate to another location?"", ""value"": ""thoracic spine""}, {""finding"": ""Does the pain radiate to another location?"", ""value"": ""under the jaw""}, {""finding"": ""Does the pain radiate to another location?"", ""value"": ""shoulder(R)""}, {""finding"": ""How precisely is the pain located?"", ""value"": ""2""}, {""finding"": ""How fast did the pain appear?"", ""value"": ""6""}, {""finding"": ""Are you experiencing shortness of breath or difficulty breathing in a significant way?"", ""value"": ""yes""}, {""finding"": ""Do you have diabetes?"", ""value"": ""yes""}, {""finding"": ""Are you significantly overweight compared to people of the same height as you?"", ""value"": ""yes""}, {""finding"": ""Do you have high cholesterol or do you take medications to treat high cholesterol?"", ""value"": ""yes""}, {""finding"": ""Do you smoke cigarettes?"", ""value"": ""yes""}, {""finding"": ""Do you constantly feel fatigued or do you have non-restful sleep?"", ""value"": ""yes""}, {""finding"": ""Do you have high blood pressure or do you take medications to treat high blood pressure?"", ""value"": ""yes""}, {""finding"": ""Do you exercise regularly, 4 times per week or more?"", ""value"": ""yes""}, {""finding"": ""Have you traveled out of the country in the last 4 weeks?"", ""value"": ""N""}, {""finding"": ""Do you have close family members who had a cardiovascular disease problem before the age of 50?"", ""value"": ""yes""}]}

Candidate pathologies:
- Myocarditis
- Scombroid food poisoning
- Guillain-Barré syndrome
- Atrial fibrillation
- Myasthenia gravis
- Anemia
- Acute dystonic reactions
- Pulmonary neoplasm
- Anaphylaxis
- GERD
- Possible NSTEMI / STEMI
- Pulmonary embolism
- Stable angina
- Chagas
- SLE
- Pericarditis
- PSVT","There are 17 candidate pathologies. Estimate the probability (0 to 1) that your chosen pathology is the correct diagnosis for this patient, given only the symptoms and candidates provided. A uniform prior would assign 0.06 to each candidate. Respond with ONLY valid JSON: {""Answer"": ""<pathology>"", ""Confidence"": ""0.XX""}",34,F,Stable angina,"[[""SLE"", 0.11115121883558775], [""Possible NSTEMI / STEMI"", 0.1029458801578387], [""Anemia"", 0.08324946476641498], [""Guillain-Barr\u00e9 syndrome"", 0.07609486004206806], [""Myocarditis"", 0.07583481269370643], [""Atrial fibrillation"", 0.07268435173809087], [""GERD"", 0.06809259503747037], [""Pulmonary neoplasm"", 0.05986605431978877], [""Pericarditis"", 0.0547998155903285], [""Acute dystonic reactions"", 0.053586790334195646], [""Myasthenia gravis"", 0.053586790334195646], [""Anaphylaxis"", 0.053586790334195646], [""Chagas"", 0.04485292353437732], [""Scombroid food poisoning"", 0.03389670252982144], [""PSVT"", 0.028624173625696494], [""Stable angina"", 0.027146776126223602], [""Pulmonary embolism"", 0.0]]"
med_test_00003_c0,"You are a diagnostic reasoning assistant. Based on the patient vignette below, pick the single most likely pathology from the candidate list. You MUST commit to one diagnosis — do not hedge or list alternatives.

{""patient"": {""age"": 29, ""sex"": ""male""}, ""findings"": [{""finding"": ""Have you ever had fluid in your lungs?"", ""value"": ""yes""}, {""finding"": ""Do you currently undergo dialysis?"", ""value"": ""yes""}, {""finding"": ""Do you have pain somewhere, related to your reason for consulting?"", ""value"": ""yes""}, {""finding"": ""Characterize your pain:"", ""value"": ""tugging""}, {""finding"": ""Characterize your pain:"", ""value"": ""heavy""}, {""finding"": ""Do you feel pain somewhere?"", ""value"": ""lower chest""}, {""finding"": ""Do you feel pain somewhere?"", ""value"": ""ankle(R)""}, {""finding"": ""Do you feel pain somewhere?"", ""value"": ""breast(R)""}, {""finding"": ""Do you feel pain somewhere?"", ""value"": ""breast(L)""}, {""finding"": ""Do you feel pain somewhere?"", ""value"": ""posterior chest wall(R)""}, {""finding"": ""How intense is the pain?"", ""value"": ""6""}, {""finding"": ""Does the pain radiate to another location?"", ""value"": ""biceps(L)""}, {""finding"": ""Does the pain radiate to another location?"", ""value"": ""triceps(L)""}, {""finding"": ""Does the pain radiate to another location?"", ""value"": ""shoulder(R)""}, {""finding"": ""Does the pain radiate to another location?"", ""value"": ""shoulder(L)""}, {""finding"": ""How precisely is the pain located?"", ""value"": ""5""}, {""finding"": ""How fast did the pain appear?"", ""value"": ""7""}, {""finding"": ""Are you experiencing shortness of breath or difficulty breathing in a significant way?"", ""value"": ""yes""}, {""finding"": ""Do you have bouts of choking or shortness of breath that wake you up at night?"", ""value"": ""yes""}, {""finding"": ""Have you ever had a heart attack or do you have angina (chest pain)?"", ""value"": ""yes""}, {""finding"": ""Do you have heart failure?"", ""value"": ""yes""}, {""finding"": ""Do you have swelling in one or more areas of your body?"", ""value"": ""yes""}, {""finding"": ""Where is the swelling located?"", ""value"": ""ankle(R)""}, {""finding"": ""Where is the swelling located?"", ""value"": ""ankle(L)""}, {""finding"": ""Have you noticed any new fatigue, generalized and vague discomfort, diffuse (widespread) muscle aches or a change in your general well-being related to your consultation today?"", ""value"": ""yes""}, {""finding"": ""Have you traveled out of the country in the last 4 weeks?"", ""value"": ""N""}, {""finding"": ""Are your symptoms worse when lying down and alleviated while sitting up?"", ""value"": ""yes""}]}

Candidate pathologies:
- Boerhaave
- Stable angina
- Anaphylaxis
- SLE
- Guillain-Barré syndrome
- Acute pulmonary edema
- Chagas
- Atrial fibrillation
- Sarcoidosis
- Acute dystonic reactions
- Unstable angina
- Panic attack
- GERD
- Anemia
- Possible NSTEMI / STEMI
- Myasthenia gravis
- Pericarditis
- PSVT
- Pulmonary embolism
- Scombroid food poisoning
- Myocarditis","There are 21 candidate pathologies. Estimate the probability (0 to 1) that your chosen pathology is the correct diagnosis for this patient, given only the symptoms and candidates provided. A uniform prior would assign 0.05 to each candidate. Respond with ONLY valid JSON: {""Answer"": ""<pathology>"", ""Confidence"": ""0.XX""}",29,M,Acute pulmonary edema,"[[""Acute pulmonary edema"", 0.08484635918186363], [""Possible NSTEMI / STEMI"", 0.07098983374852223], [""SLE"", 0.07024210973560242], [""Anaphylaxis"", 0.06688544236041964], [""Pericarditis"", 0.0645369991045326], [""GERD"", 0.06253122333889669], [""Myocarditis"", 0.06140340515786791], [""Pulmonary embolism"", 0.06075356061018339], [""Panic attack"", 0.05829590964132697], [""Boerhaave"", 0.05784527260114561], [""Guillain-Barr\u00e9 syndrome"", 0.04808821320525998], [""Atrial fibrillation"", 0.045932939506493776], [""Chagas"", 0.04129307992508539], [""Acute dystonic reactions"", 0.033864218912443796], [""Myasthenia gravis"", 0.033864218912443796], [""Anemia"", 0.033864218912443796], [""Sarcoidosis"", 0.027732000339044813], [""Unstable angina"", 0.02512141839346906], [""Scombroid food poisoning"", 0.021421050742562463], [""PSVT"", 0.018089071500701895], [""Stable angina"", 0.01239945416969027]]"
med_test_00004_c0,"You are a diagnostic reasoning assistant. Based on the patient vignette below, pick the single most likely pathology from the candidate list. You MUST commit to one diagnosis — do not hedge or list alternatives.

{""patient"": {""age"": 49, ""sex"": ""male""}, ""findings"": [{""finding"": ""Have you had significantly increased sweating?"", ""value"": ""yes""}, {""finding"": ""Do you have pain somewhere, related to your reason for consulting?"", ""value"": ""yes""}, {""finding"": ""Characterize your pain:"", ""value"": ""exhausting""}, {""finding"": ""Do you feel pain somewhere?"", ""value"": ""back of head""}, {""finding"": ""Do you feel pain somewhere?"", ""value"": ""back of the neck""}, {""finding"": ""Do you feel pain somewhere?"", ""value"": ""side of the neck(R)""}, {""finding"": ""Do you feel pain somewhere?"", ""value"": ""top of the head""}, {""finding"": ""Do you feel pain somewhere?"", ""value"": ""forehead""}, {""finding"": ""How intense is the pain?"", ""value"": ""2""}, {""finding"": ""Does the pain radiate to another location?"", ""value"": ""nowhere""}, {""finding"": ""How precisely is the pain located?"", ""value"": ""4""}, {""finding"": ""How fast did the pain appear?"", ""value"": ""4""}, {""finding"": ""Do you smoke cigarettes?"", ""value"": ""yes""}, {""finding"": ""Do you feel so tired that you are unable to do your usual activities or are you stuck in your bed all day long?"", ""value"": ""yes""}, {""finding"": ""Do you have a fever (either felt or measured with a thermometer)?"", ""value"": ""yes""}, {""finding"": ""Have you had chills or shivers?"", ""value"": ""yes""}, {""finding"": ""Do you have any lesions, redness or problems on your skin that you believe are related to the condition you are consulting for?"", ""value"": ""yes""}, {""finding"": ""What color is the rash?"", ""value"": ""pink""}, {""finding"": ""Do your lesions peel off?"", ""value"": ""N""}, {""finding"": ""Is the rash swollen?"", ""value"": ""4""}, {""finding"": ""Where is the affected region located?"", ""value"": ""back of the neck""}, {""finding"": ""Where is the affected region located?"", ""value"": ""forehead""}, {""finding"": ""How intense is the pain caused by the rash?"", ""value"": ""3""}, {""finding"": ""Is the lesion (or are the lesions) larger than 1cm?"", ""value"": ""Y""}, {""finding"": ""How severe is the itching?"", ""value"": ""0""}, {""finding"": ""Have you recently had a loss of appetite or do you get full more quickly then usually?"", ""value"": ""yes""}, {""finding"": ""Do you have a cough?"", ""value"": ""yes""}, {""finding"": ""Have you traveled out of the country in the last 4 weeks?"", ""value"": ""N""}, {""finding"": ""Are you immunosuppressed?"", ""value"": ""yes""}]}

Candidate pathologies:
- HIV (initial infection)
- Scombroid food poisoning
- Bronchitis
- Pneumonia
- Anemia
- Influenza
- Chagas
- Tuberculosis
- URTI
- Anaphylaxis","There are 10 candidate pathologies. Estimate the probability (0 to 1) that your chosen pathology is the correct diagnosis for this patient, given only the symptoms and candidates provided. A uniform prior would assign 0.10 to each candidate. Respond with ONLY valid JSON: {""Answer"": ""<pathology>"", ""Confidence"": ""0.XX""}",49,M,Influenza,"[[""Influenza"", 0.20744965435060425], [""Bronchitis"", 0.1693649445886143], [""HIV (initial infection)"", 0.14408341306239764], [""Chagas"", 0.1310663390283749], [""Tuberculosis"", 0.1166841122421094], [""Scombroid food poisoning"", 0.08213752990601758], [""Pneumonia"", 0.06815889294621279], [""Anemia"", 0.051333729850261696], [""URTI"", 0.023295613770012987], [""Anaphylaxis"", 0.006425770255394581]]"
med_test_00005_c0,"You are a diagnostic reasoning assistant. Based on the patient vignette below, pick the single most likely pathology from the candidate list. You MUST commit to one diagnosis — do not hedge or list alternatives.

{""patient"": {""age"": 50, ""sex"": ""male""}, ""findings"": [{""finding"": ""Have you been in contact with a person with similar symptoms in the past 2 weeks?"", ""value"": ""yes""}, {""finding"": ""Do you live with 4 or more people?"", ""value"": ""yes""}, {""finding"": ""Do you have pain somewhere, related to your reason for consulting?"", ""value"": ""yes""}, {""finding"": ""Characterize your pain:"", ""value"": ""tedious""}, {""finding"": ""Characterize your pain:"", ""value"": ""sensitive""}, {""finding"": ""Do you feel pain somewhere?"", ""value"": ""top of the head""}, {""finding"": ""Do you feel pain somewhere?"", ""value"": ""forehead""}, {""finding"": ""Do you feel pain somewhere?"", ""value"": ""cheek(R)""}, {""finding"": ""Do you feel pain somewhere?"", ""value"": ""cheek(L)""}, {""finding"": ""Do you feel pain somewhere?"", ""value"": ""occiput""}, {""finding"": ""How intense is the pain?"", ""value"": ""6""}, {""finding"": ""Does the pain radiate to another location?"", ""value"": ""nowhere""}, {""finding"": ""How precisely is the pain located?"", ""value"": ""4""}, {""finding"": ""How fast did the pain appear?"", ""value"": ""4""}, {""finding"": ""Do you have a cough that produces colored or more abundant sputum than usual?"", ""value"": ""yes""}, {""finding"": ""Do you have a sore throat?"", ""value"": ""yes""}, {""finding"": ""Do you have diffuse (widespread) muscle pain?"", ""value"": ""yes""}, {""finding"": ""Do you have nasal congestion or a clear runny nose?"", ""value"": ""yes""}, {""finding"": ""Do you have a cough?"", ""value"": ""yes""}, {""finding"": ""Have you traveled out of the country in the last 4 weeks?"", ""value"": ""N""}, {""finding"": ""Are you exposed to secondhand cigarette smoke on a daily basis?"", ""value"": ""yes""}]}

Candidate pathologies:
- Influenza
- Anemia
- Chronic rhinosinusitis
- Chagas
- URTI
- Bronchitis
- Acute rhinosinusitis
- Bronchiectasis
- Pneumonia
- Cluster headache","There are 10 candidate pathologies. Estimate the probability (0 to 1) that your chosen pathology is the correct diagnosis for this patient, given only the symptoms and candidates provided. A uniform prior would assign 0.10 to each candidate. Respond with ONLY valid JSON: {""Answer"": ""<pathology>"", ""Confidence"": ""0.XX""}",50,M,URTI,"[[""URTI"", 0.16288574035105205], [""Bronchitis"", 0.15668417938759033], [""Pneumonia"", 0.14288273771383111], [""Bronchiectasis"", 0.10637486717553721], [""Cluster headache"", 0.1050747754132701], [""Chronic rhinosinusitis"", 0.10232031963635148], [""Acute rhinosinusitis"", 0.07351234083415945], [""Influenza"", 0.05362828710641451], [""Chagas"", 0.04831837619089697], [""Anemia"", 0.04831837619089697]]"
med_test_00006_c0,"You are a diagnostic reasoning assistant. Based on the patient vignette below, pick the single most likely pathology from the candidate list. You MUST commit to one diagnosis — do not hedge or list alternatives.

{""patient"": {""age"": 61, ""sex"": ""male""}, ""findings"": [{""finding"": ""Do you have an active cancer?"", ""value"": ""yes""}, {""finding"": ""Do you have pain somewhere, related to your reason for consulting?"", ""value"": ""yes""}, {""finding"": ""Characterize your pain:"", ""value"": ""sensitive""}, {""finding"": ""Characterize your pain:"", ""value"": ""a knife stroke""}, {""finding"": ""Characterize your pain:"", ""value"": ""sharp""}, {""finding"": ""Do you feel pain somewhere?"", ""value"": ""side of the chest(R)""}, {""finding"": ""Do you feel pain somewhere?"", ""value"": ""side of the chest(L)""}, {""finding"": ""Do you feel pain somewhere?"", ""value"": ""breast(R)""}, {""finding"": ""Do you feel pain somewhere?"", ""value"": ""posterior chest wall(R)""}, {""finding"": ""Do you feel pain somewhere?"", ""value"": ""posterior chest wall(L)""}, {""finding"": ""How intense is the pain?"", ""value"": ""10""}, {""finding"": ""Does the pain radiate to another location?"", ""value"": ""side of the chest(R)""}, {""finding"": ""Does the pain radiate to another location?"", ""value"": ""scapula(R)""}, {""finding"": ""Does the pain radiate to another location?"", ""value"": ""scapula(L)""}, {""finding"": ""Does the pain radiate to another location?"", ""value"": ""posterior chest wall(R)""}, {""finding"": ""Does the pain radiate to another location?"", ""value"": ""posterior chest wall(L)""}, {""finding"": ""How precisely is the pain located?"", ""value"": ""10""}, {""finding"": ""How fast did the pain appear?"", ""value"": ""5""}, {""finding"": ""Are you experiencing shortness of breath or difficulty breathing in a significant way?"", ""value"": ""yes""}, {""finding"": ""Have you ever had deep vein thrombosis (DVT)?"", ""value"": ""yes""}, {""finding"": ""Have you been unable to move or get up for more than 3 consecutive days within the last 4 weeks?"", ""value"": ""yes""}, {""finding"": ""Do you have swelling in one or more areas of your body?"", ""value"": ""yes""}, {""finding"": ""Where is the swelling located?"", ""value"": ""posterior aspect of the ankle(L)""}, {""finding"": ""Where is the swelling located?"", ""value"": ""calf(R)""}, {""finding"": ""Where is the swelling located?"", ""value"": ""calf(L)""}, {""finding"": ""Did you lose consciousness?"", ""value"": ""yes""}, {""finding"": ""Have you had surgery within the last month?"", ""value"": ""yes""}, {""finding"": ""Have you traveled out of the country in the last 4 weeks?"", ""value"": ""N""}]}

Candidate pathologies:
- Sarcoidosis
- Myocarditis
- Scombroid food poisoning
- Unstable angina
- Stable angina
- Pulmonary neoplasm
- Atrial fibrillation
- SLE
- Acute dystonic reactions
- Guillain-Barré syndrome
- Acute pulmonary edema
- Possible NSTEMI / STEMI
- Pulmonary embolism
- Chagas
- PSVT
- Panic attack
- Anaphylaxis","There are 17 candidate pathologies. Estimate the probability (0 to 1) that your chosen pathology is the correct diagnosis for this patient, given only the symptoms and candidates provided. A uniform prior would assign 0.06 to each candidate. Respond with ONLY valid JSON: {""Answer"": ""<pathology>"", ""Confidence"": ""0.XX""}",61,M,Pulmonary embolism,"[[""Pulmonary embolism"", 0.11758460900181929], [""Possible NSTEMI / STEMI"", 0.10036574128684878], [""Anaphylaxis"", 0.08121731006127096], [""Unstable angina"", 0.0774347488625072], [""Panic attack"", 0.07723701009414907], [""Stable angina"", 0.07331006793971732], [""Guillain-Barr\u00e9 syndrome"", 0.06903055921264907], [""Atrial fibrillation"", 0.06593666699321699], [""Acute pulmonary edema"", 0.059205184860690964], [""Myocarditis"", 0.05249729587258927], [""Acute dystonic reactions"", 0.04861203636008384], [""Pulmonary neoplasm"", 0.043906729312300136], [""Sarcoidosis"", 0.039809245631947106], [""Scombroid food poisoning"", 0.03074988678348055], [""PSVT"", 0.025966835490457772], [""SLE"", 0.022505052329484864], [""Chagas"", 0.014631019906786608]]"
med_test_00007_c0,"You are a diagnostic reasoning assistant. Based on the patient vignette below, pick the single most likely pathology from the candidate list. You MUST commit to one diagnosis — do not hedge or list alternatives.

{""patient"": {""age"": 33, ""sex"": ""male""}, ""findings"": [{""finding"": ""Do you have pain somewhere, related to your reason for consulting?"", ""value"": ""yes""}, {""finding"": ""Characterize your pain:"", ""value"": ""sharp""}, {""finding"": ""Do you feel pain somewhere?"", ""value"": ""upper chest""}, {""finding"": ""Do you feel pain somewhere?"", ""value"": ""breast(R)""}, {""finding"": ""Do you feel pain somewhere?"", ""value"": ""breast(L)""}, {""finding"": ""How intense is the pain?"", ""value"": ""6""}, {""finding"": ""Does the pain radiate to another location?"", ""value"": ""posterior chest wall(R)""}, {""finding"": ""Does the pain radiate to another location?"", ""value"": ""posterior chest wall(L)""}, {""finding"": ""How precisely is the pain located?"", ""value"": ""6""}, {""finding"": ""How fast did the pain appear?"", ""value"": ""7""}, {""finding"": ""Are you experiencing shortness of breath or difficulty breathing in a significant way?"", ""value"": ""yes""}, {""finding"": ""Do you feel your heart is beating fast (racing), irregularly (missing a beat) or do you feel palpitations?"", ""value"": ""yes""}, {""finding"": ""Have you traveled out of the country in the last 4 weeks?"", ""value"": ""N""}, {""finding"": ""Do you have pain that is increased when you breathe in deeply?"", ""value"": ""yes""}]}

Candidate pathologies:
- PSVT
- Unstable angina
- Pulmonary embolism
- Stable angina
- Possible NSTEMI / STEMI
- Guillain-Barré syndrome
- Pericarditis
- Myocarditis
- Acute dystonic reactions
- Scombroid food poisoning
- Spontaneous pneumothorax
- Atrial fibrillation
- GERD
- Sarcoidosis
- Panic attack
- Anemia
- Myasthenia gravis","There are 17 candidate pathologies. Estimate the probability (0 to 1) that your chosen pathology is the correct diagnosis for this patient, given only the symptoms and candidates provided. A uniform prior would assign 0.06 to each candidate. Respond with ONLY valid JSON: {""Answer"": ""<pathology>"", ""Confidence"": ""0.XX""}",33,M,Pericarditis,"[[""Pulmonary embolism"", 0.08874197326957715], [""Spontaneous pneumothorax"", 0.08684166288035183], [""Possible NSTEMI / STEMI"", 0.08162695059776497], [""PSVT"", 0.08082879913010323], [""Pericarditis"", 0.06634728582806051], [""Atrial fibrillation"", 0.06512004282096318], [""Unstable angina"", 0.0629772902477276], [""Myocarditis"", 0.05966651191125299], [""Stable angina"", 0.05962270808055309], [""Guillain-Barr\u00e9 syndrome"", 0.05614220524195275], [""Panic attack"", 0.051326021323395185], [""GERD"", 0.05023819537794552], [""Scombroid food poisoning"", 0.03953592370807571], [""Acute dystonic reactions"", 0.03953592370807571], [""Myasthenia gravis"", 0.03953592370807571], [""Anemia"", 0.03953592370807571], [""Sarcoidosis"", 0.03237665845804927]]"
med_test_00008_c0,"You are a diagnostic reasoning assistant. Based on the patient vignette below, pick the single most likely pathology from the candidate list. You MUST commit to one diagnosis — do not hedge or list alternatives.

{""patient"": {""age"": 31, ""sex"": ""female""}, ""findings"": [{""finding"": ""Do you have pain somewhere, related to your reason for consulting?"", ""value"": ""yes""}, {""finding"": ""Characterize your pain:"", ""value"": ""sensitive""}, {""finding"": ""Do you feel pain somewhere?"", ""value"": ""upper chest""}, {""finding"": ""Do you feel pain somewhere?"", ""value"": ""pharynx""}, {""finding"": ""How intense is the pain?"", ""value"": ""1""}, {""finding"": ""Does the pain radiate to another location?"", ""value"": ""nowhere""}, {""finding"": ""How precisely is the pain located?"", ""value"": ""6""}, {""finding"": ""How fast did the pain appear?"", ""value"": ""2""}, {""finding"": ""Do you have a cough that produces colored or more abundant sputum than usual?"", ""value"": ""yes""}, {""finding"": ""Do you have a chronic obstructive pulmonary disease (COPD)?"", ""value"": ""yes""}, {""finding"": ""Do you have nasal congestion or a clear runny nose?"", ""value"": ""yes""}, {""finding"": ""Do you have a cough?"", ""value"": ""yes""}, {""finding"": ""Have you traveled out of the country in the last 4 weeks?"", ""value"": ""N""}]}

Candidate pathologies:
- Pericarditis
- Spontaneous rib fracture
- Bronchiectasis
- Stable angina
- Bronchitis
- URTI
- Unstable angina
- GERD
- Possible NSTEMI / STEMI
- Pneumonia
- Viral pharyngitis
- Acute laryngitis
- Boerhaave","There are 13 candidate pathologies. Estimate the probability (0 to 1) that your chosen pathology is the correct diagnosis for this patient, given only the symptoms and candidates provided. A uniform prior would assign 0.08 to each candidate. Respond with ONLY valid JSON: {""Answer"": ""<pathology>"", ""Confidence"": ""0.XX""}",31,F,Bronchitis,"[[""Bronchitis"", 0.1349826903497259], [""Viral pharyngitis"", 0.12233802538629338], [""GERD"", 0.10656982976273703], [""Pneumonia"", 0.08837147591070582], [""Acute laryngitis"", 0.08129553568876162], [""Possible NSTEMI / STEMI"", 0.07720834422734069], [""Spontaneous rib fracture"", 0.07612110565950524], [""Unstable angina"", 0.07243870811856813], [""Bronchiectasis"", 0.06628599093553612], [""URTI"", 0.05273299639879117], [""Pericarditis"", 0.04394239848535541], [""Boerhaave"", 0.040364215262224286], [""Stable angina"", 0.037348683814455344]]"
med_test_00009_c0,"You are a diagnostic reasoning assistant. Based on the patient vignette below, pick the single most likely pathology from the candidate list. You MUST commit to one diagnosis — do not hedge or list alternatives.

{""patient"": {""age"": 0, ""sex"": ""male""}, ""findings"": [{""finding"": ""Are you infected with the human immunodeficiency virus (HIV)?"", ""value"": ""yes""}, {""finding"": ""Do you take corticosteroids?"", ""value"": ""yes""}, {""finding"": ""Have you been coughing up blood?"", ""value"": ""yes""}, {""finding"": ""Are you experiencing shortness of breath or difficulty breathing in a significant way?"", ""value"": ""yes""}, {""finding"": ""Do you have diabetes?"", ""value"": ""yes""}, {""finding"": ""Do you drink alcohol excessively or do you have an addiction to alcohol?"", ""value"": ""yes""}, {""finding"": ""Have you had an involuntary weight loss over the last 3 months?"", ""value"": ""yes""}, {""finding"": ""Do you have a cough?"", ""value"": ""yes""}, {""finding"": ""Have you traveled out of the country in the last 4 weeks?"", ""value"": ""North America""}, {""finding"": ""Is your BMI less than 18.5, or are you underweight?"", ""value"": ""yes""}]}

Candidate pathologies:
- Pneumonia
- Ebola
- Guillain-Barré syndrome
- Atrial fibrillation
- Anemia
- Bronchospasm / acute asthma exacerbation
- Myocarditis
- PSVT
- Tuberculosis
- Pulmonary embolism
- Myasthenia gravis
- Acute dystonic reactions
- Bronchitis","There are 13 candidate pathologies. Estimate the probability (0 to 1) that your chosen pathology is the correct diagnosis for this patient, given only the symptoms and candidates provided. A uniform prior would assign 0.08 to each candidate. Respond with ONLY valid JSON: {""Answer"": ""<pathology>"", ""Confidence"": ""0.XX""}",0,M,Tuberculosis,"[[""Bronchitis"", 0.12398934514587961], [""Tuberculosis"", 0.11920357390534], [""Pneumonia"", 0.11064154603483645], [""Ebola"", 0.0931721537059513], [""Guillain-Barr\u00e9 syndrome"", 0.07674000911482971], [""Bronchospasm / acute asthma exacerbation"", 0.07447055637690694], [""Atrial fibrillation"", 0.07330058576627868], [""Myocarditis"", 0.07238942568396835], [""Pulmonary embolism"", 0.06510261553384307], [""Acute dystonic reactions"", 0.054041111008118516], [""Myasthenia gravis"", 0.054041111008118516], [""Anemia"", 0.054041111008118516], [""PSVT"", 0.028866855707810547]]"
med_test_00010_c0,"You are a diagnostic reasoning assistant. Based on the patient vignette below, pick the single most likely pathology from the candidate list. You MUST commit to one diagnosis — do not hedge or list alternatives.

{""patient"": {""age"": 29, ""sex"": ""male""}, ""findings"": [{""finding"": ""Do you have chest pain even at rest?"", ""value"": ""yes""}, {""finding"": ""Have you had significantly increased sweating?"", ""value"": ""yes""}, {""finding"": ""Do you have pain somewhere, related to your reason for consulting?"", ""value"": ""yes""}, {""finding"": ""Characterize your pain:"", ""value"": ""tedious""}, {""finding"": ""Characterize your pain:"", ""value"": ""heavy""}, {""finding"": ""Characterize your pain:"", ""value"": ""exhausting""}, {""finding"": ""Do you feel pain somewhere?"", ""value"": ""lower chest""}, {""finding"": ""Do you feel pain somewhere?"", ""value"": ""side of the chest(R)""}, {""finding"": ""Do you feel pain somewhere?"", ""value"": ""breast(R)""}, {""finding"": ""Do you feel pain somewhere?"", ""value"": ""breast(L)""}, {""finding"": ""Do you feel pain somewhere?"", ""value"": ""epigastric""}, {""finding"": ""How intense is the pain?"", ""value"": ""9""}, {""finding"": ""Does the pain radiate to another location?"", ""value"": ""thyroid cartilage""}, {""finding"": ""Does the pain radiate to another location?"", ""value"": ""thoracic spine""}, {""finding"": ""Does the pain radiate to another location?"", ""value"": ""under the jaw""}, {""finding"": ""Does the pain radiate to another location?"", ""value"": ""trachea""}, {""finding"": ""Does the pain radiate to another location?"", ""value"": ""triceps(R)""}, {""finding"": ""How precisely is the pain located?"", ""value"": ""6""}, {""finding"": ""How fast did the pain appear?"", ""value"": ""7""}, {""finding"": ""Are you experiencing shortness of breath or difficulty breathing in a significant way?"", ""value"": ""yes""}, {""finding"": ""Do you have diabetes?"", ""value"": ""yes""}, {""finding"": ""Are you significantly overweight compared to people of the same height as you?"", ""value"": ""yes""}, {""finding"": ""Do you constantly feel fatigued or do you have non-restful sleep?"", ""value"": ""yes""}, {""finding"": ""Do you have high blood pressure or do you take medications to treat high blood pressure?"", ""value"": ""yes""}, {""finding"": ""Have you ever had a heart attack or do you have angina (chest pain)?"", ""value"": ""yes""}, {""finding"": ""Are you feeling nauseous or do you feel like vomiting?"", ""value"": ""yes""}, {""finding"": ""Have you traveled out of the country in the last 4 weeks?"", ""value"": ""N""}, {""finding"": ""Do you have symptoms that are increased with physical exertion but alleviated with rest?"", ""value"": ""yes""}, {""finding"": ""Do you have close family members who had a cardiovascular disease problem before the age of 50?"", ""value"": ""yes""}]}

Candidate pathologies:
- HIV (initial infection)
- Chagas
- Pancreatic neoplasm
- Acute dystonic reactions
- Spontaneous pneumothorax
- GERD
- Stable angina
- Myasthenia gravis
- Anemia
- Guillain-Barré syndrome
- Pulmonary embolism
- Scombroid food poisoning
- PSVT
- SLE
- Atrial fibrillation
- Sarcoidosis
- Acute pulmonary edema
- Boerhaave
- Unstable angina
- Possible NSTEMI / STEMI
- Panic attack
- Anaphylaxis","There are 22 candidate pathologies. Estimate the probability (0 to 1) that your chosen pathology is the correct diagnosis for this patient, given only the symptoms and candidates provided. A uniform prior would assign 0.05 to each candidate. Respond with ONLY valid JSON: {""Answer"": ""<pathology>"", ""Confidence"": ""0.XX""}",29,M,Unstable angina,"[[""Unstable angina"", 0.07926506954953921], [""Possible NSTEMI / STEMI"", 0.07512442987693699], [""Spontaneous pneumothorax"", 0.06705990035971562], [""Panic attack"", 0.06646835877611781], [""Stable angina"", 0.05726762839305658], [""Acute pulmonary edema"", 0.05673647440796784], [""Boerhaave"", 0.054292137206854885], [""Atrial fibrillation"", 0.049981452465907426], [""Anemia"", 0.047142193928277634], [""GERD"", 0.045627230817858376], [""Pulmonary embolism"", 0.04525318416520529], [""Anaphylaxis"", 0.04487441632703392], [""Guillain-Barr\u00e9 syndrome"", 0.04309071126299324], [""Pancreatic neoplasm"", 0.04024863780320209], [""Chagas"", 0.035136979058974664], [""SLE"", 0.03466659883941412], [""Acute dystonic reactions"", 0.030344926168795496], [""Myasthenia gravis"", 0.030344926168795496], [""Scombroid food poisoning"", 0.028036135829602876], [""HIV (initial infection)"", 0.027979429123313707], [""Sarcoidosis"", 0.0248499900433876], [""PSVT"", 0.016209189427049145]]"
med_test_00011_c0,"You are a diagnostic reasoning assistant. Based on the patient vignette below, pick the single most likely pathology from the candidate list. You MUST commit to one diagnosis — do not hedge or list alternatives.

{""patient"": {""age"": 45, ""sex"": ""male""}, ""findings"": [{""finding"": ""Do you have pain somewhere, related to your reason for consulting?"", ""value"": ""yes""}, {""finding"": ""Characterize your pain:"", ""value"": ""sensitive""}, {""finding"": ""Do you feel pain somewhere?"", ""value"": ""lower chest""}, {""finding"": ""Do you feel pain somewhere?"", ""value"": ""side of the chest(R)""}, {""finding"": ""Do you feel pain somewhere?"", ""value"": ""breast(R)""}, {""finding"": ""Do you feel pain somewhere?"", ""value"": ""posterior chest wall(R)""}, {""finding"": ""Do you feel pain somewhere?"", ""value"": ""posterior chest wall(L)""}, {""finding"": ""How intense is the pain?"", ""value"": ""2""}, {""finding"": ""Does the pain radiate to another location?"", ""value"": ""nowhere""}, {""finding"": ""How precisely is the pain located?"", ""value"": ""5""}, {""finding"": ""How fast did the pain appear?"", ""value"": ""3""}, {""finding"": ""Do you have a cough that produces colored or more abundant sputum than usual?"", ""value"": ""yes""}, {""finding"": ""Do you smoke cigarettes?"", ""value"": ""yes""}, {""finding"": ""Do you have a chronic obstructive pulmonary disease (COPD)?"", ""value"": ""yes""}, {""finding"": ""Do you have a cough?"", ""value"": ""yes""}, {""finding"": ""Have you traveled out of the country in the last 4 weeks?"", ""value"": ""N""}, {""finding"": ""Have you noticed a wheezing sound when you exhale?"", ""value"": ""yes""}]}

Candidate pathologies:
- Scombroid food poisoning
- Acute COPD exacerbation / infection
- Unstable angina
- Boerhaave
- Possible NSTEMI / STEMI
- GERD
- Stable angina
- Bronchitis
- Pneumonia
- Spontaneous rib fracture
- Bronchiectasis
- Bronchospasm / acute asthma exacerbation
- Pericarditis","There are 13 candidate pathologies. Estimate the probability (0 to 1) that your chosen pathology is the correct diagnosis for this patient, given only the symptoms and candidates provided. A uniform prior would assign 0.08 to each candidate. Respond with ONLY valid JSON: {""Answer"": ""<pathology>"", ""Confidence"": ""0.XX""}",45,M,Bronchitis,"[[""Bronchitis"", 0.1259249085489114], [""Acute COPD exacerbation / infection"", 0.12473068017587817], [""Pneumonia"", 0.10464558768591654], [""GERD"", 0.09443087459177099], [""Bronchospasm / acute asthma exacerbation"", 0.08642134751120013], [""Bronchiectasis"", 0.08170965539020345], [""Spontaneous rib fracture"", 0.0766272875416422], [""Possible NSTEMI / STEMI"", 0.07170186500840256], [""Unstable angina"", 0.06738961933055546], [""Boerhaave"", 0.06360129135188605], [""Pericarditis"", 0.0445718425318811], [""Stable angina"", 0.037524132448949594], [""Scombroid food poisoning"", 0.02072090788280237]]"
med_test_00012_c0,"You are a diagnostic reasoning assistant. Based on the patient vignette below, pick the single most likely pathology from the candidate list. You MUST commit to one diagnosis — do not hedge or list alternatives.

{""patient"": {""age"": 83, ""sex"": ""male""}, ""findings"": [{""finding"": ""Do you have pain that improves when you lean forward?"", ""value"": ""yes""}, {""finding"": ""Do you have pain somewhere, related to your reason for consulting?"", ""value"": ""yes""}, {""finding"": ""Characterize your pain:"", ""value"": ""a knife stroke""}, {""finding"": ""Do you feel pain somewhere?"", ""value"": ""tonsil(R)""}, {""finding"": ""Do you feel pain somewhere?"", ""value"": ""tonsil(L)""}, {""finding"": ""Do you feel pain somewhere?"", ""value"": ""back of the neck""}, {""finding"": ""Do you feel pain somewhere?"", ""value"": ""side of the neck(R)""}, {""finding"": ""Do you feel pain somewhere?"", ""value"": ""palace""}, {""finding"": ""How intense is the pain?"", ""value"": ""10""}, {""finding"": ""Does the pain radiate to another location?"", ""value"": ""nowhere""}, {""finding"": ""How precisely is the pain located?"", ""value"": ""5""}, {""finding"": ""How fast did the pain appear?"", ""value"": ""5""}, {""finding"": ""Do you regularly take stimulant drugs?"", ""value"": ""yes""}, {""finding"": ""Are you experiencing shortness of breath or difficulty breathing in a significant way?"", ""value"": ""yes""}, {""finding"": ""Do you drink alcohol excessively or do you have an addiction to alcohol?"", ""value"": ""yes""}, {""finding"": ""Do you have a fever (either felt or measured with a thermometer)?"", ""value"": ""yes""}, {""finding"": ""Do you have high blood pressure or do you take medications to treat high blood pressure?"", ""value"": ""yes""}, {""finding"": ""Have you noticed that you produce more saliva than usual?"", ""value"": ""yes""}, {""finding"": ""Have you noticed a high pitched sound when breathing in?"", ""value"": ""yes""}, {""finding"": ""Have you traveled out of the country in the last 4 weeks?"", ""value"": ""N""}, {""finding"": ""Have you noticed that the tone of your voice has become deeper, softer or hoarse?"", ""value"": ""yes""}]}

Candidate pathologies:
- PSVT
- Pulmonary embolism
- Acute dystonic reactions
- Anaphylaxis
- HIV (initial infection)
- SLE
- Viral pharyngitis
- Epiglottitis
- Larygospasm
- Acute laryngitis
- Myocarditis
- Guillain-Barré syndrome
- Scombroid food poisoning
- Atrial fibrillation
- Acute pulmonary edema
- Chagas","There are 16 candidate pathologies. Estimate the probability (0 to 1) that your chosen pathology is the correct diagnosis for this patient, given only the symptoms and candidates provided. A uniform prior would assign 0.06 to each candidate. Respond with ONLY valid JSON: {""Answer"": ""<pathology>"", ""Confidence"": ""0.XX""}",83,M,Epiglottitis,"[[""Epiglottitis"", 0.1539390873790916], [""HIV (initial infection)"", 0.11294303108024958], [""Acute laryngitis"", 0.10541899040999489], [""Larygospasm"", 0.0886083755426443], [""Acute pulmonary edema"", 0.08299983130426986], [""Atrial fibrillation"", 0.07246639902909671], [""Chagas"", 0.06653317281255991], [""Guillain-Barr\u00e9 syndrome"", 0.05342610394379176], [""Acute dystonic reactions"", 0.05342610394379176], [""Myocarditis"", 0.05342610394379176], [""Pulmonary embolism"", 0.03379505921918196], [""Scombroid food poisoning"", 0.03379505921918196], [""PSVT"", 0.02853834062264626], [""SLE"", 0.024733735820267076], [""Anaphylaxis"", 0.019562079049540042], [""Viral pharyngitis"", 0.01638852667990065]]"
med_test_00013_c0,"You are a diagnostic reasoning assistant. Based on the patient vignette below, pick the single most likely pathology from the candidate list. You MUST commit to one diagnosis — do not hedge or list alternatives.

{""patient"": {""age"": 91, ""sex"": ""female""}, ""findings"": [{""finding"": ""Have you recently had a viral infection?"", ""value"": ""yes""}, {""finding"": ""Are you experiencing shortness of breath or difficulty breathing in a significant way?"", ""value"": ""yes""}, {""finding"": ""Do you feel weakness in both arms and/or both legs?"", ""value"": ""yes""}, {""finding"": ""Have you recently had numbness, loss of sensation or tingling, in both arms and legs and around your mouth?"", ""value"": ""yes""}, {""finding"": ""Did you previously, or do you currently, have any weakness/paralysis in one or more of your limbs or in your face?"", ""value"": ""yes""}, {""finding"": ""Do you currently, or did you ever, have numbness, loss of sensitivity or tingling anywhere on your body?"", ""value"": ""yes""}, {""finding"": ""Have you traveled out of the country in the last 4 weeks?"", ""value"": ""N""}]}

Candidate pathologies:
- PSVT
- SLE
- Acute pulmonary edema
- Anaphylaxis
- Acute dystonic reactions
- Atrial fibrillation
- Pulmonary embolism
- Guillain-Barré syndrome
- Myasthenia gravis
- Anemia
- Scombroid food poisoning
- Panic attack","There are 12 candidate pathologies. Estimate the probability (0 to 1) that your chosen pathology is the correct diagnosis for this patient, given only the symptoms and candidates provided. A uniform prior would assign 0.08 to each candidate. Respond with ONLY valid JSON: {""Answer"": ""<pathology>"", ""Confidence"": ""0.XX""}",91,F,Guillain-Barré syndrome,"[[""Guillain-Barr\u00e9 syndrome"", 0.16043430398622988], [""Panic attack"", 0.1327764696577796], [""Myasthenia gravis"", 0.1271766269848241], [""Pulmonary embolism"", 0.10451044991384159], [""Acute pulmonary edema"", 0.09789537003990685], [""Atrial fibrillation"", 0.08547155863975857], [""Acute dystonic reactions"", 0.06301420295897589], [""Anemia"", 0.06301420295897589], [""Anaphylaxis"", 0.06301420295897589], [""Scombroid food poisoning"", 0.03986007893984945], [""PSVT"", 0.03365996498640038], [""SLE"", 0.02917256797448192]]"
med_test_00014_c0,"You are a diagnostic reasoning assistant. Based on the patient vignette below, pick the single most likely pathology from the candidate list. You MUST commit to one diagnosis — do not hedge or list alternatives.

{""patient"": {""age"": 0, ""sex"": ""male""}, ""findings"": [{""finding"": ""Have you been coughing up blood?"", ""value"": ""yes""}, {""finding"": ""Do you have pain somewhere, related to your reason for consulting?"", ""value"": ""yes""}, {""finding"": ""Characterize your pain:"", ""value"": ""sharp""}, {""finding"": ""Do you feel pain somewhere?"", ""value"": ""side of the chest(L)""}, {""finding"": ""Do you feel pain somewhere?"", ""value"": ""posterior chest wall(R)""}, {""finding"": ""How intense is the pain?"", ""value"": ""3""}, {""finding"": ""Does the pain radiate to another location?"", ""value"": ""nowhere""}, {""finding"": ""How precisely is the pain located?"", ""value"": ""9""}, {""finding"": ""How fast did the pain appear?"", ""value"": ""3""}, {""finding"": ""Are you experiencing shortness of breath or difficulty breathing in a significant way?"", ""value"": ""yes""}, {""finding"": ""Do you have a cough that produces colored or more abundant sputum than usual?"", ""value"": ""yes""}, {""finding"": ""Do you drink alcohol excessively or do you have an addiction to alcohol?"", ""value"": ""yes""}, {""finding"": ""Do you smoke cigarettes?"", ""value"": ""yes""}, {""finding"": ""Do you have a fever (either felt or measured with a thermometer)?"", ""value"": ""yes""}, {""finding"": ""Have you had chills or shivers?"", ""value"": ""yes""}, {""finding"": ""Do you have Parkinson\u2019s disease?"", ""value"": ""yes""}, {""finding"": ""Do you have heart failure?"", ""value"": ""yes""}, {""finding"": ""Have you ever had a stroke?"", ""value"": ""yes""}, {""finding"": ""Have you ever had pneumonia?"", ""value"": ""yes""}, {""finding"": ""Do you have a chronic obstructive pulmonary disease (COPD)?"", ""value"": ""yes""}, {""finding"": ""Do you have asthma or have you ever had to use a bronchodilator in the past?"", ""value"": ""yes""}, {""finding"": ""Do you have any lesions, redness or problems on your skin that you believe are related to the condition you are consulting for?"", ""value"": ""yes""}, {""finding"": ""What color is the rash?"", ""value"": ""pink""}, {""finding"": ""Do your lesions peel off?"", ""value"": ""Y""}, {""finding"": ""Is the rash swollen?"", ""value"": ""6""}, {""finding"": ""Where is the affected region located?"", ""value"": ""commissure(R)""}, {""finding"": ""Where is the affected region located?"", ""value"": ""side of the neck(R)""}, {""finding"": ""Where is the affected region located?"", ""value"": ""buttock(L)""}, {""finding"": ""How intense is the pain caused by the rash?"", ""value"": ""4""}, {""finding"": ""Is the lesion (or are the lesions) larger than 1cm?"", ""value"": ""N""}, {""finding"": ""How severe is the itching?"", ""value"": ""0""}, {""finding"": ""Do you have diffuse (widespread) muscle pain?"", ""value"": ""yes""}, {""finding"": ""Have you recently had a loss of appetite or do you get full more quickly then usually?"", ""value"": ""yes""}, {""finding"": ""Have you noticed any new fatigue, generalized and vague discomfort, diffuse (widespread) muscle aches or a change in your general well-being related to your consultation today?"", ""value"": ""yes""}, {""finding"": ""Have you had surgery within the last month?"", ""value"": ""yes""}, {""finding"": ""Do you have a cough?"", ""value"": ""yes""}, {""finding"": ""Have you traveled out of the country in the last 4 weeks?"", ""value"": ""N""}, {""finding"": ""Are your symptoms more prominent at night?"", ""value"": ""yes""}]}

Candidate pathologies:
- Bronchitis
- Atrial fibrillation
- Sarcoidosis
- Bronchospasm / acute asthma exacerbation
- Myocarditis
- HIV (initial infection)
- Influenza
- Pneumonia
- Tuberculosis
- Croup
- Pulmonary embolism
- Acute otitis media","There are 12 candidate pathologies. Estimate the probability (0 to 1) that your chosen pathology is the correct diagnosis for this patient, given only the symptoms and candidates provided. A uniform prior would assign 0.08 to each candidate. Respond with ONLY valid JSON: {""Answer"": ""<pathology>"", ""Confidence"": ""0.XX""}",0,M,Pneumonia,"[[""Pneumonia"", 0.13605229174811884], [""Bronchitis"", 0.12313223960397476], [""Tuberculosis"", 0.11177368537508008], [""Influenza"", 0.1011847821169967], [""Croup"", 0.08342606687301218], [""HIV (initial infection)"", 0.07728908976009383], [""Acute otitis media"", 0.07022232725335247], [""Myocarditis"", 0.06669919077800424], [""Bronchospasm / acute asthma exacerbation"", 0.06329298001059226], [""Atrial fibrillation"", 0.062298614853755076], [""Pulmonary embolism"", 0.055331109959298845], [""Sarcoidosis"", 0.04929762166772076]]"
med_test_00015_c0,"You are a diagnostic reasoning assistant. Based on the patient vignette below, pick the single most likely pathology from the candidate list. You MUST commit to one diagnosis — do not hedge or list alternatives.

{""patient"": {""age"": 15, ""sex"": ""male""}, ""findings"": [{""finding"": ""Have you ever had a diagnosis of anemia?"", ""value"": ""yes""}, {""finding"": ""Do you have any family members who have been diagnosed with anemia?"", ""value"": ""yes""}, {""finding"": ""Do you have pain somewhere, related to your reason for consulting?"", ""value"": ""yes""}, {""finding"": ""Characterize your pain:"", ""value"": ""a cramp""}, {""finding"": ""Characterize your pain:"", ""value"": ""exhausting""}, {""finding"": ""Do you feel pain somewhere?"", ""value"": ""back of head""}, {""finding"": ""Do you feel pain somewhere?"", ""value"": ""top of the head""}, {""finding"": ""Do you feel pain somewhere?"", ""value"": ""forehead""}, {""finding"": ""Do you feel pain somewhere?"", ""value"": ""temple(R)""}, {""finding"": ""How intense is the pain?"", ""value"": ""3""}, {""finding"": ""Does the pain radiate to another location?"", ""value"": ""nowhere""}, {""finding"": ""How precisely is the pain located?"", ""value"": ""5""}, {""finding"": ""How fast did the pain appear?"", ""value"": ""5""}, {""finding"": ""Are you experiencing shortness of breath or difficulty breathing in a significant way?"", ""value"": ""yes""}, {""finding"": ""Do you feel slightly dizzy or lightheaded?"", ""value"": ""yes""}, {""finding"": ""Do you constantly feel fatigued or do you have non-restful sleep?"", ""value"": ""yes""}, {""finding"": ""Do you have chronic kidney failure?"", ""value"": ""yes""}, {""finding"": ""Have you recently had stools that were black (like coal)?"", ""value"": ""yes""}, {""finding"": ""Are you taking any new oral anticoagulants ((NOACs)?"", ""value"": ""yes""}, {""finding"": ""Have you traveled out of the country in the last 4 weeks?"", ""value"": ""N""}, {""finding"": ""Is your BMI less than 18.5, or are you underweight?"", ""value"": ""yes""}]}

Candidate pathologies:
- Anemia
- Myasthenia gravis
- Acute dystonic reactions
- Scombroid food poisoning
- Anaphylaxis
- Myocarditis
- Guillain-Barré syndrome
- Chagas
- SLE
- Cluster headache","There are 10 candidate pathologies. Estimate the probability (0 to 1) that your chosen pathology is the correct diagnosis for this patient, given only the symptoms and candidates provided. A uniform prior would assign 0.10 to each candidate. Respond with ONLY valid JSON: {""Answer"": ""<pathology>"", ""Confidence"": ""0.XX""}",15,M,Anemia,"[[""Anemia"", 0.1756364593471522], [""Guillain-Barr\u00e9 syndrome"", 0.11985483913970352], [""Chagas"", 0.10991638508830101], [""Myocarditis"", 0.10911323319422014], [""SLE"", 0.0964235563915357], [""Acute dystonic reactions"", 0.0844030218593919], [""Myasthenia gravis"", 0.0844030218593919], [""Anaphylaxis"", 0.0844030218593919], [""Cluster headache"", 0.08245673392805217], [""Scombroid food poisoning"", 0.05338972733285964]]"
med_test_00016_c0,"You are a diagnostic reasoning assistant. Based on the patient vignette below, pick the single most likely pathology from the candidate list. You MUST commit to one diagnosis — do not hedge or list alternatives.

{""patient"": {""age"": 58, ""sex"": ""male""}, ""findings"": [{""finding"": ""Do you have pain somewhere, related to your reason for consulting?"", ""value"": ""yes""}, {""finding"": ""Characterize your pain:"", ""value"": ""tedious""}, {""finding"": ""Characterize your pain:"", ""value"": ""heavy""}, {""finding"": ""Characterize your pain:"", ""value"": ""exhausting""}, {""finding"": ""Do you feel pain somewhere?"", ""value"": ""lower chest""}, {""finding"": ""Do you feel pain somewhere?"", ""value"": ""side of the chest(L)""}, {""finding"": ""Do you feel pain somewhere?"", ""value"": ""upper chest""}, {""finding"": ""Do you feel pain somewhere?"", ""value"": ""breast(R)""}, {""finding"": ""Do you feel pain somewhere?"", ""value"": ""epigastric""}, {""finding"": ""How intense is the pain?"", ""value"": ""9""}, {""finding"": ""Does the pain radiate to another location?"", ""value"": ""biceps(R)""}, {""finding"": ""Does the pain radiate to another location?"", ""value"": ""biceps(L)""}, {""finding"": ""Does the pain radiate to another location?"", ""value"": ""thyroid cartilage""}, {""finding"": ""Does the pain radiate to another location?"", ""value"": ""thoracic spine""}, {""finding"": ""Does the pain radiate to another location?"", ""value"": ""under the jaw""}, {""finding"": ""How precisely is the pain located?"", ""value"": ""2""}, {""finding"": ""How fast did the pain appear?"", ""value"": ""3""}, {""finding"": ""Are you experiencing shortness of breath or difficulty breathing in a significant way?"", ""value"": ""yes""}, {""finding"": ""Do you have diabetes?"", ""value"": ""yes""}, {""finding"": ""Are you significantly overweight compared to people of the same height as you?"", ""value"": ""yes""}, {""finding"": ""Do you drink alcohol excessively or do you have an addiction to alcohol?"", ""value"": ""yes""}, {""finding"": ""Do you have high blood pressure or do you take medications to treat high blood pressure?"", ""value"": ""yes""}, {""finding"": ""Have you ever had a heart attack or do you have angina (chest pain)?"", ""value"": ""yes""}, {""finding"": ""Do you exercise regularly, 4 times per week or more?"", ""value"": ""yes""}, {""finding"": ""Have you traveled out of the country in the last 4 weeks?"", ""value"": ""N""}, {""finding"": ""Do you have symptoms that are increased with physical exertion but alleviated with rest?"", ""value"": ""yes""}, {""finding"": ""Do you have close family members who had a cardiovascular disease problem before the age of 50?"", ""value"": ""yes""}]}

Candidate pathologies:
- Possible NSTEMI / STEMI
- Scombroid food poisoning
- Sarcoidosis
- Unstable angina
- Acute dystonic reactions
- Guillain-Barré syndrome
- GERD
- Myocarditis
- Stable angina
- Pulmonary embolism","There are 10 candidate pathologies. Estimate the probability (0 to 1) that your chosen pathology is the correct diagnosis for this patient, given only the symptoms and candidates provided. A uniform prior would assign 0.10 to each candidate. Respond with ONLY valid JSON: {""Answer"": ""<pathology>"", ""Confidence"": ""0.XX""}",58,M,Stable angina,"[[""Unstable angina"", 0.16635388618959115], [""Possible NSTEMI / STEMI"", 0.1592745013347124], [""Stable angina"", 0.15493202166138356], [""GERD"", 0.11424289090152737], [""Myocarditis"", 0.11104527912217875], [""Guillain-Barr\u00e9 syndrome"", 0.10789187372205326], [""Acute dystonic reactions"", 0.07597857743231158], [""Sarcoidosis"", 0.0622201840993519], [""Scombroid food poisoning"", 0.04806078553689006], [""Pulmonary embolism"", 0.0]]"
med_test_00017_c0,"You are a diagnostic reasoning assistant. Based on the patient vignette below, pick the single most likely pathology from the candidate list. You MUST commit to one diagnosis — do not hedge or list alternatives.

{""patient"": {""age"": 27, ""sex"": ""female""}, ""findings"": [{""finding"": ""Do any members of your immediate family have a psychiatric illness?"", ""value"": ""yes""}, {""finding"": ""Have you had significantly increased sweating?"", ""value"": ""yes""}, {""finding"": ""Do you have pain somewhere, related to your reason for consulting?"", ""value"": ""yes""}, {""finding"": ""Characterize your pain:"", ""value"": ""a cramp""}, {""finding"": ""Do you feel pain somewhere?"", ""value"": ""side of the chest(L)""}, {""finding"": ""Do you feel pain somewhere?"", ""value"": ""iliac fossa(L)""}, {""finding"": ""Do you feel pain somewhere?"", ""value"": ""pubis""}, {""finding"": ""Do you feel pain somewhere?"", ""value"": ""breast(R)""}, {""finding"": ""Do you feel pain somewhere?"", ""value"": ""belly""}, {""finding"": ""How intense is the pain?"", ""value"": ""8""}, {""finding"": ""Does the pain radiate to another location?"", ""value"": ""nowhere""}, {""finding"": ""How precisely is the pain located?"", ""value"": ""6""}, {""finding"": ""How fast did the pain appear?"", ""value"": ""6""}, {""finding"": ""Are you experiencing shortness of breath or difficulty breathing in a significant way?"", ""value"": ""yes""}, {""finding"": ""Do you drink alcohol excessively or do you have an addiction to alcohol?"", ""value"": ""yes""}, {""finding"": ""Have you ever been diagnosed with depression?"", ""value"": ""yes""}, {""finding"": ""Do you suffer from chronic anxiety?"", ""value"": ""yes""}, {""finding"": ""Do you feel lightheaded and dizzy or do you feel like you are about to faint?"", ""value"": ""yes""}, {""finding"": ""Do you feel like you are dying or were you afraid that you were about do die?"", ""value"": ""yes""}, {""finding"": ""Do you have asthma or have you ever had to use a bronchodilator in the past?"", ""value"": ""yes""}, {""finding"": ""Do you suffer from fibromyalgia?"", ""value"": ""yes""}, {""finding"": ""Are you feeling nauseous or do you feel like vomiting?"", ""value"": ""yes""}, {""finding"": ""Have you recently had numbness, loss of sensation or tingling, in both arms and legs and around your mouth?"", ""value"": ""yes""}, {""finding"": ""Do you feel like you are detached from your own body or your surroundings?"", ""value"": ""yes""}, {""finding"": ""Do you currently, or did you ever, have numbness, loss of sensitivity or tingling anywhere on your body?"", ""value"": ""yes""}, {""finding"": ""Have you ever had a head trauma?"", ""value"": ""yes""}, {""finding"": ""Have you traveled out of the country in the last 4 weeks?"", ""value"": ""N""}]}

Candidate pathologies:
- SLE
- Unstable angina
- Pancreatic neoplasm
- Spontaneous pneumothorax
- Possible NSTEMI / STEMI
- Boerhaave
- Myasthenia gravis
- Sarcoidosis
- Guillain-Barré syndrome
- HIV (initial infection)
- Acute dystonic reactions
- Pericarditis
- GERD
- Anaphylaxis
- Panic attack
- Scombroid food poisoning
- Inguinal hernia
- Stable angina
- Chagas
- Anemia
- Acute pulmonary edema
- Pulmonary embolism","There are 22 candidate pathologies. Estimate the probability (0 to 1) that your chosen pathology is the correct diagnosis for this patient, given only the symptoms and candidates provided. A uniform prior would assign 0.05 to each candidate. Respond with ONLY valid JSON: {""Answer"": ""<pathology>"", ""Confidence"": ""0.XX""}",27,F,Panic attack,"[[""Panic attack"", 0.08977480614082144], [""Possible NSTEMI / STEMI"", 0.07352771330742897], [""Guillain-Barr\u00e9 syndrome"", 0.07101197134569498], [""Spontaneous pneumothorax"", 0.0650024477070152], [""Unstable angina"", 0.06240820825303979], [""Acute pulmonary edema"", 0.060052323371655315], [""Anaphylaxis"", 0.05986707465532326], [""Anemia"", 0.05594925699651377], [""Boerhaave"", 0.05278031126255099], [""Pericarditis"", 0.046349722682997474], [""Pulmonary embolism"", 0.04593575157913047], [""GERD"", 0.039140819036907866], [""Inguinal hernia"", 0.037873025157085495], [""Scombroid food poisoning"", 0.033567347432409904], [""Stable angina"", 0.03265120803742055], [""Acute dystonic reactions"", 0.030802627834719612], [""Myasthenia gravis"", 0.030802627834719612], [""HIV (initial infection)"", 0.02840145128445231], [""Sarcoidosis"", 0.025224809931819307], [""Chagas"", 0.02324465002407916], [""Pancreatic neoplasm"", 0.021371699806311633], [""SLE"", 0.014260146317902908]]"
med_test_00018_c0,"You are a diagnostic reasoning assistant. Based on the patient vignette below, pick the single most likely pathology from the candidate list. You MUST commit to one diagnosis — do not hedge or list alternatives.

{""patient"": {""age"": 59, ""sex"": ""female""}, ""findings"": [{""finding"": ""Have you had significantly increased sweating?"", ""value"": ""yes""}, {""finding"": ""Do you have pain somewhere, related to your reason for consulting?"", ""value"": ""yes""}, {""finding"": ""Characterize your pain:"", ""value"": ""tedious""}, {""finding"": ""Characterize your pain:"", ""value"": ""heavy""}, {""finding"": ""Characterize your pain:"", ""value"": ""sharp""}, {""finding"": ""Characterize your pain:"", ""value"": ""sickening""}, {""finding"": ""Characterize your pain:"", ""value"": ""scary""}, {""finding"": ""Do you feel pain somewhere?"", ""value"": ""lower chest""}, {""finding"": ""Do you feel pain somewhere?"", ""value"": ""upper chest""}, {""finding"": ""Do you feel pain somewhere?"", ""value"": ""breast(R)""}, {""finding"": ""Do you feel pain somewhere?"", ""value"": ""breast(L)""}, {""finding"": ""Do you feel pain somewhere?"", ""value"": ""epigastric""}, {""finding"": ""How intense is the pain?"", ""value"": ""9""}, {""finding"": ""Does the pain radiate to another location?"", ""value"": ""biceps(R)""}, {""finding"": ""Does the pain radiate to another location?"", ""value"": ""thyroid cartilage""}, {""finding"": ""Does the pain radiate to another location?"", ""value"": ""thoracic spine""}, {""finding"": ""Does the pain radiate to another location?"", ""value"": ""shoulder(R)""}, {""finding"": ""Does the pain radiate to another location?"", ""value"": ""shoulder(L)""}, {""finding"": ""How precisely is the pain located?"", ""value"": ""6""}, {""finding"": ""How fast did the pain appear?"", ""value"": ""5""}, {""finding"": ""Are you experiencing shortness of breath or difficulty breathing in a significant way?"", ""value"": ""yes""}, {""finding"": ""Do you have diabetes?"", ""value"": ""yes""}, {""finding"": ""Are you significantly overweight compared to people of the same height as you?"", ""value"": ""yes""}, {""finding"": ""Do you have high cholesterol or do you take medications to treat high cholesterol?"", ""value"": ""yes""}, {""finding"": ""Do you smoke cigarettes?"", ""value"": ""yes""}, {""finding"": ""Have you ever had a heart attack or do you have angina (chest pain)?"", ""value"": ""yes""}, {""finding"": ""Do you have a problem with poor circulation?"", ""value"": ""yes""}, {""finding"": ""Are you feeling nauseous or do you feel like vomiting?"", ""value"": ""yes""}, {""finding"": ""Have you recently had a loss of appetite or do you get full more quickly then usually?"", ""value"": ""yes""}, {""finding"": ""Have you traveled out of the country in the last 4 weeks?"", ""value"": ""N""}, {""finding"": ""Do you have close family members who had a cardiovascular disease problem before the age of 50?"", ""value"": ""yes""}]}

Candidate pathologies:
- Boerhaave
- GERD
- PSVT
- Chagas
- Scombroid food poisoning
- Anaphylaxis
- Panic attack
- Guillain-Barré syndrome
- Atrial fibrillation
- Unstable angina
- Pericarditis
- Possible NSTEMI / STEMI
- Acute pulmonary edema
- Acute dystonic reactions","There are 14 candidate pathologies. Estimate the probability (0 to 1) that your chosen pathology is the correct diagnosis for this patient, given only the symptoms and candidates provided. A uniform prior would assign 0.07 to each candidate. Respond with ONLY valid JSON: {""Answer"": ""<pathology>"", ""Confidence"": ""0.XX""}",59,F,Possible NSTEMI / STEMI,"[[""Possible NSTEMI / STEMI"", 0.1419420867429385], [""Boerhaave"", 0.10555365040298814], [""GERD"", 0.08870751859067706], [""Anaphylaxis"", 0.08724391222572528], [""Guillain-Barr\u00e9 syndrome"", 0.08377606972701411], [""Atrial fibrillation"", 0.08002129599695407], [""Panic attack"", 0.07262308553396565], [""Unstable angina"", 0.06467527863558363], [""Acute dystonic reactions"", 0.05899597792810991], [""Acute pulmonary edema"", 0.05483705100947518], [""Scombroid food poisoning"", 0.05450727549614589], [""Pericarditis"", 0.04890778432182244], [""PSVT"", 0.03151357088006723], [""Chagas"", 0.026695442508532827]]"
med_test_00019_c0,"You are a diagnostic reasoning assistant. Based on the patient vignette below, pick the single most likely pathology from the candidate list. You MUST commit to one diagnosis — do not hedge or list alternatives.

{""patient"": {""age"": 4, ""sex"": ""male""}, ""findings"": [{""finding"": ""Are you experiencing shortness of breath or difficulty breathing in a significant way?"", ""value"": ""yes""}, {""finding"": ""Have you noticed weakness in your facial muscles and/or eyes?"", ""value"": ""yes""}, {""finding"": ""Do you feel weakness in both arms and/or both legs?"", ""value"": ""yes""}, {""finding"": ""Do you have numbness, loss of sensation or tingling in the feet?"", ""value"": ""yes""}, {""finding"": ""Have you had weakness or paralysis on one side of the face, which may still be present or completely resolved?"", ""value"": ""yes""}, {""finding"": ""Have you recently had numbness, loss of sensation or tingling, in both arms and legs and around your mouth?"", ""value"": ""yes""}, {""finding"": ""Do you currently, or did you ever, have numbness, loss of sensitivity or tingling anywhere on your body?"", ""value"": ""yes""}, {""finding"": ""Have you traveled out of the country in the last 4 weeks?"", ""value"": ""N""}]}

Candidate pathologies:
- Acute dystonic reactions
- Atrial fibrillation
- Scombroid food poisoning
- Anemia
- Myasthenia gravis
- SLE
- Chagas
- PSVT
- Anaphylaxis
- Guillain-Barré syndrome
- Pulmonary embolism","There are 11 candidate pathologies. Estimate the probability (0 to 1) that your chosen pathology is the correct diagnosis for this patient, given only the symptoms and candidates provided. A uniform prior would assign 0.09 to each candidate. Respond with ONLY valid JSON: {""Answer"": ""<pathology>"", ""Confidence"": ""0.XX""}",4,M,Guillain-Barré syndrome,"[[""Guillain-Barr\u00e9 syndrome"", 0.22410864355902654], [""Myasthenia gravis"", 0.1571613303794388], [""Pulmonary embolism"", 0.12915110061043714], [""Atrial fibrillation"", 0.10562336951294993], [""Acute dystonic reactions"", 0.07787119539673266], [""Anemia"", 0.07787119539673266], [""Anaphylaxis"", 0.07787119539673266], [""Scombroid food poisoning"", 0.049257974391502965], [""PSVT"", 0.041596046405754025], [""SLE"", 0.03605064627167137], [""Chagas"", 0.023437302679021124]]"
med_test_00020_c0,"You are a diagnostic reasoning assistant. Based on the patient vignette below, pick the single most likely pathology from the candidate list. You MUST commit to one diagnosis — do not hedge or list alternatives.

{""patient"": {""age"": 55, ""sex"": ""female""}, ""findings"": [{""finding"": ""Do you have pain somewhere, related to your reason for consulting?"", ""value"": ""yes""}, {""finding"": ""Characterize your pain:"", ""value"": ""burning""}, {""finding"": ""Do you feel pain somewhere?"", ""value"": ""lower chest""}, {""finding"": ""Do you feel pain somewhere?"", ""value"": ""side of the chest(L)""}, {""finding"": ""Do you feel pain somewhere?"", ""value"": ""upper chest""}, {""finding"": ""Do you feel pain somewhere?"", ""value"": ""breast(R)""}, {""finding"": ""Do you feel pain somewhere?"", ""value"": ""breast(L)""}, {""finding"": ""How intense is the pain?"", ""value"": ""1""}, {""finding"": ""Does the pain radiate to another location?"", ""value"": ""nowhere""}, {""finding"": ""How precisely is the pain located?"", ""value"": ""6""}, {""finding"": ""How fast did the pain appear?"", ""value"": ""1""}, {""finding"": ""Do you have a cough that produces colored or more abundant sputum than usual?"", ""value"": ""yes""}, {""finding"": ""Do you have a fever (either felt or measured with a thermometer)?"", ""value"": ""yes""}, {""finding"": ""Do you have a sore throat?"", ""value"": ""yes""}, {""finding"": ""Do you have a chronic obstructive pulmonary disease (COPD)?"", ""value"": ""yes""}, {""finding"": ""Do you have nasal congestion or a clear runny nose?"", ""value"": ""yes""}, {""finding"": ""Do you have a cough?"", ""value"": ""yes""}, {""finding"": ""Have you traveled out of the country in the last 4 weeks?"", ""value"": ""N""}, {""finding"": ""Are your vaccinations up to date?"", ""value"": ""yes""}, {""finding"": ""Are your symptoms more prominent at night?"", ""value"": ""yes""}]}

Candidate pathologies:
- Pericarditis
- URTI
- Tuberculosis
- Pneumonia
- Possible NSTEMI / STEMI
- Influenza
- Bronchiectasis
- Stable angina
- GERD
- Bronchitis
- Unstable angina
- Boerhaave
- HIV (initial infection)
- Chagas","There are 14 candidate pathologies. Estimate the probability (0 to 1) that your chosen pathology is the correct diagnosis for this patient, given only the symptoms and candidates provided. A uniform prior would assign 0.07 to each candidate. Respond with ONLY valid JSON: {""Answer"": ""<pathology>"", ""Confidence"": ""0.XX""}",55,F,Bronchitis,"[[""URTI"", 0.12381015389808321], [""Bronchitis"", 0.11502287651047267], [""Pneumonia"", 0.10466228387925265], [""GERD"", 0.09028990487426367], [""Bronchiectasis"", 0.07812653482649454], [""Influenza"", 0.07407668827306035], [""Tuberculosis"", 0.07145184622277327], [""Possible NSTEMI / STEMI"", 0.06855760469129578], [""Boerhaave"", 0.06081225627600556], [""Unstable angina"", 0.05857145091762246], [""HIV (initial infection)"", 0.051281736818590926], [""Pericarditis"", 0.04261728422692065], [""Stable angina"", 0.03587862935667626], [""Chagas"", 0.024840749228487908]]"
med_test_00021_c0,"You are a diagnostic reasoning assistant. Based on the patient vignette below, pick the single most likely pathology from the candidate list. You MUST commit to one diagnosis — do not hedge or list alternatives.

{""patient"": {""age"": 51, ""sex"": ""female""}, ""findings"": [{""finding"": ""Are you experiencing shortness of breath or difficulty breathing in a significant way?"", ""value"": ""yes""}, {""finding"": ""Do you have any family members who have asthma?"", ""value"": ""yes""}, {""finding"": ""Have you been hospitalized for an asthma attack in the past year?"", ""value"": ""yes""}, {""finding"": ""Have you had a cold in the last 2 weeks?"", ""value"": ""yes""}, {""finding"": ""Have you been diagnosed with chronic sinusitis?"", ""value"": ""yes""}, {""finding"": ""Do you have asthma or have you ever had to use a bronchodilator in the past?"", ""value"": ""yes""}, {""finding"": ""Do you have a cough?"", ""value"": ""yes""}, {""finding"": ""Have you traveled out of the country in the last 4 weeks?"", ""value"": ""N""}, {""finding"": ""Do you live in in a big city?"", ""value"": ""yes""}, {""finding"": ""Have you noticed a wheezing sound when you exhale?"", ""value"": ""yes""}, {""finding"": ""Are you exposed to secondhand cigarette smoke on a daily basis?"", ""value"": ""yes""}]}

Candidate pathologies:
- Scombroid food poisoning
- Atrial fibrillation
- SLE
- Tuberculosis
- Guillain-Barré syndrome
- Myocarditis
- Myasthenia gravis
- Pulmonary embolism
- Anaphylaxis
- PSVT
- Acute dystonic reactions
- Bronchitis
- Acute pulmonary edema
- Pneumonia
- Bronchospasm / acute asthma exacerbation
- Pulmonary neoplasm
- Bronchiectasis
- Anemia
- Acute COPD exacerbation / infection","There are 19 candidate pathologies. Estimate the probability (0 to 1) that your chosen pathology is the correct diagnosis for this patient, given only the symptoms and candidates provided. A uniform prior would assign 0.05 to each candidate. Respond with ONLY valid JSON: {""Answer"": ""<pathology>"", ""Confidence"": ""0.XX""}",51,F,Bronchospasm / acute asthma exacerbation,"[[""Bronchospasm / acute asthma exacerbation"", 0.09889657381739657], [""Bronchitis"", 0.0857301002122807], [""Pulmonary neoplasm"", 0.07986229104471873], [""Acute COPD exacerbation / infection"", 0.07492867699108588], [""Pneumonia"", 0.06308989750274147], [""Pulmonary embolism"", 0.06017389251840222], [""Tuberculosis"", 0.0578302852327805], [""Acute pulmonary edema"", 0.056365133627181756], [""Anaphylaxis"", 0.056365133627181756], [""Guillain-Barr\u00e9 syndrome"", 0.05152101538006757], [""Atrial fibrillation"", 0.04921188634446758], [""Myocarditis"", 0.04860015990403715], [""Bronchiectasis"", 0.03888186867209874], [""Acute dystonic reactions"", 0.03628163383768959], [""Myasthenia gravis"", 0.03628163383768959], [""Anemia"", 0.03628163383768959], [""Scombroid food poisoning"", 0.033521149754498075], [""PSVT"", 0.019380369302157058], [""SLE"", 0.016796664555835627]]"
med_test_00022_c0,"You are a diagnostic reasoning assistant. Based on the patient vignette below, pick the single most likely pathology from the candidate list. You MUST commit to one diagnosis — do not hedge or list alternatives.

{""patient"": {""age"": 16, ""sex"": ""male""}, ""findings"": [{""finding"": ""Have you recently had a viral infection?"", ""value"": ""yes""}, {""finding"": ""Are you experiencing shortness of breath or difficulty breathing in a significant way?"", ""value"": ""yes""}, {""finding"": ""Have you noticed weakness in your facial muscles and/or eyes?"", ""value"": ""yes""}, {""finding"": ""Do you feel weakness in both arms and/or both legs?"", ""value"": ""yes""}, {""finding"": ""Do you have numbness, loss of sensation or tingling in the feet?"", ""value"": ""yes""}, {""finding"": ""Have you recently had numbness, loss of sensation or tingling, in both arms and legs and around your mouth?"", ""value"": ""yes""}, {""finding"": ""Did you previously, or do you currently, have any weakness/paralysis in one or more of your limbs or in your face?"", ""value"": ""yes""}, {""finding"": ""Have you traveled out of the country in the last 4 weeks?"", ""value"": ""N""}]}

Candidate pathologies:
- Anaphylaxis
- Panic attack
- Anemia
- Chagas
- Guillain-Barré syndrome
- PSVT
- Myasthenia gravis
- Acute dystonic reactions
- Scombroid food poisoning
- Atrial fibrillation
- SLE
- Pulmonary embolism","There are 12 candidate pathologies. Estimate the probability (0 to 1) that your chosen pathology is the correct diagnosis for this patient, given only the symptoms and candidates provided. A uniform prior would assign 0.08 to each candidate. Respond with ONLY valid JSON: {""Answer"": ""<pathology>"", ""Confidence"": ""0.XX""}",16,M,Guillain-Barré syndrome,"[[""Guillain-Barr\u00e9 syndrome"", 0.19125622213843774], [""Panic attack"", 0.141174146120439], [""Myasthenia gravis"", 0.13522013175478464], [""Pulmonary embolism"", 0.11112039328412], [""Atrial fibrillation"", 0.09087735454671321], [""Acute dystonic reactions"", 0.066999644734659], [""Anemia"", 0.066999644734659], [""Anaphylaxis"", 0.066999644734659], [""Scombroid food poisoning"", 0.04238109827087748], [""PSVT"", 0.03578884743393631], [""SLE"", 0.03101763727076656], [""Chagas"", 0.02016523497594816]]"
med_test_00023_c0,"You are a diagnostic reasoning assistant. Based on the patient vignette below, pick the single most likely pathology from the candidate list. You MUST commit to one diagnosis — do not hedge or list alternatives.

{""patient"": {""age"": 52, ""sex"": ""male""}, ""findings"": [{""finding"": ""Do you have pain somewhere, related to your reason for consulting?"", ""value"": ""yes""}, {""finding"": ""Characterize your pain:"", ""value"": ""tedious""}, {""finding"": ""Characterize your pain:"", ""value"": ""heavy""}, {""finding"": ""Do you feel pain somewhere?"", ""value"": ""lower chest""}, {""finding"": ""Do you feel pain somewhere?"", ""value"": ""biceps(R)""}, {""finding"": ""Do you feel pain somewhere?"", ""value"": ""side of the chest(L)""}, {""finding"": ""Do you feel pain somewhere?"", ""value"": ""breast(L)""}, {""finding"": ""Do you feel pain somewhere?"", ""value"": ""epigastric""}, {""finding"": ""How intense is the pain?"", ""value"": ""4""}, {""finding"": ""Does the pain radiate to another location?"", ""value"": ""biceps(L)""}, {""finding"": ""Does the pain radiate to another location?"", ""value"": ""thoracic spine""}, {""finding"": ""Does the pain radiate to another location?"", ""value"": ""under the jaw""}, {""finding"": ""Does the pain radiate to another location?"", ""value"": ""shoulder(R)""}, {""finding"": ""Does the pain radiate to another location?"", ""value"": ""shoulder(L)""}, {""finding"": ""How precisely is the pain located?"", ""value"": ""2""}, {""finding"": ""How fast did the pain appear?"", ""value"": ""8""}, {""finding"": ""Do you have diabetes?"", ""value"": ""yes""}, {""finding"": ""Do you have high cholesterol or do you take medications to treat high cholesterol?"", ""value"": ""yes""}, {""finding"": ""Do you drink alcohol excessively or do you have an addiction to alcohol?"", ""value"": ""yes""}, {""finding"": ""Do you constantly feel fatigued or do you have non-restful sleep?"", ""value"": ""yes""}, {""finding"": ""Have you ever had a heart attack or do you have angina (chest pain)?"", ""value"": ""yes""}, {""finding"": ""Have you traveled out of the country in the last 4 weeks?"", ""value"": ""N""}, {""finding"": ""Do you have symptoms that are increased with physical exertion but alleviated with rest?"", ""value"": ""yes""}, {""finding"": ""Do you have close family members who had a cardiovascular disease problem before the age of 50?"", ""value"": ""yes""}]}

Candidate pathologies:
- Spontaneous pneumothorax
- Myocarditis
- Possible NSTEMI / STEMI
- Chagas
- Anemia
- Pancreatic neoplasm
- Unstable angina
- Stable angina
- Pericarditis
- Atrial fibrillation","There are 10 candidate pathologies. Estimate the probability (0 to 1) that your chosen pathology is the correct diagnosis for this patient, given only the symptoms and candidates provided. A uniform prior would assign 0.10 to each candidate. Respond with ONLY valid JSON: {""Answer"": ""<pathology>"", ""Confidence"": ""0.XX""}",52,M,Stable angina,"[[""Possible NSTEMI / STEMI"", 0.18639380847297501], [""Unstable angina"", 0.1736320247601723], [""Stable angina"", 0.15147303124627712], [""Pancreatic neoplasm"", 0.11600107751535442], [""Anemia"", 0.08745747247187843], [""Pericarditis"", 0.08014809696209653], [""Atrial fibrillation"", 0.06298833948000072], [""Chagas"", 0.05532184163113693], [""Myocarditis"", 0.04518750941743758], [""Spontaneous pneumothorax"", 0.041396798042671046]]"
med_test_00024_c0,"You are a diagnostic reasoning assistant. Based on the patient vignette below, pick the single most likely pathology from the candidate list. You MUST commit to one diagnosis — do not hedge or list alternatives.

{""patient"": {""age"": 45, ""sex"": ""male""}, ""findings"": [{""finding"": ""Do you have a known severe food allergy?"", ""value"": ""yes""}, {""finding"": ""Have you been in contact with or ate something that you have an allergy to?"", ""value"": ""yes""}, {""finding"": ""Do you have pain somewhere, related to your reason for consulting?"", ""value"": ""yes""}, {""finding"": ""Characterize your pain:"", ""value"": ""sharp""}, {""finding"": ""Do you feel pain somewhere?"", ""value"": ""flank(R)""}, {""finding"": ""Do you feel pain somewhere?"", ""value"": ""iliac fossa(R)""}, {""finding"": ""Do you feel pain somewhere?"", ""value"": ""iliac fossa(L)""}, {""finding"": ""Do you feel pain somewhere?"", ""value"": ""hypochondrium(R)""}, {""finding"": ""Do you feel pain somewhere?"", ""value"": ""epigastric""}, {""finding"": ""How intense is the pain?"", ""value"": ""7""}, {""finding"": ""Does the pain radiate to another location?"", ""value"": ""nowhere""}, {""finding"": ""How precisely is the pain located?"", ""value"": ""6""}, {""finding"": ""How fast did the pain appear?"", ""value"": ""4""}, {""finding"": ""Are you experiencing shortness of breath or difficulty breathing in a significant way?"", ""value"": ""yes""}, {""finding"": ""Do you feel lightheaded and dizzy or do you feel like you are about to faint?"", ""value"": ""yes""}, {""finding"": ""Do you have any lesions, redness or problems on your skin that you believe are related to the condition you are consulting for?"", ""value"": ""yes""}, {""finding"": ""What color is the rash?"", ""value"": ""pink""}, {""finding"": ""Do your lesions peel off?"", ""value"": ""N""}, {""finding"": ""Is the rash swollen?"", ""value"": ""2""}, {""finding"": ""Where is the affected region located?"", ""value"": ""back of the neck""}, {""finding"": ""Where is the affected region located?"", ""value"": ""biceps(R)""}, {""finding"": ""Where is the affected region located?"", ""value"": ""biceps(L)""}, {""finding"": ""Where is the affected region located?"", ""value"": ""mouth""}, {""finding"": ""Where is the affected region located?"", ""value"": ""thyroid cartilage""}, {""finding"": ""How intense is the pain caused by the rash?"", ""value"": ""0""}, {""finding"": ""Is the lesion (or are the lesions) larger than 1cm?"", ""value"": ""Y""}, {""finding"": ""How severe is the itching?"", ""value"": ""8""}, {""finding"": ""Are you feeling nauseous or do you feel like vomiting?"", ""value"": ""yes""}, {""finding"": ""Do you have swelling in one or more areas of your body?"", ""value"": ""yes""}, {""finding"": ""Where is the swelling located?"", ""value"": ""forehead""}, {""finding"": ""Where is the swelling located?"", ""value"": ""cheek(R)""}, {""finding"": ""Where is the swelling located?"", ""value"": ""cheek(L)""}, {""finding"": ""Where is the swelling located?"", ""value"": ""nose""}, {""finding"": ""Did you lose consciousness?"", ""value"": ""yes""}, {""finding"": ""Have you noticed a high pitched sound when breathing in?"", ""value"": ""yes""}, {""finding"": ""Have you traveled out of the country in the last 4 weeks?"", ""value"": ""North America""}, {""finding"": ""Have you noticed a wheezing sound when you exhale?"", ""value"": ""yes""}]}

Candidate pathologies:
- Acute pulmonary edema
- Acute COPD exacerbation / infection
- Unstable angina
- Panic attack
- GERD
- Possible NSTEMI / STEMI
- Acute dystonic reactions
- Guillain-Barré syndrome
- Larygospasm
- Atrial fibrillation
- Myasthenia gravis
- PSVT
- Anaphylaxis
- Pericarditis
- Stable angina
- Chagas
- Pulmonary embolism
- Inguinal hernia
- SLE
- Anemia
- Boerhaave
- Bronchospasm / acute asthma exacerbation","There are 22 candidate pathologies. Estimate the probability (0 to 1) that your chosen pathology is the correct diagnosis for this patient, given only the symptoms and candidates provided. A uniform prior would assign 0.05 to each candidate. Respond with ONLY valid JSON: {""Answer"": ""<pathology>"", ""Confidence"": ""0.XX""}",45,M,Anaphylaxis,"[[""Anaphylaxis"", 0.07449052554979048], [""Panic attack"", 0.06165903934901286], [""Pulmonary embolism"", 0.061153519263406377], [""Possible NSTEMI / STEMI"", 0.06086562221498499], [""Bronchospasm / acute asthma exacerbation"", 0.05761016490477235], [""Unstable angina"", 0.05646301032698627], [""Acute pulmonary edema"", 0.053610268780421855], [""GERD"", 0.05192496922235034], [""Boerhaave"", 0.05076932560938953], [""Pericarditis"", 0.04963169875400079], [""Anemia"", 0.045569037374030424], [""Inguinal hernia"", 0.04468124172505189], [""Stable angina"", 0.04278649534253439], [""Larygospasm"", 0.041608740463645225], [""PSVT"", 0.03786186994598541], [""Guillain-Barr\u00e9 syndrome"", 0.03562549251267263], [""Atrial fibrillation"", 0.03402878758436897], [""Acute COPD exacerbation / infection"", 0.03177399970111453], [""Chagas"", 0.02904969882589225], [""SLE"", 0.028660809283369077], [""Acute dystonic reactions"", 0.02508784163310962], [""Myasthenia gravis"", 0.02508784163310962]]"
med_test_00025_c0,"You are a diagnostic reasoning assistant. Based on the patient vignette below, pick the single most likely pathology from the candidate list. You MUST commit to one diagnosis — do not hedge or list alternatives.

{""patient"": {""age"": 44, ""sex"": ""female""}, ""findings"": [{""finding"": ""Do you have a poor diet?"", ""value"": ""yes""}, {""finding"": ""Have you ever had a diagnosis of anemia?"", ""value"": ""yes""}, {""finding"": ""Do you have any family members who have been diagnosed with anemia?"", ""value"": ""yes""}, {""finding"": ""Do you have pain somewhere, related to your reason for consulting?"", ""value"": ""yes""}, {""finding"": ""Characterize your pain:"", ""value"": ""a cramp""}, {""finding"": ""Characterize your pain:"", ""value"": ""exhausting""}, {""finding"": ""Do you feel pain somewhere?"", ""value"": ""temple(R)""}, {""finding"": ""How intense is the pain?"", ""value"": ""2""}, {""finding"": ""Does the pain radiate to another location?"", ""value"": ""nowhere""}, {""finding"": ""How precisely is the pain located?"", ""value"": ""6""}, {""finding"": ""How fast did the pain appear?"", ""value"": ""1""}, {""finding"": ""Are you experiencing shortness of breath or difficulty breathing in a significant way?"", ""value"": ""yes""}, {""finding"": ""Do you feel slightly dizzy or lightheaded?"", ""value"": ""yes""}, {""finding"": ""Do you feel lightheaded and dizzy or do you feel like you are about to faint?"", ""value"": ""yes""}, {""finding"": ""Do you have very abundant or very long menstruation periods?"", ""value"": ""yes""}, {""finding"": ""Is your skin much paler than usual?"", ""value"": ""yes""}, {""finding"": ""Do you think you are pregnant or are you currently pregnant?"", ""value"": ""yes""}, {""finding"": ""Have you traveled out of the country in the last 4 weeks?"", ""value"": ""N""}]}

Candidate pathologies:
- Guillain-Barré syndrome
- Scombroid food poisoning
- Atrial fibrillation
- Chagas
- Myocarditis
- Acute dystonic reactions
- Cluster headache
- Anaphylaxis
- Panic attack
- Anemia
- Acute pulmonary edema
- PSVT","There are 12 candidate pathologies. Estimate the probability (0 to 1) that your chosen pathology is the correct diagnosis for this patient, given only the symptoms and candidates provided. A uniform prior would assign 0.08 to each candidate. Respond with ONLY valid JSON: {""Answer"": ""<pathology>"", ""Confidence"": ""0.XX""}",44,F,Anemia,"[[""Anemia"", 0.1589864964480476], [""Atrial fibrillation"", 0.13636833102345466], [""Anaphylaxis"", 0.09949946301813173], [""Acute pulmonary edema"", 0.09216216007053085], [""Panic attack"", 0.09076468480102064], [""Guillain-Barr\u00e9 syndrome"", 0.08424158271070319], [""Cluster headache"", 0.07379313036609499], [""PSVT"", 0.06841758974982691], [""Acute dystonic reactions"", 0.05932379700341935], [""Myocarditis"", 0.05932379700341935], [""Scombroid food poisoning"", 0.049654881626028456], [""Chagas"", 0.027464086179322264]]"
med_test_00026_c0,"You are a diagnostic reasoning assistant. Based on the patient vignette below, pick the single most likely pathology from the candidate list. You MUST commit to one diagnosis — do not hedge or list alternatives.

{""patient"": {""age"": 58, ""sex"": ""female""}, ""findings"": [{""finding"": ""Have you been in contact with a person with similar symptoms in the past 2 weeks?"", ""value"": ""yes""}, {""finding"": ""Do you live with 4 or more people?"", ""value"": ""yes""}, {""finding"": ""Have you had significantly increased sweating?"", ""value"": ""yes""}, {""finding"": ""Do you have pain somewhere, related to your reason for consulting?"", ""value"": ""yes""}, {""finding"": ""Characterize your pain:"", ""value"": ""tedious""}, {""finding"": ""Characterize your pain:"", ""value"": ""sensitive""}, {""finding"": ""Do you feel pain somewhere?"", ""value"": ""top of the head""}, {""finding"": ""Do you feel pain somewhere?"", ""value"": ""forehead""}, {""finding"": ""Do you feel pain somewhere?"", ""value"": ""cheek(R)""}, {""finding"": ""Do you feel pain somewhere?"", ""value"": ""cheek(L)""}, {""finding"": ""Do you feel pain somewhere?"", ""value"": ""occiput""}, {""finding"": ""How intense is the pain?"", ""value"": ""6""}, {""finding"": ""Does the pain radiate to another location?"", ""value"": ""nowhere""}, {""finding"": ""How precisely is the pain located?"", ""value"": ""2""}, {""finding"": ""How fast did the pain appear?"", ""value"": ""4""}, {""finding"": ""Do you have a cough that produces colored or more abundant sputum than usual?"", ""value"": ""yes""}, {""finding"": ""Do you smoke cigarettes?"", ""value"": ""yes""}, {""finding"": ""Do you have a fever (either felt or measured with a thermometer)?"", ""value"": ""yes""}, {""finding"": ""Do you have a sore throat?"", ""value"": ""yes""}, {""finding"": ""Do you have nasal congestion or a clear runny nose?"", ""value"": ""yes""}, {""finding"": ""Do you have a cough?"", ""value"": ""yes""}, {""finding"": ""Have you traveled out of the country in the last 4 weeks?"", ""value"": ""N""}]}

Candidate pathologies:
- Chagas
- Influenza
- Chronic rhinosinusitis
- Tuberculosis
- Pneumonia
- Acute rhinosinusitis
- URTI
- Bronchitis
- HIV (initial infection)
- Bronchiectasis","There are 10 candidate pathologies. Estimate the probability (0 to 1) that your chosen pathology is the correct diagnosis for this patient, given only the symptoms and candidates provided. A uniform prior would assign 0.10 to each candidate. Respond with ONLY valid JSON: {""Answer"": ""<pathology>"", ""Confidence"": ""0.XX""}",58,F,URTI,"[[""URTI"", 0.17148834596442425], [""Bronchitis"", 0.15523585625484898], [""Influenza"", 0.13917812630015103], [""Pneumonia"", 0.13891369921996813], [""Bronchiectasis"", 0.1037928189976076], [""Tuberculosis"", 0.09492534845574895], [""HIV (initial infection)"", 0.06123665785375359], [""Chronic rhinosinusitis"", 0.05684975547260664], [""Chagas"", 0.041622176389718886], [""Acute rhinosinusitis"", 0.036757215091171885]]"
med_test_00027_c0,"You are a diagnostic reasoning assistant. Based on the patient vignette below, pick the single most likely pathology from the candidate list. You MUST commit to one diagnosis — do not hedge or list alternatives.

{""patient"": {""age"": 49, ""sex"": ""female""}, ""findings"": [{""finding"": ""Are you infected with the human immunodeficiency virus (HIV)?"", ""value"": ""yes""}, {""finding"": ""Have you had significantly increased sweating?"", ""value"": ""yes""}, {""finding"": ""Do you have pain somewhere, related to your reason for consulting?"", ""value"": ""yes""}, {""finding"": ""Characterize your pain:"", ""value"": ""tedious""}, {""finding"": ""Characterize your pain:"", ""value"": ""sharp""}, {""finding"": ""Characterize your pain:"", ""value"": ""sickening""}, {""finding"": ""Characterize your pain:"", ""value"": ""scary""}, {""finding"": ""Do you feel pain somewhere?"", ""value"": ""lower chest""}, {""finding"": ""Do you feel pain somewhere?"", ""value"": ""upper chest""}, {""finding"": ""Do you feel pain somewhere?"", ""value"": ""breast(R)""}, {""finding"": ""Do you feel pain somewhere?"", ""value"": ""breast(L)""}, {""finding"": ""Do you feel pain somewhere?"", ""value"": ""epigastric""}, {""finding"": ""How intense is the pain?"", ""value"": ""6""}, {""finding"": ""Does the pain radiate to another location?"", ""value"": ""biceps(R)""}, {""finding"": ""Does the pain radiate to another location?"", ""value"": ""biceps(L)""}, {""finding"": ""Does the pain radiate to another location?"", ""value"": ""thyroid cartilage""}, {""finding"": ""Does the pain radiate to another location?"", ""value"": ""thoracic spine""}, {""finding"": ""Does the pain radiate to another location?"", ""value"": ""shoulder(R)""}, {""finding"": ""How precisely is the pain located?"", ""value"": ""5""}, {""finding"": ""How fast did the pain appear?"", ""value"": ""9""}, {""finding"": ""Are you experiencing shortness of breath or difficulty breathing in a significant way?"", ""value"": ""yes""}, {""finding"": ""Do you have diabetes?"", ""value"": ""yes""}, {""finding"": ""Do you have high cholesterol or do you take medications to treat high cholesterol?"", ""value"": ""yes""}, {""finding"": ""Do you smoke cigarettes?"", ""value"": ""yes""}, {""finding"": ""Do you constantly feel fatigued or do you have non-restful sleep?"", ""value"": ""yes""}, {""finding"": ""Have you ever had a heart attack or do you have angina (chest pain)?"", ""value"": ""yes""}, {""finding"": ""Do you have a problem with poor circulation?"", ""value"": ""yes""}, {""finding"": ""Have you recently had a loss of appetite or do you get full more quickly then usually?"", ""value"": ""yes""}, {""finding"": ""Are you a former smoker?"", ""value"": ""yes""}, {""finding"": ""Have you traveled out of the country in the last 4 weeks?"", ""value"": ""N""}]}

Candidate pathologies:
- Pulmonary neoplasm
- Anaphylaxis
- Scombroid food poisoning
- Myasthenia gravis
- Acute pulmonary edema
- Acute dystonic reactions
- Myocarditis
- Pericarditis
- SLE
- Anemia
- Chagas
- Guillain-Barré syndrome
- Panic attack
- Possible NSTEMI / STEMI
- Pancreatic neoplasm
- Stable angina
- Pulmonary embolism
- Unstable angina
- GERD","There are 19 candidate pathologies. Estimate the probability (0 to 1) that your chosen pathology is the correct diagnosis for this patient, given only the symptoms and candidates provided. A uniform prior would assign 0.05 to each candidate. Respond with ONLY valid JSON: {""Answer"": ""<pathology>"", ""Confidence"": ""0.XX""}",49,F,Possible NSTEMI / STEMI,"[[""Possible NSTEMI / STEMI"", 0.10632266149064472], [""Pulmonary neoplasm"", 0.07660012301416846], [""Anemia"", 0.07323939668541338], [""GERD"", 0.07088577300008869], [""Panic attack"", 0.06955443476479291], [""Guillain-Barr\u00e9 syndrome"", 0.06694507473386647], [""Pancreatic neoplasm"", 0.06252967256044593], [""Myocarditis"", 0.0609453369014712], [""Anaphylaxis"", 0.05877630932294351], [""SLE"", 0.05385750158333168], [""Chagas"", 0.0478843157490407], [""Acute dystonic reactions"", 0.04714341654203094], [""Myasthenia gravis"", 0.04714341654203094], [""Acute pulmonary edema"", 0.04382003703416042], [""Pericarditis"", 0.0372558607583932], [""Unstable angina"", 0.03133437240086663], [""Scombroid food poisoning"", 0.02982090094963089], [""Stable angina"", 0.015941395966679536], [""Pulmonary embolism"", 0.0]]"
med_test_00028_c0,"You are a diagnostic reasoning assistant. Based on the patient vignette below, pick the single most likely pathology from the candidate list. You MUST commit to one diagnosis — do not hedge or list alternatives.

{""patient"": {""age"": 43, ""sex"": ""female""}, ""findings"": [{""finding"": ""Do you have severe Chronic Obstructive Pulmonary Disease (COPD)?"", ""value"": ""yes""}, {""finding"": ""Are you experiencing shortness of breath or difficulty breathing in a significant way?"", ""value"": ""yes""}, {""finding"": ""Do you have a cough that produces colored or more abundant sputum than usual?"", ""value"": ""yes""}, {""finding"": ""Do you smoke cigarettes?"", ""value"": ""yes""}, {""finding"": ""Do you have a chronic obstructive pulmonary disease (COPD)?"", ""value"": ""yes""}, {""finding"": ""Have you ever been diagnosed with gastroesophageal reflux?"", ""value"": ""yes""}, {""finding"": ""Do you work in agriculture?"", ""value"": ""yes""}, {""finding"": ""Do you work in the mining sector?"", ""value"": ""yes""}, {""finding"": ""Do you have a cough?"", ""value"": ""yes""}, {""finding"": ""Have you traveled out of the country in the last 4 weeks?"", ""value"": ""N""}, {""finding"": ""Have you noticed a wheezing sound when you exhale?"", ""value"": ""yes""}]}

Candidate pathologies:
- Bronchiectasis
- Myasthenia gravis
- Guillain-Barré syndrome
- Acute dystonic reactions
- Myocarditis
- Pulmonary embolism
- PSVT
- Pulmonary neoplasm
- Chagas
- Bronchitis
- Tuberculosis
- Atrial fibrillation
- Acute COPD exacerbation / infection
- Pneumonia
- Anemia","There are 15 candidate pathologies. Estimate the probability (0 to 1) that your chosen pathology is the correct diagnosis for this patient, given only the symptoms and candidates provided. A uniform prior would assign 0.07 to each candidate. Respond with ONLY valid JSON: {""Answer"": ""<pathology>"", ""Confidence"": ""0.XX""}",43,F,Acute COPD exacerbation / infection,"[[""Acute COPD exacerbation / infection"", 0.12606893813104744], [""Bronchitis"", 0.11786399585112244], [""Bronchiectasis"", 0.10864592981667356], [""Pneumonia"", 0.10578372117408778], [""Pulmonary neoplasm"", 0.09684553672450344], [""Guillain-Barr\u00e9 syndrome"", 0.06247730088634866], [""Atrial fibrillation"", 0.05967712025174108], [""Myocarditis"", 0.05893530612799045], [""Pulmonary embolism"", 0.05293772980595578], [""Acute dystonic reactions"", 0.04399716382147685], [""Myasthenia gravis"", 0.04399716382147685], [""Anemia"", 0.04399716382147685], [""Tuberculosis"", 0.04202913895918141], [""PSVT"", 0.02350173332662749], [""Chagas"", 0.013242057480290035]]"
med_test_00029_c0,"You are a diagnostic reasoning assistant. Based on the patient vignette below, pick the single most likely pathology from the candidate list. You MUST commit to one diagnosis — do not hedge or list alternatives.

{""patient"": {""age"": 19, ""sex"": ""male""}, ""findings"": [{""finding"": ""Have you been in contact with a person with similar symptoms in the past 2 weeks?"", ""value"": ""yes""}, {""finding"": ""Do you attend or work in a daycare?"", ""value"": ""yes""}, {""finding"": ""Do you have pain somewhere, related to your reason for consulting?"", ""value"": ""yes""}, {""finding"": ""Characterize your pain:"", ""value"": ""sensitive""}, {""finding"": ""Characterize your pain:"", ""value"": ""burning""}, {""finding"": ""Do you feel pain somewhere?"", ""value"": ""tonsil(R)""}, {""finding"": ""Do you feel pain somewhere?"", ""value"": ""thyroid cartilage""}, {""finding"": ""Do you feel pain somewhere?"", ""value"": ""under the jaw""}, {""finding"": ""How intense is the pain?"", ""value"": ""3""}, {""finding"": ""Does the pain radiate to another location?"", ""value"": ""nowhere""}, {""finding"": ""How precisely is the pain located?"", ""value"": ""7""}, {""finding"": ""How fast did the pain appear?"", ""value"": ""4""}, {""finding"": ""Do you have a fever (either felt or measured with a thermometer)?"", ""value"": ""yes""}, {""finding"": ""Do you have a cough?"", ""value"": ""yes""}, {""finding"": ""Have you traveled out of the country in the last 4 weeks?"", ""value"": ""N""}, {""finding"": ""Are you immunosuppressed?"", ""value"": ""yes""}]}

Candidate pathologies:
- Stable angina
- Influenza
- Epiglottitis
- Bronchitis
- Pneumonia
- Acute laryngitis
- Chagas
- Tuberculosis
- Possible NSTEMI / STEMI
- Viral pharyngitis
- Unstable angina","There are 11 candidate pathologies. Estimate the probability (0 to 1) that your chosen pathology is the correct diagnosis for this patient, given only the symptoms and candidates provided. A uniform prior would assign 0.09 to each candidate. Respond with ONLY valid JSON: {""Answer"": ""<pathology>"", ""Confidence"": ""0.XX""}",19,M,Viral pharyngitis,"[[""Bronchitis"", 0.17985052915443722], [""Acute laryngitis"", 0.11944228074376186], [""Tuberculosis"", 0.11422459642550054], [""Viral pharyngitis"", 0.10728445046423066], [""Possible NSTEMI / STEMI"", 0.09762719695998964], [""Unstable angina"", 0.09111780011555437], [""Epiglottitis"", 0.08893018434163623], [""Pneumonia"", 0.06846273919474044], [""Influenza"", 0.05648936545756997], [""Chagas"", 0.043077566110688664], [""Stable angina"", 0.03349329103189049]]"
med_test_00030_c0,"You are a diagnostic reasoning assistant. Based on the patient vignette below, pick the single most likely pathology from the candidate list. You MUST commit to one diagnosis — do not hedge or list alternatives.

{""patient"": {""age"": 69, ""sex"": ""female""}, ""findings"": [{""finding"": ""Do you have pain somewhere, related to your reason for consulting?"", ""value"": ""yes""}, {""finding"": ""Characterize your pain:"", ""value"": ""tedious""}, {""finding"": ""Characterize your pain:"", ""value"": ""exhausting""}, {""finding"": ""Do you feel pain somewhere?"", ""value"": ""breast(L)""}, {""finding"": ""Do you feel pain somewhere?"", ""value"": ""under the jaw""}, {""finding"": ""Do you feel pain somewhere?"", ""value"": ""posterior chest wall(L)""}, {""finding"": ""Do you feel pain somewhere?"", ""value"": ""triceps(R)""}, {""finding"": ""Do you feel pain somewhere?"", ""value"": ""epigastric""}, {""finding"": ""How intense is the pain?"", ""value"": ""9""}, {""finding"": ""Does the pain radiate to another location?"", ""value"": ""biceps(R)""}, {""finding"": ""Does the pain radiate to another location?"", ""value"": ""biceps(L)""}, {""finding"": ""Does the pain radiate to another location?"", ""value"": ""thyroid cartilage""}, {""finding"": ""Does the pain radiate to another location?"", ""value"": ""shoulder(R)""}, {""finding"": ""Does the pain radiate to another location?"", ""value"": ""shoulder(L)""}, {""finding"": ""How precisely is the pain located?"", ""value"": ""8""}, {""finding"": ""How fast did the pain appear?"", ""value"": ""4""}, {""finding"": ""Do you have diabetes?"", ""value"": ""yes""}, {""finding"": ""Are you significantly overweight compared to people of the same height as you?"", ""value"": ""yes""}, {""finding"": ""Do you drink alcohol excessively or do you have an addiction to alcohol?"", ""value"": ""yes""}, {""finding"": ""Do you smoke cigarettes?"", ""value"": ""yes""}, {""finding"": ""Do you constantly feel fatigued or do you have non-restful sleep?"", ""value"": ""yes""}, {""finding"": ""Do you have high blood pressure or do you take medications to treat high blood pressure?"", ""value"": ""yes""}, {""finding"": ""Have you ever had a heart attack or do you have angina (chest pain)?"", ""value"": ""yes""}, {""finding"": ""Do you exercise regularly, 4 times per week or more?"", ""value"": ""yes""}, {""finding"": ""Have you traveled out of the country in the last 4 weeks?"", ""value"": ""N""}, {""finding"": ""Do you have symptoms that are increased with physical exertion but alleviated with rest?"", ""value"": ""yes""}, {""finding"": ""Do you have close family members who had a cardiovascular disease problem before the age of 50?"", ""value"": ""yes""}]}

Candidate pathologies:
- Atrial fibrillation
- Unstable angina
- Pericarditis
- Myocarditis
- Possible NSTEMI / STEMI
- Chagas
- Spontaneous pneumothorax
- Stable angina
- Anemia
- Acute laryngitis
- Pancreatic neoplasm","There are 11 candidate pathologies. Estimate the probability (0 to 1) that your chosen pathology is the correct diagnosis for this patient, given only the symptoms and candidates provided. A uniform prior would assign 0.09 to each candidate. Respond with ONLY valid JSON: {""Answer"": ""<pathology>"", ""Confidence"": ""0.XX""}",69,F,Stable angina,"[[""Unstable angina"", 0.1911524947341749], [""Stable angina"", 0.1703008205656591], [""Possible NSTEMI / STEMI"", 0.14047946852872426], [""Anemia"", 0.0926100169078946], [""Pericarditis"", 0.07414078276671904], [""Atrial fibrillation"", 0.06669928845838485], [""Chagas"", 0.05858111998929367], [""Acute laryngitis"", 0.057935147189294114], [""Pancreatic neoplasm"", 0.056415451355054956], [""Myocarditis"", 0.047849725048024344], [""Spontaneous pneumothorax"", 0.04383568445677631]]"
med_test_00031_c0,"You are a diagnostic reasoning assistant. Based on the patient vignette below, pick the single most likely pathology from the candidate list. You MUST commit to one diagnosis — do not hedge or list alternatives.

{""patient"": {""age"": 60, ""sex"": ""female""}, ""findings"": [{""finding"": ""Do you currently undergo dialysis?"", ""value"": ""yes""}, {""finding"": ""Do you have pain somewhere, related to your reason for consulting?"", ""value"": ""yes""}, {""finding"": ""Characterize your pain:"", ""value"": ""tedious""}, {""finding"": ""Characterize your pain:"", ""value"": ""tugging""}, {""finding"": ""Characterize your pain:"", ""value"": ""heavy""}, {""finding"": ""Do you feel pain somewhere?"", ""value"": ""ankle(R)""}, {""finding"": ""Do you feel pain somewhere?"", ""value"": ""side of the chest(R)""}, {""finding"": ""Do you feel pain somewhere?"", ""value"": ""breast(R)""}, {""finding"": ""Do you feel pain somewhere?"", ""value"": ""breast(L)""}, {""finding"": ""Do you feel pain somewhere?"", ""value"": ""posterior chest wall(L)""}, {""finding"": ""How intense is the pain?"", ""value"": ""2""}, {""finding"": ""Does the pain radiate to another location?"", ""value"": ""biceps(R)""}, {""finding"": ""Does the pain radiate to another location?"", ""value"": ""biceps(L)""}, {""finding"": ""Does the pain radiate to another location?"", ""value"": ""chin""}, {""finding"": ""Does the pain radiate to another location?"", ""value"": ""jaw""}, {""finding"": ""Does the pain radiate to another location?"", ""value"": ""shoulder(L)""}, {""finding"": ""How precisely is the pain located?"", ""value"": ""4""}, {""finding"": ""How fast did the pain appear?"", ""value"": ""3""}, {""finding"": ""Are you experiencing shortness of breath or difficulty breathing in a significant way?"", ""value"": ""yes""}, {""finding"": ""Do you have high blood pressure or do you take medications to treat high blood pressure?"", ""value"": ""yes""}, {""finding"": ""Have you ever had a heart attack or do you have angina (chest pain)?"", ""value"": ""yes""}, {""finding"": ""Do you have heart failure?"", ""value"": ""yes""}, {""finding"": ""Do you have swelling in one or more areas of your body?"", ""value"": ""yes""}, {""finding"": ""Where is the swelling located?"", ""value"": ""ankle(R)""}, {""finding"": ""Where is the swelling located?"", ""value"": ""calf(R)""}, {""finding"": ""Where is the swelling located?"", ""value"": ""calf(L)""}, {""finding"": ""Where is the swelling located?"", ""value"": ""tibia(L)""}, {""finding"": ""Have you noticed any new fatigue, generalized and vague discomfort, diffuse (widespread) muscle aches or a change in your general well-being related to your consultation today?"", ""value"": ""yes""}, {""finding"": ""Have you traveled out of the country in the last 4 weeks?"", ""value"": ""N""}, {""finding"": ""Are your symptoms worse when lying down and alleviated while sitting up?"", ""value"": ""yes""}, {""finding"": ""Do you have symptoms that are increased with physical exertion but alleviated with rest?"", ""value"": ""yes""}]}

Candidate pathologies:
- Acute pulmonary edema
- Panic attack
- Pulmonary neoplasm
- Acute dystonic reactions
- Guillain-Barré syndrome
- Anemia
- Sarcoidosis
- Atrial fibrillation
- Anaphylaxis
- Spontaneous pneumothorax
- Unstable angina
- Pulmonary embolism
- Possible NSTEMI / STEMI
- Stable angina
- Myasthenia gravis
- Chagas
- Scombroid food poisoning
- Pericarditis
- Myocarditis
- SLE","There are 20 candidate pathologies. Estimate the probability (0 to 1) that your chosen pathology is the correct diagnosis for this patient, given only the symptoms and candidates provided. A uniform prior would assign 0.05 to each candidate. Respond with ONLY valid JSON: {""Answer"": ""<pathology>"", ""Confidence"": ""0.XX""}",60,F,Acute pulmonary edema,"[[""Acute pulmonary edema"", 0.08001126058632636], [""Unstable angina"", 0.06888198279801708], [""Pulmonary embolism"", 0.06844924085927435], [""Pericarditis"", 0.0668312584504585], [""Myocarditis"", 0.0666406320322667], [""Stable angina"", 0.06265617459309485], [""SLE"", 0.06152351992781634], [""Anaphylaxis"", 0.058583488756693405], [""Possible NSTEMI / STEMI"", 0.056981767503115587], [""Spontaneous pneumothorax"", 0.05483716174556159], [""Panic attack"", 0.05106010585428782], [""Atrial fibrillation"", 0.048854826786870406], [""Pulmonary neoplasm"", 0.044366618198770566], [""Guillain-Barr\u00e9 syndrome"", 0.04211940892099003], [""Chagas"", 0.03616770104449534], [""Acute dystonic reactions"", 0.02966092497708209], [""Myasthenia gravis"", 0.02966092497708209], [""Anemia"", 0.02966092497708209], [""Sarcoidosis"", 0.024289849520744897], [""Scombroid food poisoning"", 0.018762227489969967]]"
med_test_00032_c0,"You are a diagnostic reasoning assistant. Based on the patient vignette below, pick the single most likely pathology from the candidate list. You MUST commit to one diagnosis — do not hedge or list alternatives.

{""patient"": {""age"": 52, ""sex"": ""male""}, ""findings"": [{""finding"": ""Do you have a known severe food allergy?"", ""value"": ""yes""}, {""finding"": ""Have you been in contact with or ate something that you have an allergy to?"", ""value"": ""yes""}, {""finding"": ""Have you had diarrhea or an increase in stool frequency?"", ""value"": ""yes""}, {""finding"": ""Do you have pain somewhere, related to your reason for consulting?"", ""value"": ""yes""}, {""finding"": ""Characterize your pain:"", ""value"": ""a knife stroke""}, {""finding"": ""Characterize your pain:"", ""value"": ""sharp""}, {""finding"": ""Do you feel pain somewhere?"", ""value"": ""flank(R)""}, {""finding"": ""Do you feel pain somewhere?"", ""value"": ""iliac fossa(R)""}, {""finding"": ""Do you feel pain somewhere?"", ""value"": ""iliac fossa(L)""}, {""finding"": ""Do you feel pain somewhere?"", ""value"": ""belly""}, {""finding"": ""Do you feel pain somewhere?"", ""value"": ""epigastric""}, {""finding"": ""How intense is the pain?"", ""value"": ""9""}, {""finding"": ""Does the pain radiate to another location?"", ""value"": ""nowhere""}, {""finding"": ""How precisely is the pain located?"", ""value"": ""2""}, {""finding"": ""How fast did the pain appear?"", ""value"": ""4""}, {""finding"": ""Are you experiencing shortness of breath or difficulty breathing in a significant way?"", ""value"": ""yes""}, {""finding"": ""Do you feel lightheaded and dizzy or do you feel like you are about to faint?"", ""value"": ""yes""}, {""finding"": ""Do you have any lesions, redness or problems on your skin that you believe are related to the condition you are consulting for?"", ""value"": ""yes""}, {""finding"": ""What color is the rash?"", ""value"": ""pink""}, {""finding"": ""Do your lesions peel off?"", ""value"": ""N""}, {""finding"": ""Is the rash swollen?"", ""value"": ""0""}, {""finding"": ""Where is the affected region located?"", ""value"": ""back of the neck""}, {""finding"": ""Where is the affected region located?"", ""value"": ""biceps(R)""}, {""finding"": ""Where is the affected region located?"", ""value"": ""biceps(L)""}, {""finding"": ""Where is the affected region located?"", ""value"": ""mouth""}, {""finding"": ""Where is the affected region located?"", ""value"": ""thyroid cartilage""}, {""finding"": ""How intense is the pain caused by the rash?"", ""value"": ""0""}, {""finding"": ""Is the lesion (or are the lesions) larger than 1cm?"", ""value"": ""Y""}, {""finding"": ""How severe is the itching?"", ""value"": ""7""}, {""finding"": ""Do you have swelling in one or more areas of your body?"", ""value"": ""yes""}, {""finding"": ""Where is the swelling located?"", ""value"": ""forehead""}, {""finding"": ""Where is the swelling located?"", ""value"": ""cheek(R)""}, {""finding"": ""Where is the swelling located?"", ""value"": ""cheek(L)""}, {""finding"": ""Where is the swelling located?"", ""value"": ""nose""}, {""finding"": ""Have you traveled out of the country in the last 4 weeks?"", ""value"": ""N""}, {""finding"": ""Are you more likely to develop common allergies than the general population?"", ""value"": ""yes""}]}

Candidate pathologies:
- Possible NSTEMI / STEMI
- Inguinal hernia
- Pancreatic neoplasm
- Panic attack
- Unstable angina
- Acute dystonic reactions
- Pulmonary embolism
- Acute pulmonary edema
- Myocarditis
- Pericarditis
- Atrial fibrillation
- Guillain-Barré syndrome
- PSVT
- GERD
- Anaphylaxis
- Stable angina
- Anemia
- Myasthenia gravis
- Chagas","There are 19 candidate pathologies. Estimate the probability (0 to 1) that your chosen pathology is the correct diagnosis for this patient, given only the symptoms and candidates provided. A uniform prior would assign 0.05 to each candidate. Respond with ONLY valid JSON: {""Answer"": ""<pathology>"", ""Confidence"": ""0.XX""}",52,M,Anaphylaxis,"[[""Anaphylaxis"", 0.09101740416466121], [""Panic attack"", 0.0736943541124918], [""Acute pulmonary edema"", 0.06763131430891875], [""Pancreatic neoplasm"", 0.06472748982151222], [""Unstable angina"", 0.06186646666712936], [""GERD"", 0.059749806647105844], [""Anemia"", 0.05763944921170602], [""Stable angina"", 0.05523529354386061], [""Possible NSTEMI / STEMI"", 0.05515318076810548], [""Inguinal hernia"", 0.05196274826133656], [""Pericarditis"", 0.04865435779946755], [""PSVT"", 0.04789079286225054], [""Guillain-Barr\u00e9 syndrome"", 0.045062039592182586], [""Atrial fibrillation"", 0.043042396476493494], [""Myocarditis"", 0.04250735964007032], [""Chagas"", 0.0367444373763447], [""Pulmonary embolism"", 0.03395479666371884], [""Acute dystonic reactions"", 0.03173315604132209], [""Myasthenia gravis"", 0.03173315604132209]]"
med_test_00033_c0,"You are a diagnostic reasoning assistant. Based on the patient vignette below, pick the single most likely pathology from the candidate list. You MUST commit to one diagnosis — do not hedge or list alternatives.

{""patient"": {""age"": 54, ""sex"": ""female""}, ""findings"": [{""finding"": ""Do you have pain somewhere, related to your reason for consulting?"", ""value"": ""yes""}, {""finding"": ""Characterize your pain:"", ""value"": ""heavy""}, {""finding"": ""Do you feel pain somewhere?"", ""value"": ""side of the chest(R)""}, {""finding"": ""Do you feel pain somewhere?"", ""value"": ""upper chest""}, {""finding"": ""Do you feel pain somewhere?"", ""value"": ""scapula(R)""}, {""finding"": ""Do you feel pain somewhere?"", ""value"": ""shoulder(R)""}, {""finding"": ""Do you feel pain somewhere?"", ""value"": ""shoulder(L)""}, {""finding"": ""How intense is the pain?"", ""value"": ""7""}, {""finding"": ""Does the pain radiate to another location?"", ""value"": ""biceps(R)""}, {""finding"": ""Does the pain radiate to another location?"", ""value"": ""biceps(L)""}, {""finding"": ""Does the pain radiate to another location?"", ""value"": ""thyroid cartilage""}, {""finding"": ""Does the pain radiate to another location?"", ""value"": ""thoracic spine""}, {""finding"": ""Does the pain radiate to another location?"", ""value"": ""shoulder(R)""}, {""finding"": ""How precisely is the pain located?"", ""value"": ""8""}, {""finding"": ""How fast did the pain appear?"", ""value"": ""8""}, {""finding"": ""Do you have diabetes?"", ""value"": ""yes""}, {""finding"": ""Are you significantly overweight compared to people of the same height as you?"", ""value"": ""yes""}, {""finding"": ""Do you have high cholesterol or do you take medications to treat high cholesterol?"", ""value"": ""yes""}, {""finding"": ""Do you smoke cigarettes?"", ""value"": ""yes""}, {""finding"": ""Do you constantly feel fatigued or do you have non-restful sleep?"", ""value"": ""yes""}, {""finding"": ""Do you have high blood pressure or do you take medications to treat high blood pressure?"", ""value"": ""yes""}, {""finding"": ""Have you ever had a heart attack or do you have angina (chest pain)?"", ""value"": ""yes""}, {""finding"": ""Do you exercise regularly, 4 times per week or more?"", ""value"": ""yes""}, {""finding"": ""Have you traveled out of the country in the last 4 weeks?"", ""value"": ""N""}, {""finding"": ""Do you have symptoms that are increased with physical exertion but alleviated with rest?"", ""value"": ""yes""}, {""finding"": ""Do you have close family members who had a cardiovascular disease problem before the age of 50?"", ""value"": ""yes""}]}

Candidate pathologies:
- GERD
- Possible NSTEMI / STEMI
- Atrial fibrillation
- SLE
- Pericarditis
- Unstable angina
- Anemia
- Myocarditis
- Stable angina
- Chagas","There are 10 candidate pathologies. Estimate the probability (0 to 1) that your chosen pathology is the correct diagnosis for this patient, given only the symptoms and candidates provided. A uniform prior would assign 0.10 to each candidate. Respond with ONLY valid JSON: {""Answer"": ""<pathology>"", ""Confidence"": ""0.XX""}",54,F,Stable angina,"[[""Unstable angina"", 0.19895697782460206], [""Stable angina"", 0.1772539596091169], [""Possible NSTEMI / STEMI"", 0.14621504440080105], [""GERD"", 0.12248398539304854], [""Anemia"", 0.09639115150395079], [""Pericarditis"", 0.0771678449362113], [""Atrial fibrillation"", 0.06942252505354879], [""Chagas"", 0.06097290337151174], [""Myocarditis"", 0.04980336091627822], [""SLE"", 0.001332246990930607]]"
med_test_00034_c0,"You are a diagnostic reasoning assistant. Based on the patient vignette below, pick the single most likely pathology from the candidate list. You MUST commit to one diagnosis — do not hedge or list alternatives.

{""patient"": {""age"": 25, ""sex"": ""male""}, ""findings"": [{""finding"": ""Have you been in contact with a person with similar symptoms in the past 2 weeks?"", ""value"": ""yes""}, {""finding"": ""Do you live with 4 or more people?"", ""value"": ""yes""}, {""finding"": ""Do you attend or work in a daycare?"", ""value"": ""yes""}, {""finding"": ""Do you have pain somewhere, related to your reason for consulting?"", ""value"": ""yes""}, {""finding"": ""Characterize your pain:"", ""value"": ""sensitive""}, {""finding"": ""Characterize your pain:"", ""value"": ""burning""}, {""finding"": ""Do you feel pain somewhere?"", ""value"": ""tonsil(R)""}, {""finding"": ""Do you feel pain somewhere?"", ""value"": ""tonsil(L)""}, {""finding"": ""Do you feel pain somewhere?"", ""value"": ""palace""}, {""finding"": ""Do you feel pain somewhere?"", ""value"": ""under the jaw""}, {""finding"": ""How intense is the pain?"", ""value"": ""3""}, {""finding"": ""Does the pain radiate to another location?"", ""value"": ""nowhere""}, {""finding"": ""How precisely is the pain located?"", ""value"": ""6""}, {""finding"": ""How fast did the pain appear?"", ""value"": ""2""}, {""finding"": ""Do you smoke cigarettes?"", ""value"": ""yes""}, {""finding"": ""Do you have a fever (either felt or measured with a thermometer)?"", ""value"": ""yes""}, {""finding"": ""Do you have a cough?"", ""value"": ""yes""}, {""finding"": ""Have you traveled out of the country in the last 4 weeks?"", ""value"": ""N""}, {""finding"": ""Are you immunosuppressed?"", ""value"": ""yes""}]}

Candidate pathologies:
- Chagas
- Tuberculosis
- Stable angina
- Viral pharyngitis
- Influenza
- Acute laryngitis
- Epiglottitis
- Unstable angina
- Pneumonia
- Bronchitis
- Possible NSTEMI / STEMI","There are 11 candidate pathologies. Estimate the probability (0 to 1) that your chosen pathology is the correct diagnosis for this patient, given only the symptoms and candidates provided. A uniform prior would assign 0.09 to each candidate. Respond with ONLY valid JSON: {""Answer"": ""<pathology>"", ""Confidence"": ""0.XX""}",25,M,Viral pharyngitis,"[[""Bronchitis"", 0.17985052915443722], [""Acute laryngitis"", 0.11944228074376186], [""Tuberculosis"", 0.11422459642550054], [""Viral pharyngitis"", 0.10728445046423066], [""Possible NSTEMI / STEMI"", 0.09762719695998964], [""Unstable angina"", 0.09111780011555437], [""Epiglottitis"", 0.08893018434163623], [""Pneumonia"", 0.06846273919474044], [""Influenza"", 0.05648936545756997], [""Chagas"", 0.043077566110688664], [""Stable angina"", 0.03349329103189049]]"
med_test_00035_c0,"You are a diagnostic reasoning assistant. Based on the patient vignette below, pick the single most likely pathology from the candidate list. You MUST commit to one diagnosis — do not hedge or list alternatives.

{""patient"": {""age"": 54, ""sex"": ""male""}, ""findings"": [{""finding"": ""Do you feel anxious?"", ""value"": ""yes""}, {""finding"": ""Do any members of your immediate family have a psychiatric illness?"", ""value"": ""yes""}, {""finding"": ""Have you had significantly increased sweating?"", ""value"": ""yes""}, {""finding"": ""Do you have pain somewhere, related to your reason for consulting?"", ""value"": ""yes""}, {""finding"": ""Characterize your pain:"", ""value"": ""a cramp""}, {""finding"": ""Characterize your pain:"", ""value"": ""sharp""}, {""finding"": ""Do you feel pain somewhere?"", ""value"": ""lower chest""}, {""finding"": ""Do you feel pain somewhere?"", ""value"": ""side of the chest(R)""}, {""finding"": ""Do you feel pain somewhere?"", ""value"": ""side of the chest(L)""}, {""finding"": ""Do you feel pain somewhere?"", ""value"": ""iliac fossa(L)""}, {""finding"": ""Do you feel pain somewhere?"", ""value"": ""pubis""}, {""finding"": ""How intense is the pain?"", ""value"": ""2""}, {""finding"": ""Does the pain radiate to another location?"", ""value"": ""nowhere""}, {""finding"": ""How precisely is the pain located?"", ""value"": ""6""}, {""finding"": ""How fast did the pain appear?"", ""value"": ""10""}, {""finding"": ""Are you experiencing shortness of breath or difficulty breathing in a significant way?"", ""value"": ""yes""}, {""finding"": ""Do you feel like you are (or were) choking or suffocating?"", ""value"": ""yes""}, {""finding"": ""Do you drink alcohol excessively or do you have an addiction to alcohol?"", ""value"": ""yes""}, {""finding"": ""Do you suffer from chronic anxiety?"", ""value"": ""yes""}, {""finding"": ""Do you feel lightheaded and dizzy or do you feel like you are about to faint?"", ""value"": ""yes""}, {""finding"": ""Have you ever had a migraine or is a member of your family known to have migraines?"", ""value"": ""yes""}, {""finding"": ""Do you feel like you are dying or were you afraid that you were about do die?"", ""value"": ""yes""}, {""finding"": ""Do you have asthma or have you ever had to use a bronchodilator in the past?"", ""value"": ""yes""}, {""finding"": ""Do you suffer from fibromyalgia?"", ""value"": ""yes""}, {""finding"": ""Are you feeling nauseous or do you feel like vomiting?"", ""value"": ""yes""}, {""finding"": ""Do you feel your heart is beating fast (racing), irregularly (missing a beat) or do you feel palpitations?"", ""value"": ""yes""}, {""finding"": ""Have you recently had numbness, loss of sensation or tingling, in both arms and legs and around your mouth?"", ""value"": ""yes""}, {""finding"": ""Do you feel like you are detached from your own body or your surroundings?"", ""value"": ""yes""}, {""finding"": ""Have you ever had a head trauma?"", ""value"": ""yes""}, {""finding"": ""Have you traveled out of the country in the last 4 weeks?"", ""value"": ""N""}]}

Candidate pathologies:
- Spontaneous pneumothorax
- Inguinal hernia
- Panic attack
- HIV (initial infection)
- Boerhaave
- GERD
- Anemia
- Anaphylaxis
- Scombroid food poisoning
- Pericarditis
- Unstable angina
- Guillain-Barré syndrome
- Pulmonary embolism
- Acute pulmonary edema
- Atrial fibrillation
- Acute dystonic reactions
- Sarcoidosis
- Possible NSTEMI / STEMI
- Myasthenia gravis
- PSVT
- Chagas
- Stable angina","There are 22 candidate pathologies. Estimate the probability (0 to 1) that your chosen pathology is the correct diagnosis for this patient, given only the symptoms and candidates provided. A uniform prior would assign 0.05 to each candidate. Respond with ONLY valid JSON: {""Answer"": ""<pathology>"", ""Confidence"": ""0.XX""}",54,M,Panic attack,"[[""Panic attack"", 0.08477563904662111], [""PSVT"", 0.06949349529321258], [""Possible NSTEMI / STEMI"", 0.06785219452224359], [""Guillain-Barr\u00e9 syndrome"", 0.06318479707236084], [""Unstable angina"", 0.05635099545597424], [""Spontaneous pneumothorax"", 0.055297690676714056], [""Acute pulmonary edema"", 0.05343315773463405], [""Anaphylaxis"", 0.053268327744316286], [""Pericarditis"", 0.051664584623909354], [""Anemia"", 0.049782344901602306], [""Boerhaave"", 0.04903652062082119], [""Atrial fibrillation"", 0.04514312109624619], [""Pulmonary embolism"", 0.04087256115964305], [""Scombroid food poisoning"", 0.03713979856983993], [""GERD"", 0.03482658854876236], [""Inguinal hernia"", 0.033698535102165375], [""Stable angina"", 0.03096678189091643], [""Acute dystonic reactions"", 0.027407460349996353], [""Myasthenia gravis"", 0.027407460349996353], [""HIV (initial infection)"", 0.025270949418269503], [""Sarcoidosis"", 0.02244444797866464], [""Chagas"", 0.020682547843090236]]"
med_test_00036_c0,"You are a diagnostic reasoning assistant. Based on the patient vignette below, pick the single most likely pathology from the candidate list. You MUST commit to one diagnosis — do not hedge or list alternatives.

{""patient"": {""age"": 28, ""sex"": ""female""}, ""findings"": [{""finding"": ""Do you have pain somewhere, related to your reason for consulting?"", ""value"": ""yes""}, {""finding"": ""Characterize your pain:"", ""value"": ""heavy""}, {""finding"": ""Do you feel pain somewhere?"", ""value"": ""lower chest""}, {""finding"": ""Do you feel pain somewhere?"", ""value"": ""biceps(R)""}, {""finding"": ""Do you feel pain somewhere?"", ""value"": ""biceps(L)""}, {""finding"": ""Do you feel pain somewhere?"", ""value"": ""upper chest""}, {""finding"": ""Do you feel pain somewhere?"", ""value"": ""epigastric""}, {""finding"": ""How intense is the pain?"", ""value"": ""9""}, {""finding"": ""Does the pain radiate to another location?"", ""value"": ""biceps(R)""}, {""finding"": ""Does the pain radiate to another location?"", ""value"": ""biceps(L)""}, {""finding"": ""Does the pain radiate to another location?"", ""value"": ""thoracic spine""}, {""finding"": ""Does the pain radiate to another location?"", ""value"": ""shoulder(R)""}, {""finding"": ""Does the pain radiate to another location?"", ""value"": ""shoulder(L)""}, {""finding"": ""How precisely is the pain located?"", ""value"": ""7""}, {""finding"": ""How fast did the pain appear?"", ""value"": ""7""}, {""finding"": ""Are you experiencing shortness of breath or difficulty breathing in a significant way?"", ""value"": ""yes""}, {""finding"": ""Do you have diabetes?"", ""value"": ""yes""}, {""finding"": ""Are you significantly overweight compared to people of the same height as you?"", ""value"": ""yes""}, {""finding"": ""Do you have high cholesterol or do you take medications to treat high cholesterol?"", ""value"": ""yes""}, {""finding"": ""Do you drink alcohol excessively or do you have an addiction to alcohol?"", ""value"": ""yes""}, {""finding"": ""Do you smoke cigarettes?"", ""value"": ""yes""}, {""finding"": ""Do you have high blood pressure or do you take medications to treat high blood pressure?"", ""value"": ""yes""}, {""finding"": ""Have you ever had a heart attack or do you have angina (chest pain)?"", ""value"": ""yes""}, {""finding"": ""Have you traveled out of the country in the last 4 weeks?"", ""value"": ""N""}, {""finding"": ""Do you have close family members who had a cardiovascular disease problem before the age of 50?"", ""value"": ""yes""}]}

Candidate pathologies:
- Myocarditis
- Pericarditis
- SLE
- Sarcoidosis
- Acute dystonic reactions
- Possible NSTEMI / STEMI
- Stable angina
- Scombroid food poisoning
- Pancreatic neoplasm
- Anemia
- Anaphylaxis
- Chagas","There are 12 candidate pathologies. Estimate the probability (0 to 1) that your chosen pathology is the correct diagnosis for this patient, given only the symptoms and candidates provided. A uniform prior would assign 0.08 to each candidate. Respond with ONLY valid JSON: {""Answer"": ""<pathology>"", ""Confidence"": ""0.XX""}",28,F,Stable angina,"[[""Possible NSTEMI / STEMI"", 0.1682013582412208], [""SLE"", 0.15732110641441274], [""Anaphylaxis"", 0.10701996103733265], [""Acute dystonic reactions"", 0.08583877857614057], [""Anemia"", 0.08583877857614057], [""Myocarditis"", 0.08058260173561003], [""Sarcoidosis"", 0.07029487503407283], [""Pericarditis"", 0.0678355074128335], [""Pancreatic neoplasm"", 0.06550371229300793], [""Scombroid food poisoning"", 0.054297925379977345], [""Stable angina"", 0.031430047262833424], [""Chagas"", 0.025835348036417752]]"
med_test_00037_c0,"You are a diagnostic reasoning assistant. Based on the patient vignette below, pick the single most likely pathology from the candidate list. You MUST commit to one diagnosis — do not hedge or list alternatives.

{""patient"": {""age"": 30, ""sex"": ""male""}, ""findings"": [{""finding"": ""Have you recently had a viral infection?"", ""value"": ""yes""}, {""finding"": ""Have you ever had a pericarditis?"", ""value"": ""yes""}, {""finding"": ""Do you have pain somewhere, related to your reason for consulting?"", ""value"": ""yes""}, {""finding"": ""Characterize your pain:"", ""value"": ""a knife stroke""}, {""finding"": ""Characterize your pain:"", ""value"": ""sharp""}, {""finding"": ""Do you feel pain somewhere?"", ""value"": ""upper chest""}, {""finding"": ""Do you feel pain somewhere?"", ""value"": ""breast(R)""}, {""finding"": ""Do you feel pain somewhere?"", ""value"": ""breast(L)""}, {""finding"": ""How intense is the pain?"", ""value"": ""9""}, {""finding"": ""Does the pain radiate to another location?"", ""value"": ""thoracic spine""}, {""finding"": ""Does the pain radiate to another location?"", ""value"": ""posterior chest wall(R)""}, {""finding"": ""Does the pain radiate to another location?"", ""value"": ""posterior chest wall(L)""}, {""finding"": ""How precisely is the pain located?"", ""value"": ""6""}, {""finding"": ""How fast did the pain appear?"", ""value"": ""3""}, {""finding"": ""Are you experiencing shortness of breath or difficulty breathing in a significant way?"", ""value"": ""yes""}, {""finding"": ""Do you feel your heart is beating fast (racing), irregularly (missing a beat) or do you feel palpitations?"", ""value"": ""yes""}, {""finding"": ""Have you traveled out of the country in the last 4 weeks?"", ""value"": ""N""}, {""finding"": ""Are your symptoms worse when lying down and alleviated while sitting up?"", ""value"": ""yes""}]}

Candidate pathologies:
- Scombroid food poisoning
- Chagas
- Pericarditis
- Panic attack
- Sarcoidosis
- Acute dystonic reactions
- PSVT
- Myocarditis
- Acute pulmonary edema
- Anaphylaxis
- GERD
- Possible NSTEMI / STEMI
- Stable angina
- SLE
- Atrial fibrillation","There are 15 candidate pathologies. Estimate the probability (0 to 1) that your chosen pathology is the correct diagnosis for this patient, given only the symptoms and candidates provided. A uniform prior would assign 0.07 to each candidate. Respond with ONLY valid JSON: {""Answer"": ""<pathology>"", ""Confidence"": ""0.XX""}",30,M,Pericarditis,"[[""Possible NSTEMI / STEMI"", 0.11318418921262524], [""Pericarditis"", 0.10897603634043156], [""GERD"", 0.10122783391248727], [""Acute pulmonary edema"", 0.09466027833720711], [""Myocarditis"", 0.09349480859088678], [""PSVT"", 0.08100673670015182], [""Atrial fibrillation"", 0.07161400419127832], [""Panic attack"", 0.07116882434607895], [""Scombroid food poisoning"", 0.054820637508824], [""Acute dystonic reactions"", 0.054820637508824], [""Anaphylaxis"", 0.054820637508824], [""Sarcoidosis"", 0.04489357755193088], [""SLE"", 0.025379338292539636], [""Chagas"", 0.016499655203766356], [""Stable angina"", 0.013432804794144354]]"
med_test_00038_c0,"You are a diagnostic reasoning assistant. Based on the patient vignette below, pick the single most likely pathology from the candidate list. You MUST commit to one diagnosis — do not hedge or list alternatives.

{""patient"": {""age"": 13, ""sex"": ""female""}, ""findings"": [{""finding"": ""Do you have pain somewhere, related to your reason for consulting?"", ""value"": ""yes""}, {""finding"": ""Characterize your pain:"", ""value"": ""a knife stroke""}, {""finding"": ""Characterize your pain:"", ""value"": ""sharp""}, {""finding"": ""Do you feel pain somewhere?"", ""value"": ""tonsil(R)""}, {""finding"": ""Do you feel pain somewhere?"", ""value"": ""tonsil(L)""}, {""finding"": ""Do you feel pain somewhere?"", ""value"": ""back of the neck""}, {""finding"": ""Do you feel pain somewhere?"", ""value"": ""side of the neck(R)""}, {""finding"": ""Do you feel pain somewhere?"", ""value"": ""pharynx""}, {""finding"": ""How intense is the pain?"", ""value"": ""5""}, {""finding"": ""Does the pain radiate to another location?"", ""value"": ""nowhere""}, {""finding"": ""How precisely is the pain located?"", ""value"": ""7""}, {""finding"": ""How fast did the pain appear?"", ""value"": ""4""}, {""finding"": ""Do you regularly take stimulant drugs?"", ""value"": ""yes""}, {""finding"": ""Do you have difficulty swallowing, or have a feeling of discomfort/blockage when swallowing?"", ""value"": ""yes""}, {""finding"": ""Are you experiencing shortness of breath or difficulty breathing in a significant way?"", ""value"": ""yes""}, {""finding"": ""Do you have diabetes?"", ""value"": ""yes""}, {""finding"": ""Do you have a fever (either felt or measured with a thermometer)?"", ""value"": ""yes""}, {""finding"": ""Do you have high blood pressure or do you take medications to treat high blood pressure?"", ""value"": ""yes""}, {""finding"": ""Have you noticed that you produce more saliva than usual?"", ""value"": ""yes""}, {""finding"": ""Have you noticed a high pitched sound when breathing in?"", ""value"": ""yes""}, {""finding"": ""Have you traveled out of the country in the last 4 weeks?"", ""value"": ""N""}, {""finding"": ""Are your vaccinations up to date?"", ""value"": ""yes""}, {""finding"": ""Have you noticed that the tone of your voice has become deeper, softer or hoarse?"", ""value"": ""yes""}]}

Candidate pathologies:
- PSVT
- Anaphylaxis
- Pulmonary embolism
- Acute dystonic reactions
- Acute laryngitis
- Viral pharyngitis
- Epiglottitis
- Chagas
- Atrial fibrillation
- Myasthenia gravis
- HIV (initial infection)
- Scombroid food poisoning
- Myocarditis
- SLE
- Guillain-Barré syndrome
- Larygospasm","There are 16 candidate pathologies. Estimate the probability (0 to 1) that your chosen pathology is the correct diagnosis for this patient, given only the symptoms and candidates provided. A uniform prior would assign 0.06 to each candidate. Respond with ONLY valid JSON: {""Answer"": ""<pathology>"", ""Confidence"": ""0.XX""}",13,F,Epiglottitis,"[[""Epiglottitis"", 0.15393264147430774], [""HIV (initial infection)"", 0.10916508521930479], [""Myasthenia gravis"", 0.10853068031950289], [""Acute laryngitis"", 0.1018927238074859], [""Larygospasm"", 0.0856444242264403], [""Atrial fibrillation"", 0.07004239703755263], [""Chagas"", 0.06430763731525121], [""Guillain-Barr\u00e9 syndrome"", 0.05163900007088932], [""Acute dystonic reactions"", 0.05163900007088932], [""Myocarditis"", 0.05163900007088932], [""Pulmonary embolism"", 0.03266461404805161], [""Scombroid food poisoning"", 0.03266461404805161], [""PSVT"", 0.027583732757049378], [""SLE"", 0.02390639203487242], [""Anaphylaxis"", 0.018907727250497452], [""Viral pharyngitis"", 0.015840330248964404]]"
med_test_00039_c0,"You are a diagnostic reasoning assistant. Based on the patient vignette below, pick the single most likely pathology from the candidate list. You MUST commit to one diagnosis — do not hedge or list alternatives.

{""patient"": {""age"": 31, ""sex"": ""female""}, ""findings"": [{""finding"": ""Have you been in contact with a person with similar symptoms in the past 2 weeks?"", ""value"": ""yes""}, {""finding"": ""Have you had significantly increased sweating?"", ""value"": ""yes""}, {""finding"": ""Do you have pain somewhere, related to your reason for consulting?"", ""value"": ""yes""}, {""finding"": ""Characterize your pain:"", ""value"": ""tedious""}, {""finding"": ""Characterize your pain:"", ""value"": ""sensitive""}, {""finding"": ""Characterize your pain:"", ""value"": ""heavy""}, {""finding"": ""Do you feel pain somewhere?"", ""value"": ""top of the head""}, {""finding"": ""Do you feel pain somewhere?"", ""value"": ""cheek(L)""}, {""finding"": ""Do you feel pain somewhere?"", ""value"": ""occiput""}, {""finding"": ""Do you feel pain somewhere?"", ""value"": ""temple(R)""}, {""finding"": ""How intense is the pain?"", ""value"": ""7""}, {""finding"": ""Does the pain radiate to another location?"", ""value"": ""nowhere""}, {""finding"": ""How precisely is the pain located?"", ""value"": ""5""}, {""finding"": ""How fast did the pain appear?"", ""value"": ""1""}, {""finding"": ""Do you have a cough that produces colored or more abundant sputum than usual?"", ""value"": ""yes""}, {""finding"": ""Do you smoke cigarettes?"", ""value"": ""yes""}, {""finding"": ""Do you have diffuse (widespread) muscle pain?"", ""value"": ""yes""}, {""finding"": ""Do you have nasal congestion or a clear runny nose?"", ""value"": ""yes""}, {""finding"": ""Do you have a cough?"", ""value"": ""yes""}, {""finding"": ""Have you traveled out of the country in the last 4 weeks?"", ""value"": ""N""}]}

Candidate pathologies:
- Chronic rhinosinusitis
- Cluster headache
- Chagas
- Anemia
- Bronchiectasis
- Influenza
- Bronchitis
- URTI
- Acute rhinosinusitis
- Pneumonia","There are 10 candidate pathologies. Estimate the probability (0 to 1) that your chosen pathology is the correct diagnosis for this patient, given only the symptoms and candidates provided. A uniform prior would assign 0.10 to each candidate. Respond with ONLY valid JSON: {""Answer"": ""<pathology>"", ""Confidence"": ""0.XX""}",31,F,URTI,"[[""Bronchitis"", 0.15436462635955583], [""Pneumonia"", 0.14158162455810777], [""URTI"", 0.12565910336138966], [""Cluster headache"", 0.12368433309290904], [""Bronchiectasis"", 0.10361681858545209], [""Chronic rhinosinusitis"", 0.09966739586964622], [""Influenza"", 0.08568856831879161], [""Acute rhinosinusitis"", 0.07160633978922339], [""Chagas"", 0.047065595032462285], [""Anemia"", 0.047065595032462285]]"
med_test_00040_c0,"You are a diagnostic reasoning assistant. Based on the patient vignette below, pick the single most likely pathology from the candidate list. You MUST commit to one diagnosis — do not hedge or list alternatives.

{""patient"": {""age"": 62, ""sex"": ""male""}, ""findings"": [{""finding"": ""Are there any members of your family who have been diagnosed myasthenia gravis?"", ""value"": ""yes""}, {""finding"": ""Do you have difficulty articulating words/speaking?"", ""value"": ""yes""}, {""finding"": ""Do you have difficulty swallowing, or have a feeling of discomfort/blockage when swallowing?"", ""value"": ""yes""}, {""finding"": ""Are you experiencing shortness of breath or difficulty breathing in a significant way?"", ""value"": ""yes""}, {""finding"": ""Do your symptoms of muscle weakness increase with fatigue and/or stress?"", ""value"": ""yes""}, {""finding"": ""Do you have a hard time opening/raising one or both eyelids?"", ""value"": ""yes""}, {""finding"": ""Did you previously, or do you currently, have any weakness/paralysis in one or more of your limbs or in your face?"", ""value"": ""yes""}, {""finding"": ""Have you traveled out of the country in the last 4 weeks?"", ""value"": ""N""}]}

Candidate pathologies:
- Acute dystonic reactions
- Anemia
- Acute pulmonary edema
- Myasthenia gravis
- Anaphylaxis
- Myocarditis
- Scombroid food poisoning
- Atrial fibrillation
- Chagas
- Pulmonary embolism","There are 10 candidate pathologies. Estimate the probability (0 to 1) that your chosen pathology is the correct diagnosis for this patient, given only the symptoms and candidates provided. A uniform prior would assign 0.10 to each candidate. Respond with ONLY valid JSON: {""Answer"": ""<pathology>"", ""Confidence"": ""0.XX""}",62,M,Myasthenia gravis,"[[""Myasthenia gravis"", 0.17257493204053106], [""Pulmonary embolism"", 0.12643662122288013], [""Acute dystonic reactions"", 0.11843370525544049], [""Myocarditis"", 0.10788535253491857], [""Acute pulmonary edema"", 0.10676490520350916], [""Atrial fibrillation"", 0.10340339261742164], [""Anemia"", 0.07623450973327521], [""Anaphylaxis"", 0.07623450973327521], [""Chagas"", 0.06380939433809181], [""Scombroid food poisoning"", 0.04822267732065679]]"
med_test_00041_c0,"You are a diagnostic reasoning assistant. Based on the patient vignette below, pick the single most likely pathology from the candidate list. You MUST commit to one diagnosis — do not hedge or list alternatives.

{""patient"": {""age"": 21, ""sex"": ""female""}, ""findings"": [{""finding"": ""Have you ever had fluid in your lungs?"", ""value"": ""yes""}, {""finding"": ""Have you had significantly increased sweating?"", ""value"": ""yes""}, {""finding"": ""Do you have pain somewhere, related to your reason for consulting?"", ""value"": ""yes""}, {""finding"": ""Characterize your pain:"", ""value"": ""tedious""}, {""finding"": ""Characterize your pain:"", ""value"": ""tugging""}, {""finding"": ""Do you feel pain somewhere?"", ""value"": ""lower chest""}, {""finding"": ""Do you feel pain somewhere?"", ""value"": ""side of the chest(R)""}, {""finding"": ""Do you feel pain somewhere?"", ""value"": ""side of the chest(L)""}, {""finding"": ""Do you feel pain somewhere?"", ""value"": ""breast(R)""}, {""finding"": ""Do you feel pain somewhere?"", ""value"": ""breast(L)""}, {""finding"": ""How intense is the pain?"", ""value"": ""4""}, {""finding"": ""Does the pain radiate to another location?"", ""value"": ""biceps(R)""}, {""finding"": ""Does the pain radiate to another location?"", ""value"": ""biceps(L)""}, {""finding"": ""Does the pain radiate to another location?"", ""value"": ""chin""}, {""finding"": ""Does the pain radiate to another location?"", ""value"": ""scapula(L)""}, {""finding"": ""Does the pain radiate to another location?"", ""value"": ""shoulder(R)""}, {""finding"": ""How precisely is the pain located?"", ""value"": ""1""}, {""finding"": ""How fast did the pain appear?"", ""value"": ""3""}, {""finding"": ""Are you experiencing shortness of breath or difficulty breathing in a significant way?"", ""value"": ""yes""}, {""finding"": ""Do you have bouts of choking or shortness of breath that wake you up at night?"", ""value"": ""yes""}, {""finding"": ""Do you have high blood pressure or do you take medications to treat high blood pressure?"", ""value"": ""yes""}, {""finding"": ""Have you ever had a heart attack or do you have angina (chest pain)?"", ""value"": ""yes""}, {""finding"": ""Do you have heart failure?"", ""value"": ""yes""}, {""finding"": ""Do you have swelling in one or more areas of your body?"", ""value"": ""yes""}, {""finding"": ""Where is the swelling located?"", ""value"": ""ankle(R)""}, {""finding"": ""Where is the swelling located?"", ""value"": ""ankle(L)""}, {""finding"": ""Where is the swelling located?"", ""value"": ""calf(L)""}, {""finding"": ""Where is the swelling located?"", ""value"": ""tibia(R)""}, {""finding"": ""Have you traveled out of the country in the last 4 weeks?"", ""value"": ""N""}]}

Candidate pathologies:
- Chagas
- PSVT
- Myocarditis
- Pulmonary embolism
- GERD
- SLE
- Possible NSTEMI / STEMI
- Unstable angina
- Acute dystonic reactions
- Acute pulmonary edema
- Stable angina
- Scombroid food poisoning
- Sarcoidosis
- Anaphylaxis
- Panic attack
- Atrial fibrillation
- Myasthenia gravis
- Guillain-Barré syndrome
- Anemia","There are 19 candidate pathologies. Estimate the probability (0 to 1) that your chosen pathology is the correct diagnosis for this patient, given only the symptoms and candidates provided. A uniform prior would assign 0.05 to each candidate. Respond with ONLY valid JSON: {""Answer"": ""<pathology>"", ""Confidence"": ""0.XX""}",21,F,Acute pulmonary edema,"[[""Possible NSTEMI / STEMI"", 0.11446987355364599], [""Acute pulmonary edema"", 0.08559650224828134], [""Pulmonary embolism"", 0.08417976069531444], [""Guillain-Barr\u00e9 syndrome"", 0.07207489101934639], [""Atrial fibrillation"", 0.06884455438170967], [""GERD"", 0.06449537279964729], [""Anaphylaxis"", 0.06046575825725509], [""SLE"", 0.05798445326447858], [""Acute dystonic reactions"", 0.050755886419641405], [""Myasthenia gravis"", 0.050755886419641405], [""Anemia"", 0.050755886419641405], [""Chagas"", 0.042483415750447895], [""Sarcoidosis"", 0.04156488189015311], [""Myocarditis"", 0.04094547660600445], [""Panic attack"", 0.03743413145385626], [""Scombroid food poisoning"", 0.03210599427348242], [""PSVT"", 0.02711200458809405], [""Unstable angina"", 0.015715617623783814], [""Stable angina"", 0.0022596523355751775]]"
med_test_00042_c0,"You are a diagnostic reasoning assistant. Based on the patient vignette below, pick the single most likely pathology from the candidate list. You MUST commit to one diagnosis — do not hedge or list alternatives.

{""patient"": {""age"": 75, ""sex"": ""male""}, ""findings"": [{""finding"": ""Do you have pain somewhere, related to your reason for consulting?"", ""value"": ""yes""}, {""finding"": ""Characterize your pain:"", ""value"": ""burning""}, {""finding"": ""Do you feel pain somewhere?"", ""value"": ""side of the chest(R)""}, {""finding"": ""Do you feel pain somewhere?"", ""value"": ""side of the chest(L)""}, {""finding"": ""Do you feel pain somewhere?"", ""value"": ""upper chest""}, {""finding"": ""Do you feel pain somewhere?"", ""value"": ""pharynx""}, {""finding"": ""How intense is the pain?"", ""value"": ""3""}, {""finding"": ""Does the pain radiate to another location?"", ""value"": ""nowhere""}, {""finding"": ""How precisely is the pain located?"", ""value"": ""2""}, {""finding"": ""How fast did the pain appear?"", ""value"": ""3""}, {""finding"": ""Are you experiencing shortness of breath or difficulty breathing in a significant way?"", ""value"": ""yes""}, {""finding"": ""Do you have a cough that produces colored or more abundant sputum than usual?"", ""value"": ""yes""}, {""finding"": ""Do you have a fever (either felt or measured with a thermometer)?"", ""value"": ""yes""}, {""finding"": ""Do you have a sore throat?"", ""value"": ""yes""}, {""finding"": ""Do you have a chronic obstructive pulmonary disease (COPD)?"", ""value"": ""yes""}, {""finding"": ""Do you have a cough?"", ""value"": ""yes""}, {""finding"": ""Have you traveled out of the country in the last 4 weeks?"", ""value"": ""N""}, {""finding"": ""Are your vaccinations up to date?"", ""value"": ""yes""}, {""finding"": ""Have you noticed a wheezing sound when you exhale?"", ""value"": ""yes""}, {""finding"": ""Are your symptoms more prominent at night?"", ""value"": ""yes""}]}

Candidate pathologies:
- Epiglottitis
- Panic attack
- Influenza
- Atrial fibrillation
- Guillain-Barré syndrome
- PSVT
- Possible NSTEMI / STEMI
- GERD
- Acute dystonic reactions
- Acute laryngitis
- Bronchiectasis
- Stable angina
- Tuberculosis
- URTI
- Pericarditis
- Acute COPD exacerbation / infection
- Unstable angina
- Viral pharyngitis
- Myocarditis
- Bronchitis
- Pneumonia
- Sarcoidosis
- Boerhaave","There are 23 candidate pathologies. Estimate the probability (0 to 1) that your chosen pathology is the correct diagnosis for this patient, given only the symptoms and candidates provided. A uniform prior would assign 0.04 to each candidate. Respond with ONLY valid JSON: {""Answer"": ""<pathology>"", ""Confidence"": ""0.XX""}",75,M,Bronchitis,"[[""Acute COPD exacerbation / infection"", 0.07798971276266933], [""Bronchitis"", 0.07238171931656805], [""Pneumonia"", 0.07201559442574246], [""Bronchiectasis"", 0.0672113605845369], [""Possible NSTEMI / STEMI"", 0.056194730155495795], [""Panic attack"", 0.05493166495285546], [""GERD"", 0.052844966258461114], [""Epiglottitis"", 0.050708346195996006], [""Unstable angina"", 0.0500301303891822], [""Tuberculosis"", 0.04683048323606862], [""URTI"", 0.046565145425835376], [""Boerhaave"", 0.04649226630047735], [""Stable angina"", 0.04104627169324049], [""Acute laryngitis"", 0.040312158234659015], [""Atrial fibrillation"", 0.03691790805835587], [""Viral pharyngitis"", 0.036208850972216385], [""Pericarditis"", 0.027833976711639074], [""Guillain-Barr\u00e9 syndrome"", 0.027217855719878094], [""Acute dystonic reactions"", 0.027217855719878094], [""Myocarditis"", 0.026541461652055325], [""Sarcoidosis"", 0.022289177435430824], [""PSVT"", 0.014538818671283297], [""Influenza"", 0.005679545127474793]]"
med_test_00043_c0,"You are a diagnostic reasoning assistant. Based on the patient vignette below, pick the single most likely pathology from the candidate list. You MUST commit to one diagnosis — do not hedge or list alternatives.

{""patient"": {""age"": 45, ""sex"": ""male""}, ""findings"": [{""finding"": ""Have you ever had fluid in your lungs?"", ""value"": ""yes""}, {""finding"": ""Do you currently undergo dialysis?"", ""value"": ""yes""}, {""finding"": ""Have you had significantly increased sweating?"", ""value"": ""yes""}, {""finding"": ""Do you have pain somewhere, related to your reason for consulting?"", ""value"": ""yes""}, {""finding"": ""Characterize your pain:"", ""value"": ""tedious""}, {""finding"": ""Characterize your pain:"", ""value"": ""sensitive""}, {""finding"": ""Characterize your pain:"", ""value"": ""heavy""}, {""finding"": ""Do you feel pain somewhere?"", ""value"": ""ankle(L)""}, {""finding"": ""Do you feel pain somewhere?"", ""value"": ""side of the chest(R)""}, {""finding"": ""Do you feel pain somewhere?"", ""value"": ""calf(R)""}, {""finding"": ""Do you feel pain somewhere?"", ""value"": ""calf(L)""}, {""finding"": ""Do you feel pain somewhere?"", ""value"": ""breast(R)""}, {""finding"": ""How intense is the pain?"", ""value"": ""7""}, {""finding"": ""Does the pain radiate to another location?"", ""value"": ""biceps(R)""}, {""finding"": ""Does the pain radiate to another location?"", ""value"": ""chin""}, {""finding"": ""Does the pain radiate to another location?"", ""value"": ""jaw""}, {""finding"": ""Does the pain radiate to another location?"", ""value"": ""scapula(R)""}, {""finding"": ""Does the pain radiate to another location?"", ""value"": ""shoulder(L)""}, {""finding"": ""How precisely is the pain located?"", ""value"": ""2""}, {""finding"": ""How fast did the pain appear?"", ""value"": ""2""}, {""finding"": ""Are you experiencing shortness of breath or difficulty breathing in a significant way?"", ""value"": ""yes""}, {""finding"": ""Do you have bouts of choking or shortness of breath that wake you up at night?"", ""value"": ""yes""}, {""finding"": ""Do you have high blood pressure or do you take medications to treat high blood pressure?"", ""value"": ""yes""}, {""finding"": ""Have you ever had a heart attack or do you have angina (chest pain)?"", ""value"": ""yes""}, {""finding"": ""Do you have heart failure?"", ""value"": ""yes""}, {""finding"": ""Do you have swelling in one or more areas of your body?"", ""value"": ""yes""}, {""finding"": ""Where is the swelling located?"", ""value"": ""ankle(R)""}, {""finding"": ""Where is the swelling located?"", ""value"": ""calf(R)""}, {""finding"": ""Where is the swelling located?"", ""value"": ""calf(L)""}, {""finding"": ""Where is the swelling located?"", ""value"": ""tibia(R)""}, {""finding"": ""Where is the swelling located?"", ""value"": ""tibia(L)""}, {""finding"": ""Have you noticed any new fatigue, generalized and vague discomfort, diffuse (widespread) muscle aches or a change in your general well-being related to your consultation today?"", ""value"": ""yes""}, {""finding"": ""Have you traveled out of the country in the last 4 weeks?"", ""value"": ""N""}, {""finding"": ""Are your symptoms worse when lying down and alleviated while sitting up?"", ""value"": ""yes""}]}

Candidate pathologies:
- Pulmonary embolism
- Acute dystonic reactions
- Anemia
- Guillain-Barré syndrome
- Chagas
- Scombroid food poisoning
- Myocarditis
- Myasthenia gravis
- Panic attack
- Acute pulmonary edema
- Pulmonary neoplasm
- Unstable angina
- Sarcoidosis
- Possible NSTEMI / STEMI
- Pericarditis
- Anaphylaxis
- SLE","There are 17 candidate pathologies. Estimate the probability (0 to 1) that your chosen pathology is the correct diagnosis for this patient, given only the symptoms and candidates provided. A uniform prior would assign 0.06 to each candidate. Respond with ONLY valid JSON: {""Answer"": ""<pathology>"", ""Confidence"": ""0.XX""}",45,M,Acute pulmonary edema,"[[""Acute pulmonary edema"", 0.11001832856474364], [""Possible NSTEMI / STEMI"", 0.09823731777956987], [""SLE"", 0.0876714662770164], [""Anaphylaxis"", 0.08348190033581375], [""Pulmonary embolism"", 0.07582849889180772], [""Myocarditis"", 0.07327836672011488], [""Pericarditis"", 0.07249960732314338], [""Panic attack"", 0.06235992127437618], [""Guillain-Barr\u00e9 syndrome"", 0.06002046604545608], [""Chagas"", 0.05153923875226864], [""Acute dystonic reactions"", 0.04226703522367308], [""Myasthenia gravis"", 0.04226703522367308], [""Anemia"", 0.04226703522367308], [""Sarcoidosis"", 0.03461321337970093], [""Unstable angina"", 0.027321635070248207], [""Scombroid food poisoning"", 0.026736311521163562], [""Pulmonary neoplasm"", 0.009592622393557742]]"
med_test_00044_c0,"You are a diagnostic reasoning assistant. Based on the patient vignette below, pick the single most likely pathology from the candidate list. You MUST commit to one diagnosis — do not hedge or list alternatives.

{""patient"": {""age"": 51, ""sex"": ""female""}, ""findings"": [{""finding"": ""Do you have pain somewhere, related to your reason for consulting?"", ""value"": ""yes""}, {""finding"": ""Characterize your pain:"", ""value"": ""tedious""}, {""finding"": ""Characterize your pain:"", ""value"": ""exhausting""}, {""finding"": ""Do you feel pain somewhere?"", ""value"": ""lower chest""}, {""finding"": ""Do you feel pain somewhere?"", ""value"": ""biceps(L)""}, {""finding"": ""Do you feel pain somewhere?"", ""value"": ""breast(R)""}, {""finding"": ""Do you feel pain somewhere?"", ""value"": ""breast(L)""}, {""finding"": ""Do you feel pain somewhere?"", ""value"": ""epigastric""}, {""finding"": ""How intense is the pain?"", ""value"": ""8""}, {""finding"": ""Does the pain radiate to another location?"", ""value"": ""thoracic spine""}, {""finding"": ""Does the pain radiate to another location?"", ""value"": ""triceps(R)""}, {""finding"": ""Does the pain radiate to another location?"", ""value"": ""shoulder(R)""}, {""finding"": ""How precisely is the pain located?"", ""value"": ""4""}, {""finding"": ""How fast did the pain appear?"", ""value"": ""4""}, {""finding"": ""Are you experiencing shortness of breath or difficulty breathing in a significant way?"", ""value"": ""yes""}, {""finding"": ""Do you have diabetes?"", ""value"": ""yes""}, {""finding"": ""Are you significantly overweight compared to people of the same height as you?"", ""value"": ""yes""}, {""finding"": ""Do you smoke cigarettes?"", ""value"": ""yes""}, {""finding"": ""Do you constantly feel fatigued or do you have non-restful sleep?"", ""value"": ""yes""}, {""finding"": ""Have you ever had a heart attack or do you have angina (chest pain)?"", ""value"": ""yes""}, {""finding"": ""Do you exercise regularly, 4 times per week or more?"", ""value"": ""yes""}, {""finding"": ""Have you traveled out of the country in the last 4 weeks?"", ""value"": ""N""}, {""finding"": ""Do you have symptoms that are increased with physical exertion but alleviated with rest?"", ""value"": ""yes""}, {""finding"": ""Do you have close family members who had a cardiovascular disease problem before the age of 50?"", ""value"": ""yes""}]}

Candidate pathologies:
- Acute pulmonary edema
- Myocarditis
- SLE
- Anemia
- GERD
- Myasthenia gravis
- Panic attack
- Pulmonary neoplasm
- Scombroid food poisoning
- Guillain-Barré syndrome
- Acute dystonic reactions
- Unstable angina
- PSVT
- Atrial fibrillation
- Stable angina
- Pulmonary embolism
- Pancreatic neoplasm
- Possible NSTEMI / STEMI","There are 18 candidate pathologies. Estimate the probability (0 to 1) that your chosen pathology is the correct diagnosis for this patient, given only the symptoms and candidates provided. A uniform prior would assign 0.06 to each candidate. Respond with ONLY valid JSON: {""Answer"": ""<pathology>"", ""Confidence"": ""0.XX""}",51,F,Stable angina,"[[""Unstable angina"", 0.0926294479511496], [""Stable angina"", 0.08691506123046598], [""Possible NSTEMI / STEMI"", 0.0804437903059034], [""Myocarditis"", 0.07731468151220991], [""SLE"", 0.07300729693828645], [""Atrial fibrillation"", 0.06561235014456747], [""Panic attack"", 0.06329136262836157], [""Anemia"", 0.06188515903404526], [""GERD"", 0.059896415507139304], [""Acute pulmonary edema"", 0.05895363148899311], [""Guillain-Barr\u00e9 syndrome"", 0.056566640141049764], [""Pancreatic neoplasm"", 0.05283575378660469], [""Pulmonary neoplasm"", 0.04450263197146154], [""Acute dystonic reactions"", 0.039834815169809835], [""Myasthenia gravis"", 0.039834815169809835], [""Scombroid food poisoning"", 0.025197793555472713], [""PSVT"", 0.021278353464669785], [""Pulmonary embolism"", 0.0]]"
med_test_00045_c0,"You are a diagnostic reasoning assistant. Based on the patient vignette below, pick the single most likely pathology from the candidate list. You MUST commit to one diagnosis — do not hedge or list alternatives.

{""patient"": {""age"": 22, ""sex"": ""female""}, ""findings"": [{""finding"": ""Do you feel anxious?"", ""value"": ""yes""}, {""finding"": ""Do you have pain somewhere, related to your reason for consulting?"", ""value"": ""yes""}, {""finding"": ""Characterize your pain:"", ""value"": ""a cramp""}, {""finding"": ""Do you feel pain somewhere?"", ""value"": ""lower chest""}, {""finding"": ""Do you feel pain somewhere?"", ""value"": ""side of the chest(R)""}, {""finding"": ""Do you feel pain somewhere?"", ""value"": ""iliac fossa(R)""}, {""finding"": ""Do you feel pain somewhere?"", ""value"": ""iliac fossa(L)""}, {""finding"": ""Do you feel pain somewhere?"", ""value"": ""breast(R)""}, {""finding"": ""How intense is the pain?"", ""value"": ""4""}, {""finding"": ""Does the pain radiate to another location?"", ""value"": ""nowhere""}, {""finding"": ""How precisely is the pain located?"", ""value"": ""7""}, {""finding"": ""How fast did the pain appear?"", ""value"": ""10""}, {""finding"": ""Are you experiencing shortness of breath or difficulty breathing in a significant way?"", ""value"": ""yes""}, {""finding"": ""Do you drink alcohol excessively or do you have an addiction to alcohol?"", ""value"": ""yes""}, {""finding"": ""Have you ever been diagnosed with depression?"", ""value"": ""yes""}, {""finding"": ""Do you suffer from chronic anxiety?"", ""value"": ""yes""}, {""finding"": ""Do you feel lightheaded and dizzy or do you feel like you are about to faint?"", ""value"": ""yes""}, {""finding"": ""Have you ever had a migraine or is a member of your family known to have migraines?"", ""value"": ""yes""}, {""finding"": ""Do you feel like you are dying or were you afraid that you were about do die?"", ""value"": ""yes""}, {""finding"": ""Do you suffer from fibromyalgia?"", ""value"": ""yes""}, {""finding"": ""Are you feeling nauseous or do you feel like vomiting?"", ""value"": ""yes""}, {""finding"": ""Do you feel your heart is beating fast (racing), irregularly (missing a beat) or do you feel palpitations?"", ""value"": ""yes""}, {""finding"": ""Have you recently had numbness, loss of sensation or tingling, in both arms and legs and around your mouth?"", ""value"": ""yes""}, {""finding"": ""Have you ever had a head trauma?"", ""value"": ""yes""}, {""finding"": ""Have you traveled out of the country in the last 4 weeks?"", ""value"": ""N""}]}

Candidate pathologies:
- Sarcoidosis
- Spontaneous pneumothorax
- Scombroid food poisoning
- Pericarditis
- Anaphylaxis
- Pulmonary embolism
- Stable angina
- PSVT
- Atrial fibrillation
- Boerhaave
- Guillain-Barré syndrome
- Myasthenia gravis
- Inguinal hernia
- Acute dystonic reactions
- GERD
- Acute pulmonary edema
- Anemia
- Chagas
- Possible NSTEMI / STEMI
- SLE
- Panic attack
- Unstable angina","There are 22 candidate pathologies. Estimate the probability (0 to 1) that your chosen pathology is the correct diagnosis for this patient, given only the symptoms and candidates provided. A uniform prior would assign 0.05 to each candidate. Respond with ONLY valid JSON: {""Answer"": ""<pathology>"", ""Confidence"": ""0.XX""}",22,F,Panic attack,"[[""Panic attack"", 0.08158391822698216], [""PSVT"", 0.07123466787335421], [""Guillain-Barr\u00e9 syndrome"", 0.06476790403337956], [""Possible NSTEMI / STEMI"", 0.061418647222140584], [""Spontaneous pneumothorax"", 0.059286796511078196], [""Anaphylaxis"", 0.05460297570333842], [""Unstable angina"", 0.05443267313946803], [""Atrial fibrillation"", 0.053181466418510806], [""Pericarditis"", 0.05295905049775846], [""Anemia"", 0.051029650905597315], [""Boerhaave"", 0.05026513985734508], [""Acute pulmonary edema"", 0.04553786489145911], [""Pulmonary embolism"", 0.04189663085812435], [""Scombroid food poisoning"", 0.03807034320036888], [""Stable angina"", 0.03608811279288652], [""GERD"", 0.0356991752676362], [""Inguinal hernia"", 0.03454285823001013], [""Acute dystonic reactions"", 0.028094159418036942], [""Myasthenia gravis"", 0.028094159418036942], [""Sarcoidosis"", 0.02300679783935272], [""Chagas"", 0.0212007529648777], [""SLE"", 0.01300625473025794]]"
med_test_00046_c0,"You are a diagnostic reasoning assistant. Based on the patient vignette below, pick the single most likely pathology from the candidate list. You MUST commit to one diagnosis — do not hedge or list alternatives.

{""patient"": {""age"": 37, ""sex"": ""female""}, ""findings"": [{""finding"": ""Are you infected with the human immunodeficiency virus (HIV)?"", ""value"": ""yes""}, {""finding"": ""Have you had significantly increased sweating?"", ""value"": ""yes""}, {""finding"": ""Do you have pain somewhere, related to your reason for consulting?"", ""value"": ""yes""}, {""finding"": ""Characterize your pain:"", ""value"": ""heavy""}, {""finding"": ""Characterize your pain:"", ""value"": ""sickening""}, {""finding"": ""Characterize your pain:"", ""value"": ""scary""}, {""finding"": ""Do you feel pain somewhere?"", ""value"": ""biceps(L)""}, {""finding"": ""Do you feel pain somewhere?"", ""value"": ""thoracic spine""}, {""finding"": ""Do you feel pain somewhere?"", ""value"": ""side of the chest(L)""}, {""finding"": ""Do you feel pain somewhere?"", ""value"": ""upper chest""}, {""finding"": ""Do you feel pain somewhere?"", ""value"": ""breast(R)""}, {""finding"": ""How intense is the pain?"", ""value"": ""10""}, {""finding"": ""Does the pain radiate to another location?"", ""value"": ""biceps(R)""}, {""finding"": ""Does the pain radiate to another location?"", ""value"": ""thyroid cartilage""}, {""finding"": ""Does the pain radiate to another location?"", ""value"": ""triceps(R)""}, {""finding"": ""Does the pain radiate to another location?"", ""value"": ""triceps(L)""}, {""finding"": ""How precisely is the pain located?"", ""value"": ""7""}, {""finding"": ""How fast did the pain appear?"", ""value"": ""10""}, {""finding"": ""Are you experiencing shortness of breath or difficulty breathing in a significant way?"", ""value"": ""yes""}, {""finding"": ""Do you have diabetes?"", ""value"": ""yes""}, {""finding"": ""Are you significantly overweight compared to people of the same height as you?"", ""value"": ""yes""}, {""finding"": ""Do you have high cholesterol or do you take medications to treat high cholesterol?"", ""value"": ""yes""}, {""finding"": ""Do you smoke cigarettes?"", ""value"": ""yes""}, {""finding"": ""Do you constantly feel fatigued or do you have non-restful sleep?"", ""value"": ""yes""}, {""finding"": ""Do you have high blood pressure or do you take medications to treat high blood pressure?"", ""value"": ""yes""}, {""finding"": ""Have you ever had a heart attack or do you have angina (chest pain)?"", ""value"": ""yes""}, {""finding"": ""Do you have a problem with poor circulation?"", ""value"": ""yes""}, {""finding"": ""Are you feeling nauseous or do you feel like vomiting?"", ""value"": ""yes""}, {""finding"": ""Have you traveled out of the country in the last 4 weeks?"", ""value"": ""N""}, {""finding"": ""Do you have close family members who had a cardiovascular disease problem before the age of 50?"", ""value"": ""yes""}]}

Candidate pathologies:
- Anemia
- Acute pulmonary edema
- GERD
- Pulmonary neoplasm
- Chagas
- PSVT
- Possible NSTEMI / STEMI
- Boerhaave
- SLE
- Pericarditis
- Panic attack
- Myasthenia gravis
- Guillain-Barré syndrome
- Unstable angina
- Atrial fibrillation
- Acute dystonic reactions","There are 16 candidate pathologies. Estimate the probability (0 to 1) that your chosen pathology is the correct diagnosis for this patient, given only the symptoms and candidates provided. A uniform prior would assign 0.06 to each candidate. Respond with ONLY valid JSON: {""Answer"": ""<pathology>"", ""Confidence"": ""0.XX""}",37,F,Possible NSTEMI / STEMI,"[[""Possible NSTEMI / STEMI"", 0.11792106828208483], [""Boerhaave"", 0.08838508148186382], [""SLE"", 0.07690180562949606], [""Anemia"", 0.07674530541521148], [""Guillain-Barr\u00e9 syndrome"", 0.07014967953057956], [""Atrial fibrillation"", 0.06700562926978512], [""GERD"", 0.06277261982797992], [""Unstable angina"", 0.060882042774939624], [""Panic attack"", 0.06081075650039488], [""Chagas"", 0.05720137237039749], [""Pulmonary neoplasm"", 0.05518880674689149], [""Acute dystonic reactions"", 0.049400132504850064], [""Myasthenia gravis"", 0.049400132504850064], [""Acute pulmonary edema"", 0.04591766559653136], [""Pericarditis"", 0.0349300929058435], [""PSVT"", 0.02638780865830087]]"
med_test_00047_c0,"You are a diagnostic reasoning assistant. Based on the patient vignette below, pick the single most likely pathology from the candidate list. You MUST commit to one diagnosis — do not hedge or list alternatives.

{""patient"": {""age"": 20, ""sex"": ""female""}, ""findings"": [{""finding"": ""Do you find that your symptoms have worsened over the last 2 weeks and that progressively less effort is required to cause the symptoms?"", ""value"": ""yes""}, {""finding"": ""Do you have chest pain even at rest?"", ""value"": ""yes""}, {""finding"": ""Have you had significantly increased sweating?"", ""value"": ""yes""}, {""finding"": ""Do you have pain somewhere, related to your reason for consulting?"", ""value"": ""yes""}, {""finding"": ""Characterize your pain:"", ""value"": ""tedious""}, {""finding"": ""Characterize your pain:"", ""value"": ""heavy""}, {""finding"": ""Do you feel pain somewhere?"", ""value"": ""lower chest""}, {""finding"": ""Do you feel pain somewhere?"", ""value"": ""side of the chest(R)""}, {""finding"": ""Do you feel pain somewhere?"", ""value"": ""upper chest""}, {""finding"": ""Do you feel pain somewhere?"", ""value"": ""breast(L)""}, {""finding"": ""Do you feel pain somewhere?"", ""value"": ""epigastric""}, {""finding"": ""How intense is the pain?"", ""value"": ""8""}, {""finding"": ""Does the pain radiate to another location?"", ""value"": ""biceps(L)""}, {""finding"": ""Does the pain radiate to another location?"", ""value"": ""under the jaw""}, {""finding"": ""Does the pain radiate to another location?"", ""value"": ""triceps(R)""}, {""finding"": ""Does the pain radiate to another location?"", ""value"": ""shoulder(L)""}, {""finding"": ""How precisely is the pain located?"", ""value"": ""2""}, {""finding"": ""How fast did the pain appear?"", ""value"": ""7""}, {""finding"": ""Do you have diabetes?"", ""value"": ""yes""}, {""finding"": ""Are you significantly overweight compared to people of the same height as you?"", ""value"": ""yes""}, {""finding"": ""Do you have high cholesterol or do you take medications to treat high cholesterol?"", ""value"": ""yes""}, {""finding"": ""Do you drink alcohol excessively or do you have an addiction to alcohol?"", ""value"": ""yes""}, {""finding"": ""Do you constantly feel fatigued or do you have non-restful sleep?"", ""value"": ""yes""}, {""finding"": ""Do you have high blood pressure or do you take medications to treat high blood pressure?"", ""value"": ""yes""}, {""finding"": ""Have you ever had a heart attack or do you have angina (chest pain)?"", ""value"": ""yes""}, {""finding"": ""Are you feeling nauseous or do you feel like vomiting?"", ""value"": ""yes""}, {""finding"": ""Have you traveled out of the country in the last 4 weeks?"", ""value"": ""N""}, {""finding"": ""Do you have symptoms that are increased with physical exertion but alleviated with rest?"", ""value"": ""yes""}, {""finding"": ""Do you have close family members who had a cardiovascular disease problem before the age of 50?"", ""value"": ""yes""}]}

Candidate pathologies:
- Anemia
- Unstable angina
- Anaphylaxis
- Boerhaave
- Atrial fibrillation
- Possible NSTEMI / STEMI
- Chagas
- Spontaneous pneumothorax
- Panic attack
- HIV (initial infection)
- Pancreatic neoplasm
- GERD
- Pericarditis
- Stable angina
- Scombroid food poisoning","There are 15 candidate pathologies. Estimate the probability (0 to 1) that your chosen pathology is the correct diagnosis for this patient, given only the symptoms and candidates provided. A uniform prior would assign 0.07 to each candidate. Respond with ONLY valid JSON: {""Answer"": ""<pathology>"", ""Confidence"": ""0.XX""}",20,F,Unstable angina,"[[""Unstable angina"", 0.15032192727329408], [""Possible NSTEMI / STEMI"", 0.12174875084344647], [""Stable angina"", 0.08831288580753083], [""GERD"", 0.08373718098548977], [""Boerhaave"", 0.07955193164749912], [""Pancreatic neoplasm"", 0.07386614106826377], [""Chagas"", 0.05569039648124367], [""Anemia"", 0.05569039648124367], [""HIV (initial infection)"", 0.051349128105591516], [""Spontaneous pneumothorax"", 0.049127788192239535], [""Anaphylaxis"", 0.04880476182431454], [""Panic attack"", 0.04616745065605026], [""Atrial fibrillation"", 0.04010915820216902], [""Pericarditis"", 0.03179608772973798], [""Scombroid food poisoning"", 0.023726014701885702]]"
med_test_00048_c0,"You are a diagnostic reasoning assistant. Based on the patient vignette below, pick the single most likely pathology from the candidate list. You MUST commit to one diagnosis — do not hedge or list alternatives.

{""patient"": {""age"": 34, ""sex"": ""male""}, ""findings"": [{""finding"": ""Are you infected with the human immunodeficiency virus (HIV)?"", ""value"": ""yes""}, {""finding"": ""Have you had significantly increased sweating?"", ""value"": ""yes""}, {""finding"": ""Do you have pain somewhere, related to your reason for consulting?"", ""value"": ""yes""}, {""finding"": ""Characterize your pain:"", ""value"": ""heavy""}, {""finding"": ""Characterize your pain:"", ""value"": ""scary""}, {""finding"": ""Do you feel pain somewhere?"", ""value"": ""lower chest""}, {""finding"": ""Do you feel pain somewhere?"", ""value"": ""biceps(R)""}, {""finding"": ""Do you feel pain somewhere?"", ""value"": ""upper chest""}, {""finding"": ""Do you feel pain somewhere?"", ""value"": ""breast(L)""}, {""finding"": ""Do you feel pain somewhere?"", ""value"": ""epigastric""}, {""finding"": ""How intense is the pain?"", ""value"": ""6""}, {""finding"": ""Does the pain radiate to another location?"", ""value"": ""biceps(R)""}, {""finding"": ""Does the pain radiate to another location?"", ""value"": ""biceps(L)""}, {""finding"": ""Does the pain radiate to another location?"", ""value"": ""thyroid cartilage""}, {""finding"": ""Does the pain radiate to another location?"", ""value"": ""triceps(R)""}, {""finding"": ""Does the pain radiate to another location?"", ""value"": ""shoulder(R)""}, {""finding"": ""How precisely is the pain located?"", ""value"": ""5""}, {""finding"": ""How fast did the pain appear?"", ""value"": ""8""}, {""finding"": ""Are you experiencing shortness of breath or difficulty breathing in a significant way?"", ""value"": ""yes""}, {""finding"": ""Do you have diabetes?"", ""value"": ""yes""}, {""finding"": ""Are you significantly overweight compared to people of the same height as you?"", ""value"": ""yes""}, {""finding"": ""Do you smoke cigarettes?"", ""value"": ""yes""}, {""finding"": ""Do you constantly feel fatigued or do you have non-restful sleep?"", ""value"": ""yes""}, {""finding"": ""Have you ever had a heart attack or do you have angina (chest pain)?"", ""value"": ""yes""}, {""finding"": ""Are you feeling nauseous or do you feel like vomiting?"", ""value"": ""yes""}, {""finding"": ""Have you recently had a loss of appetite or do you get full more quickly then usually?"", ""value"": ""yes""}, {""finding"": ""Are you a former smoker?"", ""value"": ""yes""}, {""finding"": ""Have you traveled out of the country in the last 4 weeks?"", ""value"": ""N""}, {""finding"": ""Do you have close family members who had a cardiovascular disease problem before the age of 50?"", ""value"": ""yes""}]}

Candidate pathologies:
- Anaphylaxis
- Chagas
- Pulmonary neoplasm
- SLE
- Pericarditis
- Atrial fibrillation
- Unstable angina
- HIV (initial infection)
- Pancreatic neoplasm
- Myasthenia gravis
- Acute dystonic reactions
- Guillain-Barré syndrome
- PSVT
- GERD
- Acute pulmonary edema
- Scombroid food poisoning
- Boerhaave
- Panic attack
- Possible NSTEMI / STEMI
- Anemia","There are 20 candidate pathologies. Estimate the probability (0 to 1) that your chosen pathology is the correct diagnosis for this patient, given only the symptoms and candidates provided. A uniform prior would assign 0.05 to each candidate. Respond with ONLY valid JSON: {""Answer"": ""<pathology>"", ""Confidence"": ""0.XX""}",34,M,Possible NSTEMI / STEMI,"[[""Possible NSTEMI / STEMI"", 0.09246343967712152], [""SLE"", 0.07681203212646139], [""Boerhaave"", 0.06682297305672026], [""Pulmonary neoplasm"", 0.060685279320526336], [""Anemia"", 0.05802279513701366], [""Unstable angina"", 0.05693999897887737], [""GERD"", 0.056158172664633084], [""Anaphylaxis"", 0.05523160566939017], [""Guillain-Barr\u00e9 syndrome"", 0.053036214558124864], [""Atrial fibrillation"", 0.05065917555625269], [""Pancreatic neoplasm"", 0.04953817952028397], [""Chagas"", 0.04838487407475726], [""Panic attack"", 0.04597558179565049], [""Acute dystonic reactions"", 0.03734865282720103], [""Myasthenia gravis"", 0.03734865282720103], [""Acute pulmonary edema"", 0.034715756093002155], [""Scombroid food poisoning"", 0.03450698472263422], [""HIV (initial infection)"", 0.034437189888585615], [""Pericarditis"", 0.03096210828828434], [""PSVT"", 0.019950333217278887]]"
med_test_00049_c0,"You are a diagnostic reasoning assistant. Based on the patient vignette below, pick the single most likely pathology from the candidate list. You MUST commit to one diagnosis — do not hedge or list alternatives.

{""patient"": {""age"": 59, ""sex"": ""male""}, ""findings"": [{""finding"": ""Have you ever had fluid in your lungs?"", ""value"": ""yes""}, {""finding"": ""Do you currently undergo dialysis?"", ""value"": ""yes""}, {""finding"": ""Have you had significantly increased sweating?"", ""value"": ""yes""}, {""finding"": ""Do you have pain somewhere, related to your reason for consulting?"", ""value"": ""yes""}, {""finding"": ""Characterize your pain:"", ""value"": ""tugging""}, {""finding"": ""Do you feel pain somewhere?"", ""value"": ""lower chest""}, {""finding"": ""Do you feel pain somewhere?"", ""value"": ""side of the chest(L)""}, {""finding"": ""Do you feel pain somewhere?"", ""value"": ""calf(R)""}, {""finding"": ""Do you feel pain somewhere?"", ""value"": ""calf(L)""}, {""finding"": ""Do you feel pain somewhere?"", ""value"": ""breast(L)""}, {""finding"": ""How intense is the pain?"", ""value"": ""7""}, {""finding"": ""Does the pain radiate to another location?"", ""value"": ""biceps(R)""}, {""finding"": ""Does the pain radiate to another location?"", ""value"": ""scapula(R)""}, {""finding"": ""Does the pain radiate to another location?"", ""value"": ""scapula(L)""}, {""finding"": ""Does the pain radiate to another location?"", ""value"": ""shoulder(R)""}, {""finding"": ""Does the pain radiate to another location?"", ""value"": ""shoulder(L)""}, {""finding"": ""How precisely is the pain located?"", ""value"": ""1""}, {""finding"": ""How fast did the pain appear?"", ""value"": ""6""}, {""finding"": ""Are you experiencing shortness of breath or difficulty breathing in a significant way?"", ""value"": ""yes""}, {""finding"": ""Do you have bouts of choking or shortness of breath that wake you up at night?"", ""value"": ""yes""}, {""finding"": ""Do you have high blood pressure or do you take medications to treat high blood pressure?"", ""value"": ""yes""}, {""finding"": ""Have you ever had a heart attack or do you have angina (chest pain)?"", ""value"": ""yes""}, {""finding"": ""Do you have heart failure?"", ""value"": ""yes""}, {""finding"": ""Do you have swelling in one or more areas of your body?"", ""value"": ""yes""}, {""finding"": ""Where is the swelling located?"", ""value"": ""ankle(R)""}, {""finding"": ""Where is the swelling located?"", ""value"": ""ankle(L)""}, {""finding"": ""Where is the swelling located?"", ""value"": ""calf(L)""}, {""finding"": ""Where is the swelling located?"", ""value"": ""tibia(R)""}, {""finding"": ""Have you traveled out of the country in the last 4 weeks?"", ""value"": ""N""}, {""finding"": ""Are your symptoms worse when lying down and alleviated while sitting up?"", ""value"": ""yes""}, {""finding"": ""Do you have symptoms that are increased with physical exertion but alleviated with rest?"", ""value"": ""yes""}]}

Candidate pathologies:
- Spontaneous pneumothorax
- GERD
- Stable angina
- Unstable angina
- Acute dystonic reactions
- SLE
- Sarcoidosis
- Chagas
- Pericarditis
- PSVT
- Pulmonary embolism
- Anaphylaxis
- Panic attack
- Boerhaave
- Myocarditis
- Acute pulmonary edema
- Guillain-Barré syndrome
- Atrial fibrillation
- Possible NSTEMI / STEMI
- Scombroid food poisoning","There are 20 candidate pathologies. Estimate the probability (0 to 1) that your chosen pathology is the correct diagnosis for this patient, given only the symptoms and candidates provided. A uniform prior would assign 0.05 to each candidate. Respond with ONLY valid JSON: {""Answer"": ""<pathology>"", ""Confidence"": ""0.XX""}",59,M,Acute pulmonary edema,"[[""Acute pulmonary edema"", 0.0879667461197958], [""Possible NSTEMI / STEMI"", 0.07176332853045453], [""Unstable angina"", 0.07172987923225574], [""Pulmonary embolism"", 0.07061214411303328], [""Pericarditis"", 0.06969686948307635], [""Panic attack"", 0.06818454074162171], [""Myocarditis"", 0.061753888350752476], [""Anaphylaxis"", 0.060434647613354896], [""Stable angina"", 0.06041495155154298], [""Spontaneous pneumothorax"", 0.06009749034180911], [""GERD"", 0.05650037308498867], [""Boerhaave"", 0.05226636084592018], [""Atrial fibrillation"", 0.050398573108855114], [""Guillain-Barr\u00e9 syndrome"", 0.04345032516575754], [""Acute dystonic reactions"", 0.030598170012046386], [""Sarcoidosis"", 0.025057375849776718], [""Scombroid food poisoning"", 0.01935508845345752], [""PSVT"", 0.016344463357315247], [""SLE"", 0.014165492105840076], [""Chagas"", 0.009209291938345772]]"
med_test_00050_c0,"You are a diagnostic reasoning assistant. Based on the patient vignette below, pick the single most likely pathology from the candidate list. You MUST commit to one diagnosis — do not hedge or list alternatives.

{""patient"": {""age"": 81, ""sex"": ""male""}, ""findings"": [{""finding"": ""Have you had significantly increased sweating?"", ""value"": ""yes""}, {""finding"": ""Do you have pain somewhere, related to your reason for consulting?"", ""value"": ""yes""}, {""finding"": ""Characterize your pain:"", ""value"": ""tedious""}, {""finding"": ""Characterize your pain:"", ""value"": ""heavy""}, {""finding"": ""Characterize your pain:"", ""value"": ""sickening""}, {""finding"": ""Characterize your pain:"", ""value"": ""scary""}, {""finding"": ""Do you feel pain somewhere?"", ""value"": ""lower chest""}, {""finding"": ""Do you feel pain somewhere?"", ""value"": ""upper chest""}, {""finding"": ""Do you feel pain somewhere?"", ""value"": ""breast(R)""}, {""finding"": ""Do you feel pain somewhere?"", ""value"": ""breast(L)""}, {""finding"": ""Do you feel pain somewhere?"", ""value"": ""epigastric""}, {""finding"": ""How intense is the pain?"", ""value"": ""9""}, {""finding"": ""Does the pain radiate to another location?"", ""value"": ""biceps(L)""}, {""finding"": ""Does the pain radiate to another location?"", ""value"": ""thyroid cartilage""}, {""finding"": ""Does the pain radiate to another location?"", ""value"": ""trachea""}, {""finding"": ""Does the pain radiate to another location?"", ""value"": ""shoulder(R)""}, {""finding"": ""Does the pain radiate to another location?"", ""value"": ""shoulder(L)""}, {""finding"": ""How precisely is the pain located?"", ""value"": ""3""}, {""finding"": ""How fast did the pain appear?"", ""value"": ""9""}, {""finding"": ""Are you experiencing shortness of breath or difficulty breathing in a significant way?"", ""value"": ""yes""}, {""finding"": ""Do you have diabetes?"", ""value"": ""yes""}, {""finding"": ""Do you have high cholesterol or do you take medications to treat high cholesterol?"", ""value"": ""yes""}, {""finding"": ""Do you smoke cigarettes?"", ""value"": ""yes""}, {""finding"": ""Do you constantly feel fatigued or do you have non-restful sleep?"", ""value"": ""yes""}, {""finding"": ""Have you ever had a heart attack or do you have angina (chest pain)?"", ""value"": ""yes""}, {""finding"": ""Have you recently had a loss of appetite or do you get full more quickly then usually?"", ""value"": ""yes""}, {""finding"": ""Are you a former smoker?"", ""value"": ""yes""}, {""finding"": ""Have you traveled out of the country in the last 4 weeks?"", ""value"": ""N""}]}

Candidate pathologies:
- Myocarditis
- Anemia
- Unstable angina
- Possible NSTEMI / STEMI
- Stable angina
- GERD
- Scombroid food poisoning
- Acute pulmonary edema
- SLE
- Myasthenia gravis
- Panic attack
- Pulmonary neoplasm
- Anaphylaxis
- Pulmonary embolism
- Spontaneous pneumothorax
- Acute dystonic reactions
- Chagas
- Atrial fibrillation
- Pericarditis
- Guillain-Barré syndrome
- Pancreatic neoplasm","There are 21 candidate pathologies. Estimate the probability (0 to 1) that your chosen pathology is the correct diagnosis for this patient, given only the symptoms and candidates provided. A uniform prior would assign 0.05 to each candidate. Respond with ONLY valid JSON: {""Answer"": ""<pathology>"", ""Confidence"": ""0.XX""}",81,M,Possible NSTEMI / STEMI,"[[""Possible NSTEMI / STEMI"", 0.0822211154458287], [""Acute pulmonary edema"", 0.07237698005137196], [""Panic attack"", 0.06583639125627634], [""Spontaneous pneumothorax"", 0.061411634299408574], [""Unstable angina"", 0.05826291889495209], [""Pericarditis"", 0.05693245134483844], [""Myocarditis"", 0.05435896108967752], [""Pulmonary embolism"", 0.050481671300234766], [""Pulmonary neoplasm"", 0.04945621419208813], [""Anemia"", 0.04728638998534164], [""Stable angina"", 0.046962646086484636], [""GERD"", 0.045766792985641534], [""Guillain-Barr\u00e9 syndrome"", 0.04322251485850813], [""Atrial fibrillation"", 0.041285317710603196], [""Pancreatic neoplasm"", 0.04037174821427564], [""Anaphylaxis"", 0.037948421345984654], [""SLE"", 0.03477263520403619], [""Chagas"", 0.03091609886433344], [""Acute dystonic reactions"", 0.030437743628926768], [""Myasthenia gravis"", 0.030437743628926768], [""Scombroid food poisoning"", 0.019253609612261267]]"
med_test_00051_c0,"You are a diagnostic reasoning assistant. Based on the patient vignette below, pick the single most likely pathology from the candidate list. You MUST commit to one diagnosis — do not hedge or list alternatives.

{""patient"": {""age"": 58, ""sex"": ""female""}, ""findings"": [{""finding"": ""Have you had significantly increased sweating?"", ""value"": ""yes""}, {""finding"": ""Do you have pain somewhere, related to your reason for consulting?"", ""value"": ""yes""}, {""finding"": ""Characterize your pain:"", ""value"": ""heavy""}, {""finding"": ""Characterize your pain:"", ""value"": ""exhausting""}, {""finding"": ""Do you feel pain somewhere?"", ""value"": ""back of the neck""}, {""finding"": ""Do you feel pain somewhere?"", ""value"": ""side of the neck(R)""}, {""finding"": ""Do you feel pain somewhere?"", ""value"": ""top of the head""}, {""finding"": ""Do you feel pain somewhere?"", ""value"": ""forehead""}, {""finding"": ""Do you feel pain somewhere?"", ""value"": ""occiput""}, {""finding"": ""How intense is the pain?"", ""value"": ""8""}, {""finding"": ""Does the pain radiate to another location?"", ""value"": ""nowhere""}, {""finding"": ""How precisely is the pain located?"", ""value"": ""8""}, {""finding"": ""How fast did the pain appear?"", ""value"": ""6""}, {""finding"": ""Do you smoke cigarettes?"", ""value"": ""yes""}, {""finding"": ""Do you feel so tired that you are unable to do your usual activities or are you stuck in your bed all day long?"", ""value"": ""yes""}, {""finding"": ""Do you have a fever (either felt or measured with a thermometer)?"", ""value"": ""yes""}, {""finding"": ""Have you had chills or shivers?"", ""value"": ""yes""}, {""finding"": ""Do you have a sore throat?"", ""value"": ""yes""}, {""finding"": ""Do you have any lesions, redness or problems on your skin that you believe are related to the condition you are consulting for?"", ""value"": ""yes""}, {""finding"": ""What color is the rash?"", ""value"": ""pink""}, {""finding"": ""Do your lesions peel off?"", ""value"": ""N""}, {""finding"": ""Is the rash swollen?"", ""value"": ""1""}, {""finding"": ""Where is the affected region located?"", ""value"": ""forehead""}, {""finding"": ""How intense is the pain caused by the rash?"", ""value"": ""1""}, {""finding"": ""Is the lesion (or are the lesions) larger than 1cm?"", ""value"": ""Y""}, {""finding"": ""How severe is the itching?"", ""value"": ""0""}, {""finding"": ""Have you recently had a loss of appetite or do you get full more quickly then usually?"", ""value"": ""yes""}, {""finding"": ""Do you have nasal congestion or a clear runny nose?"", ""value"": ""yes""}, {""finding"": ""Do you have a cough?"", ""value"": ""yes""}, {""finding"": ""Have you traveled out of the country in the last 4 weeks?"", ""value"": ""N""}, {""finding"": ""Are you immunosuppressed?"", ""value"": ""yes""}]}

Candidate pathologies:
- Scombroid food poisoning
- Anemia
- Chronic rhinosinusitis
- URTI
- HIV (initial infection)
- Tuberculosis
- Anaphylaxis
- Chagas
- Bronchitis
- Influenza
- Acute rhinosinusitis
- Pneumonia","There are 12 candidate pathologies. Estimate the probability (0 to 1) that your chosen pathology is the correct diagnosis for this patient, given only the symptoms and candidates provided. A uniform prior would assign 0.08 to each candidate. Respond with ONLY valid JSON: {""Answer"": ""<pathology>"", ""Confidence"": ""0.XX""}",58,F,Influenza,"[[""Influenza"", 0.15363057582882825], [""URTI"", 0.15035629743460718], [""HIV (initial infection)"", 0.11454920662216846], [""Bronchitis"", 0.1067891159367089], [""Chagas"", 0.08706729200162232], [""Tuberculosis"", 0.08174418494103722], [""Scombroid food poisoning"", 0.06409247743533678], [""Acute rhinosinusitis"", 0.0611933564866514], [""Chronic rhinosinusitis"", 0.060530057010339276], [""Pneumonia"", 0.04945208171562125], [""Anemia"", 0.04652139035916092], [""Anaphylaxis"", 0.024073964227918257]]"
med_test_00052_c0,"You are a diagnostic reasoning assistant. Based on the patient vignette below, pick the single most likely pathology from the candidate list. You MUST commit to one diagnosis — do not hedge or list alternatives.

{""patient"": {""age"": 18, ""sex"": ""female""}, ""findings"": [{""finding"": ""Have you had 2 or more asthma attacks in the past year?"", ""value"": ""yes""}, {""finding"": ""Are you experiencing shortness of breath or difficulty breathing in a significant way?"", ""value"": ""yes""}, {""finding"": ""Do you have any family members who have asthma?"", ""value"": ""yes""}, {""finding"": ""Have you been hospitalized for an asthma attack in the past year?"", ""value"": ""yes""}, {""finding"": ""Have you been diagnosed with chronic sinusitis?"", ""value"": ""yes""}, {""finding"": ""Do you have asthma or have you ever had to use a bronchodilator in the past?"", ""value"": ""yes""}, {""finding"": ""Do you have a cough?"", ""value"": ""yes""}, {""finding"": ""Have you traveled out of the country in the last 4 weeks?"", ""value"": ""N""}, {""finding"": ""Do you live in in a big city?"", ""value"": ""yes""}, {""finding"": ""Have you noticed a wheezing sound when you exhale?"", ""value"": ""yes""}, {""finding"": ""Are you more likely to develop common allergies than the general population?"", ""value"": ""yes""}]}

Candidate pathologies:
- Guillain-Barré syndrome
- Anemia
- Scombroid food poisoning
- SLE
- Acute dystonic reactions
- Myocarditis
- Acute pulmonary edema
- Bronchiectasis
- Bronchitis
- Bronchospasm / acute asthma exacerbation
- Tuberculosis
- Anaphylaxis
- Atrial fibrillation
- Pulmonary embolism
- Myasthenia gravis
- PSVT
- Pneumonia","There are 17 candidate pathologies. Estimate the probability (0 to 1) that your chosen pathology is the correct diagnosis for this patient, given only the symptoms and candidates provided. A uniform prior would assign 0.06 to each candidate. Respond with ONLY valid JSON: {""Answer"": ""<pathology>"", ""Confidence"": ""0.XX""}",18,F,Bronchospasm / acute asthma exacerbation,"[[""Bronchospasm / acute asthma exacerbation"", 0.11700842049400391], [""Bronchitis"", 0.10143064847881604], [""Pneumonia"", 0.07464413549406328], [""Pulmonary embolism"", 0.07119409547548623], [""Tuberculosis"", 0.06842128165430005], [""Acute pulmonary edema"", 0.0666878032481431], [""Anaphylaxis"", 0.0666878032481431], [""Guillain-Barr\u00e9 syndrome"", 0.0609565367046978], [""Atrial fibrillation"", 0.05822451545519249], [""Myocarditis"", 0.057500757878905316], [""Bronchiectasis"", 0.04600266585147642], [""Acute dystonic reactions"", 0.04292622589866804], [""Myasthenia gravis"", 0.04292622589866804], [""Anemia"", 0.04292622589866804], [""Scombroid food poisoning"", 0.039660188766082766], [""PSVT"", 0.02292967605554178], [""SLE"", 0.01987279349914373]]"
med_test_00053_c0,"You are a diagnostic reasoning assistant. Based on the patient vignette below, pick the single most likely pathology from the candidate list. You MUST commit to one diagnosis — do not hedge or list alternatives.

{""patient"": {""age"": 48, ""sex"": ""male""}, ""findings"": [{""finding"": ""Have you ever had fluid in your lungs?"", ""value"": ""yes""}, {""finding"": ""Do you currently undergo dialysis?"", ""value"": ""yes""}, {""finding"": ""Do you have pain somewhere, related to your reason for consulting?"", ""value"": ""yes""}, {""finding"": ""Characterize your pain:"", ""value"": ""tedious""}, {""finding"": ""Characterize your pain:"", ""value"": ""tugging""}, {""finding"": ""Characterize your pain:"", ""value"": ""heavy""}, {""finding"": ""Do you feel pain somewhere?"", ""value"": ""lower chest""}, {""finding"": ""Do you feel pain somewhere?"", ""value"": ""side of the chest(R)""}, {""finding"": ""Do you feel pain somewhere?"", ""value"": ""side of the chest(L)""}, {""finding"": ""Do you feel pain somewhere?"", ""value"": ""breast(L)""}, {""finding"": ""Do you feel pain somewhere?"", ""value"": ""posterior chest wall(R)""}, {""finding"": ""How intense is the pain?"", ""value"": ""6""}, {""finding"": ""Does the pain radiate to another location?"", ""value"": ""biceps(L)""}, {""finding"": ""Does the pain radiate to another location?"", ""value"": ""jaw""}, {""finding"": ""Does the pain radiate to another location?"", ""value"": ""scapula(R)""}, {""finding"": ""Does the pain radiate to another location?"", ""value"": ""triceps(R)""}, {""finding"": ""How precisely is the pain located?"", ""value"": ""5""}, {""finding"": ""How fast did the pain appear?"", ""value"": ""2""}, {""finding"": ""Are you experiencing shortness of breath or difficulty breathing in a significant way?"", ""value"": ""yes""}, {""finding"": ""Do you have bouts of choking or shortness of breath that wake you up at night?"", ""value"": ""yes""}, {""finding"": ""Do you have high blood pressure or do you take medications to treat high blood pressure?"", ""value"": ""yes""}, {""finding"": ""Have you ever had a heart attack or do you have angina (chest pain)?"", ""value"": ""yes""}, {""finding"": ""Do you have heart failure?"", ""value"": ""yes""}, {""finding"": ""Do you have swelling in one or more areas of your body?"", ""value"": ""yes""}, {""finding"": ""Where is the swelling located?"", ""value"": ""ankle(R)""}, {""finding"": ""Where is the swelling located?"", ""value"": ""ankle(L)""}, {""finding"": ""Where is the swelling located?"", ""value"": ""calf(R)""}, {""finding"": ""Where is the swelling located?"", ""value"": ""tibia(R)""}, {""finding"": ""Where is the swelling located?"", ""value"": ""tibia(L)""}, {""finding"": ""Have you noticed any new fatigue, generalized and vague discomfort, diffuse (widespread) muscle aches or a change in your general well-being related to your consultation today?"", ""value"": ""yes""}, {""finding"": ""Have you traveled out of the country in the last 4 weeks?"", ""value"": ""N""}, {""finding"": ""Are your symptoms worse when lying down and alleviated while sitting up?"", ""value"": ""yes""}, {""finding"": ""Do you have symptoms that are increased with physical exertion but alleviated with rest?"", ""value"": ""yes""}]}

Candidate pathologies:
- Sarcoidosis
- Chagas
- SLE
- Scombroid food poisoning
- Acute dystonic reactions
- Anaphylaxis
- Panic attack
- Pulmonary neoplasm
- Possible NSTEMI / STEMI
- Anemia
- Myasthenia gravis
- Pulmonary embolism
- Atrial fibrillation
- Pericarditis
- Acute pulmonary edema
- Unstable angina
- Stable angina
- GERD
- Boerhaave
- Spontaneous pneumothorax
- Myocarditis
- Guillain-Barré syndrome","There are 22 candidate pathologies. Estimate the probability (0 to 1) that your chosen pathology is the correct diagnosis for this patient, given only the symptoms and candidates provided. A uniform prior would assign 0.05 to each candidate. Respond with ONLY valid JSON: {""Answer"": ""<pathology>"", ""Confidence"": ""0.XX""}",48,M,Acute pulmonary edema,"[[""Acute pulmonary edema"", 0.07734583252981242], [""Pericarditis"", 0.06224083487488847], [""Unstable angina"", 0.06202704226507159], [""Myocarditis"", 0.06139203198377132], [""Pulmonary embolism"", 0.061333081152856406], [""Possible NSTEMI / STEMI"", 0.05728127646826741], [""Stable angina"", 0.0557195526729246], [""Anaphylaxis"", 0.053969467362350546], [""Spontaneous pneumothorax"", 0.05366837851545126], [""GERD"", 0.050456073818441353], [""Panic attack"", 0.047038624276303474], [""Boerhaave"", 0.04667500791713702], [""Atrial fibrillation"", 0.04500703245444803], [""Pulmonary neoplasm"", 0.04087231408837598], [""Guillain-Barr\u00e9 syndrome"", 0.0388020944693764], [""Chagas"", 0.03331914166462345], [""SLE"", 0.0312163945238504], [""Acute dystonic reactions"", 0.02732483770531443], [""Myasthenia gravis"", 0.02732483770531443], [""Anemia"", 0.02732483770531443], [""Sarcoidosis"", 0.02237678685184946], [""Scombroid food poisoning"", 0.01728451899425737]]"
med_test_00054_c0,"You are a diagnostic reasoning assistant. Based on the patient vignette below, pick the single most likely pathology from the candidate list. You MUST commit to one diagnosis — do not hedge or list alternatives.

{""patient"": {""age"": 64, ""sex"": ""male""}, ""findings"": [{""finding"": ""Do you have an active cancer?"", ""value"": ""yes""}, {""finding"": ""Have you been coughing up blood?"", ""value"": ""yes""}, {""finding"": ""Do you have pain somewhere, related to your reason for consulting?"", ""value"": ""yes""}, {""finding"": ""Characterize your pain:"", ""value"": ""sensitive""}, {""finding"": ""Characterize your pain:"", ""value"": ""a knife stroke""}, {""finding"": ""Characterize your pain:"", ""value"": ""sharp""}, {""finding"": ""Do you feel pain somewhere?"", ""value"": ""side of the chest(L)""}, {""finding"": ""Do you feel pain somewhere?"", ""value"": ""scapula(R)""}, {""finding"": ""Do you feel pain somewhere?"", ""value"": ""scapula(L)""}, {""finding"": ""Do you feel pain somewhere?"", ""value"": ""posterior chest wall(R)""}, {""finding"": ""Do you feel pain somewhere?"", ""value"": ""posterior chest wall(L)""}, {""finding"": ""How intense is the pain?"", ""value"": ""4""}, {""finding"": ""Does the pain radiate to another location?"", ""value"": ""side of the chest(R)""}, {""finding"": ""Does the pain radiate to another location?"", ""value"": ""scapula(R)""}, {""finding"": ""Does the pain radiate to another location?"", ""value"": ""scapula(L)""}, {""finding"": ""Does the pain radiate to another location?"", ""value"": ""posterior chest wall(R)""}, {""finding"": ""Does the pain radiate to another location?"", ""value"": ""posterior chest wall(L)""}, {""finding"": ""How precisely is the pain located?"", ""value"": ""4""}, {""finding"": ""How fast did the pain appear?"", ""value"": ""9""}, {""finding"": ""Are you experiencing shortness of breath or difficulty breathing in a significant way?"", ""value"": ""yes""}, {""finding"": ""Where is the swelling located?"", ""value"": ""nowhere""}, {""finding"": ""Did you lose consciousness?"", ""value"": ""yes""}, {""finding"": ""Have you had surgery within the last month?"", ""value"": ""yes""}, {""finding"": ""Have you traveled out of the country in the last 4 weeks?"", ""value"": ""North America""}]}

Candidate pathologies:
- Pulmonary embolism
- Ebola
- Acute dystonic reactions
- Guillain-Barré syndrome
- PSVT
- Stable angina
- Pulmonary neoplasm
- Possible NSTEMI / STEMI
- Panic attack
- Sarcoidosis
- Myocarditis
- Acute pulmonary edema
- Atrial fibrillation
- Unstable angina","There are 14 candidate pathologies. Estimate the probability (0 to 1) that your chosen pathology is the correct diagnosis for this patient, given only the symptoms and candidates provided. A uniform prior would assign 0.07 to each candidate. Respond with ONLY valid JSON: {""Answer"": ""<pathology>"", ""Confidence"": ""0.XX""}",64,M,Pulmonary embolism,"[[""Pulmonary embolism"", 0.11754332633060363], [""Possible NSTEMI / STEMI"", 0.10565757844966474], [""Acute pulmonary edema"", 0.08355452642133525], [""Panic attack"", 0.08190209290013387], [""Unstable angina"", 0.07958921897654749], [""Stable angina"", 0.07545906476214748], [""Guillain-Barr\u00e9 syndrome"", 0.07319997584954242], [""Ebola"", 0.07024984053939441], [""Atrial fibrillation"", 0.06991921384606704], [""Myocarditis"", 0.06802984822159555], [""Pulmonary neoplasm"", 0.0535982022106639], [""Acute dystonic reactions"", 0.05154818283585886], [""Sarcoidosis"", 0.042213707263623994], [""PSVT"", 0.027535221392821267]]"
med_test_00055_c0,"You are a diagnostic reasoning assistant. Based on the patient vignette below, pick the single most likely pathology from the candidate list. You MUST commit to one diagnosis — do not hedge or list alternatives.

{""patient"": {""age"": 29, ""sex"": ""male""}, ""findings"": [{""finding"": ""Do you regularly drink coffee or tea?"", ""value"": ""yes""}, {""finding"": ""Do you have pain somewhere, related to your reason for consulting?"", ""value"": ""yes""}, {""finding"": ""Characterize your pain:"", ""value"": ""burning""}, {""finding"": ""Do you feel pain somewhere?"", ""value"": ""forehead""}, {""finding"": ""How intense is the pain?"", ""value"": ""8""}, {""finding"": ""Does the pain radiate to another location?"", ""value"": ""nowhere""}, {""finding"": ""How precisely is the pain located?"", ""value"": ""6""}, {""finding"": ""How fast did the pain appear?"", ""value"": ""4""}, {""finding"": ""Are you experiencing shortness of breath or difficulty breathing in a significant way?"", ""value"": ""yes""}, {""finding"": ""Do you feel lightheaded and dizzy or do you feel like you are about to faint?"", ""value"": ""yes""}, {""finding"": ""Do you feel your heart is beating fast (racing), irregularly (missing a beat) or do you feel palpitations?"", ""value"": ""yes""}, {""finding"": ""Have you traveled out of the country in the last 4 weeks?"", ""value"": ""N""}, {""finding"": ""Have you recently taken decongestants or other substances that may have stimulant effects?"", ""value"": ""yes""}]}

Candidate pathologies:
- Anaphylaxis
- HIV (initial infection)
- Guillain-Barré syndrome
- Myocarditis
- Cluster headache
- Possible NSTEMI / STEMI
- Anemia
- Panic attack
- Atrial fibrillation
- Myasthenia gravis
- PSVT
- Acute dystonic reactions","There are 12 candidate pathologies. Estimate the probability (0 to 1) that your chosen pathology is the correct diagnosis for this patient, given only the symptoms and candidates provided. A uniform prior would assign 0.08 to each candidate. Respond with ONLY valid JSON: {""Answer"": ""<pathology>"", ""Confidence"": ""0.XX""}",29,M,PSVT,"[[""Anemia"", 0.1576069410747271], [""Guillain-Barr\u00e9 syndrome"", 0.13068149700907333], [""Atrial fibrillation"", 0.12021824925381544], [""Myocarditis"", 0.11473549206607915], [""Acute dystonic reactions"", 0.0920272667156838], [""Myasthenia gravis"", 0.0920272667156838], [""Cluster headache"", 0.08990516783086779], [""PSVT"", 0.08536857604752054], [""Panic attack"", 0.07721180618619775], [""Possible NSTEMI / STEMI"", 0.027697929815380568], [""HIV (initial infection)"", 0.00625990364248539], [""Anaphylaxis"", 0.00625990364248539]]"
med_test_00056_c0,"You are a diagnostic reasoning assistant. Based on the patient vignette below, pick the single most likely pathology from the candidate list. You MUST commit to one diagnosis — do not hedge or list alternatives.

{""patient"": {""age"": 54, ""sex"": ""female""}, ""findings"": [{""finding"": ""Have you been coughing up blood?"", ""value"": ""yes""}, {""finding"": ""Do you have pain somewhere, related to your reason for consulting?"", ""value"": ""yes""}, {""finding"": ""Characterize your pain:"", ""value"": ""a knife stroke""}, {""finding"": ""Do you feel pain somewhere?"", ""value"": ""lower chest""}, {""finding"": ""Do you feel pain somewhere?"", ""value"": ""side of the chest(L)""}, {""finding"": ""Do you feel pain somewhere?"", ""value"": ""posterior chest wall(R)""}, {""finding"": ""How intense is the pain?"", ""value"": ""7""}, {""finding"": ""Does the pain radiate to another location?"", ""value"": ""nowhere""}, {""finding"": ""How precisely is the pain located?"", ""value"": ""8""}, {""finding"": ""How fast did the pain appear?"", ""value"": ""3""}, {""finding"": ""Are you experiencing shortness of breath or difficulty breathing in a significant way?"", ""value"": ""yes""}, {""finding"": ""Do you have a cough that produces colored or more abundant sputum than usual?"", ""value"": ""yes""}, {""finding"": ""Do you drink alcohol excessively or do you have an addiction to alcohol?"", ""value"": ""yes""}, {""finding"": ""Do you have a fever (either felt or measured with a thermometer)?"", ""value"": ""yes""}, {""finding"": ""Do you have Parkinson\u2019s disease?"", ""value"": ""yes""}, {""finding"": ""Have you ever had pneumonia?"", ""value"": ""yes""}, {""finding"": ""Do you have asthma or have you ever had to use a bronchodilator in the past?"", ""value"": ""yes""}, {""finding"": ""Do you have any lesions, redness or problems on your skin that you believe are related to the condition you are consulting for?"", ""value"": ""yes""}, {""finding"": ""What color is the rash?"", ""value"": ""pink""}, {""finding"": ""Do your lesions peel off?"", ""value"": ""Y""}, {""finding"": ""Is the rash swollen?"", ""value"": ""5""}, {""finding"": ""Where is the affected region located?"", ""value"": ""shoulder(R)""}, {""finding"": ""How intense is the pain caused by the rash?"", ""value"": ""3""}, {""finding"": ""Is the lesion (or are the lesions) larger than 1cm?"", ""value"": ""N""}, {""finding"": ""How severe is the itching?"", ""value"": ""2""}, {""finding"": ""Do you have diffuse (widespread) muscle pain?"", ""value"": ""yes""}, {""finding"": ""Have you recently had a loss of appetite or do you get full more quickly then usually?"", ""value"": ""yes""}, {""finding"": ""Do you have nasal congestion or a clear runny nose?"", ""value"": ""yes""}, {""finding"": ""Have you had surgery within the last month?"", ""value"": ""yes""}, {""finding"": ""Do you have a cough?"", ""value"": ""yes""}, {""finding"": ""Have you traveled out of the country in the last 4 weeks?"", ""value"": ""N""}, {""finding"": ""Is your BMI less than 18.5, or are you underweight?"", ""value"": ""yes""}, {""finding"": ""Do you have pain that is increased when you breathe in deeply?"", ""value"": ""yes""}]}

Candidate pathologies:
- Sarcoidosis
- Atrial fibrillation
- Bronchiectasis
- Myasthenia gravis
- Bronchitis
- Pericarditis
- Pulmonary neoplasm
- PSVT
- Boerhaave
- Pneumonia
- Unstable angina
- Influenza
- GERD
- URTI
- Guillain-Barré syndrome
- HIV (initial infection)
- Myocarditis
- Panic attack
- Pulmonary embolism
- Stable angina
- Acute COPD exacerbation / infection
- Possible NSTEMI / STEMI
- Acute dystonic reactions
- Bronchospasm / acute asthma exacerbation
- Tuberculosis","There are 25 candidate pathologies. Estimate the probability (0 to 1) that your chosen pathology is the correct diagnosis for this patient, given only the symptoms and candidates provided. A uniform prior would assign 0.04 to each candidate. Respond with ONLY valid JSON: {""Answer"": ""<pathology>"", ""Confidence"": ""0.XX""}",54,F,Pneumonia,"[[""Pneumonia"", 0.06015109607781189], [""Pulmonary neoplasm"", 0.05925907164471102], [""Bronchiectasis"", 0.056853551088087866], [""Bronchitis"", 0.05651638559387525], [""Tuberculosis"", 0.05119141402174763], [""GERD"", 0.04844167501883154], [""Panic attack"", 0.048074199164749754], [""Influenza"", 0.047805793521584136], [""URTI"", 0.04729850788319453], [""Possible NSTEMI / STEMI"", 0.04728728149901051], [""Unstable angina"", 0.04681948055899252], [""Acute COPD exacerbation / infection"", 0.04382138528458305], [""Pericarditis"", 0.04279320378162692], [""Pulmonary embolism"", 0.04279320378162692], [""Boerhaave"", 0.04139339883306614], [""Stable angina"", 0.040376873810896996], [""HIV (initial infection)"", 0.033551658463556996], [""Bronchospasm / acute asthma exacerbation"", 0.030436275830046048], [""Atrial fibrillation"", 0.029958106336616937], [""Myocarditis"", 0.027849179596005066], [""Guillain-Barr\u00e9 syndrome"", 0.02208671776910858], [""Acute dystonic reactions"", 0.02208671776910858], [""Myasthenia gravis"", 0.02208671776910858], [""Sarcoidosis"", 0.01927015917136242], [""PSVT"", 0.011797945730690304]]"
med_test_00057_c0,"You are a diagnostic reasoning assistant. Based on the patient vignette below, pick the single most likely pathology from the candidate list. You MUST commit to one diagnosis — do not hedge or list alternatives.

{""patient"": {""age"": 8, ""sex"": ""male""}, ""findings"": [{""finding"": ""Do you have pain somewhere, related to your reason for consulting?"", ""value"": ""yes""}, {""finding"": ""Characterize your pain:"", ""value"": ""sensitive""}, {""finding"": ""Characterize your pain:"", ""value"": ""burning""}, {""finding"": ""Do you feel pain somewhere?"", ""value"": ""side of the chest(L)""}, {""finding"": ""Do you feel pain somewhere?"", ""value"": ""upper chest""}, {""finding"": ""How intense is the pain?"", ""value"": ""1""}, {""finding"": ""Does the pain radiate to another location?"", ""value"": ""nowhere""}, {""finding"": ""How precisely is the pain located?"", ""value"": ""2""}, {""finding"": ""How fast did the pain appear?"", ""value"": ""0""}, {""finding"": ""Are you experiencing shortness of breath or difficulty breathing in a significant way?"", ""value"": ""yes""}, {""finding"": ""Do you have a cough that produces colored or more abundant sputum than usual?"", ""value"": ""yes""}, {""finding"": ""Do you smoke cigarettes?"", ""value"": ""yes""}, {""finding"": ""Do you have a sore throat?"", ""value"": ""yes""}, {""finding"": ""Do you have a chronic obstructive pulmonary disease (COPD)?"", ""value"": ""yes""}, {""finding"": ""Do you have nasal congestion or a clear runny nose?"", ""value"": ""yes""}, {""finding"": ""Do you have a cough?"", ""value"": ""yes""}, {""finding"": ""Have you traveled out of the country in the last 4 weeks?"", ""value"": ""N""}, {""finding"": ""Have you noticed a wheezing sound when you exhale?"", ""value"": ""yes""}, {""finding"": ""Are your symptoms more prominent at night?"", ""value"": ""yes""}]}

Candidate pathologies:
- Myasthenia gravis
- Panic attack
- PSVT
- Croup
- Sarcoidosis
- Pneumonia
- Anemia
- Tuberculosis
- Acute dystonic reactions
- URTI
- Atrial fibrillation
- Chagas
- Myocarditis
- Guillain-Barré syndrome
- GERD
- Bronchitis","There are 16 candidate pathologies. Estimate the probability (0 to 1) that your chosen pathology is the correct diagnosis for this patient, given only the symptoms and candidates provided. A uniform prior would assign 0.06 to each candidate. Respond with ONLY valid JSON: {""Answer"": ""<pathology>"", ""Confidence"": ""0.XX""}",8,M,Bronchitis,"[[""Bronchitis"", 0.11185567718594251], [""URTI"", 0.10444615585737338], [""Pneumonia"", 0.10426698431614939], [""Panic attack"", 0.08601793945511367], [""Croup"", 0.08588835244495567], [""GERD"", 0.0827503610536666], [""Myocarditis"", 0.06736864039629399], [""Guillain-Barr\u00e9 syndrome"", 0.06052262520190911], [""Atrial fibrillation"", 0.05781005150487495], [""Acute dystonic reactions"", 0.04262066091424362], [""Myasthenia gravis"", 0.04262066091424362], [""Anemia"", 0.04262066091424362], [""Tuberculosis"", 0.04071420801952884], [""Sarcoidosis"", 0.03490280363412707], [""PSVT"", 0.02276645401679772], [""Chagas"", 0.012827764170536484]]"
med_test_00058_c0,"You are a diagnostic reasoning assistant. Based on the patient vignette below, pick the single most likely pathology from the candidate list. You MUST commit to one diagnosis — do not hedge or list alternatives.

{""patient"": {""age"": 58, ""sex"": ""female""}, ""findings"": [{""finding"": ""Do you have an active cancer?"", ""value"": ""yes""}, {""finding"": ""Have you been coughing up blood?"", ""value"": ""yes""}, {""finding"": ""Do you have pain somewhere, related to your reason for consulting?"", ""value"": ""yes""}, {""finding"": ""Characterize your pain:"", ""value"": ""sensitive""}, {""finding"": ""Do you feel pain somewhere?"", ""value"": ""side of the chest(R)""}, {""finding"": ""Do you feel pain somewhere?"", ""value"": ""side of the chest(L)""}, {""finding"": ""Do you feel pain somewhere?"", ""value"": ""scapula(R)""}, {""finding"": ""Do you feel pain somewhere?"", ""value"": ""scapula(L)""}, {""finding"": ""Do you feel pain somewhere?"", ""value"": ""posterior chest wall(R)""}, {""finding"": ""How intense is the pain?"", ""value"": ""2""}, {""finding"": ""Does the pain radiate to another location?"", ""value"": ""side of the chest(R)""}, {""finding"": ""Does the pain radiate to another location?"", ""value"": ""scapula(R)""}, {""finding"": ""Does the pain radiate to another location?"", ""value"": ""scapula(L)""}, {""finding"": ""Does the pain radiate to another location?"", ""value"": ""breast(R)""}, {""finding"": ""Does the pain radiate to another location?"", ""value"": ""posterior chest wall(R)""}, {""finding"": ""How precisely is the pain located?"", ""value"": ""3""}, {""finding"": ""How fast did the pain appear?"", ""value"": ""2""}, {""finding"": ""Are you experiencing shortness of breath or difficulty breathing in a significant way?"", ""value"": ""yes""}, {""finding"": ""Have you ever had deep vein thrombosis (DVT)?"", ""value"": ""yes""}, {""finding"": ""Have you been unable to move or get up for more than 3 consecutive days within the last 4 weeks?"", ""value"": ""yes""}, {""finding"": ""Do you have swelling in one or more areas of your body?"", ""value"": ""yes""}, {""finding"": ""Where is the swelling located?"", ""value"": ""posterior aspect of the ankle(L)""}, {""finding"": ""Where is the swelling located?"", ""value"": ""calf(L)""}, {""finding"": ""Have you had surgery within the last month?"", ""value"": ""yes""}, {""finding"": ""Have you traveled out of the country in the last 4 weeks?"", ""value"": ""North America""}]}

Candidate pathologies:
- Guillain-Barré syndrome
- Ebola
- Acute pulmonary edema
- Atrial fibrillation
- Myocarditis
- Pulmonary embolism
- Possible NSTEMI / STEMI
- Sarcoidosis
- Panic attack
- Unstable angina
- PSVT
- Acute dystonic reactions
- Pulmonary neoplasm
- Stable angina","There are 14 candidate pathologies. Estimate the probability (0 to 1) that your chosen pathology is the correct diagnosis for this patient, given only the symptoms and candidates provided. A uniform prior would assign 0.07 to each candidate. Respond with ONLY valid JSON: {""Answer"": ""<pathology>"", ""Confidence"": ""0.XX""}",58,F,Pulmonary embolism,"[[""Pulmonary embolism"", 0.12649214893559413], [""Possible NSTEMI / STEMI"", 0.10179287655188277], [""Panic attack"", 0.0849914381969934], [""Unstable angina"", 0.0825913227155292], [""Stable angina"", 0.07830537916723368], [""Guillain-Barr\u00e9 syndrome"", 0.07596107746628322], [""Ebola"", 0.07289966311157382], [""Atrial fibrillation"", 0.0725565651860242], [""Acute pulmonary edema"", 0.0651492568639729], [""Myocarditis"", 0.057767910386816536], [""Pulmonary neoplasm"", 0.05561992532000547], [""Acute dystonic reactions"", 0.053492579255615735], [""Sarcoidosis"", 0.04380600745254467], [""PSVT"", 0.02857384938993023]]"
med_test_00059_c0,"You are a diagnostic reasoning assistant. Based on the patient vignette below, pick the single most likely pathology from the candidate list. You MUST commit to one diagnosis — do not hedge or list alternatives.

{""patient"": {""age"": 11, ""sex"": ""male""}, ""findings"": [{""finding"": ""Have you recently had a viral infection?"", ""value"": ""yes""}, {""finding"": ""Do you have pain somewhere, related to your reason for consulting?"", ""value"": ""yes""}, {""finding"": ""Characterize your pain:"", ""value"": ""sensitive""}, {""finding"": ""Characterize your pain:"", ""value"": ""a knife stroke""}, {""finding"": ""Do you feel pain somewhere?"", ""value"": ""lower chest""}, {""finding"": ""Do you feel pain somewhere?"", ""value"": ""side of the chest(L)""}, {""finding"": ""Do you feel pain somewhere?"", ""value"": ""breast(L)""}, {""finding"": ""How intense is the pain?"", ""value"": ""2""}, {""finding"": ""Does the pain radiate to another location?"", ""value"": ""nowhere""}, {""finding"": ""How precisely is the pain located?"", ""value"": ""2""}, {""finding"": ""How fast did the pain appear?"", ""value"": ""0""}, {""finding"": ""Are you experiencing shortness of breath or difficulty breathing in a significant way?"", ""value"": ""yes""}, {""finding"": ""Have you traveled out of the country in the last 4 weeks?"", ""value"": ""N""}, {""finding"": ""Are your symptoms worse when lying down and alleviated while sitting up?"", ""value"": ""yes""}]}

Candidate pathologies:
- SLE
- Panic attack
- Anemia
- Pericarditis
- Acute dystonic reactions
- Scombroid food poisoning
- GERD
- Chagas
- Anaphylaxis
- Myocarditis
- Sarcoidosis","There are 11 candidate pathologies. Estimate the probability (0 to 1) that your chosen pathology is the correct diagnosis for this patient, given only the symptoms and candidates provided. A uniform prior would assign 0.09 to each candidate. Respond with ONLY valid JSON: {""Answer"": ""<pathology>"", ""Confidence"": ""0.XX""}",11,M,Myocarditis,"[[""Panic attack"", 0.17691684321593967], [""Pericarditis"", 0.16716263891844954], [""Myocarditis"", 0.10257669052250702], [""Acute dystonic reactions"", 0.0946969378525228], [""Anemia"", 0.0946969378525228], [""Anaphylaxis"", 0.0946969378525228], [""Sarcoidosis"", 0.07754897638190214], [""Scombroid food poisoning"", 0.0599012165657474], [""GERD"", 0.0594612242300838], [""SLE"", 0.04384016184853619], [""Chagas"", 0.02850143475926598]]"
med_test_00060_c0,"You are a diagnostic reasoning assistant. Based on the patient vignette below, pick the single most likely pathology from the candidate list. You MUST commit to one diagnosis — do not hedge or list alternatives.

{""patient"": {""age"": 47, ""sex"": ""female""}, ""findings"": [{""finding"": ""Have you started or taken any antipsychotic medication within the last 7 days?"", ""value"": ""yes""}, {""finding"": ""Do you regularly take stimulant drugs?"", ""value"": ""yes""}, {""finding"": ""Are you experiencing shortness of breath or difficulty breathing in a significant way?"", ""value"": ""yes""}, {""finding"": ""Have you been treated in hospital recently for nausea, agitation, intoxication or aggressive behavior and received medication via an intravenous or intramuscular route?"", ""value"": ""yes""}, {""finding"": ""Do you have trouble keeping your tongue in your mouth?"", ""value"": ""yes""}, {""finding"": ""Are you unable to control the direction of your eyes?"", ""value"": ""yes""}, {""finding"": ""Do you feel that muscle spasms or soreness in your neck are keeping you from turning your head to one side?"", ""value"": ""yes""}, {""finding"": ""Do you have annoying muscle spasms in your face, neck or any other part of your body?"", ""value"": ""yes""}, {""finding"": ""Have you traveled out of the country in the last 4 weeks?"", ""value"": ""N""}]}

Candidate pathologies:
- Acute dystonic reactions
- Atrial fibrillation
- Anemia
- PSVT
- SLE
- Anaphylaxis
- Pulmonary embolism
- Guillain-Barré syndrome
- Acute pulmonary edema
- Myocarditis
- Scombroid food poisoning","There are 11 candidate pathologies. Estimate the probability (0 to 1) that your chosen pathology is the correct diagnosis for this patient, given only the symptoms and candidates provided. A uniform prior would assign 0.09 to each candidate. Respond with ONLY valid JSON: {""Answer"": ""<pathology>"", ""Confidence"": ""0.XX""}",47,F,Acute dystonic reactions,"[[""Acute dystonic reactions"", 0.19041931632117493], [""Pulmonary embolism"", 0.12253572622610964], [""Acute pulmonary edema"", 0.1147797208021108], [""Guillain-Barr\u00e9 syndrome"", 0.10491535068256502], [""Atrial fibrillation"", 0.10021313197134388], [""Myocarditis"", 0.0989674365294721], [""Anemia"", 0.07388247901050254], [""Anaphylaxis"", 0.07388247901050254], [""Scombroid food poisoning"", 0.04673488368245581], [""PSVT"", 0.03946541477674501], [""SLE"", 0.03420406098701764]]"
med_test_00061_c0,"You are a diagnostic reasoning assistant. Based on the patient vignette below, pick the single most likely pathology from the candidate list. You MUST commit to one diagnosis — do not hedge or list alternatives.

{""patient"": {""age"": 14, ""sex"": ""female""}, ""findings"": [{""finding"": ""Have you started or taken any antipsychotic medication within the last 7 days?"", ""value"": ""yes""}, {""finding"": ""Are you experiencing shortness of breath or difficulty breathing in a significant way?"", ""value"": ""yes""}, {""finding"": ""Have you ever felt like you were suffocating for a very short time associated with inability to breathe or speak?"", ""value"": ""yes""}, {""finding"": ""Have you been treated in hospital recently for nausea, agitation, intoxication or aggressive behavior and received medication via an intravenous or intramuscular route?"", ""value"": ""yes""}, {""finding"": ""Do you have trouble keeping your tongue in your mouth?"", ""value"": ""yes""}, {""finding"": ""Do you have a hard time opening/raising one or both eyelids?"", ""value"": ""yes""}, {""finding"": ""Do you have annoying muscle spasms in your face, neck or any other part of your body?"", ""value"": ""yes""}, {""finding"": ""Have you traveled out of the country in the last 4 weeks?"", ""value"": ""N""}, {""finding"": ""Do you suddenly have difficulty or an inability to open your mouth or have jaw pain when opening it?"", ""value"": ""yes""}]}

Candidate pathologies:
- Myasthenia gravis
- Pulmonary embolism
- Chagas
- Scombroid food poisoning
- Acute dystonic reactions
- Myocarditis
- Atrial fibrillation
- PSVT
- Anaphylaxis
- SLE
- Guillain-Barré syndrome
- Anemia","There are 12 candidate pathologies. Estimate the probability (0 to 1) that your chosen pathology is the correct diagnosis for this patient, given only the symptoms and candidates provided. A uniform prior would assign 0.08 to each candidate. Respond with ONLY valid JSON: {""Answer"": ""<pathology>"", ""Confidence"": ""0.XX""}",14,F,Acute dystonic reactions,"[[""Acute dystonic reactions"", 0.1841890379835444], [""Myasthenia gravis"", 0.1441963810808858], [""Pulmonary embolism"", 0.11477328662033771], [""Guillain-Barr\u00e9 syndrome"", 0.09826913330193743], [""Atrial fibrillation"", 0.09386479252299892], [""Myocarditis"", 0.09269800986789165], [""Anemia"", 0.06920214374088926], [""Anaphylaxis"", 0.06920214374088926], [""Scombroid food poisoning"", 0.04377430456613814], [""PSVT"", 0.03696534473059429], [""SLE"", 0.03203728917392261], [""Chagas"", 0.02082813266997056]]"
med_test_00062_c0,"You are a diagnostic reasoning assistant. Based on the patient vignette below, pick the single most likely pathology from the candidate list. You MUST commit to one diagnosis — do not hedge or list alternatives.

{""patient"": {""age"": 10, ""sex"": ""male""}, ""findings"": [{""finding"": ""Have you started or taken any antipsychotic medication within the last 7 days?"", ""value"": ""yes""}, {""finding"": ""Do you regularly take stimulant drugs?"", ""value"": ""yes""}, {""finding"": ""Are you experiencing shortness of breath or difficulty breathing in a significant way?"", ""value"": ""yes""}, {""finding"": ""Have you ever felt like you were suffocating for a very short time associated with inability to breathe or speak?"", ""value"": ""yes""}, {""finding"": ""Have you been treated in hospital recently for nausea, agitation, intoxication or aggressive behavior and received medication via an intravenous or intramuscular route?"", ""value"": ""yes""}, {""finding"": ""Do you have trouble keeping your tongue in your mouth?"", ""value"": ""yes""}, {""finding"": ""Do you have a hard time opening/raising one or both eyelids?"", ""value"": ""yes""}, {""finding"": ""Do you feel that muscle spasms or soreness in your neck are keeping you from turning your head to one side?"", ""value"": ""yes""}, {""finding"": ""Have you traveled out of the country in the last 4 weeks?"", ""value"": ""N""}, {""finding"": ""Do you suddenly have difficulty or an inability to open your mouth or have jaw pain when opening it?"", ""value"": ""yes""}]}

Candidate pathologies:
- Anaphylaxis
- Guillain-Barré syndrome
- PSVT
- Atrial fibrillation
- Chagas
- Anemia
- Scombroid food poisoning
- Acute dystonic reactions
- Myocarditis
- Pulmonary embolism
- Myasthenia gravis
- SLE","There are 12 candidate pathologies. Estimate the probability (0 to 1) that your chosen pathology is the correct diagnosis for this patient, given only the symptoms and candidates provided. A uniform prior would assign 0.08 to each candidate. Respond with ONLY valid JSON: {""Answer"": ""<pathology>"", ""Confidence"": ""0.XX""}",10,M,Acute dystonic reactions,"[[""Acute dystonic reactions"", 0.17532506664541997], [""Myasthenia gravis"", 0.14576310750216728], [""Pulmonary embolism"", 0.11602032443957763], [""Guillain-Barr\u00e9 syndrome"", 0.0993368497479848], [""Atrial fibrillation"", 0.0948846548064455], [""Myocarditis"", 0.093705194792864], [""Anemia"", 0.06995404074548434], [""Anaphylaxis"", 0.06995404074548434], [""Scombroid food poisoning"", 0.044249922324523634], [""PSVT"", 0.037366981594342714], [""SLE"", 0.03238538159509692], [""Chagas"", 0.02105443506060888]]"
med_test_00063_c0,"You are a diagnostic reasoning assistant. Based on the patient vignette below, pick the single most likely pathology from the candidate list. You MUST commit to one diagnosis — do not hedge or list alternatives.

{""patient"": {""age"": 73, ""sex"": ""male""}, ""findings"": [{""finding"": ""Do you feel anxious?"", ""value"": ""yes""}, {""finding"": ""Characterize your pain:"", ""value"": ""NA""}, {""finding"": ""Do you feel pain somewhere?"", ""value"": ""nowhere""}, {""finding"": ""How intense is the pain?"", ""value"": ""0""}, {""finding"": ""Does the pain radiate to another location?"", ""value"": ""nowhere""}, {""finding"": ""How precisely is the pain located?"", ""value"": ""0""}, {""finding"": ""How fast did the pain appear?"", ""value"": ""0""}, {""finding"": ""Do you regularly take stimulant drugs?"", ""value"": ""yes""}, {""finding"": ""Are you experiencing shortness of breath or difficulty breathing in a significant way?"", ""value"": ""yes""}, {""finding"": ""Do you feel lightheaded and dizzy or do you feel like you are about to faint?"", ""value"": ""yes""}, {""finding"": ""Do you feel your heart is beating fast (racing), irregularly (missing a beat) or do you feel palpitations?"", ""value"": ""yes""}, {""finding"": ""Have you traveled out of the country in the last 4 weeks?"", ""value"": ""N""}]}

Candidate pathologies:
- Guillain-Barré syndrome
- Possible NSTEMI / STEMI
- Anaphylaxis
- Scombroid food poisoning
- Chagas
- PSVT
- Pulmonary embolism
- Atrial fibrillation
- Anemia
- Acute pulmonary edema
- Acute dystonic reactions
- SLE
- Panic attack
- Myasthenia gravis","There are 14 candidate pathologies. Estimate the probability (0 to 1) that your chosen pathology is the correct diagnosis for this patient, given only the symptoms and candidates provided. A uniform prior would assign 0.07 to each candidate. Respond with ONLY valid JSON: {""Answer"": ""<pathology>"", ""Confidence"": ""0.XX""}",73,M,PSVT,"[[""PSVT"", 0.13860093035899196], [""Panic attack"", 0.10417438518295453], [""Anaphylaxis"", 0.10013338683569167], [""Pulmonary embolism"", 0.09901668418286604], [""Acute pulmonary edema"", 0.09274933699163478], [""Anemia"", 0.08477829661939562], [""Atrial fibrillation"", 0.07799037069185677], [""Scombroid food poisoning"", 0.06912982277759516], [""Acute dystonic reactions"", 0.05970175650920789], [""Myasthenia gravis"", 0.05970175650920789], [""Guillain-Barr\u00e9 syndrome"", 0.05044670749954379], [""SLE"", 0.0276390633885301], [""Possible NSTEMI / STEMI"", 0.017968751226261962], [""Chagas"", 0.017968751226261962]]"
med_test_00064_c0,"You are a diagnostic reasoning assistant. Based on the patient vignette below, pick the single most likely pathology from the candidate list. You MUST commit to one diagnosis — do not hedge or list alternatives.

{""patient"": {""age"": 49, ""sex"": ""female""}, ""findings"": [{""finding"": ""Have you ever had a diagnosis of anemia?"", ""value"": ""yes""}, {""finding"": ""Do you have pain somewhere, related to your reason for consulting?"", ""value"": ""yes""}, {""finding"": ""Characterize your pain:"", ""value"": ""sensitive""}, {""finding"": ""Characterize your pain:"", ""value"": ""a cramp""}, {""finding"": ""Do you feel pain somewhere?"", ""value"": ""back of head""}, {""finding"": ""Do you feel pain somewhere?"", ""value"": ""forehead""}, {""finding"": ""How intense is the pain?"", ""value"": ""1""}, {""finding"": ""Does the pain radiate to another location?"", ""value"": ""nowhere""}, {""finding"": ""How precisely is the pain located?"", ""value"": ""6""}, {""finding"": ""How fast did the pain appear?"", ""value"": ""3""}, {""finding"": ""Are you experiencing shortness of breath or difficulty breathing in a significant way?"", ""value"": ""yes""}, {""finding"": ""Do you feel slightly dizzy or lightheaded?"", ""value"": ""yes""}, {""finding"": ""Do you feel lightheaded and dizzy or do you feel like you are about to faint?"", ""value"": ""yes""}, {""finding"": ""Do you feel so tired that you are unable to do your usual activities or are you stuck in your bed all day long?"", ""value"": ""yes""}, {""finding"": ""Do you have very abundant or very long menstruation periods?"", ""value"": ""yes""}, {""finding"": ""Are you taking any new oral anticoagulants ((NOACs)?"", ""value"": ""yes""}, {""finding"": ""Is your skin much paler than usual?"", ""value"": ""yes""}, {""finding"": ""Do you think you are pregnant or are you currently pregnant?"", ""value"": ""yes""}, {""finding"": ""Have you traveled out of the country in the last 4 weeks?"", ""value"": ""North America""}]}

Candidate pathologies:
- Anaphylaxis
- PSVT
- HIV (initial infection)
- Atrial fibrillation
- Cluster headache
- Guillain-Barré syndrome
- Anemia
- Myasthenia gravis
- Panic attack
- Myocarditis
- Scombroid food poisoning
- Acute dystonic reactions
- Acute pulmonary edema
- Chagas","There are 14 candidate pathologies. Estimate the probability (0 to 1) that your chosen pathology is the correct diagnosis for this patient, given only the symptoms and candidates provided. A uniform prior would assign 0.07 to each candidate. Respond with ONLY valid JSON: {""Answer"": ""<pathology>"", ""Confidence"": ""0.XX""}",49,F,Anemia,"[[""Anemia"", 0.13511356110113007], [""Atrial fibrillation"", 0.1114236972337926], [""Anaphylaxis"", 0.08129892005754925], [""Myocarditis"", 0.07735936448074493], [""Acute pulmonary edema"", 0.07530376402674412], [""Panic attack"", 0.07416191635468573], [""Guillain-Barr\u00e9 syndrome"", 0.0688320267323537], [""Chagas"", 0.06312442293550546], [""Cluster headache"", 0.06029481591610416], [""HIV (initial infection)"", 0.059668520869367546], [""PSVT"", 0.0559025746559835], [""Acute dystonic reactions"", 0.04847222772661983], [""Myasthenia gravis"", 0.04847222772661983], [""Scombroid food poisoning"", 0.04057196018279936]]"
med_test_00065_c0,"You are a diagnostic reasoning assistant. Based on the patient vignette below, pick the single most likely pathology from the candidate list. You MUST commit to one diagnosis — do not hedge or list alternatives.

{""patient"": {""age"": 64, ""sex"": ""male""}, ""findings"": [{""finding"": ""Have you had significantly increased sweating?"", ""value"": ""yes""}, {""finding"": ""Do you have pain somewhere, related to your reason for consulting?"", ""value"": ""yes""}, {""finding"": ""Characterize your pain:"", ""value"": ""sensitive""}, {""finding"": ""Characterize your pain:"", ""value"": ""heavy""}, {""finding"": ""Characterize your pain:"", ""value"": ""exhausting""}, {""finding"": ""Do you feel pain somewhere?"", ""value"": ""back of head""}, {""finding"": ""Do you feel pain somewhere?"", ""value"": ""back of the neck""}, {""finding"": ""Do you feel pain somewhere?"", ""value"": ""side of the neck(R)""}, {""finding"": ""Do you feel pain somewhere?"", ""value"": ""side of the neck(L)""}, {""finding"": ""Do you feel pain somewhere?"", ""value"": ""forehead""}, {""finding"": ""How intense is the pain?"", ""value"": ""5""}, {""finding"": ""Does the pain radiate to another location?"", ""value"": ""nowhere""}, {""finding"": ""How precisely is the pain located?"", ""value"": ""2""}, {""finding"": ""How fast did the pain appear?"", ""value"": ""0""}, {""finding"": ""Do you feel so tired that you are unable to do your usual activities or are you stuck in your bed all day long?"", ""value"": ""yes""}, {""finding"": ""Do you have a fever (either felt or measured with a thermometer)?"", ""value"": ""yes""}, {""finding"": ""Have you had chills or shivers?"", ""value"": ""yes""}, {""finding"": ""Do you have any lesions, redness or problems on your skin that you believe are related to the condition you are consulting for?"", ""value"": ""yes""}, {""finding"": ""What color is the rash?"", ""value"": ""pink""}, {""finding"": ""Do your lesions peel off?"", ""value"": ""N""}, {""finding"": ""Is the rash swollen?"", ""value"": ""2""}, {""finding"": ""Where is the affected region located?"", ""value"": ""back of the neck""}, {""finding"": ""How intense is the pain caused by the rash?"", ""value"": ""3""}, {""finding"": ""Is the lesion (or are the lesions) larger than 1cm?"", ""value"": ""Y""}, {""finding"": ""How severe is the itching?"", ""value"": ""5""}, {""finding"": ""Have you recently had a loss of appetite or do you get full more quickly then usually?"", ""value"": ""yes""}, {""finding"": ""Do you have nasal congestion or a clear runny nose?"", ""value"": ""yes""}, {""finding"": ""Do you have a cough?"", ""value"": ""yes""}, {""finding"": ""Have you traveled out of the country in the last 4 weeks?"", ""value"": ""N""}, {""finding"": ""Are you immunosuppressed?"", ""value"": ""yes""}]}

Candidate pathologies:
- Anaphylaxis
- Pneumonia
- Scombroid food poisoning
- Chronic rhinosinusitis
- Acute rhinosinusitis
- Bronchitis
- Tuberculosis
- URTI
- HIV (initial infection)
- Influenza
- Anemia
- Chagas","There are 12 candidate pathologies. Estimate the probability (0 to 1) that your chosen pathology is the correct diagnosis for this patient, given only the symptoms and candidates provided. A uniform prior would assign 0.08 to each candidate. Respond with ONLY valid JSON: {""Answer"": ""<pathology>"", ""Confidence"": ""0.XX""}",64,M,Influenza,"[[""Influenza"", 0.1538792036545382], [""URTI"", 0.13217273914766026], [""HIV (initial infection)"", 0.12936398679582617], [""Bronchitis"", 0.11111852894182303], [""Chagas"", 0.09083613773992573], [""Chronic rhinosinusitis"", 0.08484379249966102], [""Tuberculosis"", 0.0825795176843981], [""Acute rhinosinusitis"", 0.07303881532449656], [""Scombroid food poisoning"", 0.062151041611528124], [""Pneumonia"", 0.04995742583415658], [""Anemia"", 0.02101113296716257], [""Anaphylaxis"", 0.00904767779882379]]"
med_test_00066_c0,"You are a diagnostic reasoning assistant. Based on the patient vignette below, pick the single most likely pathology from the candidate list. You MUST commit to one diagnosis — do not hedge or list alternatives.

{""patient"": {""age"": 55, ""sex"": ""male""}, ""findings"": [{""finding"": ""Do you have pain somewhere, related to your reason for consulting?"", ""value"": ""yes""}, {""finding"": ""Characterize your pain:"", ""value"": ""tedious""}, {""finding"": ""Characterize your pain:"", ""value"": ""heavy""}, {""finding"": ""Do you feel pain somewhere?"", ""value"": ""lower chest""}, {""finding"": ""Do you feel pain somewhere?"", ""value"": ""biceps(L)""}, {""finding"": ""Do you feel pain somewhere?"", ""value"": ""thyroid cartilage""}, {""finding"": ""Do you feel pain somewhere?"", ""value"": ""side of the chest(R)""}, {""finding"": ""Do you feel pain somewhere?"", ""value"": ""breast(L)""}, {""finding"": ""How intense is the pain?"", ""value"": ""9""}, {""finding"": ""Does the pain radiate to another location?"", ""value"": ""thoracic spine""}, {""finding"": ""Does the pain radiate to another location?"", ""value"": ""under the jaw""}, {""finding"": ""Does the pain radiate to another location?"", ""value"": ""trachea""}, {""finding"": ""Does the pain radiate to another location?"", ""value"": ""shoulder(R)""}, {""finding"": ""Does the pain radiate to another location?"", ""value"": ""shoulder(L)""}, {""finding"": ""How precisely is the pain located?"", ""value"": ""2""}, {""finding"": ""How fast did the pain appear?"", ""value"": ""3""}, {""finding"": ""Are you experiencing shortness of breath or difficulty breathing in a significant way?"", ""value"": ""yes""}, {""finding"": ""Do you have diabetes?"", ""value"": ""yes""}, {""finding"": ""Are you significantly overweight compared to people of the same height as you?"", ""value"": ""yes""}, {""finding"": ""Do you have high cholesterol or do you take medications to treat high cholesterol?"", ""value"": ""yes""}, {""finding"": ""Do you drink alcohol excessively or do you have an addiction to alcohol?"", ""value"": ""yes""}, {""finding"": ""Do you smoke cigarettes?"", ""value"": ""yes""}, {""finding"": ""Do you constantly feel fatigued or do you have non-restful sleep?"", ""value"": ""yes""}, {""finding"": ""Have you ever had a heart attack or do you have angina (chest pain)?"", ""value"": ""yes""}, {""finding"": ""Do you exercise regularly, 4 times per week or more?"", ""value"": ""yes""}, {""finding"": ""Have you traveled out of the country in the last 4 weeks?"", ""value"": ""N""}, {""finding"": ""Do you have symptoms that are increased with physical exertion but alleviated with rest?"", ""value"": ""yes""}, {""finding"": ""Do you have close family members who had a cardiovascular disease problem before the age of 50?"", ""value"": ""yes""}]}

Candidate pathologies:
- Acute dystonic reactions
- Pulmonary neoplasm
- Myocarditis
- SLE
- Possible NSTEMI / STEMI
- Acute laryngitis
- Stable angina
- Anemia
- Acute pulmonary edema
- PSVT
- Atrial fibrillation
- Myasthenia gravis
- Viral pharyngitis
- Unstable angina
- Guillain-Barré syndrome
- GERD
- Panic attack
- Scombroid food poisoning","There are 18 candidate pathologies. Estimate the probability (0 to 1) that your chosen pathology is the correct diagnosis for this patient, given only the symptoms and candidates provided. A uniform prior would assign 0.06 to each candidate. Respond with ONLY valid JSON: {""Answer"": ""<pathology>"", ""Confidence"": ""0.XX""}",55,M,Stable angina,"[[""Possible NSTEMI / STEMI"", 0.09929241002339116], [""Unstable angina"", 0.09154002544596632], [""Stable angina"", 0.08508860381869089], [""Myocarditis"", 0.0788823229101049], [""SLE"", 0.07448760130985392], [""Atrial fibrillation"", 0.06694271372219615], [""Panic attack"", 0.06457466559546667], [""Anemia"", 0.06313994965491543], [""Acute pulmonary edema"", 0.06014898211931028], [""Guillain-Barr\u00e9 syndrome"", 0.057713591859539795], [""GERD"", 0.051644332304138715], [""Pulmonary neoplasm"", 0.045404972469142185], [""Acute dystonic reactions"", 0.04064251047575024], [""Myasthenia gravis"", 0.04064251047575024], [""Scombroid food poisoning"", 0.0257087069232906], [""PSVT"", 0.021709795813235767], [""Acute laryngitis"", 0.019969162276354153], [""Viral pharyngitis"", 0.01246714280290269]]"
med_test_00067_c0,"You are a diagnostic reasoning assistant. Based on the patient vignette below, pick the single most likely pathology from the candidate list. You MUST commit to one diagnosis — do not hedge or list alternatives.

{""patient"": {""age"": 61, ""sex"": ""male""}, ""findings"": [{""finding"": ""Have you had 2 or more asthma attacks in the past year?"", ""value"": ""yes""}, {""finding"": ""Are you experiencing shortness of breath or difficulty breathing in a significant way?"", ""value"": ""yes""}, {""finding"": ""Do you have any family members who have asthma?"", ""value"": ""yes""}, {""finding"": ""Have you had a cold in the last 2 weeks?"", ""value"": ""yes""}, {""finding"": ""Have you been diagnosed with chronic sinusitis?"", ""value"": ""yes""}, {""finding"": ""Do you have asthma or have you ever had to use a bronchodilator in the past?"", ""value"": ""yes""}, {""finding"": ""Do you have a cough?"", ""value"": ""yes""}, {""finding"": ""Have you traveled out of the country in the last 4 weeks?"", ""value"": ""N""}, {""finding"": ""Do you live in in a big city?"", ""value"": ""yes""}, {""finding"": ""Have you noticed a wheezing sound when you exhale?"", ""value"": ""yes""}, {""finding"": ""Are you exposed to secondhand cigarette smoke on a daily basis?"", ""value"": ""yes""}, {""finding"": ""Are you more likely to develop common allergies than the general population?"", ""value"": ""yes""}]}

Candidate pathologies:
- Guillain-Barré syndrome
- Pulmonary embolism
- Bronchospasm / acute asthma exacerbation
- Bronchitis
- Acute pulmonary edema
- Acute COPD exacerbation / infection
- Chagas
- Anemia
- Anaphylaxis
- Acute dystonic reactions
- Myasthenia gravis
- Bronchiectasis
- PSVT
- Atrial fibrillation
- Pneumonia
- SLE
- Possible NSTEMI / STEMI
- Myocarditis
- Scombroid food poisoning
- Tuberculosis
- Pulmonary neoplasm","There are 21 candidate pathologies. Estimate the probability (0 to 1) that your chosen pathology is the correct diagnosis for this patient, given only the symptoms and candidates provided. A uniform prior would assign 0.05 to each candidate. Respond with ONLY valid JSON: {""Answer"": ""<pathology>"", ""Confidence"": ""0.XX""}",61,M,Bronchospasm / acute asthma exacerbation,"[[""Bronchospasm / acute asthma exacerbation"", 0.09678286055214982], [""Bronchitis"", 0.08389779356044244], [""Pulmonary neoplasm"", 0.07815539688794135], [""Acute COPD exacerbation / infection"", 0.07332722880749283], [""Pneumonia"", 0.06174147916925271], [""Pulmonary embolism"", 0.058887797864885474], [""Tuberculosis"", 0.056594280421782404], [""Acute pulmonary edema"", 0.05516044345393916], [""Anaphylaxis"", 0.05516044345393916], [""Guillain-Barr\u00e9 syndrome"", 0.05041985838903869], [""Atrial fibrillation"", 0.04816008229343768], [""Myocarditis"", 0.0475614302623819], [""Bronchiectasis"", 0.038050847753805406], [""Acute dystonic reactions"", 0.0355061876541934], [""Myasthenia gravis"", 0.0355061876541934], [""Anemia"", 0.0355061876541934], [""Scombroid food poisoning"", 0.03280470330779679], [""PSVT"", 0.018966153297515814], [""SLE"", 0.016437669988954847], [""Possible NSTEMI / STEMI"", 0.01068648378633173], [""Chagas"", 0.01068648378633173]]"
med_test_00068_c0,"You are a diagnostic reasoning assistant. Based on the patient vignette below, pick the single most likely pathology from the candidate list. You MUST commit to one diagnosis — do not hedge or list alternatives.

{""patient"": {""age"": 58, ""sex"": ""female""}, ""findings"": [{""finding"": ""Do you find that your symptoms have worsened over the last 2 weeks and that progressively less effort is required to cause the symptoms?"", ""value"": ""yes""}, {""finding"": ""Have you had significantly increased sweating?"", ""value"": ""yes""}, {""finding"": ""Do you have pain somewhere, related to your reason for consulting?"", ""value"": ""yes""}, {""finding"": ""Characterize your pain:"", ""value"": ""exhausting""}, {""finding"": ""Do you feel pain somewhere?"", ""value"": ""side of the chest(L)""}, {""finding"": ""Do you feel pain somewhere?"", ""value"": ""upper chest""}, {""finding"": ""Do you feel pain somewhere?"", ""value"": ""breast(R)""}, {""finding"": ""Do you feel pain somewhere?"", ""value"": ""breast(L)""}, {""finding"": ""Do you feel pain somewhere?"", ""value"": ""epigastric""}, {""finding"": ""How intense is the pain?"", ""value"": ""8""}, {""finding"": ""Does the pain radiate to another location?"", ""value"": ""biceps(R)""}, {""finding"": ""Does the pain radiate to another location?"", ""value"": ""biceps(L)""}, {""finding"": ""Does the pain radiate to another location?"", ""value"": ""thyroid cartilage""}, {""finding"": ""Does the pain radiate to another location?"", ""value"": ""thoracic spine""}, {""finding"": ""Does the pain radiate to another location?"", ""value"": ""shoulder(L)""}, {""finding"": ""How precisely is the pain located?"", ""value"": ""6""}, {""finding"": ""How fast did the pain appear?"", ""value"": ""8""}, {""finding"": ""Are you experiencing shortness of breath or difficulty breathing in a significant way?"", ""value"": ""yes""}, {""finding"": ""Do you have diabetes?"", ""value"": ""yes""}, {""finding"": ""Are you significantly overweight compared to people of the same height as you?"", ""value"": ""yes""}, {""finding"": ""Do you have high cholesterol or do you take medications to treat high cholesterol?"", ""value"": ""yes""}, {""finding"": ""Do you smoke cigarettes?"", ""value"": ""yes""}, {""finding"": ""Do you constantly feel fatigued or do you have non-restful sleep?"", ""value"": ""yes""}, {""finding"": ""Have you ever had a heart attack or do you have angina (chest pain)?"", ""value"": ""yes""}, {""finding"": ""Do you exercise regularly, 4 times per week or more?"", ""value"": ""yes""}, {""finding"": ""Have you traveled out of the country in the last 4 weeks?"", ""value"": ""N""}, {""finding"": ""Do you have symptoms that are increased with physical exertion but alleviated with rest?"", ""value"": ""yes""}, {""finding"": ""Do you have close family members who had a cardiovascular disease problem before the age of 50?"", ""value"": ""yes""}]}

Candidate pathologies:
- PSVT
- Stable angina
- Spontaneous pneumothorax
- Myocarditis
- Anaphylaxis
- Anemia
- Scombroid food poisoning
- Atrial fibrillation
- Pericarditis
- GERD
- Guillain-Barré syndrome
- Pulmonary embolism
- Acute pulmonary edema
- Pancreatic neoplasm
- Acute dystonic reactions
- Possible NSTEMI / STEMI
- Chagas
- Pulmonary neoplasm
- SLE
- Unstable angina
- Panic attack
- Myasthenia gravis","There are 22 candidate pathologies. Estimate the probability (0 to 1) that your chosen pathology is the correct diagnosis for this patient, given only the symptoms and candidates provided. A uniform prior would assign 0.05 to each candidate. Respond with ONLY valid JSON: {""Answer"": ""<pathology>"", ""Confidence"": ""0.XX""}",58,F,Unstable angina,"[[""Unstable angina"", 0.081373129467511], [""Possible NSTEMI / STEMI"", 0.0712667951318636], [""Panic attack"", 0.06787029162740923], [""Spontaneous pneumothorax"", 0.06653176287464291], [""Stable angina"", 0.06611634272963719], [""Myocarditis"", 0.06090112528843096], [""Acute pulmonary edema"", 0.0582010830934162], [""Pulmonary embolism"", 0.05204121440449274], [""Atrial fibrillation"", 0.0516831457941356], [""Anemia"", 0.048747220451676655], [""GERD"", 0.04718067815557305], [""Guillain-Barr\u00e9 syndrome"", 0.044557798997485534], [""Pancreatic neoplasm"", 0.04161896289462874], [""Anaphylaxis"", 0.03912077157336968], [""SLE"", 0.03584687506283184], [""Pulmonary neoplasm"", 0.035054925045909874], [""Acute dystonic reactions"", 0.03137806458033402], [""Myasthenia gravis"", 0.03137806458033402], [""Chagas"", 0.026263896801827374], [""Scombroid food poisoning"", 0.0198484162684097], [""PSVT"", 0.016761055532237078], [""Pericarditis"", 0.006258379643842932]]"
med_test_00069_c0,"You are a diagnostic reasoning assistant. Based on the patient vignette below, pick the single most likely pathology from the candidate list. You MUST commit to one diagnosis — do not hedge or list alternatives.

{""patient"": {""age"": 78, ""sex"": ""male""}, ""findings"": [{""finding"": ""Have you recently had a viral infection?"", ""value"": ""yes""}, {""finding"": ""Have you ever had a pericarditis?"", ""value"": ""yes""}, {""finding"": ""Do you have pain somewhere, related to your reason for consulting?"", ""value"": ""yes""}, {""finding"": ""Characterize your pain:"", ""value"": ""a knife stroke""}, {""finding"": ""Do you feel pain somewhere?"", ""value"": ""lower chest""}, {""finding"": ""Do you feel pain somewhere?"", ""value"": ""breast(R)""}, {""finding"": ""Do you feel pain somewhere?"", ""value"": ""epigastric""}, {""finding"": ""How intense is the pain?"", ""value"": ""4""}, {""finding"": ""Does the pain radiate to another location?"", ""value"": ""thoracic spine""}, {""finding"": ""Does the pain radiate to another location?"", ""value"": ""posterior chest wall(R)""}, {""finding"": ""Does the pain radiate to another location?"", ""value"": ""posterior chest wall(L)""}, {""finding"": ""How precisely is the pain located?"", ""value"": ""2""}, {""finding"": ""How fast did the pain appear?"", ""value"": ""5""}, {""finding"": ""Do you feel your heart is beating fast (racing), irregularly (missing a beat) or do you feel palpitations?"", ""value"": ""yes""}, {""finding"": ""Have you traveled out of the country in the last 4 weeks?"", ""value"": ""N""}, {""finding"": ""Are your symptoms worse when lying down and alleviated while sitting up?"", ""value"": ""yes""}, {""finding"": ""Do you have pain that is increased when you breathe in deeply?"", ""value"": ""yes""}]}

Candidate pathologies:
- Pulmonary embolism
- Unstable angina
- Myocarditis
- Boerhaave
- Panic attack
- Anaphylaxis
- Scombroid food poisoning
- Pericarditis
- Pancreatic neoplasm
- Spontaneous pneumothorax
- PSVT
- Possible NSTEMI / STEMI
- Stable angina
- GERD","There are 14 candidate pathologies. Estimate the probability (0 to 1) that your chosen pathology is the correct diagnosis for this patient, given only the symptoms and candidates provided. A uniform prior would assign 0.07 to each candidate. Respond with ONLY valid JSON: {""Answer"": ""<pathology>"", ""Confidence"": ""0.XX""}",78,M,Pericarditis,"[[""Pericarditis"", 0.15181006458378218], [""Possible NSTEMI / STEMI"", 0.09716087293548667], [""Pulmonary embolism"", 0.09358857359654474], [""Panic attack"", 0.09294739402741353], [""Unstable angina"", 0.0913174886061836], [""Boerhaave"", 0.08618404816735661], [""PSVT"", 0.08207482781608405], [""GERD"", 0.06625277294082435], [""Spontaneous pneumothorax"", 0.05450372229087901], [""Stable angina"", 0.050847735473261574], [""Pancreatic neoplasm"", 0.05029301071547204], [""Scombroid food poisoning"", 0.03520468502771118], [""Anaphylaxis"", 0.03068289017614274], [""Myocarditis"", 0.017131913642857773]]"
med_test_00070_c0,"You are a diagnostic reasoning assistant. Based on the patient vignette below, pick the single most likely pathology from the candidate list. You MUST commit to one diagnosis — do not hedge or list alternatives.

{""patient"": {""age"": 40, ""sex"": ""male""}, ""findings"": [{""finding"": ""Are you infected with the human immunodeficiency virus (HIV)?"", ""value"": ""yes""}, {""finding"": ""Are you experiencing shortness of breath or difficulty breathing in a significant way?"", ""value"": ""yes""}, {""finding"": ""Do you have diabetes?"", ""value"": ""yes""}, {""finding"": ""Do you have a fever (either felt or measured with a thermometer)?"", ""value"": ""yes""}, {""finding"": ""Have you had an involuntary weight loss over the last 3 months?"", ""value"": ""yes""}, {""finding"": ""Do you have a cough?"", ""value"": ""yes""}, {""finding"": ""Have you traveled out of the country in the last 4 weeks?"", ""value"": ""N""}]}

Candidate pathologies:
- Pulmonary neoplasm
- Pneumonia
- Pulmonary embolism
- Guillain-Barré syndrome
- Acute dystonic reactions
- Tuberculosis
- Acute pulmonary edema
- Bronchitis
- Atrial fibrillation
- Myocarditis
- Bronchospasm / acute asthma exacerbation","There are 11 candidate pathologies. Estimate the probability (0 to 1) that your chosen pathology is the correct diagnosis for this patient, given only the symptoms and candidates provided. A uniform prior would assign 0.09 to each candidate. Respond with ONLY valid JSON: {""Answer"": ""<pathology>"", ""Confidence"": ""0.XX""}",40,M,Tuberculosis,"[[""Pulmonary neoplasm"", 0.14827124500621616], [""Bronchitis"", 0.14702205464145457], [""Tuberculosis"", 0.13209747570476477], [""Pneumonia"", 0.1057334892159614], [""Acute pulmonary edema"", 0.09729613380086641], [""Bronchospasm / acute asthma exacerbation"", 0.08630425500224104], [""Atrial fibrillation"", 0.08494837092083647], [""Guillain-Barr\u00e9 syndrome"", 0.06262848099917458], [""Acute dystonic reactions"", 0.06262848099917458], [""Pulmonary embolism"", 0.039616087791115515], [""Myocarditis"", 0.033453925918194585]]"
med_test_00071_c0,"You are a diagnostic reasoning assistant. Based on the patient vignette below, pick the single most likely pathology from the candidate list. You MUST commit to one diagnosis — do not hedge or list alternatives.

{""patient"": {""age"": 5, ""sex"": ""female""}, ""findings"": [{""finding"": ""Do you have pain somewhere, related to your reason for consulting?"", ""value"": ""yes""}, {""finding"": ""Characterize your pain:"", ""value"": ""a knife stroke""}, {""finding"": ""Characterize your pain:"", ""value"": ""sharp""}, {""finding"": ""Do you feel pain somewhere?"", ""value"": ""tonsil(R)""}, {""finding"": ""Do you feel pain somewhere?"", ""value"": ""tonsil(L)""}, {""finding"": ""Do you feel pain somewhere?"", ""value"": ""back of the neck""}, {""finding"": ""Do you feel pain somewhere?"", ""value"": ""palace""}, {""finding"": ""Do you feel pain somewhere?"", ""value"": ""pharynx""}, {""finding"": ""How intense is the pain?"", ""value"": ""5""}, {""finding"": ""Does the pain radiate to another location?"", ""value"": ""nowhere""}, {""finding"": ""How precisely is the pain located?"", ""value"": ""6""}, {""finding"": ""How fast did the pain appear?"", ""value"": ""3""}, {""finding"": ""Do you regularly take stimulant drugs?"", ""value"": ""yes""}, {""finding"": ""Do you have difficulty swallowing, or have a feeling of discomfort/blockage when swallowing?"", ""value"": ""yes""}, {""finding"": ""Are you experiencing shortness of breath or difficulty breathing in a significant way?"", ""value"": ""yes""}, {""finding"": ""Do you have diabetes?"", ""value"": ""yes""}, {""finding"": ""Do you drink alcohol excessively or do you have an addiction to alcohol?"", ""value"": ""yes""}, {""finding"": ""Do you have a fever (either felt or measured with a thermometer)?"", ""value"": ""yes""}, {""finding"": ""Have you traveled out of the country in the last 4 weeks?"", ""value"": ""N""}, {""finding"": ""Are your vaccinations up to date?"", ""value"": ""yes""}, {""finding"": ""Have you noticed that the tone of your voice has become deeper, softer or hoarse?"", ""value"": ""yes""}]}

Candidate pathologies:
- Myasthenia gravis
- Chagas
- Guillain-Barré syndrome
- HIV (initial infection)
- Epiglottitis
- Atrial fibrillation
- Acute laryngitis
- Pneumonia
- Pulmonary embolism
- Viral pharyngitis
- Croup
- Myocarditis
- Acute dystonic reactions
- PSVT","There are 14 candidate pathologies. Estimate the probability (0 to 1) that your chosen pathology is the correct diagnosis for this patient, given only the symptoms and candidates provided. A uniform prior would assign 0.07 to each candidate. Respond with ONLY valid JSON: {""Answer"": ""<pathology>"", ""Confidence"": ""0.XX""}",5,F,Epiglottitis,"[[""Epiglottitis"", 0.1570254359617128], [""Atrial fibrillation"", 0.09096846470353802], [""Acute laryngitis"", 0.08948611253487265], [""Chagas"", 0.08352037169921447], [""Pneumonia"", 0.07492566032580862], [""Myasthenia gravis"", 0.07086702708950833], [""Guillain-Barr\u00e9 syndrome"", 0.06706681601368035], [""Acute dystonic reactions"", 0.06706681601368035], [""Myocarditis"", 0.06706681601368035], [""Croup"", 0.06706681601368035], [""HIV (initial infection)"", 0.06611851493092022], [""Pulmonary embolism"", 0.04242358793762809], [""PSVT"", 0.03582472796235341], [""Viral pharyngitis"", 0.020572832799721864]]"
med_test_00072_c0,"You are a diagnostic reasoning assistant. Based on the patient vignette below, pick the single most likely pathology from the candidate list. You MUST commit to one diagnosis — do not hedge or list alternatives.

{""patient"": {""age"": 0, ""sex"": ""female""}, ""findings"": [{""finding"": ""Do you have an active cancer?"", ""value"": ""yes""}, {""finding"": ""Do you have pain somewhere, related to your reason for consulting?"", ""value"": ""yes""}, {""finding"": ""Characterize your pain:"", ""value"": ""sensitive""}, {""finding"": ""Do you feel pain somewhere?"", ""value"": ""scapula(R)""}, {""finding"": ""Do you feel pain somewhere?"", ""value"": ""scapula(L)""}, {""finding"": ""Do you feel pain somewhere?"", ""value"": ""breast(R)""}, {""finding"": ""Do you feel pain somewhere?"", ""value"": ""posterior chest wall(R)""}, {""finding"": ""Do you feel pain somewhere?"", ""value"": ""posterior chest wall(L)""}, {""finding"": ""How intense is the pain?"", ""value"": ""5""}, {""finding"": ""Does the pain radiate to another location?"", ""value"": ""side of the chest(L)""}, {""finding"": ""Does the pain radiate to another location?"", ""value"": ""scapula(R)""}, {""finding"": ""Does the pain radiate to another location?"", ""value"": ""scapula(L)""}, {""finding"": ""Does the pain radiate to another location?"", ""value"": ""posterior chest wall(R)""}, {""finding"": ""Does the pain radiate to another location?"", ""value"": ""posterior chest wall(L)""}, {""finding"": ""How precisely is the pain located?"", ""value"": ""6""}, {""finding"": ""How fast did the pain appear?"", ""value"": ""4""}, {""finding"": ""Are you experiencing shortness of breath or difficulty breathing in a significant way?"", ""value"": ""yes""}, {""finding"": ""Do you currently take hormones?"", ""value"": ""yes""}, {""finding"": ""Have you ever had deep vein thrombosis (DVT)?"", ""value"": ""yes""}, {""finding"": ""Do you have swelling in one or more areas of your body?"", ""value"": ""yes""}, {""finding"": ""Where is the swelling located?"", ""value"": ""posterior aspect of the ankle(R)""}, {""finding"": ""Have you had surgery within the last month?"", ""value"": ""yes""}, {""finding"": ""Have you traveled out of the country in the last 4 weeks?"", ""value"": ""North America""}, {""finding"": ""Do you have pain that is increased when you breathe in deeply?"", ""value"": ""yes""}]}

Candidate pathologies:
- Anaphylaxis
- Scombroid food poisoning
- Myasthenia gravis
- Anemia
- Pulmonary embolism
- Sarcoidosis
- SLE
- Atrial fibrillation
- Chagas
- Guillain-Barré syndrome
- Acute dystonic reactions
- Myocarditis","There are 12 candidate pathologies. Estimate the probability (0 to 1) that your chosen pathology is the correct diagnosis for this patient, given only the symptoms and candidates provided. A uniform prior would assign 0.08 to each candidate. Respond with ONLY valid JSON: {""Answer"": ""<pathology>"", ""Confidence"": ""0.XX""}",0,F,Pulmonary embolism,"[[""Pulmonary embolism"", 0.17397640345946683], [""Anaphylaxis"", 0.12782837751181134], [""Myocarditis"", 0.10229969491281109], [""Guillain-Barr\u00e9 syndrome"", 0.09190397872150484], [""Atrial fibrillation"", 0.08778491887403347], [""SLE"", 0.07393701029067552], [""Acute dystonic reactions"", 0.06471973581270829], [""Myasthenia gravis"", 0.06471973581270829], [""Anemia"", 0.06471973581270829], [""Chagas"", 0.05417136095423281], [""Sarcoidosis"", 0.05300012205039799], [""Scombroid food poisoning"", 0.04093892578694103]]"
med_test_00073_c0,"You are a diagnostic reasoning assistant. Based on the patient vignette below, pick the single most likely pathology from the candidate list. You MUST commit to one diagnosis — do not hedge or list alternatives.

{""patient"": {""age"": 55, ""sex"": ""female""}, ""findings"": [{""finding"": ""Do you have cystic fibrosis?"", ""value"": ""yes""}, {""finding"": ""Do you have Rheumatoid Arthritis?"", ""value"": ""yes""}, {""finding"": ""Do you suffer from Crohn\u2019s disease or ulcerative colitis (UC)?"", ""value"": ""yes""}, {""finding"": ""Are you experiencing shortness of breath or difficulty breathing in a significant way?"", ""value"": ""yes""}, {""finding"": ""Do you have a chronic obstructive pulmonary disease (COPD)?"", ""value"": ""yes""}, {""finding"": ""Do you have asthma or have you ever had to use a bronchodilator in the past?"", ""value"": ""yes""}, {""finding"": ""Do you have a cough?"", ""value"": ""yes""}, {""finding"": ""Have you traveled out of the country in the last 4 weeks?"", ""value"": ""N""}, {""finding"": ""Are you immunosuppressed?"", ""value"": ""yes""}]}

Candidate pathologies:
- Acute dystonic reactions
- Bronchiectasis
- Guillain-Barré syndrome
- Bronchitis
- Pulmonary embolism
- PSVT
- SLE
- Scombroid food poisoning
- Bronchospasm / acute asthma exacerbation
- Myocarditis
- Myasthenia gravis
- Anaphylaxis
- Acute pulmonary edema
- Atrial fibrillation
- Anemia
- Pneumonia","There are 16 candidate pathologies. Estimate the probability (0 to 1) that your chosen pathology is the correct diagnosis for this patient, given only the symptoms and candidates provided. A uniform prior would assign 0.06 to each candidate. Respond with ONLY valid JSON: {""Answer"": ""<pathology>"", ""Confidence"": ""0.XX""}",55,F,Bronchiectasis,"[[""Bronchitis"", 0.12696040269697986], [""Acute pulmonary edema"", 0.08596702522875403], [""Guillain-Barr\u00e9 syndrome"", 0.07857886860137561], [""Bronchospasm / acute asthma exacerbation"", 0.07625503478186929], [""Atrial fibrillation"", 0.07505702910086313], [""Myocarditis"", 0.07412403561795194], [""Pulmonary embolism"", 0.06658077182374313], [""Bronchiectasis"", 0.05930188345128811], [""Acute dystonic reactions"", 0.055336054946580414], [""Myasthenia gravis"", 0.055336054946580414], [""Anemia"", 0.055336054946580414], [""Anaphylaxis"", 0.055336054946580414], [""Pneumonia"", 0.04565099564585778], [""Scombroid food poisoning"", 0.035003212209579436], [""PSVT"", 0.029558569092749426], [""SLE"", 0.025617951962666845]]"
med_test_00074_c0,"You are a diagnostic reasoning assistant. Based on the patient vignette below, pick the single most likely pathology from the candidate list. You MUST commit to one diagnosis — do not hedge or list alternatives.

{""patient"": {""age"": 39, ""sex"": ""male""}, ""findings"": [{""finding"": ""Have you been in contact with or ate something that you have an allergy to?"", ""value"": ""yes""}, {""finding"": ""Do you have pain somewhere, related to your reason for consulting?"", ""value"": ""yes""}, {""finding"": ""Characterize your pain:"", ""value"": ""a cramp""}, {""finding"": ""Do you feel pain somewhere?"", ""value"": ""iliac fossa(L)""}, {""finding"": ""Do you feel pain somewhere?"", ""value"": ""hypochondrium(R)""}, {""finding"": ""Do you feel pain somewhere?"", ""value"": ""pubis""}, {""finding"": ""Do you feel pain somewhere?"", ""value"": ""epigastric""}, {""finding"": ""How intense is the pain?"", ""value"": ""3""}, {""finding"": ""Does the pain radiate to another location?"", ""value"": ""nowhere""}, {""finding"": ""How precisely is the pain located?"", ""value"": ""2""}, {""finding"": ""How fast did the pain appear?"", ""value"": ""8""}, {""finding"": ""Are you experiencing shortness of breath or difficulty breathing in a significant way?"", ""value"": ""yes""}, {""finding"": ""Do you feel lightheaded and dizzy or do you feel like you are about to faint?"", ""value"": ""yes""}, {""finding"": ""Do you have any lesions, redness or problems on your skin that you believe are related to the condition you are consulting for?"", ""value"": ""yes""}, {""finding"": ""What color is the rash?"", ""value"": ""pink""}, {""finding"": ""Do your lesions peel off?"", ""value"": ""N""}, {""finding"": ""Is the rash swollen?"", ""value"": ""3""}, {""finding"": ""Where is the affected region located?"", ""value"": ""back of the neck""}, {""finding"": ""Where is the affected region located?"", ""value"": ""biceps(R)""}, {""finding"": ""Where is the affected region located?"", ""value"": ""biceps(L)""}, {""finding"": ""Where is the affected region located?"", ""value"": ""mouth""}, {""finding"": ""Where is the affected region located?"", ""value"": ""ankle(R)""}, {""finding"": ""How intense is the pain caused by the rash?"", ""value"": ""1""}, {""finding"": ""Is the lesion (or are the lesions) larger than 1cm?"", ""value"": ""Y""}, {""finding"": ""How severe is the itching?"", ""value"": ""8""}, {""finding"": ""Do you have swelling in one or more areas of your body?"", ""value"": ""yes""}, {""finding"": ""Where is the swelling located?"", ""value"": ""cheek(R)""}, {""finding"": ""Where is the swelling located?"", ""value"": ""cheek(L)""}, {""finding"": ""Where is the swelling located?"", ""value"": ""nose""}, {""finding"": ""Did you lose consciousness?"", ""value"": ""yes""}, {""finding"": ""Have you noticed a high pitched sound when breathing in?"", ""value"": ""yes""}, {""finding"": ""Have you traveled out of the country in the last 4 weeks?"", ""value"": ""N""}, {""finding"": ""Have you noticed a wheezing sound when you exhale?"", ""value"": ""yes""}, {""finding"": ""Are you more likely to develop common allergies than the general population?"", ""value"": ""yes""}]}

Candidate pathologies:
- Acute COPD exacerbation / infection
- Acute dystonic reactions
- Pericarditis
- SLE
- Myocarditis
- Pulmonary embolism
- Bronchospasm / acute asthma exacerbation
- Panic attack
- Larygospasm
- Chagas
- Atrial fibrillation
- PSVT
- Epiglottitis
- Anaphylaxis
- GERD
- Possible NSTEMI / STEMI
- Acute pulmonary edema
- Anemia
- Guillain-Barré syndrome
- Stable angina
- Unstable angina
- Inguinal hernia
- Myasthenia gravis","There are 23 candidate pathologies. Estimate the probability (0 to 1) that your chosen pathology is the correct diagnosis for this patient, given only the symptoms and candidates provided. A uniform prior would assign 0.04 to each candidate. Respond with ONLY valid JSON: {""Answer"": ""<pathology>"", ""Confidence"": ""0.XX""}",39,M,Anaphylaxis,"[[""Anaphylaxis"", 0.07436503370448466], [""Pulmonary embolism"", 0.06262424682109574], [""Panic attack"", 0.0600729415217466], [""Bronchospasm / acute asthma exacerbation"", 0.05786367265524916], [""Possible NSTEMI / STEMI"", 0.05601664531053361], [""Acute pulmonary edema"", 0.053494453138995354], [""Pericarditis"", 0.048021738755331715], [""Unstable angina"", 0.047591003031427936], [""Epiglottitis"", 0.045769559350927726], [""Anemia"", 0.045769559350927726], [""Inguinal hernia"", 0.04565017124537654], [""Stable angina"", 0.04386049972191981], [""GERD"", 0.04317718801953513], [""Larygospasm"", 0.04179183555133588], [""PSVT"", 0.038028477305896945], [""Guillain-Barr\u00e9 syndrome"", 0.03578225891807078], [""Atrial fibrillation"", 0.03417852784993193], [""Myocarditis"", 0.033753672987949145], [""Acute COPD exacerbation / infection"", 0.03191381799882632], [""SLE"", 0.028786928299002548], [""Acute dystonic reactions"", 0.02519823816308382], [""Myasthenia gravis"", 0.02519823816308382], [""Chagas"", 0.021091292135267087]]"
med_test_00075_c0,"You are a diagnostic reasoning assistant. Based on the patient vignette below, pick the single most likely pathology from the candidate list. You MUST commit to one diagnosis — do not hedge or list alternatives.

{""patient"": {""age"": 43, ""sex"": ""male""}, ""findings"": [{""finding"": ""Have you been diagnosed with hyperthyroidism?"", ""value"": ""yes""}, {""finding"": ""Do you have a known issue with one of your heart valves?"", ""value"": ""yes""}, {""finding"": ""Do you have severe Chronic Obstructive Pulmonary Disease (COPD)?"", ""value"": ""yes""}, {""finding"": ""Are you experiencing shortness of breath or difficulty breathing in a significant way?"", ""value"": ""yes""}, {""finding"": ""Do you have diabetes?"", ""value"": ""yes""}, {""finding"": ""Are you significantly overweight compared to people of the same height as you?"", ""value"": ""yes""}, {""finding"": ""Do you have high blood pressure or do you take medications to treat high blood pressure?"", ""value"": ""yes""}, {""finding"": ""Have you ever had a heart attack or do you have angina (chest pain)?"", ""value"": ""yes""}, {""finding"": ""Do you have a known heart defect?"", ""value"": ""yes""}, {""finding"": ""Do you feel your heart is beating fast (racing), irregularly (missing a beat) or do you feel palpitations?"", ""value"": ""yes""}, {""finding"": ""Have you traveled out of the country in the last 4 weeks?"", ""value"": ""N""}, {""finding"": ""Do you have symptoms that are increased with physical exertion but alleviated with rest?"", ""value"": ""yes""}]}

Candidate pathologies:
- Panic attack
- PSVT
- Scombroid food poisoning
- Pulmonary embolism
- Anemia
- Myocarditis
- Acute dystonic reactions
- Pulmonary neoplasm
- Atrial fibrillation
- Possible NSTEMI / STEMI","There are 10 candidate pathologies. Estimate the probability (0 to 1) that your chosen pathology is the correct diagnosis for this patient, given only the symptoms and candidates provided. A uniform prior would assign 0.10 to each candidate. Respond with ONLY valid JSON: {""Answer"": ""<pathology>"", ""Confidence"": ""0.XX""}",43,M,Atrial fibrillation,"[[""PSVT"", 0.21701425262383459], [""Myocarditis"", 0.17773997375303385], [""Panic attack"", 0.1209342967185559], [""Atrial fibrillation"", 0.10982706751468467], [""Scombroid food poisoning"", 0.10614853898164102], [""Acute dystonic reactions"", 0.10614853898164102], [""Anemia"", 0.10614853898164102], [""Possible NSTEMI / STEMI"", 0.031948083297986436], [""Pulmonary neoplasm"", 0.02409070914698141], [""Pulmonary embolism"", 0.0]]"
med_test_00076_c0,"You are a diagnostic reasoning assistant. Based on the patient vignette below, pick the single most likely pathology from the candidate list. You MUST commit to one diagnosis — do not hedge or list alternatives.

{""patient"": {""age"": 11, ""sex"": ""female""}, ""findings"": [{""finding"": ""Do you have an active cancer?"", ""value"": ""yes""}, {""finding"": ""Have you been coughing up blood?"", ""value"": ""yes""}, {""finding"": ""Do you have pain somewhere, related to your reason for consulting?"", ""value"": ""yes""}, {""finding"": ""Characterize your pain:"", ""value"": ""sensitive""}, {""finding"": ""Characterize your pain:"", ""value"": ""sharp""}, {""finding"": ""Do you feel pain somewhere?"", ""value"": ""side of the chest(R)""}, {""finding"": ""Do you feel pain somewhere?"", ""value"": ""side of the chest(L)""}, {""finding"": ""Do you feel pain somewhere?"", ""value"": ""scapula(R)""}, {""finding"": ""Do you feel pain somewhere?"", ""value"": ""scapula(L)""}, {""finding"": ""Do you feel pain somewhere?"", ""value"": ""posterior chest wall(R)""}, {""finding"": ""How intense is the pain?"", ""value"": ""6""}, {""finding"": ""Does the pain radiate to another location?"", ""value"": ""side of the chest(L)""}, {""finding"": ""Does the pain radiate to another location?"", ""value"": ""scapula(R)""}, {""finding"": ""Does the pain radiate to another location?"", ""value"": ""scapula(L)""}, {""finding"": ""Does the pain radiate to another location?"", ""value"": ""posterior chest wall(R)""}, {""finding"": ""Does the pain radiate to another location?"", ""value"": ""posterior chest wall(L)""}, {""finding"": ""How precisely is the pain located?"", ""value"": ""9""}, {""finding"": ""How fast did the pain appear?"", ""value"": ""0""}, {""finding"": ""Are you experiencing shortness of breath or difficulty breathing in a significant way?"", ""value"": ""yes""}, {""finding"": ""Do you currently take hormones?"", ""value"": ""yes""}, {""finding"": ""Have you ever had deep vein thrombosis (DVT)?"", ""value"": ""yes""}, {""finding"": ""Have you been unable to move or get up for more than 3 consecutive days within the last 4 weeks?"", ""value"": ""yes""}, {""finding"": ""Do you have swelling in one or more areas of your body?"", ""value"": ""yes""}, {""finding"": ""Where is the swelling located?"", ""value"": ""posterior aspect of the ankle(R)""}, {""finding"": ""Where is the swelling located?"", ""value"": ""calf(R)""}, {""finding"": ""Where is the swelling located?"", ""value"": ""calf(L)""}, {""finding"": ""Did you lose consciousness?"", ""value"": ""yes""}, {""finding"": ""Have you had surgery within the last month?"", ""value"": ""yes""}, {""finding"": ""Have you traveled out of the country in the last 4 weeks?"", ""value"": ""North America""}]}

Candidate pathologies:
- Sarcoidosis
- Atrial fibrillation
- Anemia
- Myocarditis
- Ebola
- Acute dystonic reactions
- Guillain-Barré syndrome
- Pulmonary embolism
- Panic attack
- Myasthenia gravis","There are 10 candidate pathologies. Estimate the probability (0 to 1) that your chosen pathology is the correct diagnosis for this patient, given only the symptoms and candidates provided. A uniform prior would assign 0.10 to each candidate. Respond with ONLY valid JSON: {""Answer"": ""<pathology>"", ""Confidence"": ""0.XX""}",11,F,Pulmonary embolism,"[[""Pulmonary embolism"", 0.17794800633214358], [""Panic attack"", 0.1400531699946779], [""Ebola"", 0.11463133338906698], [""Myocarditis"", 0.10968864989675796], [""Guillain-Barr\u00e9 syndrome"", 0.09854206656915265], [""Atrial fibrillation"", 0.09412549314830175], [""Acute dystonic reactions"", 0.06939434618080968], [""Myasthenia gravis"", 0.06939434618080968], [""Anemia"", 0.06939434618080968], [""Sarcoidosis"", 0.05682824212747007]]"
med_test_00077_c0,"You are a diagnostic reasoning assistant. Based on the patient vignette below, pick the single most likely pathology from the candidate list. You MUST commit to one diagnosis — do not hedge or list alternatives.

{""patient"": {""age"": 63, ""sex"": ""female""}, ""findings"": [{""finding"": ""Have you had 2 or more asthma attacks in the past year?"", ""value"": ""yes""}, {""finding"": ""Are you experiencing shortness of breath or difficulty breathing in a significant way?"", ""value"": ""yes""}, {""finding"": ""Have you been hospitalized for an asthma attack in the past year?"", ""value"": ""yes""}, {""finding"": ""Have you had a cold in the last 2 weeks?"", ""value"": ""yes""}, {""finding"": ""Have you been diagnosed with chronic sinusitis?"", ""value"": ""yes""}, {""finding"": ""Do you have asthma or have you ever had to use a bronchodilator in the past?"", ""value"": ""yes""}, {""finding"": ""Do you have a cough?"", ""value"": ""yes""}, {""finding"": ""Have you traveled out of the country in the last 4 weeks?"", ""value"": ""N""}, {""finding"": ""Have you noticed a wheezing sound when you exhale?"", ""value"": ""yes""}, {""finding"": ""Are you more likely to develop common allergies than the general population?"", ""value"": ""yes""}]}

Candidate pathologies:
- SLE
- Atrial fibrillation
- Tuberculosis
- Myasthenia gravis
- Guillain-Barré syndrome
- Acute COPD exacerbation / infection
- Acute dystonic reactions
- Pulmonary neoplasm
- Pneumonia
- Bronchitis
- Scombroid food poisoning
- Anaphylaxis
- PSVT
- Myocarditis
- Bronchiectasis
- Anemia
- Pulmonary embolism
- Acute pulmonary edema
- Bronchospasm / acute asthma exacerbation","There are 19 candidate pathologies. Estimate the probability (0 to 1) that your chosen pathology is the correct diagnosis for this patient, given only the symptoms and candidates provided. A uniform prior would assign 0.05 to each candidate. Respond with ONLY valid JSON: {""Answer"": ""<pathology>"", ""Confidence"": ""0.XX""}",63,F,Bronchospasm / acute asthma exacerbation,"[[""Bronchospasm / acute asthma exacerbation"", 0.09889657381739657], [""Bronchitis"", 0.0857301002122807], [""Pulmonary neoplasm"", 0.07986229104471873], [""Acute COPD exacerbation / infection"", 0.07492867699108588], [""Pneumonia"", 0.06308989750274147], [""Pulmonary embolism"", 0.06017389251840222], [""Tuberculosis"", 0.0578302852327805], [""Acute pulmonary edema"", 0.056365133627181756], [""Anaphylaxis"", 0.056365133627181756], [""Guillain-Barr\u00e9 syndrome"", 0.05152101538006757], [""Atrial fibrillation"", 0.04921188634446758], [""Myocarditis"", 0.04860015990403715], [""Bronchiectasis"", 0.03888186867209874], [""Acute dystonic reactions"", 0.03628163383768959], [""Myasthenia gravis"", 0.03628163383768959], [""Anemia"", 0.03628163383768959], [""Scombroid food poisoning"", 0.033521149754498075], [""PSVT"", 0.019380369302157058], [""SLE"", 0.016796664555835627]]"
med_test_00078_c0,"You are a diagnostic reasoning assistant. Based on the patient vignette below, pick the single most likely pathology from the candidate list. You MUST commit to one diagnosis — do not hedge or list alternatives.

{""patient"": {""age"": 4, ""sex"": ""female""}, ""findings"": [{""finding"": ""Do you have pain somewhere, related to your reason for consulting?"", ""value"": ""yes""}, {""finding"": ""Characterize your pain:"", ""value"": ""sensitive""}, {""finding"": ""Characterize your pain:"", ""value"": ""burning""}, {""finding"": ""Do you feel pain somewhere?"", ""value"": ""lower chest""}, {""finding"": ""Do you feel pain somewhere?"", ""value"": ""side of the chest(L)""}, {""finding"": ""Do you feel pain somewhere?"", ""value"": ""breast(R)""}, {""finding"": ""Do you feel pain somewhere?"", ""value"": ""breast(L)""}, {""finding"": ""Do you feel pain somewhere?"", ""value"": ""posterior chest wall(L)""}, {""finding"": ""How intense is the pain?"", ""value"": ""3""}, {""finding"": ""Does the pain radiate to another location?"", ""value"": ""nowhere""}, {""finding"": ""How precisely is the pain located?"", ""value"": ""1""}, {""finding"": ""How fast did the pain appear?"", ""value"": ""4""}, {""finding"": ""Are you experiencing shortness of breath or difficulty breathing in a significant way?"", ""value"": ""yes""}, {""finding"": ""Do you smoke cigarettes?"", ""value"": ""yes""}, {""finding"": ""Do you have a fever (either felt or measured with a thermometer)?"", ""value"": ""yes""}, {""finding"": ""Do you have a chronic obstructive pulmonary disease (COPD)?"", ""value"": ""yes""}, {""finding"": ""Do you have a cough?"", ""value"": ""yes""}, {""finding"": ""Have you traveled out of the country in the last 4 weeks?"", ""value"": ""N""}, {""finding"": ""Are your vaccinations up to date?"", ""value"": ""yes""}, {""finding"": ""Have you noticed a wheezing sound when you exhale?"", ""value"": ""yes""}]}

Candidate pathologies:
- Guillain-Barré syndrome
- Croup
- GERD
- Bronchitis
- Pneumonia
- Acute dystonic reactions
- Myocarditis
- Myasthenia gravis
- Sarcoidosis
- Atrial fibrillation
- Chagas
- Tuberculosis
- Bronchospasm / acute asthma exacerbation","There are 13 candidate pathologies. Estimate the probability (0 to 1) that your chosen pathology is the correct diagnosis for this patient, given only the symptoms and candidates provided. A uniform prior would assign 0.08 to each candidate. Respond with ONLY valid JSON: {""Answer"": ""<pathology>"", ""Confidence"": ""0.XX""}",4,F,Bronchitis,"[[""Bronchospasm / acute asthma exacerbation"", 0.13917923497107462], [""Pneumonia"", 0.1250662216568762], [""Bronchitis"", 0.11460860498628156], [""Tuberculosis"", 0.10078300008994559], [""GERD"", 0.0991356257506453], [""Atrial fibrillation"", 0.06925692598363442], [""Myocarditis"", 0.06738545678350688], [""Guillain-Barr\u00e9 syndrome"", 0.051059908812958535], [""Acute dystonic reactions"", 0.051059908812958535], [""Myasthenia gravis"", 0.051059908812958535], [""Croup"", 0.051059908812958535], [""Sarcoidosis"", 0.041813851138088415], [""Chagas"", 0.03853144338811313]]"
med_test_00079_c0,"You are a diagnostic reasoning assistant. Based on the patient vignette below, pick the single most likely pathology from the candidate list. You MUST commit to one diagnosis — do not hedge or list alternatives.

{""patient"": {""age"": 76, ""sex"": ""female""}, ""findings"": [{""finding"": ""Have you been coughing up blood?"", ""value"": ""yes""}, {""finding"": ""Are you experiencing shortness of breath or difficulty breathing in a significant way?"", ""value"": ""yes""}, {""finding"": ""Do you drink alcohol excessively or do you have an addiction to alcohol?"", ""value"": ""yes""}, {""finding"": ""Do you have a fever (either felt or measured with a thermometer)?"", ""value"": ""yes""}, {""finding"": ""Do you have a cough?"", ""value"": ""yes""}, {""finding"": ""Have you traveled out of the country in the last 4 weeks?"", ""value"": ""N""}, {""finding"": ""Is your BMI less than 18.5, or are you underweight?"", ""value"": ""yes""}]}

Candidate pathologies:
- Pneumonia
- Myocarditis
- Bronchospasm / acute asthma exacerbation
- Pulmonary neoplasm
- Tuberculosis
- Pulmonary embolism
- Guillain-Barré syndrome
- Acute dystonic reactions
- Atrial fibrillation
- Acute pulmonary edema
- Bronchitis
- Bronchiectasis","There are 12 candidate pathologies. Estimate the probability (0 to 1) that your chosen pathology is the correct diagnosis for this patient, given only the symptoms and candidates provided. A uniform prior would assign 0.08 to each candidate. Respond with ONLY valid JSON: {""Answer"": ""<pathology>"", ""Confidence"": ""0.XX""}",76,F,Tuberculosis,"[[""Bronchitis"", 0.12776269587820469], [""Tuberculosis"", 0.12614190981319218], [""Pulmonary neoplasm"", 0.11033275344087419], [""Pneumonia"", 0.09638971597991308], [""Bronchiectasis"", 0.08685870923114501], [""Acute pulmonary edema"", 0.08455069127717246], [""Pulmonary embolism"", 0.08122404048094702], [""Bronchospasm / acute asthma exacerbation"", 0.07499870894701337], [""Atrial fibrillation"", 0.07382044078880368], [""Guillain-Barr\u00e9 syndrome"", 0.054424375925945755], [""Acute dystonic reactions"", 0.054424375925945755], [""Myocarditis"", 0.029071582310842867]]"
med_test_00080_c0,"You are a diagnostic reasoning assistant. Based on the patient vignette below, pick the single most likely pathology from the candidate list. You MUST commit to one diagnosis — do not hedge or list alternatives.

{""patient"": {""age"": 38, ""sex"": ""male""}, ""findings"": [{""finding"": ""Have you been coughing up blood?"", ""value"": ""yes""}, {""finding"": ""Characterize your pain:"", ""value"": ""NA""}, {""finding"": ""Do you feel pain somewhere?"", ""value"": ""nowhere""}, {""finding"": ""How intense is the pain?"", ""value"": ""0""}, {""finding"": ""Does the pain radiate to another location?"", ""value"": ""nowhere""}, {""finding"": ""How precisely is the pain located?"", ""value"": ""0""}, {""finding"": ""How fast did the pain appear?"", ""value"": ""0""}, {""finding"": ""Are you experiencing shortness of breath or difficulty breathing in a significant way?"", ""value"": ""yes""}, {""finding"": ""Have you recently had a loss of appetite or do you get full more quickly then usually?"", ""value"": ""yes""}, {""finding"": ""Have you had an involuntary weight loss over the last 3 months?"", ""value"": ""yes""}, {""finding"": ""Do you have a cough?"", ""value"": ""yes""}, {""finding"": ""Have you traveled out of the country in the last 4 weeks?"", ""value"": ""N""}, {""finding"": ""Are you exposed to secondhand cigarette smoke on a daily basis?"", ""value"": ""yes""}]}

Candidate pathologies:
- Pneumonia
- Acute pulmonary edema
- Atrial fibrillation
- Guillain-Barré syndrome
- Bronchitis
- Bronchiectasis
- Tuberculosis
- Bronchospasm / acute asthma exacerbation
- PSVT
- Pulmonary embolism
- Myocarditis
- Pulmonary neoplasm
- Acute dystonic reactions","There are 13 candidate pathologies. Estimate the probability (0 to 1) that your chosen pathology is the correct diagnosis for this patient, given only the symptoms and candidates provided. A uniform prior would assign 0.08 to each candidate. Respond with ONLY valid JSON: {""Answer"": ""<pathology>"", ""Confidence"": ""0.XX""}",38,M,Pulmonary neoplasm,"[[""Pulmonary neoplasm"", 0.13443862733573236], [""Tuberculosis"", 0.11249740081144231], [""Bronchitis"", 0.10797608301594808], [""Pulmonary embolism"", 0.09657082038935096], [""Pneumonia"", 0.08551891118930685], [""Bronchiectasis"", 0.07510820533080101], [""Acute pulmonary edema"", 0.0731124228936843], [""Guillain-Barr\u00e9 syndrome"", 0.06682901329205726], [""Bronchospasm / acute asthma exacerbation"", 0.06485266107451462], [""Atrial fibrillation"", 0.06383379252874737], [""Acute dystonic reactions"", 0.04706168486994854], [""Myocarditis"", 0.04706168486994854], [""PSVT"", 0.02513869239851798]]"
med_test_00081_c0,"You are a diagnostic reasoning assistant. Based on the patient vignette below, pick the single most likely pathology from the candidate list. You MUST commit to one diagnosis — do not hedge or list alternatives.

{""patient"": {""age"": 63, ""sex"": ""female""}, ""findings"": [{""finding"": ""Are you infected with the human immunodeficiency virus (HIV)?"", ""value"": ""yes""}, {""finding"": ""Have you had significantly increased sweating?"", ""value"": ""yes""}, {""finding"": ""Do you have pain somewhere, related to your reason for consulting?"", ""value"": ""yes""}, {""finding"": ""Characterize your pain:"", ""value"": ""tedious""}, {""finding"": ""Characterize your pain:"", ""value"": ""heavy""}, {""finding"": ""Characterize your pain:"", ""value"": ""sharp""}, {""finding"": ""Characterize your pain:"", ""value"": ""sickening""}, {""finding"": ""Do you feel pain somewhere?"", ""value"": ""lower chest""}, {""finding"": ""Do you feel pain somewhere?"", ""value"": ""upper chest""}, {""finding"": ""Do you feel pain somewhere?"", ""value"": ""breast(R)""}, {""finding"": ""Do you feel pain somewhere?"", ""value"": ""breast(L)""}, {""finding"": ""Do you feel pain somewhere?"", ""value"": ""epigastric""}, {""finding"": ""How intense is the pain?"", ""value"": ""8""}, {""finding"": ""Does the pain radiate to another location?"", ""value"": ""biceps(R)""}, {""finding"": ""Does the pain radiate to another location?"", ""value"": ""biceps(L)""}, {""finding"": ""Does the pain radiate to another location?"", ""value"": ""thyroid cartilage""}, {""finding"": ""Does the pain radiate to another location?"", ""value"": ""thoracic spine""}, {""finding"": ""Does the pain radiate to another location?"", ""value"": ""shoulder(R)""}, {""finding"": ""How precisely is the pain located?"", ""value"": ""3""}, {""finding"": ""How fast did the pain appear?"", ""value"": ""7""}, {""finding"": ""Are you experiencing shortness of breath or difficulty breathing in a significant way?"", ""value"": ""yes""}, {""finding"": ""Do you smoke cigarettes?"", ""value"": ""yes""}, {""finding"": ""Do you constantly feel fatigued or do you have non-restful sleep?"", ""value"": ""yes""}, {""finding"": ""Do you have high blood pressure or do you take medications to treat high blood pressure?"", ""value"": ""yes""}, {""finding"": ""Do you have a problem with poor circulation?"", ""value"": ""yes""}, {""finding"": ""Are you feeling nauseous or do you feel like vomiting?"", ""value"": ""yes""}, {""finding"": ""Have you recently had a loss of appetite or do you get full more quickly then usually?"", ""value"": ""yes""}, {""finding"": ""Have you traveled out of the country in the last 4 weeks?"", ""value"": ""N""}, {""finding"": ""Do you have close family members who had a cardiovascular disease problem before the age of 50?"", ""value"": ""yes""}]}

Candidate pathologies:
- Spontaneous pneumothorax
- Atrial fibrillation
- GERD
- Pulmonary embolism
- SLE
- Pancreatic neoplasm
- Boerhaave
- Possible NSTEMI / STEMI
- Anaphylaxis
- Myasthenia gravis
- Acute dystonic reactions
- Guillain-Barré syndrome
- Acute pulmonary edema
- Panic attack
- Pulmonary neoplasm
- Scombroid food poisoning
- HIV (initial infection)
- Chagas
- Anemia
- Pericarditis
- Unstable angina
- PSVT","There are 22 candidate pathologies. Estimate the probability (0 to 1) that your chosen pathology is the correct diagnosis for this patient, given only the symptoms and candidates provided. A uniform prior would assign 0.05 to each candidate. Respond with ONLY valid JSON: {""Answer"": ""<pathology>"", ""Confidence"": ""0.XX""}",63,F,Possible NSTEMI / STEMI,"[[""Possible NSTEMI / STEMI"", 0.07852016738426586], [""Spontaneous pneumothorax"", 0.06502497276854974], [""Acute pulmonary edema"", 0.06239963887306949], [""Boerhaave"", 0.05766241553693036], [""Pericarditis"", 0.056125484535300724], [""Pulmonary neoplasm"", 0.052366119510795436], [""Anemia"", 0.05006862716157149], [""GERD"", 0.048459620095533826], [""Pulmonary embolism"", 0.048062353849902276], [""Anaphylaxis"", 0.047660073342994824], [""Guillain-Barr\u00e9 syndrome"", 0.045765641701702685], [""Atrial fibrillation"", 0.04371446372497453], [""Pancreatic neoplasm"", 0.04274714161575898], [""Unstable angina"", 0.04201431228946461], [""Chagas"", 0.04175193929537557], [""Panic attack"", 0.03967292954479398], [""SLE"", 0.03681858792764521], [""Acute dystonic reactions"", 0.03222863995049424], [""Myasthenia gravis"", 0.03222863995049424], [""Scombroid food poisoning"", 0.029776527457317858], [""HIV (initial infection)"", 0.029716300584146173], [""PSVT"", 0.017215402898917678]]"
med_test_00082_c0,"You are a diagnostic reasoning assistant. Based on the patient vignette below, pick the single most likely pathology from the candidate list. You MUST commit to one diagnosis — do not hedge or list alternatives.

{""patient"": {""age"": 34, ""sex"": ""male""}, ""findings"": [{""finding"": ""Do you have an active cancer?"", ""value"": ""yes""}, {""finding"": ""Have you been coughing up blood?"", ""value"": ""yes""}, {""finding"": ""Do you have pain somewhere, related to your reason for consulting?"", ""value"": ""yes""}, {""finding"": ""Characterize your pain:"", ""value"": ""sharp""}, {""finding"": ""Do you feel pain somewhere?"", ""value"": ""side of the chest(L)""}, {""finding"": ""Do you feel pain somewhere?"", ""value"": ""scapula(R)""}, {""finding"": ""Do you feel pain somewhere?"", ""value"": ""scapula(L)""}, {""finding"": ""Do you feel pain somewhere?"", ""value"": ""posterior chest wall(R)""}, {""finding"": ""Do you feel pain somewhere?"", ""value"": ""posterior chest wall(L)""}, {""finding"": ""How intense is the pain?"", ""value"": ""10""}, {""finding"": ""Does the pain radiate to another location?"", ""value"": ""side of the chest(R)""}, {""finding"": ""Does the pain radiate to another location?"", ""value"": ""side of the chest(L)""}, {""finding"": ""Does the pain radiate to another location?"", ""value"": ""scapula(R)""}, {""finding"": ""Does the pain radiate to another location?"", ""value"": ""scapula(L)""}, {""finding"": ""Does the pain radiate to another location?"", ""value"": ""posterior chest wall(R)""}, {""finding"": ""How precisely is the pain located?"", ""value"": ""2""}, {""finding"": ""How fast did the pain appear?"", ""value"": ""2""}, {""finding"": ""Are you experiencing shortness of breath or difficulty breathing in a significant way?"", ""value"": ""yes""}, {""finding"": ""Have you ever had deep vein thrombosis (DVT)?"", ""value"": ""yes""}, {""finding"": ""Have you been unable to move or get up for more than 3 consecutive days within the last 4 weeks?"", ""value"": ""yes""}, {""finding"": ""Where is the swelling located?"", ""value"": ""nowhere""}, {""finding"": ""Did you lose consciousness?"", ""value"": ""yes""}, {""finding"": ""Have you had surgery within the last month?"", ""value"": ""yes""}, {""finding"": ""Have you traveled out of the country in the last 4 weeks?"", ""value"": ""N""}, {""finding"": ""Do you have pain that is increased when you breathe in deeply?"", ""value"": ""yes""}]}

Candidate pathologies:
- Panic attack
- Acute pulmonary edema
- Sarcoidosis
- Unstable angina
- Spontaneous pneumothorax
- Pulmonary neoplasm
- Myasthenia gravis
- Atrial fibrillation
- Acute dystonic reactions
- Guillain-Barré syndrome
- PSVT
- Stable angina
- Pulmonary embolism
- Possible NSTEMI / STEMI
- Myocarditis
- Anemia","There are 16 candidate pathologies. Estimate the probability (0 to 1) that your chosen pathology is the correct diagnosis for this patient, given only the symptoms and candidates provided. A uniform prior would assign 0.06 to each candidate. Respond with ONLY valid JSON: {""Answer"": ""<pathology>"", ""Confidence"": ""0.XX""}",34,M,Pulmonary embolism,"[[""Pulmonary embolism"", 0.11329140461310125], [""Spontaneous pneumothorax"", 0.0908552164700196], [""Possible NSTEMI / STEMI"", 0.08478146548040245], [""Panic attack"", 0.0834800078934735], [""Unstable angina"", 0.07450670338963347], [""Acute pulmonary edema"", 0.06704559484955987], [""Myocarditis"", 0.06538095038872571], [""Pulmonary neoplasm"", 0.0652104900694139], [""Stable angina"", 0.060549656618935695], [""Guillain-Barr\u00e9 syndrome"", 0.058736924664715966], [""Atrial fibrillation"", 0.05610438457977001], [""Acute dystonic reactions"", 0.04136315205972534], [""Myasthenia gravis"", 0.04136315205972534], [""Anemia"", 0.04136315205972534], [""Sarcoidosis"", 0.03387300766954222], [""PSVT"", 0.02209473713353046]]"
med_test_00083_c0,"You are a diagnostic reasoning assistant. Based on the patient vignette below, pick the single most likely pathology from the candidate list. You MUST commit to one diagnosis — do not hedge or list alternatives.

{""patient"": {""age"": 36, ""sex"": ""female""}, ""findings"": [{""finding"": ""Do you feel anxious?"", ""value"": ""yes""}, {""finding"": ""Do you regularly drink coffee or tea?"", ""value"": ""yes""}, {""finding"": ""Characterize your pain:"", ""value"": ""NA""}, {""finding"": ""Do you feel pain somewhere?"", ""value"": ""nowhere""}, {""finding"": ""How intense is the pain?"", ""value"": ""0""}, {""finding"": ""Does the pain radiate to another location?"", ""value"": ""nowhere""}, {""finding"": ""How precisely is the pain located?"", ""value"": ""0""}, {""finding"": ""How fast did the pain appear?"", ""value"": ""0""}, {""finding"": ""Do you regularly take stimulant drugs?"", ""value"": ""yes""}, {""finding"": ""Are you experiencing shortness of breath or difficulty breathing in a significant way?"", ""value"": ""yes""}, {""finding"": ""Do you feel lightheaded and dizzy or do you feel like you are about to faint?"", ""value"": ""yes""}, {""finding"": ""Do you feel your heart is beating fast (racing), irregularly (missing a beat) or do you feel palpitations?"", ""value"": ""yes""}, {""finding"": ""Have you traveled out of the country in the last 4 weeks?"", ""value"": ""N""}]}

Candidate pathologies:
- Acute dystonic reactions
- Anemia
- Guillain-Barré syndrome
- Scombroid food poisoning
- PSVT
- Acute pulmonary edema
- Pulmonary embolism
- Panic attack
- SLE
- Myasthenia gravis
- Anaphylaxis","There are 11 candidate pathologies. Estimate the probability (0 to 1) that your chosen pathology is the correct diagnosis for this patient, given only the symptoms and candidates provided. A uniform prior would assign 0.09 to each candidate. Respond with ONLY valid JSON: {""Answer"": ""<pathology>"", ""Confidence"": ""0.XX""}",36,F,PSVT,"[[""PSVT"", 0.1564217247763355], [""Panic attack"", 0.11756874189535269], [""Anaphylaxis"", 0.11300816694351096], [""Pulmonary embolism"", 0.11174788279848491], [""Acute pulmonary edema"", 0.10467470331198868], [""Anemia"", 0.09567877608366498], [""Scombroid food poisoning"", 0.07801827941808114], [""Acute dystonic reactions"", 0.0673779872989233], [""Myasthenia gravis"", 0.0673779872989233], [""Guillain-Barr\u00e9 syndrome"", 0.05693295835697109], [""SLE"", 0.031192791817763306]]"
med_test_00084_c0,"You are a diagnostic reasoning assistant. Based on the patient vignette below, pick the single most likely pathology from the candidate list. You MUST commit to one diagnosis — do not hedge or list alternatives.

{""patient"": {""age"": 44, ""sex"": ""female""}, ""findings"": [{""finding"": ""Do you live with 4 or more people?"", ""value"": ""yes""}, {""finding"": ""Do you attend or work in a daycare?"", ""value"": ""yes""}, {""finding"": ""Have you had significantly increased sweating?"", ""value"": ""yes""}, {""finding"": ""Do you have pain somewhere, related to your reason for consulting?"", ""value"": ""yes""}, {""finding"": ""Characterize your pain:"", ""value"": ""tedious""}, {""finding"": ""Characterize your pain:"", ""value"": ""sensitive""}, {""finding"": ""Characterize your pain:"", ""value"": ""heavy""}, {""finding"": ""Do you feel pain somewhere?"", ""value"": ""top of the head""}, {""finding"": ""Do you feel pain somewhere?"", ""value"": ""cheek(R)""}, {""finding"": ""Do you feel pain somewhere?"", ""value"": ""cheek(L)""}, {""finding"": ""Do you feel pain somewhere?"", ""value"": ""occiput""}, {""finding"": ""Do you feel pain somewhere?"", ""value"": ""temple(R)""}, {""finding"": ""How intense is the pain?"", ""value"": ""2""}, {""finding"": ""Does the pain radiate to another location?"", ""value"": ""nowhere""}, {""finding"": ""How precisely is the pain located?"", ""value"": ""6""}, {""finding"": ""How fast did the pain appear?"", ""value"": ""4""}, {""finding"": ""Do you have a cough that produces colored or more abundant sputum than usual?"", ""value"": ""yes""}, {""finding"": ""Do you have a fever (either felt or measured with a thermometer)?"", ""value"": ""yes""}, {""finding"": ""Do you have a sore throat?"", ""value"": ""yes""}, {""finding"": ""Do you have diffuse (widespread) muscle pain?"", ""value"": ""yes""}, {""finding"": ""Do you have nasal congestion or a clear runny nose?"", ""value"": ""yes""}, {""finding"": ""Do you have a cough?"", ""value"": ""yes""}, {""finding"": ""Have you traveled out of the country in the last 4 weeks?"", ""value"": ""N""}]}

Candidate pathologies:
- Influenza
- Chronic rhinosinusitis
- Bronchiectasis
- Chagas
- Bronchitis
- Tuberculosis
- Pneumonia
- HIV (initial infection)
- URTI
- Acute rhinosinusitis","There are 10 candidate pathologies. Estimate the probability (0 to 1) that your chosen pathology is the correct diagnosis for this patient, given only the symptoms and candidates provided. A uniform prior would assign 0.10 to each candidate. Respond with ONLY valid JSON: {""Answer"": ""<pathology>"", ""Confidence"": ""0.XX""}",44,F,URTI,"[[""URTI"", 0.16087749028151022], [""Influenza"", 0.15228374428876454], [""Pneumonia"", 0.15133759837203056], [""Bronchitis"", 0.1433703440032625], [""HIV (initial infection)"", 0.11751286437352369], [""Tuberculosis"", 0.08081820422262326], [""Bronchiectasis"", 0.06890689925245033], [""Chronic rhinosinusitis"", 0.05250442259440545], [""Chagas"", 0.0384407693629871], [""Acute rhinosinusitis"", 0.03394766324844241]]"
med_test_00085_c0,"You are a diagnostic reasoning assistant. Based on the patient vignette below, pick the single most likely pathology from the candidate list. You MUST commit to one diagnosis — do not hedge or list alternatives.

{""patient"": {""age"": 32, ""sex"": ""female""}, ""findings"": [{""finding"": ""Have you ever had fluid in your lungs?"", ""value"": ""yes""}, {""finding"": ""Do you currently undergo dialysis?"", ""value"": ""yes""}, {""finding"": ""Have you had significantly increased sweating?"", ""value"": ""yes""}, {""finding"": ""Do you have pain somewhere, related to your reason for consulting?"", ""value"": ""yes""}, {""finding"": ""Characterize your pain:"", ""value"": ""tedious""}, {""finding"": ""Characterize your pain:"", ""value"": ""sensitive""}, {""finding"": ""Characterize your pain:"", ""value"": ""tugging""}, {""finding"": ""Characterize your pain:"", ""value"": ""heavy""}, {""finding"": ""Do you feel pain somewhere?"", ""value"": ""lower chest""}, {""finding"": ""Do you feel pain somewhere?"", ""value"": ""side of the chest(R)""}, {""finding"": ""Do you feel pain somewhere?"", ""value"": ""breast(R)""}, {""finding"": ""Do you feel pain somewhere?"", ""value"": ""posterior chest wall(R)""}, {""finding"": ""Do you feel pain somewhere?"", ""value"": ""posterior chest wall(L)""}, {""finding"": ""How intense is the pain?"", ""value"": ""5""}, {""finding"": ""Does the pain radiate to another location?"", ""value"": ""biceps(L)""}, {""finding"": ""Does the pain radiate to another location?"", ""value"": ""jaw""}, {""finding"": ""Does the pain radiate to another location?"", ""value"": ""scapula(R)""}, {""finding"": ""Does the pain radiate to another location?"", ""value"": ""shoulder(R)""}, {""finding"": ""Does the pain radiate to another location?"", ""value"": ""shoulder(L)""}, {""finding"": ""How precisely is the pain located?"", ""value"": ""1""}, {""finding"": ""How fast did the pain appear?"", ""value"": ""6""}, {""finding"": ""Do you have bouts of choking or shortness of breath that wake you up at night?"", ""value"": ""yes""}, {""finding"": ""Have you ever had a heart attack or do you have angina (chest pain)?"", ""value"": ""yes""}, {""finding"": ""Do you have heart failure?"", ""value"": ""yes""}, {""finding"": ""Do you have swelling in one or more areas of your body?"", ""value"": ""yes""}, {""finding"": ""Where is the swelling located?"", ""value"": ""ankle(R)""}, {""finding"": ""Where is the swelling located?"", ""value"": ""ankle(L)""}, {""finding"": ""Where is the swelling located?"", ""value"": ""tibia(R)""}, {""finding"": ""Where is the swelling located?"", ""value"": ""tibia(L)""}, {""finding"": ""Have you traveled out of the country in the last 4 weeks?"", ""value"": ""N""}, {""finding"": ""Are your symptoms worse when lying down and alleviated while sitting up?"", ""value"": ""yes""}, {""finding"": ""Do you have symptoms that are increased with physical exertion but alleviated with rest?"", ""value"": ""yes""}]}

Candidate pathologies:
- Acute pulmonary edema
- Chagas
- Possible NSTEMI / STEMI
- GERD
- Stable angina
- Panic attack
- Anaphylaxis
- Pericarditis
- Atrial fibrillation
- Unstable angina
- Myocarditis","There are 11 candidate pathologies. Estimate the probability (0 to 1) that your chosen pathology is the correct diagnosis for this patient, given only the symptoms and candidates provided. A uniform prior would assign 0.09 to each candidate. Respond with ONLY valid JSON: {""Answer"": ""<pathology>"", ""Confidence"": ""0.XX""}",32,F,Acute pulmonary edema,"[[""Acute pulmonary edema"", 0.19561958118419087], [""Unstable angina"", 0.18882689001854386], [""Possible NSTEMI / STEMI"", 0.17454780833429], [""Stable angina"", 0.15207849040015475], [""Pericarditis"", 0.08954621638693323], [""Atrial fibrillation"", 0.06415517121957467], [""GERD"", 0.055932771797243576], [""Myocarditis"", 0.036515855159066184], [""Anaphylaxis"", 0.03261594271850695], [""Panic attack"", 0.01016127278149597], [""Chagas"", 0.0]]"
med_test_00086_c0,"You are a diagnostic reasoning assistant. Based on the patient vignette below, pick the single most likely pathology from the candidate list. You MUST commit to one diagnosis — do not hedge or list alternatives.

{""patient"": {""age"": 5, ""sex"": ""male""}, ""findings"": [{""finding"": ""Have you recently had a viral infection?"", ""value"": ""yes""}, {""finding"": ""Are you experiencing shortness of breath or difficulty breathing in a significant way?"", ""value"": ""yes""}, {""finding"": ""Have you noticed weakness in your facial muscles and/or eyes?"", ""value"": ""yes""}, {""finding"": ""Do you feel weakness in both arms and/or both legs?"", ""value"": ""yes""}, {""finding"": ""Do you have numbness, loss of sensation or tingling in the feet?"", ""value"": ""yes""}, {""finding"": ""Have you recently had numbness, loss of sensation or tingling, in both arms and legs and around your mouth?"", ""value"": ""yes""}, {""finding"": ""Do you currently, or did you ever, have numbness, loss of sensitivity or tingling anywhere on your body?"", ""value"": ""yes""}, {""finding"": ""Have you traveled out of the country in the last 4 weeks?"", ""value"": ""N""}]}

Candidate pathologies:
- Anemia
- SLE
- Pulmonary embolism
- Guillain-Barré syndrome
- PSVT
- Acute dystonic reactions
- Chagas
- Anaphylaxis
- Scombroid food poisoning
- Atrial fibrillation","There are 10 candidate pathologies. Estimate the probability (0 to 1) that your chosen pathology is the correct diagnosis for this patient, given only the symptoms and candidates provided. A uniform prior would assign 0.10 to each candidate. Respond with ONLY valid JSON: {""Answer"": ""<pathology>"", ""Confidence"": ""0.XX""}",5,M,Guillain-Barré syndrome,"[[""Guillain-Barr\u00e9 syndrome"", 0.24487652997219772], [""Pulmonary embolism"", 0.1576212938487067], [""Atrial fibrillation"", 0.12890708700585235], [""Acute dystonic reactions"", 0.09503719684899488], [""Anemia"", 0.09503719684899488], [""Anaphylaxis"", 0.09503719684899488], [""Scombroid food poisoning"", 0.060116449796074875], [""PSVT"", 0.05076551901204587], [""SLE"", 0.04399768552157182], [""Chagas"", 0.028603844296565966]]"
med_test_00087_c0,"You are a diagnostic reasoning assistant. Based on the patient vignette below, pick the single most likely pathology from the candidate list. You MUST commit to one diagnosis — do not hedge or list alternatives.

{""patient"": {""age"": 43, ""sex"": ""female""}, ""findings"": [{""finding"": ""Do you have pain somewhere, related to your reason for consulting?"", ""value"": ""yes""}, {""finding"": ""Characterize your pain:"", ""value"": ""sensitive""}, {""finding"": ""Do you feel pain somewhere?"", ""value"": ""lower chest""}, {""finding"": ""Do you feel pain somewhere?"", ""value"": ""side of the chest(R)""}, {""finding"": ""Do you feel pain somewhere?"", ""value"": ""pharynx""}, {""finding"": ""Do you feel pain somewhere?"", ""value"": ""breast(R)""}, {""finding"": ""Do you feel pain somewhere?"", ""value"": ""posterior chest wall(R)""}, {""finding"": ""How intense is the pain?"", ""value"": ""2""}, {""finding"": ""Does the pain radiate to another location?"", ""value"": ""nowhere""}, {""finding"": ""How precisely is the pain located?"", ""value"": ""7""}, {""finding"": ""How fast did the pain appear?"", ""value"": ""0""}, {""finding"": ""Are you experiencing shortness of breath or difficulty breathing in a significant way?"", ""value"": ""yes""}, {""finding"": ""Do you have a cough that produces colored or more abundant sputum than usual?"", ""value"": ""yes""}, {""finding"": ""Do you smoke cigarettes?"", ""value"": ""yes""}, {""finding"": ""Do you have a fever (either felt or measured with a thermometer)?"", ""value"": ""yes""}, {""finding"": ""Do you have a chronic obstructive pulmonary disease (COPD)?"", ""value"": ""yes""}, {""finding"": ""Do you have a cough?"", ""value"": ""yes""}, {""finding"": ""Have you traveled out of the country in the last 4 weeks?"", ""value"": ""N""}, {""finding"": ""Are your vaccinations up to date?"", ""value"": ""yes""}, {""finding"": ""Have you noticed a wheezing sound when you exhale?"", ""value"": ""yes""}]}

Candidate pathologies:
- Unstable angina
- Atrial fibrillation
- Tuberculosis
- Pneumonia
- Stable angina
- HIV (initial infection)
- Myasthenia gravis
- Guillain-Barré syndrome
- Pericarditis
- Epiglottitis
- Pulmonary neoplasm
- PSVT
- Acute COPD exacerbation / infection
- Possible NSTEMI / STEMI
- Panic attack
- Acute dystonic reactions
- Bronchiectasis
- Boerhaave
- Influenza
- Chagas
- GERD
- Scombroid food poisoning
- Myocarditis
- SLE
- Bronchitis
- Acute laryngitis
- Viral pharyngitis","There are 27 candidate pathologies. Estimate the probability (0 to 1) that your chosen pathology is the correct diagnosis for this patient, given only the symptoms and candidates provided. A uniform prior would assign 0.04 to each candidate. Respond with ONLY valid JSON: {""Answer"": ""<pathology>"", ""Confidence"": ""0.XX""}",43,F,Bronchitis,"[[""Acute COPD exacerbation / infection"", 0.06587993694816999], [""Bronchitis"", 0.06024528377535848], [""Pneumonia"", 0.05990025837420552], [""Bronchiectasis"", 0.056775182785766896], [""Pulmonary neoplasm"", 0.05645957148392438], [""Panic attack"", 0.04640220479545531], [""Tuberculosis"", 0.045381307977091764], [""Possible NSTEMI / STEMI"", 0.045052171713840454], [""GERD"", 0.04463951618503731], [""Unstable angina"", 0.04313983479737899], [""Pericarditis"", 0.043004825573599324], [""Epiglottitis"", 0.04283465769779368], [""Boerhaave"", 0.039273225454409824], [""Stable angina"", 0.035718520901334316], [""Influenza"", 0.035400081882423495], [""Acute laryngitis"", 0.03405272757992767], [""Atrial fibrillation"", 0.031185516255766974], [""Viral pharyngitis"", 0.030586557310121488], [""Myocarditis"", 0.030342817387259063], [""HIV (initial infection)"", 0.023233030937824313], [""Guillain-Barr\u00e9 syndrome"", 0.022991629987746915], [""Acute dystonic reactions"", 0.022991629987746915], [""Myasthenia gravis"", 0.022991629987746915], [""Scombroid food poisoning"", 0.02124231437225572], [""Chagas"", 0.017350220747916433], [""PSVT"", 0.012281317925605823], [""SLE"", 0.010644027174291889]]"
med_test_00088_c0,"You are a diagnostic reasoning assistant. Based on the patient vignette below, pick the single most likely pathology from the candidate list. You MUST commit to one diagnosis — do not hedge or list alternatives.

{""patient"": {""age"": 31, ""sex"": ""female""}, ""findings"": [{""finding"": ""Have you recently had a viral infection?"", ""value"": ""yes""}, {""finding"": ""Have you ever had a pericarditis?"", ""value"": ""yes""}, {""finding"": ""Do you have pain somewhere, related to your reason for consulting?"", ""value"": ""yes""}, {""finding"": ""Characterize your pain:"", ""value"": ""sharp""}, {""finding"": ""Do you feel pain somewhere?"", ""value"": ""lower chest""}, {""finding"": ""Do you feel pain somewhere?"", ""value"": ""upper chest""}, {""finding"": ""Do you feel pain somewhere?"", ""value"": ""breast(L)""}, {""finding"": ""Do you feel pain somewhere?"", ""value"": ""epigastric""}, {""finding"": ""How intense is the pain?"", ""value"": ""5""}, {""finding"": ""Does the pain radiate to another location?"", ""value"": ""thoracic spine""}, {""finding"": ""Does the pain radiate to another location?"", ""value"": ""posterior chest wall(R)""}, {""finding"": ""Does the pain radiate to another location?"", ""value"": ""posterior chest wall(L)""}, {""finding"": ""How precisely is the pain located?"", ""value"": ""4""}, {""finding"": ""How fast did the pain appear?"", ""value"": ""7""}, {""finding"": ""Are you experiencing shortness of breath or difficulty breathing in a significant way?"", ""value"": ""yes""}, {""finding"": ""Do you feel your heart is beating fast (racing), irregularly (missing a beat) or do you feel palpitations?"", ""value"": ""yes""}, {""finding"": ""Have you traveled out of the country in the last 4 weeks?"", ""value"": ""N""}, {""finding"": ""Are your symptoms worse when lying down and alleviated while sitting up?"", ""value"": ""yes""}]}

Candidate pathologies:
- Anaphylaxis
- Scombroid food poisoning
- Myocarditis
- Pericarditis
- Possible NSTEMI / STEMI
- Panic attack
- Pancreatic neoplasm
- Sarcoidosis
- SLE
- PSVT
- Acute dystonic reactions
- GERD
- Acute pulmonary edema","There are 13 candidate pathologies. Estimate the probability (0 to 1) that your chosen pathology is the correct diagnosis for this patient, given only the symptoms and candidates provided. A uniform prior would assign 0.08 to each candidate. Respond with ONLY valid JSON: {""Answer"": ""<pathology>"", ""Confidence"": ""0.XX""}",31,F,Pericarditis,"[[""Pericarditis"", 0.1159375122352193], [""GERD"", 0.11319568274469316], [""Possible NSTEMI / STEMI"", 0.11222837380425037], [""Acute pulmonary edema"", 0.09889638031200024], [""Myocarditis"", 0.0976787551232845], [""PSVT"", 0.08463183482298482], [""Panic attack"", 0.07435367022496152], [""Anaphylaxis"", 0.07140653510412999], [""Scombroid food poisoning"", 0.05727389261106755], [""Acute dystonic reactions"", 0.05727389261106755], [""Sarcoidosis"", 0.04690259100365357], [""Pancreatic neoplasm"", 0.04370580110442994], [""SLE"", 0.026515078298257666]]"
med_test_00089_c0,"You are a diagnostic reasoning assistant. Based on the patient vignette below, pick the single most likely pathology from the candidate list. You MUST commit to one diagnosis — do not hedge or list alternatives.

{""patient"": {""age"": 37, ""sex"": ""female""}, ""findings"": [{""finding"": ""Are you infected with the human immunodeficiency virus (HIV)?"", ""value"": ""yes""}, {""finding"": ""Have you had significantly increased sweating?"", ""value"": ""yes""}, {""finding"": ""Do you have pain somewhere, related to your reason for consulting?"", ""value"": ""yes""}, {""finding"": ""Characterize your pain:"", ""value"": ""tedious""}, {""finding"": ""Characterize your pain:"", ""value"": ""sharp""}, {""finding"": ""Characterize your pain:"", ""value"": ""scary""}, {""finding"": ""Do you feel pain somewhere?"", ""value"": ""biceps(L)""}, {""finding"": ""Do you feel pain somewhere?"", ""value"": ""side of the chest(R)""}, {""finding"": ""Do you feel pain somewhere?"", ""value"": ""upper chest""}, {""finding"": ""Do you feel pain somewhere?"", ""value"": ""breast(R)""}, {""finding"": ""Do you feel pain somewhere?"", ""value"": ""breast(L)""}, {""finding"": ""How intense is the pain?"", ""value"": ""8""}, {""finding"": ""Does the pain radiate to another location?"", ""value"": ""biceps(R)""}, {""finding"": ""Does the pain radiate to another location?"", ""value"": ""biceps(L)""}, {""finding"": ""Does the pain radiate to another location?"", ""value"": ""thyroid cartilage""}, {""finding"": ""Does the pain radiate to another location?"", ""value"": ""thoracic spine""}, {""finding"": ""Does the pain radiate to another location?"", ""value"": ""shoulder(L)""}, {""finding"": ""How precisely is the pain located?"", ""value"": ""5""}, {""finding"": ""How fast did the pain appear?"", ""value"": ""8""}, {""finding"": ""Are you experiencing shortness of breath or difficulty breathing in a significant way?"", ""value"": ""yes""}, {""finding"": ""Do you have diabetes?"", ""value"": ""yes""}, {""finding"": ""Are you significantly overweight compared to people of the same height as you?"", ""value"": ""yes""}, {""finding"": ""Do you have high cholesterol or do you take medications to treat high cholesterol?"", ""value"": ""yes""}, {""finding"": ""Do you smoke cigarettes?"", ""value"": ""yes""}, {""finding"": ""Do you constantly feel fatigued or do you have non-restful sleep?"", ""value"": ""yes""}, {""finding"": ""Do you have high blood pressure or do you take medications to treat high blood pressure?"", ""value"": ""yes""}, {""finding"": ""Have you ever had a heart attack or do you have angina (chest pain)?"", ""value"": ""yes""}, {""finding"": ""Do you have a problem with poor circulation?"", ""value"": ""yes""}, {""finding"": ""Have you recently had a loss of appetite or do you get full more quickly then usually?"", ""value"": ""yes""}, {""finding"": ""Have you traveled out of the country in the last 4 weeks?"", ""value"": ""N""}, {""finding"": ""Do you have close family members who had a cardiovascular disease problem before the age of 50?"", ""value"": ""yes""}]}

Candidate pathologies:
- Acute pulmonary edema
- Anemia
- PSVT
- Panic attack
- Myasthenia gravis
- Pulmonary neoplasm
- Possible NSTEMI / STEMI
- SLE
- Pericarditis
- Atrial fibrillation
- GERD
- Myocarditis
- Unstable angina
- Chagas
- Pulmonary embolism
- Stable angina
- Acute dystonic reactions
- Guillain-Barré syndrome","There are 18 candidate pathologies. Estimate the probability (0 to 1) that your chosen pathology is the correct diagnosis for this patient, given only the symptoms and candidates provided. A uniform prior would assign 0.06 to each candidate. Respond with ONLY valid JSON: {""Answer"": ""<pathology>"", ""Confidence"": ""0.XX""}",37,F,Possible NSTEMI / STEMI,"[[""Possible NSTEMI / STEMI"", 0.1124612987443498], [""Pulmonary neoplasm"", 0.08191993583420513], [""SLE"", 0.07848553314901618], [""Anemia"", 0.07832580994543839], [""Guillain-Barr\u00e9 syndrome"", 0.07159435273491697], [""Myocarditis"", 0.0713496854659833], [""Atrial fibrillation"", 0.06838555342330357], [""GERD"", 0.06406536873914223], [""Panic attack"", 0.05775500185651919], [""Pericarditis"", 0.05155876921270903], [""Chagas"", 0.05120984039282375], [""Acute dystonic reactions"", 0.05041748637158248], [""Myasthenia gravis"", 0.05041748637158248], [""Acute pulmonary edema"", 0.046863301008366956], [""Unstable angina"", 0.027430311896999245], [""PSVT"", 0.026931243216304974], [""Stable angina"", 0.010829021636756404], [""Pulmonary embolism"", 0.0]]"
med_test_00090_c0,"You are a diagnostic reasoning assistant. Based on the patient vignette below, pick the single most likely pathology from the candidate list. You MUST commit to one diagnosis — do not hedge or list alternatives.

{""patient"": {""age"": 18, ""sex"": ""male""}, ""findings"": [{""finding"": ""Do you feel anxious?"", ""value"": ""yes""}, {""finding"": ""Have you had significantly increased sweating?"", ""value"": ""yes""}, {""finding"": ""Do you have pain somewhere, related to your reason for consulting?"", ""value"": ""yes""}, {""finding"": ""Characterize your pain:"", ""value"": ""a cramp""}, {""finding"": ""Characterize your pain:"", ""value"": ""sharp""}, {""finding"": ""Do you feel pain somewhere?"", ""value"": ""flank(L)""}, {""finding"": ""Do you feel pain somewhere?"", ""value"": ""iliac fossa(L)""}, {""finding"": ""Do you feel pain somewhere?"", ""value"": ""hypochondrium(R)""}, {""finding"": ""Do you feel pain somewhere?"", ""value"": ""pubis""}, {""finding"": ""Do you feel pain somewhere?"", ""value"": ""belly""}, {""finding"": ""How intense is the pain?"", ""value"": ""6""}, {""finding"": ""Does the pain radiate to another location?"", ""value"": ""nowhere""}, {""finding"": ""How precisely is the pain located?"", ""value"": ""8""}, {""finding"": ""How fast did the pain appear?"", ""value"": ""5""}, {""finding"": ""Do you drink alcohol excessively or do you have an addiction to alcohol?"", ""value"": ""yes""}, {""finding"": ""Do you suffer from chronic anxiety?"", ""value"": ""yes""}, {""finding"": ""Do you feel lightheaded and dizzy or do you feel like you are about to faint?"", ""value"": ""yes""}, {""finding"": ""Have you ever had a migraine or is a member of your family known to have migraines?"", ""value"": ""yes""}, {""finding"": ""Do you have asthma or have you ever had to use a bronchodilator in the past?"", ""value"": ""yes""}, {""finding"": ""Do you suffer from fibromyalgia?"", ""value"": ""yes""}, {""finding"": ""Are you feeling nauseous or do you feel like vomiting?"", ""value"": ""yes""}, {""finding"": ""Do you feel your heart is beating fast (racing), irregularly (missing a beat) or do you feel palpitations?"", ""value"": ""yes""}, {""finding"": ""Have you recently had numbness, loss of sensation or tingling, in both arms and legs and around your mouth?"", ""value"": ""yes""}, {""finding"": ""Have you ever had a head trauma?"", ""value"": ""yes""}, {""finding"": ""Have you traveled out of the country in the last 4 weeks?"", ""value"": ""N""}]}

Candidate pathologies:
- Chagas
- Guillain-Barré syndrome
- Scombroid food poisoning
- Pancreatic neoplasm
- Boerhaave
- Anemia
- Possible NSTEMI / STEMI
- Anaphylaxis
- Panic attack
- GERD
- HIV (initial infection)
- PSVT
- Inguinal hernia","There are 13 candidate pathologies. Estimate the probability (0 to 1) that your chosen pathology is the correct diagnosis for this patient, given only the symptoms and candidates provided. A uniform prior would assign 0.08 to each candidate. Respond with ONLY valid JSON: {""Answer"": ""<pathology>"", ""Confidence"": ""0.XX""}",18,M,Panic attack,"[[""PSVT"", 0.15830735603374216], [""Anaphylaxis"", 0.11351712779775205], [""Boerhaave"", 0.09265400799923103], [""Panic attack"", 0.09045766411900172], [""GERD"", 0.08948276193377845], [""Inguinal hernia"", 0.08658436326148003], [""Scombroid food poisoning"", 0.07189269193436655], [""HIV (initial infection)"", 0.0649306878699702], [""Anemia"", 0.054625467342239095], [""Possible NSTEMI / STEMI"", 0.05223965902016367], [""Pancreatic neoplasm"", 0.0488594457894472], [""Guillain-Barr\u00e9 syndrome"", 0.03883278071575071], [""Chagas"", 0.037615986183076947]]"
med_test_00091_c0,"You are a diagnostic reasoning assistant. Based on the patient vignette below, pick the single most likely pathology from the candidate list. You MUST commit to one diagnosis — do not hedge or list alternatives.

{""patient"": {""age"": 56, ""sex"": ""male""}, ""findings"": [{""finding"": ""Are you experiencing shortness of breath or difficulty breathing in a significant way?"", ""value"": ""yes""}, {""finding"": ""Do you feel lightheaded and dizzy or do you feel like you are about to faint?"", ""value"": ""yes""}, {""finding"": ""Did your cheeks suddenly turn red?"", ""value"": ""yes""}, {""finding"": ""Do you have any lesions, redness or problems on your skin that you believe are related to the condition you are consulting for?"", ""value"": ""yes""}, {""finding"": ""What color is the rash?"", ""value"": ""pink""}, {""finding"": ""Do your lesions peel off?"", ""value"": ""N""}, {""finding"": ""Is the rash swollen?"", ""value"": ""3""}, {""finding"": ""Where is the affected region located?"", ""value"": ""ankle(R)""}, {""finding"": ""Where is the affected region located?"", ""value"": ""ankle(L)""}, {""finding"": ""Where is the affected region located?"", ""value"": ""thoracic spine""}, {""finding"": ""Where is the affected region located?"", ""value"": ""lumbar spine""}, {""finding"": ""Where is the affected region located?"", ""value"": ""thigh(R)""}, {""finding"": ""How intense is the pain caused by the rash?"", ""value"": ""2""}, {""finding"": ""Is the lesion (or are the lesions) larger than 1cm?"", ""value"": ""Y""}, {""finding"": ""How severe is the itching?"", ""value"": ""6""}, {""finding"": ""Do you feel your heart is beating fast (racing), irregularly (missing a beat) or do you feel palpitations?"", ""value"": ""yes""}, {""finding"": ""Did you eat dark-fleshed fish (such as tuna) or Swiss cheese before the reaction occurred?"", ""value"": ""yes""}, {""finding"": ""Have you traveled out of the country in the last 4 weeks?"", ""value"": ""N""}, {""finding"": ""Have you noticed a wheezing sound when you exhale?"", ""value"": ""yes""}]}

Candidate pathologies:
- Myocarditis
- Scombroid food poisoning
- Atrial fibrillation
- Acute pulmonary edema
- Myasthenia gravis
- Pulmonary embolism
- Anemia
- Guillain-Barré syndrome
- Pulmonary neoplasm
- Anaphylaxis
- PSVT
- Possible NSTEMI / STEMI
- Acute dystonic reactions
- Panic attack","There are 14 candidate pathologies. Estimate the probability (0 to 1) that your chosen pathology is the correct diagnosis for this patient, given only the symptoms and candidates provided. A uniform prior would assign 0.07 to each candidate. Respond with ONLY valid JSON: {""Answer"": ""<pathology>"", ""Confidence"": ""0.XX""}",56,M,Scombroid food poisoning,"[[""Scombroid food poisoning"", 0.13049932875991957], [""Panic attack"", 0.10478523699266785], [""PSVT"", 0.10438310103393865], [""Pulmonary embolism"", 0.08742475900400058], [""Acute pulmonary edema"", 0.08189113280444132], [""Myocarditis"", 0.07679550128053826], [""Guillain-Barr\u00e9 syndrome"", 0.07485326550657079], [""Anemia"", 0.07485326550657079], [""Atrial fibrillation"", 0.06886000494397583], [""Anaphylaxis"", 0.06240113126784447], [""Acute dystonic reactions"", 0.05271244657409157], [""Myasthenia gravis"", 0.05271244657409157], [""Possible NSTEMI / STEMI"", 0.015865141905354017], [""Pulmonary neoplasm"", 0.011963237845994937]]"
med_test_00092_c0,"You are a diagnostic reasoning assistant. Based on the patient vignette below, pick the single most likely pathology from the candidate list. You MUST commit to one diagnosis — do not hedge or list alternatives.

{""patient"": {""age"": 41, ""sex"": ""male""}, ""findings"": [{""finding"": ""Have you ever had a diagnosis of anemia?"", ""value"": ""yes""}, {""finding"": ""Do you have pain somewhere, related to your reason for consulting?"", ""value"": ""yes""}, {""finding"": ""Characterize your pain:"", ""value"": ""sensitive""}, {""finding"": ""Characterize your pain:"", ""value"": ""tugging""}, {""finding"": ""Characterize your pain:"", ""value"": ""a cramp""}, {""finding"": ""Do you feel pain somewhere?"", ""value"": ""forehead""}, {""finding"": ""Do you feel pain somewhere?"", ""value"": ""temple(R)""}, {""finding"": ""Do you feel pain somewhere?"", ""value"": ""temple(L)""}, {""finding"": ""How intense is the pain?"", ""value"": ""3""}, {""finding"": ""Does the pain radiate to another location?"", ""value"": ""nowhere""}, {""finding"": ""How precisely is the pain located?"", ""value"": ""7""}, {""finding"": ""How fast did the pain appear?"", ""value"": ""1""}, {""finding"": ""Are you experiencing shortness of breath or difficulty breathing in a significant way?"", ""value"": ""yes""}, {""finding"": ""Do you feel lightheaded and dizzy or do you feel like you are about to faint?"", ""value"": ""yes""}, {""finding"": ""Do you have chronic kidney failure?"", ""value"": ""yes""}, {""finding"": ""Have you recently had stools that were black (like coal)?"", ""value"": ""yes""}, {""finding"": ""Are you taking any new oral anticoagulants ((NOACs)?"", ""value"": ""yes""}, {""finding"": ""Have you traveled out of the country in the last 4 weeks?"", ""value"": ""N""}]}

Candidate pathologies:
- Cluster headache
- Anemia
- Myocarditis
- Acute dystonic reactions
- Atrial fibrillation
- Anaphylaxis
- Possible NSTEMI / STEMI
- Pulmonary neoplasm
- Panic attack
- Scombroid food poisoning","There are 10 candidate pathologies. Estimate the probability (0 to 1) that your chosen pathology is the correct diagnosis for this patient, given only the symptoms and candidates provided. A uniform prior would assign 0.10 to each candidate. Respond with ONLY valid JSON: {""Answer"": ""<pathology>"", ""Confidence"": ""0.XX""}",41,M,Anemia,"[[""Anemia"", 0.21221775671396437], [""Myocarditis"", 0.13664575673676646], [""Acute dystonic reactions"", 0.1239147207968481], [""Cluster headache"", 0.12105731450630067], [""Panic attack"", 0.11904764196923115], [""Atrial fibrillation"", 0.10955136518204535], [""Scombroid food poisoning"", 0.10371842504509966], [""Possible NSTEMI / STEMI"", 0.03729526435167552], [""Pulmonary neoplasm"", 0.02812279402416063], [""Anaphylaxis"", 0.008428960673908088]]"
med_test_00093_c0,"You are a diagnostic reasoning assistant. Based on the patient vignette below, pick the single most likely pathology from the candidate list. You MUST commit to one diagnosis — do not hedge or list alternatives.

{""patient"": {""age"": 82, ""sex"": ""female""}, ""findings"": [{""finding"": ""Do you have pain that improves when you lean forward?"", ""value"": ""yes""}, {""finding"": ""Do you have pain somewhere, related to your reason for consulting?"", ""value"": ""yes""}, {""finding"": ""Characterize your pain:"", ""value"": ""a knife stroke""}, {""finding"": ""Characterize your pain:"", ""value"": ""sharp""}, {""finding"": ""Do you feel pain somewhere?"", ""value"": ""tonsil(R)""}, {""finding"": ""Do you feel pain somewhere?"", ""value"": ""tonsil(L)""}, {""finding"": ""Do you feel pain somewhere?"", ""value"": ""back of the neck""}, {""finding"": ""Do you feel pain somewhere?"", ""value"": ""palace""}, {""finding"": ""Do you feel pain somewhere?"", ""value"": ""pharynx""}, {""finding"": ""How intense is the pain?"", ""value"": ""5""}, {""finding"": ""Does the pain radiate to another location?"", ""value"": ""nowhere""}, {""finding"": ""How precisely is the pain located?"", ""value"": ""10""}, {""finding"": ""How fast did the pain appear?"", ""value"": ""7""}, {""finding"": ""Do you have difficulty swallowing, or have a feeling of discomfort/blockage when swallowing?"", ""value"": ""yes""}, {""finding"": ""Are you experiencing shortness of breath or difficulty breathing in a significant way?"", ""value"": ""yes""}, {""finding"": ""Do you have diabetes?"", ""value"": ""yes""}, {""finding"": ""Do you drink alcohol excessively or do you have an addiction to alcohol?"", ""value"": ""yes""}, {""finding"": ""Do you have a fever (either felt or measured with a thermometer)?"", ""value"": ""yes""}, {""finding"": ""Do you have high blood pressure or do you take medications to treat high blood pressure?"", ""value"": ""yes""}, {""finding"": ""Have you noticed that you produce more saliva than usual?"", ""value"": ""yes""}, {""finding"": ""Have you noticed a high pitched sound when breathing in?"", ""value"": ""yes""}, {""finding"": ""Have you traveled out of the country in the last 4 weeks?"", ""value"": ""N""}, {""finding"": ""Have you noticed that the tone of your voice has become deeper, softer or hoarse?"", ""value"": ""yes""}]}

Candidate pathologies:
- HIV (initial infection)
- Larygospasm
- Chagas
- Acute pulmonary edema
- Myocarditis
- Acute laryngitis
- Acute dystonic reactions
- PSVT
- SLE
- Guillain-Barré syndrome
- Epiglottitis
- Myasthenia gravis
- Atrial fibrillation
- Scombroid food poisoning
- Pulmonary embolism","There are 15 candidate pathologies. Estimate the probability (0 to 1) that your chosen pathology is the correct diagnosis for this patient, given only the symptoms and candidates provided. A uniform prior would assign 0.07 to each candidate. Respond with ONLY valid JSON: {""Answer"": ""<pathology>"", ""Confidence"": ""0.XX""}",82,F,Epiglottitis,"[[""Epiglottitis"", 0.14834431793313382], [""HIV (initial infection)"", 0.10428110291198299], [""Myasthenia gravis"", 0.10367508091776016], [""Acute laryngitis"", 0.09733410271246398], [""Larygospasm"", 0.08181274258755007], [""Acute pulmonary edema"", 0.07663433385073505], [""Atrial fibrillation"", 0.06690874100452165], [""Chagas"", 0.0614305510908197], [""Guillain-Barr\u00e9 syndrome"", 0.0493287012953481], [""Acute dystonic reactions"", 0.0493287012953481], [""Myocarditis"", 0.0493287012953481], [""Pulmonary embolism"", 0.031203218247684784], [""Scombroid food poisoning"", 0.031203218247684784], [""PSVT"", 0.026349652625250075], [""SLE"", 0.02283683398436885]]"
med_test_00094_c0,"You are a diagnostic reasoning assistant. Based on the patient vignette below, pick the single most likely pathology from the candidate list. You MUST commit to one diagnosis — do not hedge or list alternatives.

{""patient"": {""age"": 61, ""sex"": ""male""}, ""findings"": [{""finding"": ""Do you have pain or weakness in your jaw?"", ""value"": ""yes""}, {""finding"": ""Do you have the perception of seeing two images of a single object seen overlapping or adjacent to each other (double vision)?"", ""value"": ""yes""}, {""finding"": ""Do you have difficulty articulating words/speaking?"", ""value"": ""yes""}, {""finding"": ""Do you have difficulty swallowing, or have a feeling of discomfort/blockage when swallowing?"", ""value"": ""yes""}, {""finding"": ""Are you experiencing shortness of breath or difficulty breathing in a significant way?"", ""value"": ""yes""}, {""finding"": ""Do you feel weakness in both arms and/or both legs?"", ""value"": ""yes""}, {""finding"": ""Do your symptoms of muscle weakness increase with fatigue and/or stress?"", ""value"": ""yes""}, {""finding"": ""Do you have a hard time opening/raising one or both eyelids?"", ""value"": ""yes""}, {""finding"": ""Did you previously, or do you currently, have any weakness/paralysis in one or more of your limbs or in your face?"", ""value"": ""yes""}, {""finding"": ""Have you traveled out of the country in the last 4 weeks?"", ""value"": ""N""}]}

Candidate pathologies:
- Atrial fibrillation
- Myocarditis
- Scombroid food poisoning
- Pulmonary embolism
- Anemia
- Guillain-Barré syndrome
- Chagas
- Acute pulmonary edema
- Anaphylaxis
- Acute dystonic reactions
- Myasthenia gravis","There are 11 candidate pathologies. Estimate the probability (0 to 1) that your chosen pathology is the correct diagnosis for this patient, given only the symptoms and candidates provided. A uniform prior would assign 0.09 to each candidate. Respond with ONLY valid JSON: {""Answer"": ""<pathology>"", ""Confidence"": ""0.XX""}",61,M,Myasthenia gravis,"[[""Myasthenia gravis"", 0.17577914391968857], [""Guillain-Barr\u00e9 syndrome"", 0.13775897897292988], [""Acute pulmonary edema"", 0.12703045483333325], [""Pulmonary embolism"", 0.09630804270582727], [""Myocarditis"", 0.09267470241681307], [""Acute dystonic reactions"", 0.09021214133398762], [""Atrial fibrillation"", 0.07876340142442806], [""Anemia"", 0.05806859079307203], [""Anaphylaxis"", 0.05806859079307203], [""Chagas"", 0.04860425575682693], [""Scombroid food poisoning"", 0.036731697050021425]]"
med_test_00095_c0,"You are a diagnostic reasoning assistant. Based on the patient vignette below, pick the single most likely pathology from the candidate list. You MUST commit to one diagnosis — do not hedge or list alternatives.

{""patient"": {""age"": 10, ""sex"": ""male""}, ""findings"": [{""finding"": ""Do you take corticosteroids?"", ""value"": ""yes""}, {""finding"": ""Have you been coughing up blood?"", ""value"": ""yes""}, {""finding"": ""Are you currently using intravenous drugs?"", ""value"": ""yes""}, {""finding"": ""Are you experiencing shortness of breath or difficulty breathing in a significant way?"", ""value"": ""yes""}, {""finding"": ""Do you have diabetes?"", ""value"": ""yes""}, {""finding"": ""Do you drink alcohol excessively or do you have an addiction to alcohol?"", ""value"": ""yes""}, {""finding"": ""Do you have a fever (either felt or measured with a thermometer)?"", ""value"": ""yes""}, {""finding"": ""Do you have a cough?"", ""value"": ""yes""}, {""finding"": ""Have you traveled out of the country in the last 4 weeks?"", ""value"": ""N""}, {""finding"": ""Is your BMI less than 18.5, or are you underweight?"", ""value"": ""yes""}]}

Candidate pathologies:
- Guillain-Barré syndrome
- Tuberculosis
- Acute dystonic reactions
- Bronchospasm / acute asthma exacerbation
- Bronchitis
- Myasthenia gravis
- Atrial fibrillation
- Pneumonia
- Pulmonary embolism
- Bronchiectasis
- Myocarditis","There are 11 candidate pathologies. Estimate the probability (0 to 1) that your chosen pathology is the correct diagnosis for this patient, given only the symptoms and candidates provided. A uniform prior would assign 0.09 to each candidate. Respond with ONLY valid JSON: {""Answer"": ""<pathology>"", ""Confidence"": ""0.XX""}",10,M,Tuberculosis,"[[""Bronchitis"", 0.14438196621154703], [""Tuberculosis"", 0.14255034957833304], [""Pneumonia"", 0.10892801392528027], [""Bronchiectasis"", 0.0981572213640894], [""Pulmonary embolism"", 0.09178959936369036], [""Bronchospasm / acute asthma exacerbation"", 0.08475448163226013], [""Atrial fibrillation"", 0.08342294528483561], [""Guillain-Barr\u00e9 syndrome"", 0.06150385565999105], [""Acute dystonic reactions"", 0.06150385565999105], [""Myocarditis"", 0.06150385565999105], [""Myasthenia gravis"", 0.06150385565999105]]"
med_test_00096_c0,"You are a diagnostic reasoning assistant. Based on the patient vignette below, pick the single most likely pathology from the candidate list. You MUST commit to one diagnosis — do not hedge or list alternatives.

{""patient"": {""age"": 4, ""sex"": ""female""}, ""findings"": [{""finding"": ""Do you have pain that improves when you lean forward?"", ""value"": ""yes""}, {""finding"": ""Do you have pain somewhere, related to your reason for consulting?"", ""value"": ""yes""}, {""finding"": ""Characterize your pain:"", ""value"": ""a knife stroke""}, {""finding"": ""Characterize your pain:"", ""value"": ""sharp""}, {""finding"": ""Do you feel pain somewhere?"", ""value"": ""tonsil(R)""}, {""finding"": ""Do you feel pain somewhere?"", ""value"": ""back of the neck""}, {""finding"": ""Do you feel pain somewhere?"", ""value"": ""side of the neck(R)""}, {""finding"": ""Do you feel pain somewhere?"", ""value"": ""palace""}, {""finding"": ""Do you feel pain somewhere?"", ""value"": ""under the jaw""}, {""finding"": ""How intense is the pain?"", ""value"": ""7""}, {""finding"": ""Does the pain radiate to another location?"", ""value"": ""nowhere""}, {""finding"": ""How precisely is the pain located?"", ""value"": ""7""}, {""finding"": ""How fast did the pain appear?"", ""value"": ""4""}, {""finding"": ""Do you regularly take stimulant drugs?"", ""value"": ""yes""}, {""finding"": ""Do you have difficulty swallowing, or have a feeling of discomfort/blockage when swallowing?"", ""value"": ""yes""}, {""finding"": ""Are you experiencing shortness of breath or difficulty breathing in a significant way?"", ""value"": ""yes""}, {""finding"": ""Do you have diabetes?"", ""value"": ""yes""}, {""finding"": ""Do you drink alcohol excessively or do you have an addiction to alcohol?"", ""value"": ""yes""}, {""finding"": ""Do you have high blood pressure or do you take medications to treat high blood pressure?"", ""value"": ""yes""}, {""finding"": ""Have you noticed a high pitched sound when breathing in?"", ""value"": ""yes""}, {""finding"": ""Have you traveled out of the country in the last 4 weeks?"", ""value"": ""N""}, {""finding"": ""Are your vaccinations up to date?"", ""value"": ""yes""}, {""finding"": ""Have you noticed that the tone of your voice has become deeper, softer or hoarse?"", ""value"": ""yes""}]}

Candidate pathologies:
- Myocarditis
- Anemia
- Epiglottitis
- Pulmonary embolism
- Chagas
- Scombroid food poisoning
- PSVT
- Atrial fibrillation
- Larygospasm
- Acute dystonic reactions
- Anaphylaxis
- Croup
- Guillain-Barré syndrome
- Myasthenia gravis
- SLE
- Acute laryngitis
- Viral pharyngitis","There are 17 candidate pathologies. Estimate the probability (0 to 1) that your chosen pathology is the correct diagnosis for this patient, given only the symptoms and candidates provided. A uniform prior would assign 0.06 to each candidate. Respond with ONLY valid JSON: {""Answer"": ""<pathology>"", ""Confidence"": ""0.XX""}",4,F,Epiglottitis,"[[""Epiglottitis"", 0.11652480687920844], [""Croup"", 0.09750813949604845], [""Myasthenia gravis"", 0.09203895495152781], [""Acute laryngitis"", 0.08640966580876044], [""Larygospasm"", 0.07263036848217723], [""Pulmonary embolism"", 0.07263036848217723], [""Anaphylaxis"", 0.06803316610500822], [""Guillain-Barr\u00e9 syndrome"", 0.06218627672268106], [""Atrial fibrillation"", 0.05939913954891036], [""Myocarditis"", 0.05866078085348168], [""Acute dystonic reactions"", 0.043792221584484516], [""Anemia"", 0.043792221584484516], [""Chagas"", 0.041593521235065815], [""Scombroid food poisoning"", 0.027701078920975064], [""PSVT"", 0.023392260411039117], [""SLE"", 0.02027370816320028], [""Viral pharyngitis"", 0.013433320770769827]]"
med_test_00097_c0,"You are a diagnostic reasoning assistant. Based on the patient vignette below, pick the single most likely pathology from the candidate list. You MUST commit to one diagnosis — do not hedge or list alternatives.

{""patient"": {""age"": 13, ""sex"": ""female""}, ""findings"": [{""finding"": ""Do you have a known severe food allergy?"", ""value"": ""yes""}, {""finding"": ""Have you been in contact with or ate something that you have an allergy to?"", ""value"": ""yes""}, {""finding"": ""Have you had diarrhea or an increase in stool frequency?"", ""value"": ""yes""}, {""finding"": ""Do you have pain somewhere, related to your reason for consulting?"", ""value"": ""yes""}, {""finding"": ""Characterize your pain:"", ""value"": ""a cramp""}, {""finding"": ""Do you feel pain somewhere?"", ""value"": ""flank(R)""}, {""finding"": ""Do you feel pain somewhere?"", ""value"": ""flank(L)""}, {""finding"": ""Do you feel pain somewhere?"", ""value"": ""iliac fossa(R)""}, {""finding"": ""Do you feel pain somewhere?"", ""value"": ""hypochondrium(L)""}, {""finding"": ""Do you feel pain somewhere?"", ""value"": ""belly""}, {""finding"": ""How intense is the pain?"", ""value"": ""4""}, {""finding"": ""Does the pain radiate to another location?"", ""value"": ""nowhere""}, {""finding"": ""How precisely is the pain located?"", ""value"": ""1""}, {""finding"": ""How fast did the pain appear?"", ""value"": ""4""}, {""finding"": ""Are you experiencing shortness of breath or difficulty breathing in a significant way?"", ""value"": ""yes""}, {""finding"": ""Do you have any lesions, redness or problems on your skin that you believe are related to the condition you are consulting for?"", ""value"": ""yes""}, {""finding"": ""What color is the rash?"", ""value"": ""pink""}, {""finding"": ""Do your lesions peel off?"", ""value"": ""N""}, {""finding"": ""Is the rash swollen?"", ""value"": ""1""}, {""finding"": ""Where is the affected region located?"", ""value"": ""back of the neck""}, {""finding"": ""Where is the affected region located?"", ""value"": ""biceps(R)""}, {""finding"": ""Where is the affected region located?"", ""value"": ""biceps(L)""}, {""finding"": ""Where is the affected region located?"", ""value"": ""mouth""}, {""finding"": ""Where is the affected region located?"", ""value"": ""ankle(R)""}, {""finding"": ""How intense is the pain caused by the rash?"", ""value"": ""1""}, {""finding"": ""Is the lesion (or are the lesions) larger than 1cm?"", ""value"": ""Y""}, {""finding"": ""How severe is the itching?"", ""value"": ""7""}, {""finding"": ""Are you feeling nauseous or do you feel like vomiting?"", ""value"": ""yes""}, {""finding"": ""Do you have swelling in one or more areas of your body?"", ""value"": ""yes""}, {""finding"": ""Where is the swelling located?"", ""value"": ""forehead""}, {""finding"": ""Where is the swelling located?"", ""value"": ""cheek(R)""}, {""finding"": ""Where is the swelling located?"", ""value"": ""nose""}, {""finding"": ""Did you lose consciousness?"", ""value"": ""yes""}, {""finding"": ""Have you noticed a high pitched sound when breathing in?"", ""value"": ""yes""}, {""finding"": ""Have you traveled out of the country in the last 4 weeks?"", ""value"": ""N""}, {""finding"": ""Have you noticed a wheezing sound when you exhale?"", ""value"": ""yes""}, {""finding"": ""Are you more likely to develop common allergies than the general population?"", ""value"": ""yes""}]}

Candidate pathologies:
- Atrial fibrillation
- Bronchospasm / acute asthma exacerbation
- Epiglottitis
- Acute dystonic reactions
- Chagas
- GERD
- Myasthenia gravis
- Larygospasm
- Guillain-Barré syndrome
- HIV (initial infection)
- Boerhaave
- Inguinal hernia
- Anemia
- Pulmonary embolism
- Anaphylaxis","There are 15 candidate pathologies. Estimate the probability (0 to 1) that your chosen pathology is the correct diagnosis for this patient, given only the symptoms and candidates provided. A uniform prior would assign 0.07 to each candidate. Respond with ONLY valid JSON: {""Answer"": ""<pathology>"", ""Confidence"": ""0.XX""}",13,F,Anaphylaxis,"[[""Anaphylaxis"", 0.11953600626028497], [""Bronchospasm / acute asthma exacerbation"", 0.0931616222532607], [""Epiglottitis"", 0.07368986798252451], [""Boerhaave"", 0.07359389697316332], [""Inguinal hernia"", 0.07225421017760518], [""GERD"", 0.06980330008998001], [""HIV (initial infection)"", 0.06965999036654653], [""Pulmonary embolism"", 0.06955212750945548], [""Larygospasm"", 0.06728565641003692], [""Guillain-Barr\u00e9 syndrome"", 0.05761012282360328], [""Chagas"", 0.05711617457425124], [""Atrial fibrillation"", 0.05502808505949644], [""Acute dystonic reactions"", 0.04056964650659719], [""Myasthenia gravis"", 0.04056964650659719], [""Anemia"", 0.04056964650659719]]"
med_test_00098_c0,"You are a diagnostic reasoning assistant. Based on the patient vignette below, pick the single most likely pathology from the candidate list. You MUST commit to one diagnosis — do not hedge or list alternatives.

{""patient"": {""age"": 25, ""sex"": ""female""}, ""findings"": [{""finding"": ""Have you ever had a spontaneous pneumothorax?"", ""value"": ""yes""}, {""finding"": ""Do you have pain somewhere, related to your reason for consulting?"", ""value"": ""yes""}, {""finding"": ""Characterize your pain:"", ""value"": ""heartbreaking""}, {""finding"": ""Characterize your pain:"", ""value"": ""a knife stroke""}, {""finding"": ""Characterize your pain:"", ""value"": ""violent""}, {""finding"": ""Do you feel pain somewhere?"", ""value"": ""lower chest""}, {""finding"": ""Do you feel pain somewhere?"", ""value"": ""side of the chest(R)""}, {""finding"": ""Do you feel pain somewhere?"", ""value"": ""breast(R)""}, {""finding"": ""Do you feel pain somewhere?"", ""value"": ""breast(L)""}, {""finding"": ""How intense is the pain?"", ""value"": ""8""}, {""finding"": ""Does the pain radiate to another location?"", ""value"": ""nowhere""}, {""finding"": ""How precisely is the pain located?"", ""value"": ""4""}, {""finding"": ""How fast did the pain appear?"", ""value"": ""6""}, {""finding"": ""Are you experiencing shortness of breath or difficulty breathing in a significant way?"", ""value"": ""yes""}, {""finding"": ""Do you smoke cigarettes?"", ""value"": ""yes""}, {""finding"": ""Do you have a chronic obstructive pulmonary disease (COPD)?"", ""value"": ""yes""}, {""finding"": ""Have you traveled out of the country in the last 4 weeks?"", ""value"": ""N""}, {""finding"": ""Do you have symptoms that are increased with physical exertion but alleviated with rest?"", ""value"": ""yes""}, {""finding"": ""Do you have pain that is increased when you breathe in deeply?"", ""value"": ""yes""}]}

Candidate pathologies:
- Unstable angina
- Guillain-Barré syndrome
- Acute dystonic reactions
- Pericarditis
- Stable angina
- Spontaneous pneumothorax
- Myocarditis
- Scombroid food poisoning
- Possible NSTEMI / STEMI
- Sarcoidosis
- Pulmonary embolism
- GERD
- Acute pulmonary edema","There are 13 candidate pathologies. Estimate the probability (0 to 1) that your chosen pathology is the correct diagnosis for this patient, given only the symptoms and candidates provided. A uniform prior would assign 0.08 to each candidate. Respond with ONLY valid JSON: {""Answer"": ""<pathology>"", ""Confidence"": ""0.XX""}",25,F,Spontaneous pneumothorax,"[[""Spontaneous pneumothorax"", 0.11196000657310426], [""Unstable angina"", 0.11163564564388208], [""Pulmonary embolism"", 0.11038666142692041], [""Stable angina"", 0.10498985666959271], [""Possible NSTEMI / STEMI"", 0.09636634255019078], [""Acute pulmonary edema"", 0.07389167066626946], [""Myocarditis"", 0.0718767363658149], [""Guillain-Barr\u00e9 syndrome"", 0.06983561863085946], [""Pericarditis"", 0.06600488919839584], [""GERD"", 0.06249158610704369], [""Acute dystonic reactions"", 0.04917896755919979], [""Sarcoidosis"", 0.040273515492910035], [""Scombroid food poisoning"", 0.03110850311581656]]"
med_test_00099_c0,"You are a diagnostic reasoning assistant. Based on the patient vignette below, pick the single most likely pathology from the candidate list. You MUST commit to one diagnosis — do not hedge or list alternatives.

{""patient"": {""age"": 48, ""sex"": ""female""}, ""findings"": [{""finding"": ""Have you ever had fluid in your lungs?"", ""value"": ""yes""}, {""finding"": ""Do you currently undergo dialysis?"", ""value"": ""yes""}, {""finding"": ""Have you had significantly increased sweating?"", ""value"": ""yes""}, {""finding"": ""Do you have pain somewhere, related to your reason for consulting?"", ""value"": ""yes""}, {""finding"": ""Characterize your pain:"", ""value"": ""tedious""}, {""finding"": ""Characterize your pain:"", ""value"": ""sensitive""}, {""finding"": ""Do you feel pain somewhere?"", ""value"": ""ankle(R)""}, {""finding"": ""Do you feel pain somewhere?"", ""value"": ""side of the chest(R)""}, {""finding"": ""Do you feel pain somewhere?"", ""value"": ""upper chest""}, {""finding"": ""Do you feel pain somewhere?"", ""value"": ""posterior chest wall(R)""}, {""finding"": ""Do you feel pain somewhere?"", ""value"": ""posterior chest wall(L)""}, {""finding"": ""How intense is the pain?"", ""value"": ""8""}, {""finding"": ""Does the pain radiate to another location?"", ""value"": ""biceps(L)""}, {""finding"": ""Does the pain radiate to another location?"", ""value"": ""jaw""}, {""finding"": ""Does the pain radiate to another location?"", ""value"": ""scapula(R)""}, {""finding"": ""Does the pain radiate to another location?"", ""value"": ""scapula(L)""}, {""finding"": ""How precisely is the pain located?"", ""value"": ""3""}, {""finding"": ""How fast did the pain appear?"", ""value"": ""0""}, {""finding"": ""Are you experiencing shortness of breath or difficulty breathing in a significant way?"", ""value"": ""yes""}, {""finding"": ""Do you have bouts of choking or shortness of breath that wake you up at night?"", ""value"": ""yes""}, {""finding"": ""Do you have high blood pressure or do you take medications to treat high blood pressure?"", ""value"": ""yes""}, {""finding"": ""Have you ever had a heart attack or do you have angina (chest pain)?"", ""value"": ""yes""}, {""finding"": ""Do you have heart failure?"", ""value"": ""yes""}, {""finding"": ""Do you have swelling in one or more areas of your body?"", ""value"": ""yes""}, {""finding"": ""Where is the swelling located?"", ""value"": ""ankle(R)""}, {""finding"": ""Where is the swelling located?"", ""value"": ""ankle(L)""}, {""finding"": ""Where is the swelling located?"", ""value"": ""calf(L)""}, {""finding"": ""Where is the swelling located?"", ""value"": ""tibia(R)""}, {""finding"": ""Have you traveled out of the country in the last 4 weeks?"", ""value"": ""N""}, {""finding"": ""Are your symptoms worse when lying down and alleviated while sitting up?"", ""value"": ""yes""}, {""finding"": ""Do you have symptoms that are increased with physical exertion but alleviated with rest?"", ""value"": ""yes""}]}

Candidate pathologies:
- Possible NSTEMI / STEMI
- Boerhaave
- Anaphylaxis
- Pulmonary neoplasm
- Guillain-Barré syndrome
- Atrial fibrillation
- Myocarditis
- Panic attack
- Acute dystonic reactions
- SLE
- Stable angina
- Spontaneous pneumothorax
- Scombroid food poisoning
- Myasthenia gravis
- Pericarditis
- Sarcoidosis
- Acute pulmonary edema
- Chagas
- GERD
- Anemia
- Pulmonary embolism
- Unstable angina","There are 22 candidate pathologies. Estimate the probability (0 to 1) that your chosen pathology is the correct diagnosis for this patient, given only the symptoms and candidates provided. A uniform prior would assign 0.05 to each candidate. Respond with ONLY valid JSON: {""Answer"": ""<pathology>"", ""Confidence"": ""0.XX""}",48,F,Acute pulmonary edema,"[[""Acute pulmonary edema"", 0.07608493185511093], [""Unstable angina"", 0.06325423910480951], [""Pulmonary embolism"", 0.06107444471876848], [""Pericarditis"", 0.05963078550585881], [""Possible NSTEMI / STEMI"", 0.05903335781855634], [""Panic attack"", 0.058974741760180575], [""Myocarditis"", 0.0566884822750302], [""SLE"", 0.05489490854194558], [""Stable angina"", 0.05436795943133714], [""Anaphylaxis"", 0.05227163954760618], [""Spontaneous pneumothorax"", 0.04892894590970007], [""GERD"", 0.0488687740035926], [""Boerhaave"", 0.04520665681848579], [""Atrial fibrillation"", 0.04359115426822803], [""Pulmonary neoplasm"", 0.03958651018658275], [""Guillain-Barr\u00e9 syndrome"", 0.03758141769637561], [""Acute dystonic reactions"", 0.026465224450694422], [""Myasthenia gravis"", 0.026465224450694422], [""Anemia"", 0.026465224450694422], [""Chagas"", 0.022151778100612148], [""Sarcoidosis"", 0.021672834543656413], [""Scombroid food poisoning"", 0.016740764561479708]]"
med_test_00100_c0,"You are a diagnostic reasoning assistant. Based on the patient vignette below, pick the single most likely pathology from the candidate list. You MUST commit to one diagnosis — do not hedge or list alternatives.

{""patient"": {""age"": 31, ""sex"": ""female""}, ""findings"": [{""finding"": ""Have you been in contact with a person with similar symptoms in the past 2 weeks?"", ""value"": ""yes""}, {""finding"": ""Do you live with 4 or more people?"", ""value"": ""yes""}, {""finding"": ""Do you attend or work in a daycare?"", ""value"": ""yes""}, {""finding"": ""Have you had significantly increased sweating?"", ""value"": ""yes""}, {""finding"": ""Do you have pain somewhere, related to your reason for consulting?"", ""value"": ""yes""}, {""finding"": ""Characterize your pain:"", ""value"": ""tedious""}, {""finding"": ""Characterize your pain:"", ""value"": ""sensitive""}, {""finding"": ""Characterize your pain:"", ""value"": ""heavy""}, {""finding"": ""Do you feel pain somewhere?"", ""value"": ""top of the head""}, {""finding"": ""Do you feel pain somewhere?"", ""value"": ""forehead""}, {""finding"": ""Do you feel pain somewhere?"", ""value"": ""cheek(R)""}, {""finding"": ""Do you feel pain somewhere?"", ""value"": ""cheek(L)""}, {""finding"": ""Do you feel pain somewhere?"", ""value"": ""occiput""}, {""finding"": ""How intense is the pain?"", ""value"": ""5""}, {""finding"": ""Does the pain radiate to another location?"", ""value"": ""nowhere""}, {""finding"": ""How precisely is the pain located?"", ""value"": ""2""}, {""finding"": ""How fast did the pain appear?"", ""value"": ""4""}, {""finding"": ""Do you have a cough that produces colored or more abundant sputum than usual?"", ""value"": ""yes""}, {""finding"": ""Do you smoke cigarettes?"", ""value"": ""yes""}, {""finding"": ""Do you have a fever (either felt or measured with a thermometer)?"", ""value"": ""yes""}, {""finding"": ""Do you have a sore throat?"", ""value"": ""yes""}, {""finding"": ""Do you have nasal congestion or a clear runny nose?"", ""value"": ""yes""}, {""finding"": ""Do you have a cough?"", ""value"": ""yes""}, {""finding"": ""Have you traveled out of the country in the last 4 weeks?"", ""value"": ""N""}, {""finding"": ""Are you exposed to secondhand cigarette smoke on a daily basis?"", ""value"": ""yes""}]}

Candidate pathologies:
- Bronchitis
- Tuberculosis
- Acute rhinosinusitis
- URTI
- Bronchiectasis
- Chronic rhinosinusitis
- Pneumonia
- Chagas
- Influenza
- HIV (initial infection)","There are 10 candidate pathologies. Estimate the probability (0 to 1) that your chosen pathology is the correct diagnosis for this patient, given only the symptoms and candidates provided. A uniform prior would assign 0.10 to each candidate. Respond with ONLY valid JSON: {""Answer"": ""<pathology>"", ""Confidence"": ""0.XX""}",31,F,URTI,"[[""URTI"", 0.17148834596442425], [""Bronchitis"", 0.15523585625484898], [""Influenza"", 0.13917812630015103], [""Pneumonia"", 0.13891369921996813], [""Bronchiectasis"", 0.1037928189976076], [""Tuberculosis"", 0.09492534845574895], [""HIV (initial infection)"", 0.06123665785375359], [""Chronic rhinosinusitis"", 0.05684975547260664], [""Chagas"", 0.041622176389718886], [""Acute rhinosinusitis"", 0.036757215091171885]]"
med_test_00101_c0,"You are a diagnostic reasoning assistant. Based on the patient vignette below, pick the single most likely pathology from the candidate list. You MUST commit to one diagnosis — do not hedge or list alternatives.

{""patient"": {""age"": 81, ""sex"": ""male""}, ""findings"": [{""finding"": ""Have you started or taken any antipsychotic medication within the last 7 days?"", ""value"": ""yes""}, {""finding"": ""Do you regularly take stimulant drugs?"", ""value"": ""yes""}, {""finding"": ""Are you experiencing shortness of breath or difficulty breathing in a significant way?"", ""value"": ""yes""}, {""finding"": ""Have you ever felt like you were suffocating for a very short time associated with inability to breathe or speak?"", ""value"": ""yes""}, {""finding"": ""Do you have trouble keeping your tongue in your mouth?"", ""value"": ""yes""}, {""finding"": ""Are you unable to control the direction of your eyes?"", ""value"": ""yes""}, {""finding"": ""Do you feel that muscle spasms or soreness in your neck are keeping you from turning your head to one side?"", ""value"": ""yes""}, {""finding"": ""Have you traveled out of the country in the last 4 weeks?"", ""value"": ""N""}, {""finding"": ""Do you suddenly have difficulty or an inability to open your mouth or have jaw pain when opening it?"", ""value"": ""yes""}]}

Candidate pathologies:
- Chagas
- Possible NSTEMI / STEMI
- Myocarditis
- Pulmonary embolism
- Guillain-Barré syndrome
- Atrial fibrillation
- Anemia
- PSVT
- Scombroid food poisoning
- Acute dystonic reactions
- SLE
- Anaphylaxis
- Acute pulmonary edema","There are 13 candidate pathologies. Estimate the probability (0 to 1) that your chosen pathology is the correct diagnosis for this patient, given only the symptoms and candidates provided. A uniform prior would assign 0.08 to each candidate. Respond with ONLY valid JSON: {""Answer"": ""<pathology>"", ""Confidence"": ""0.XX""}",81,M,Acute dystonic reactions,"[[""Acute dystonic reactions"", 0.17818166718687464], [""Pulmonary embolism"", 0.11791066292884865], [""Acute pulmonary edema"", 0.1104474049110528], [""Guillain-Barr\u00e9 syndrome"", 0.1009553616025982], [""Atrial fibrillation"", 0.09643062630659617], [""Myocarditis"", 0.09523194915437107], [""Anemia"", 0.07109381359425009], [""Anaphylaxis"", 0.07109381359425009], [""Scombroid food poisoning"", 0.044970893686406554], [""PSVT"", 0.03797580805536899], [""SLE"", 0.0329130420167916], [""Possible NSTEMI / STEMI"", 0.02139747848129552], [""Chagas"", 0.02139747848129552]]"
med_test_00102_c0,"You are a diagnostic reasoning assistant. Based on the patient vignette below, pick the single most likely pathology from the candidate list. You MUST commit to one diagnosis — do not hedge or list alternatives.

{""patient"": {""age"": 28, ""sex"": ""female""}, ""findings"": [{""finding"": ""Do you have a poor diet?"", ""value"": ""yes""}, {""finding"": ""Have you ever had a diagnosis of anemia?"", ""value"": ""yes""}, {""finding"": ""Do you have pain somewhere, related to your reason for consulting?"", ""value"": ""yes""}, {""finding"": ""Characterize your pain:"", ""value"": ""tugging""}, {""finding"": ""Characterize your pain:"", ""value"": ""exhausting""}, {""finding"": ""Do you feel pain somewhere?"", ""value"": ""back of head""}, {""finding"": ""Do you feel pain somewhere?"", ""value"": ""forehead""}, {""finding"": ""Do you feel pain somewhere?"", ""value"": ""temple(R)""}, {""finding"": ""Do you feel pain somewhere?"", ""value"": ""temple(L)""}, {""finding"": ""How intense is the pain?"", ""value"": ""2""}, {""finding"": ""Does the pain radiate to another location?"", ""value"": ""nowhere""}, {""finding"": ""How precisely is the pain located?"", ""value"": ""4""}, {""finding"": ""How fast did the pain appear?"", ""value"": ""3""}, {""finding"": ""Are you experiencing shortness of breath or difficulty breathing in a significant way?"", ""value"": ""yes""}, {""finding"": ""Do you feel lightheaded and dizzy or do you feel like you are about to faint?"", ""value"": ""yes""}, {""finding"": ""Do you feel so tired that you are unable to do your usual activities or are you stuck in your bed all day long?"", ""value"": ""yes""}, {""finding"": ""Do you constantly feel fatigued or do you have non-restful sleep?"", ""value"": ""yes""}, {""finding"": ""Do you have chronic kidney failure?"", ""value"": ""yes""}, {""finding"": ""Have you recently had stools that were black (like coal)?"", ""value"": ""yes""}, {""finding"": ""Do you have very abundant or very long menstruation periods?"", ""value"": ""yes""}, {""finding"": ""Are you taking any new oral anticoagulants ((NOACs)?"", ""value"": ""yes""}, {""finding"": ""Do you think you are pregnant or are you currently pregnant?"", ""value"": ""yes""}, {""finding"": ""Have you traveled out of the country in the last 4 weeks?"", ""value"": ""Asia""}]}

Candidate pathologies:
- Anemia
- Scombroid food poisoning
- Myasthenia gravis
- Cluster headache
- Chagas
- Guillain-Barré syndrome
- Acute dystonic reactions
- SLE
- Acute pulmonary edema
- Panic attack
- Myocarditis
- HIV (initial infection)
- Anaphylaxis","There are 13 candidate pathologies. Estimate the probability (0 to 1) that your chosen pathology is the correct diagnosis for this patient, given only the symptoms and candidates provided. A uniform prior would assign 0.08 to each candidate. Respond with ONLY valid JSON: {""Answer"": ""<pathology>"", ""Confidence"": ""0.XX""}",28,F,Anemia,"[[""Anemia"", 0.14940255098904037], [""Anaphylaxis"", 0.09184403335736913], [""Myocarditis"", 0.08739348624612707], [""Acute pulmonary edema"", 0.0850712581460117], [""Panic attack"", 0.08378130379474444], [""Guillain-Barr\u00e9 syndrome"", 0.07776008530970131], [""Chagas"", 0.07131216013262266], [""Cluster headache"", 0.06811553069038437], [""HIV (initial infection)"", 0.06740800021982812], [""SLE"", 0.06255820811816375], [""Acute dystonic reactions"", 0.05475945925331233], [""Myasthenia gravis"", 0.05475945925331233], [""Scombroid food poisoning"", 0.045834464489382366]]"
med_test_00103_c0,"You are a diagnostic reasoning assistant. Based on the patient vignette below, pick the single most likely pathology from the candidate list. You MUST commit to one diagnosis — do not hedge or list alternatives.

{""patient"": {""age"": 65, ""sex"": ""female""}, ""findings"": [{""finding"": ""Have you ever had a pericarditis?"", ""value"": ""yes""}, {""finding"": ""Do you have pain somewhere, related to your reason for consulting?"", ""value"": ""yes""}, {""finding"": ""Characterize your pain:"", ""value"": ""sensitive""}, {""finding"": ""Characterize your pain:"", ""value"": ""sharp""}, {""finding"": ""Do you feel pain somewhere?"", ""value"": ""ankle(R)""}, {""finding"": ""Do you feel pain somewhere?"", ""value"": ""ankle(L)""}, {""finding"": ""Do you feel pain somewhere?"", ""value"": ""dorsal aspect of the wrist(R)""}, {""finding"": ""Do you feel pain somewhere?"", ""value"": ""dorsal aspect of the wrist(L)""}, {""finding"": ""Do you feel pain somewhere?"", ""value"": ""shoulder(L)""}, {""finding"": ""How intense is the pain?"", ""value"": ""3""}, {""finding"": ""Does the pain radiate to another location?"", ""value"": ""nowhere""}, {""finding"": ""How precisely is the pain located?"", ""value"": ""5""}, {""finding"": ""How fast did the pain appear?"", ""value"": ""2""}, {""finding"": ""Are you experiencing shortness of breath or difficulty breathing in a significant way?"", ""value"": ""yes""}, {""finding"": ""Do you constantly feel fatigued or do you have non-restful sleep?"", ""value"": ""yes""}, {""finding"": ""Are you consulting because you have high blood pressure?"", ""value"": ""yes""}, {""finding"": ""Do you have any lesions, redness or problems on your skin that you believe are related to the condition you are consulting for?"", ""value"": ""yes""}, {""finding"": ""What color is the rash?"", ""value"": ""red""}, {""finding"": ""Do your lesions peel off?"", ""value"": ""N""}, {""finding"": ""Is the rash swollen?"", ""value"": ""0""}, {""finding"": ""Where is the affected region located?"", ""value"": ""cheek(R)""}, {""finding"": ""Where is the affected region located?"", ""value"": ""cheek(L)""}, {""finding"": ""Is the lesion (or are the lesions) larger than 1cm?"", ""value"": ""Y""}, {""finding"": ""How severe is the itching?"", ""value"": ""3""}, {""finding"": ""Have you traveled out of the country in the last 4 weeks?"", ""value"": ""N""}]}

Candidate pathologies:
- PSVT
- Acute pulmonary edema
- Atrial fibrillation
- Possible NSTEMI / STEMI
- Pulmonary embolism
- Stable angina
- Myocarditis
- Myasthenia gravis
- Pancreatic neoplasm
- Acute dystonic reactions
- SLE
- Anemia
- Bronchospasm / acute asthma exacerbation
- Pulmonary neoplasm
- Anaphylaxis
- Guillain-Barré syndrome","There are 16 candidate pathologies. Estimate the probability (0 to 1) that your chosen pathology is the correct diagnosis for this patient, given only the symptoms and candidates provided. A uniform prior would assign 0.06 to each candidate. Respond with ONLY valid JSON: {""Answer"": ""<pathology>"", ""Confidence"": ""0.XX""}",65,F,SLE,"[[""SLE"", 0.10740951123844963], [""Possible NSTEMI / STEMI"", 0.10436939292479303], [""Anemia"", 0.08118116812118478], [""Acute pulmonary edema"", 0.0800633559045848], [""Guillain-Barr\u00e9 syndrome"", 0.07420431643093646], [""Atrial fibrillation"", 0.07087854071837518], [""Myocarditis"", 0.05879391960574491], [""Pulmonary neoplasm"", 0.05837870830909417], [""Bronchospasm / acute asthma exacerbation"", 0.05660363718118427], [""Acute dystonic reactions"", 0.05225544989870033], [""Myasthenia gravis"", 0.05225544989870033], [""Pancreatic neoplasm"", 0.04886251426693665], [""Anaphylaxis"", 0.045591692149365065], [""Pulmonary embolism"", 0.042474780358361656], [""Stable angina"", 0.03876454447800162], [""PSVT"", 0.02791301851558702]]"
med_test_00104_c0,"You are a diagnostic reasoning assistant. Based on the patient vignette below, pick the single most likely pathology from the candidate list. You MUST commit to one diagnosis — do not hedge or list alternatives.

{""patient"": {""age"": 58, ""sex"": ""male""}, ""findings"": [{""finding"": ""Do you have pain somewhere, related to your reason for consulting?"", ""value"": ""yes""}, {""finding"": ""Characterize your pain:"", ""value"": ""a knife stroke""}, {""finding"": ""Characterize your pain:"", ""value"": ""sharp""}, {""finding"": ""Do you feel pain somewhere?"", ""value"": ""lower chest""}, {""finding"": ""Do you feel pain somewhere?"", ""value"": ""side of the chest(R)""}, {""finding"": ""Do you feel pain somewhere?"", ""value"": ""upper chest""}, {""finding"": ""How intense is the pain?"", ""value"": ""1""}, {""finding"": ""Does the pain radiate to another location?"", ""value"": ""nowhere""}, {""finding"": ""How precisely is the pain located?"", ""value"": ""8""}, {""finding"": ""How fast did the pain appear?"", ""value"": ""4""}, {""finding"": ""Do you have a cough that produces colored or more abundant sputum than usual?"", ""value"": ""yes""}, {""finding"": ""Do you drink alcohol excessively or do you have an addiction to alcohol?"", ""value"": ""yes""}, {""finding"": ""Do you smoke cigarettes?"", ""value"": ""yes""}, {""finding"": ""Do you have a fever (either felt or measured with a thermometer)?"", ""value"": ""yes""}, {""finding"": ""Do you have heart failure?"", ""value"": ""yes""}, {""finding"": ""Have you ever had a stroke?"", ""value"": ""yes""}, {""finding"": ""Have you ever had pneumonia?"", ""value"": ""yes""}, {""finding"": ""Do you have asthma or have you ever had to use a bronchodilator in the past?"", ""value"": ""yes""}, {""finding"": ""Do you have any lesions, redness or problems on your skin that you believe are related to the condition you are consulting for?"", ""value"": ""yes""}, {""finding"": ""What color is the rash?"", ""value"": ""pink""}, {""finding"": ""Do your lesions peel off?"", ""value"": ""Y""}, {""finding"": ""Is the rash swollen?"", ""value"": ""6""}, {""finding"": ""Where is the affected region located?"", ""value"": ""side of the neck(L)""}, {""finding"": ""Where is the affected region located?"", ""value"": ""flank(R)""}, {""finding"": ""Where is the affected region located?"", ""value"": ""flank(L)""}, {""finding"": ""Where is the affected region located?"", ""value"": ""posterior chest wall(R)""}, {""finding"": ""Where is the affected region located?"", ""value"": ""posterior chest wall(L)""}, {""finding"": ""How intense is the pain caused by the rash?"", ""value"": ""0""}, {""finding"": ""Is the lesion (or are the lesions) larger than 1cm?"", ""value"": ""N""}, {""finding"": ""How severe is the itching?"", ""value"": ""0""}, {""finding"": ""Do you have diffuse (widespread) muscle pain?"", ""value"": ""yes""}, {""finding"": ""Have you noticed any new fatigue, generalized and vague discomfort, diffuse (widespread) muscle aches or a change in your general well-being related to your consultation today?"", ""value"": ""yes""}, {""finding"": ""Have you had surgery within the last month?"", ""value"": ""yes""}, {""finding"": ""Do you have a cough?"", ""value"": ""yes""}, {""finding"": ""Have you traveled out of the country in the last 4 weeks?"", ""value"": ""N""}, {""finding"": ""Is your BMI less than 18.5, or are you underweight?"", ""value"": ""yes""}, {""finding"": ""Are your vaccinations up to date?"", ""value"": ""yes""}]}

Candidate pathologies:
- Tuberculosis
- Bronchitis
- Chagas
- Stable angina
- Pneumonia
- Possible NSTEMI / STEMI
- Boerhaave
- Panic attack
- Unstable angina
- GERD
- Scombroid food poisoning
- Influenza
- HIV (initial infection)
- Bronchiectasis","There are 14 candidate pathologies. Estimate the probability (0 to 1) that your chosen pathology is the correct diagnosis for this patient, given only the symptoms and candidates provided. A uniform prior would assign 0.07 to each candidate. Respond with ONLY valid JSON: {""Answer"": ""<pathology>"", ""Confidence"": ""0.XX""}",58,M,Pneumonia,"[[""Pneumonia"", 0.12476645862801611], [""Bronchitis"", 0.12060437955288793], [""GERD"", 0.10149878340452394], [""HIV (initial infection)"", 0.10028080579872635], [""Possible NSTEMI / STEMI"", 0.07892370007269463], [""Unstable angina"", 0.07858963150095837], [""Tuberculosis"", 0.06875762350252908], [""Influenza"", 0.06072965678645484], [""Scombroid food poisoning"", 0.05862385437909075], [""Bronchiectasis"", 0.05862385437909075], [""Stable angina"", 0.05446430097253735], [""Chagas"", 0.04854418010862451], [""Boerhaave"", 0.04310400707322971], [""Panic attack"", 0.002488763840635557]]"
med_test_00105_c0,"You are a diagnostic reasoning assistant. Based on the patient vignette below, pick the single most likely pathology from the candidate list. You MUST commit to one diagnosis — do not hedge or list alternatives.

{""patient"": {""age"": 33, ""sex"": ""male""}, ""findings"": [{""finding"": ""Do you regularly take stimulant drugs?"", ""value"": ""yes""}, {""finding"": ""Are you experiencing shortness of breath or difficulty breathing in a significant way?"", ""value"": ""yes""}, {""finding"": ""Have you been treated in hospital recently for nausea, agitation, intoxication or aggressive behavior and received medication via an intravenous or intramuscular route?"", ""value"": ""yes""}, {""finding"": ""Do you have a hard time opening/raising one or both eyelids?"", ""value"": ""yes""}, {""finding"": ""Are you unable to control the direction of your eyes?"", ""value"": ""yes""}, {""finding"": ""Do you feel that muscle spasms or soreness in your neck are keeping you from turning your head to one side?"", ""value"": ""yes""}, {""finding"": ""Do you have annoying muscle spasms in your face, neck or any other part of your body?"", ""value"": ""yes""}, {""finding"": ""Have you traveled out of the country in the last 4 weeks?"", ""value"": ""N""}, {""finding"": ""Do you suddenly have difficulty or an inability to open your mouth or have jaw pain when opening it?"", ""value"": ""yes""}]}

Candidate pathologies:
- PSVT
- Chagas
- Anaphylaxis
- Scombroid food poisoning
- Guillain-Barré syndrome
- Acute pulmonary edema
- Pulmonary embolism
- Anemia
- Atrial fibrillation
- Myocarditis
- SLE
- Myasthenia gravis
- Possible NSTEMI / STEMI
- Acute dystonic reactions","There are 14 candidate pathologies. Estimate the probability (0 to 1) that your chosen pathology is the correct diagnosis for this patient, given only the symptoms and candidates provided. A uniform prior would assign 0.07 to each candidate. Respond with ONLY valid JSON: {""Answer"": ""<pathology>"", ""Confidence"": ""0.XX""}",33,M,Acute dystonic reactions,"[[""Acute dystonic reactions"", 0.15519184924589857], [""Myasthenia gravis"", 0.1290245977823559], [""Pulmonary embolism"", 0.10269728707020304], [""Acute pulmonary edema"", 0.09619697291629924], [""Guillain-Barr\u00e9 syndrome"", 0.0879296366778507], [""Atrial fibrillation"", 0.08398870353348695], [""Myocarditis"", 0.08294468521869859], [""Anemia"", 0.06192096289043819], [""Anaphylaxis"", 0.06192096289043819], [""Scombroid food poisoning"", 0.03916854221660487], [""PSVT"", 0.03307599469556506], [""SLE"", 0.02866645000878129], [""Possible NSTEMI / STEMI"", 0.018636677426689754], [""Chagas"", 0.018636677426689754]]"
med_test_00106_c0,"You are a diagnostic reasoning assistant. Based on the patient vignette below, pick the single most likely pathology from the candidate list. You MUST commit to one diagnosis — do not hedge or list alternatives.

{""patient"": {""age"": 61, ""sex"": ""female""}, ""findings"": [{""finding"": ""Have you ever had a pericarditis?"", ""value"": ""yes""}, {""finding"": ""Do you have pain somewhere, related to your reason for consulting?"", ""value"": ""yes""}, {""finding"": ""Characterize your pain:"", ""value"": ""a knife stroke""}, {""finding"": ""Characterize your pain:"", ""value"": ""sharp""}, {""finding"": ""Do you feel pain somewhere?"", ""value"": ""lower chest""}, {""finding"": ""Do you feel pain somewhere?"", ""value"": ""upper chest""}, {""finding"": ""Do you feel pain somewhere?"", ""value"": ""breast(R)""}, {""finding"": ""How intense is the pain?"", ""value"": ""5""}, {""finding"": ""Does the pain radiate to another location?"", ""value"": ""thoracic spine""}, {""finding"": ""Does the pain radiate to another location?"", ""value"": ""posterior chest wall(R)""}, {""finding"": ""Does the pain radiate to another location?"", ""value"": ""posterior chest wall(L)""}, {""finding"": ""How precisely is the pain located?"", ""value"": ""2""}, {""finding"": ""How fast did the pain appear?"", ""value"": ""3""}, {""finding"": ""Are you experiencing shortness of breath or difficulty breathing in a significant way?"", ""value"": ""yes""}, {""finding"": ""Have you traveled out of the country in the last 4 weeks?"", ""value"": ""N""}, {""finding"": ""Are your symptoms worse when lying down and alleviated while sitting up?"", ""value"": ""yes""}]}

Candidate pathologies:
- Sarcoidosis
- Acute dystonic reactions
- Myocarditis
- Scombroid food poisoning
- Stable angina
- GERD
- Acute pulmonary edema
- Pulmonary embolism
- Possible NSTEMI / STEMI
- Anaphylaxis
- Pericarditis","There are 11 candidate pathologies. Estimate the probability (0 to 1) that your chosen pathology is the correct diagnosis for this patient, given only the symptoms and candidates provided. A uniform prior would assign 0.09 to each candidate. Respond with ONLY valid JSON: {""Answer"": ""<pathology>"", ""Confidence"": ""0.XX""}",61,F,Pericarditis,"[[""Possible NSTEMI / STEMI"", 0.180379409017598], [""GERD"", 0.1699796195152854], [""Pericarditis"", 0.16249659808790312], [""Myocarditis"", 0.1137145316947612], [""Acute dystonic reactions"", 0.09205364518015029], [""Anaphylaxis"", 0.09205364518015029], [""Sarcoidosis"", 0.07538433784480915], [""Scombroid food poisoning"", 0.058229183125119946], [""Stable angina"", 0.03370563359265248], [""Acute pulmonary edema"", 0.02200339676157028], [""Pulmonary embolism"", 0.0]]"
med_test_00107_c0,"You are a diagnostic reasoning assistant. Based on the patient vignette below, pick the single most likely pathology from the candidate list. You MUST commit to one diagnosis — do not hedge or list alternatives.

{""patient"": {""age"": 38, ""sex"": ""male""}, ""findings"": [{""finding"": ""Do you have pain somewhere, related to your reason for consulting?"", ""value"": ""yes""}, {""finding"": ""Characterize your pain:"", ""value"": ""a knife stroke""}, {""finding"": ""Characterize your pain:"", ""value"": ""sharp""}, {""finding"": ""Do you feel pain somewhere?"", ""value"": ""tonsil(R)""}, {""finding"": ""Do you feel pain somewhere?"", ""value"": ""tonsil(L)""}, {""finding"": ""Do you feel pain somewhere?"", ""value"": ""back of the neck""}, {""finding"": ""Do you feel pain somewhere?"", ""value"": ""palace""}, {""finding"": ""Do you feel pain somewhere?"", ""value"": ""pharynx""}, {""finding"": ""How intense is the pain?"", ""value"": ""8""}, {""finding"": ""Does the pain radiate to another location?"", ""value"": ""nowhere""}, {""finding"": ""How precisely is the pain located?"", ""value"": ""5""}, {""finding"": ""How fast did the pain appear?"", ""value"": ""9""}, {""finding"": ""Do you regularly take stimulant drugs?"", ""value"": ""yes""}, {""finding"": ""Do you have difficulty swallowing, or have a feeling of discomfort/blockage when swallowing?"", ""value"": ""yes""}, {""finding"": ""Are you experiencing shortness of breath or difficulty breathing in a significant way?"", ""value"": ""yes""}, {""finding"": ""Have you noticed that you produce more saliva than usual?"", ""value"": ""yes""}, {""finding"": ""Have you noticed a high pitched sound when breathing in?"", ""value"": ""yes""}, {""finding"": ""Have you traveled out of the country in the last 4 weeks?"", ""value"": ""N""}, {""finding"": ""Are your vaccinations up to date?"", ""value"": ""yes""}, {""finding"": ""Have you noticed that the tone of your voice has become deeper, softer or hoarse?"", ""value"": ""yes""}]}

Candidate pathologies:
- Chagas
- Atrial fibrillation
- Viral pharyngitis
- Guillain-Barré syndrome
- Larygospasm
- Myocarditis
- PSVT
- Acute pulmonary edema
- Acute laryngitis
- SLE
- Anaphylaxis
- Pulmonary embolism
- Anemia
- Epiglottitis
- Acute dystonic reactions
- Scombroid food poisoning
- Myasthenia gravis","There are 17 candidate pathologies. Estimate the probability (0 to 1) that your chosen pathology is the correct diagnosis for this patient, given only the symptoms and candidates provided. A uniform prior would assign 0.06 to each candidate. Respond with ONLY valid JSON: {""Answer"": ""<pathology>"", ""Confidence"": ""0.XX""}",38,M,Epiglottitis,"[[""Epiglottitis"", 0.12799914988970562], [""Myasthenia gravis"", 0.09397895352578835], [""Acute laryngitis"", 0.08823101013584032], [""Larygospasm"", 0.07416127255836592], [""Pulmonary embolism"", 0.07416127255836592], [""Acute pulmonary edema"", 0.06946717027547773], [""Anaphylaxis"", 0.06946717027547773], [""Guillain-Barr\u00e9 syndrome"", 0.06349704006461718], [""Atrial fibrillation"", 0.06065115556862589], [""Myocarditis"", 0.059897233736727666], [""Acute dystonic reactions"", 0.044715274736080425], [""Anemia"", 0.044715274736080425], [""Chagas"", 0.04247023014529844], [""Scombroid food poisoning"", 0.02828496270844823], [""PSVT"", 0.023885322852589513], [""SLE"", 0.020701037710263222], [""Viral pharyngitis"", 0.013716468522247479]]"
med_test_00108_c0,"You are a diagnostic reasoning assistant. Based on the patient vignette below, pick the single most likely pathology from the candidate list. You MUST commit to one diagnosis — do not hedge or list alternatives.

{""patient"": {""age"": 105, ""sex"": ""female""}, ""findings"": [{""finding"": ""Do you have a poor diet?"", ""value"": ""yes""}, {""finding"": ""Do you have pain somewhere, related to your reason for consulting?"", ""value"": ""yes""}, {""finding"": ""Characterize your pain:"", ""value"": ""sensitive""}, {""finding"": ""Characterize your pain:"", ""value"": ""a cramp""}, {""finding"": ""Do you feel pain somewhere?"", ""value"": ""back of head""}, {""finding"": ""Do you feel pain somewhere?"", ""value"": ""top of the head""}, {""finding"": ""Do you feel pain somewhere?"", ""value"": ""forehead""}, {""finding"": ""How intense is the pain?"", ""value"": ""4""}, {""finding"": ""Does the pain radiate to another location?"", ""value"": ""nowhere""}, {""finding"": ""How precisely is the pain located?"", ""value"": ""8""}, {""finding"": ""How fast did the pain appear?"", ""value"": ""3""}, {""finding"": ""Are you experiencing shortness of breath or difficulty breathing in a significant way?"", ""value"": ""yes""}, {""finding"": ""Do you feel slightly dizzy or lightheaded?"", ""value"": ""yes""}, {""finding"": ""Do you feel lightheaded and dizzy or do you feel like you are about to faint?"", ""value"": ""yes""}, {""finding"": ""Do you feel so tired that you are unable to do your usual activities or are you stuck in your bed all day long?"", ""value"": ""yes""}, {""finding"": ""Do you have chronic kidney failure?"", ""value"": ""yes""}, {""finding"": ""Have you recently had stools that were black (like coal)?"", ""value"": ""yes""}, {""finding"": ""Are you taking any new oral anticoagulants ((NOACs)?"", ""value"": ""yes""}, {""finding"": ""Have you traveled out of the country in the last 4 weeks?"", ""value"": ""Central America""}, {""finding"": ""Is your BMI less than 18.5, or are you underweight?"", ""value"": ""yes""}]}

Candidate pathologies:
- Acute pulmonary edema
- HIV (initial infection)
- Anemia
- Anaphylaxis
- Cluster headache
- Guillain-Barré syndrome
- Acute dystonic reactions
- Myasthenia gravis
- Chagas
- Scombroid food poisoning
- Myocarditis","There are 11 candidate pathologies. Estimate the probability (0 to 1) that your chosen pathology is the correct diagnosis for this patient, given only the symptoms and candidates provided. A uniform prior would assign 0.09 to each candidate. Respond with ONLY valid JSON: {""Answer"": ""<pathology>"", ""Confidence"": ""0.XX""}",105,F,Anemia,"[[""Anemia"", 0.1608818347420005], [""Anaphylaxis"", 0.11528495046828985], [""Acute pulmonary edema"", 0.10531325091049253], [""Guillain-Barr\u00e9 syndrome"", 0.09760642314626346], [""Chagas"", 0.08951282460219312], [""Cluster headache"", 0.08550033458577606], [""HIV (initial infection)"", 0.0846122244683175], [""Acute dystonic reactions"", 0.06873545637008904], [""Myasthenia gravis"", 0.06873545637008904], [""Myocarditis"", 0.06628466682175052], [""Scombroid food poisoning"", 0.05753257751473815]]"
med_test_00109_c0,"You are a diagnostic reasoning assistant. Based on the patient vignette below, pick the single most likely pathology from the candidate list. You MUST commit to one diagnosis — do not hedge or list alternatives.

{""patient"": {""age"": 81, ""sex"": ""female""}, ""findings"": [{""finding"": ""Have you been coughing up blood?"", ""value"": ""yes""}, {""finding"": ""Do you have pain somewhere, related to your reason for consulting?"", ""value"": ""yes""}, {""finding"": ""Characterize your pain:"", ""value"": ""a knife stroke""}, {""finding"": ""Characterize your pain:"", ""value"": ""sharp""}, {""finding"": ""Do you feel pain somewhere?"", ""value"": ""lower chest""}, {""finding"": ""Do you feel pain somewhere?"", ""value"": ""side of the chest(R)""}, {""finding"": ""Do you feel pain somewhere?"", ""value"": ""breast(R)""}, {""finding"": ""Do you feel pain somewhere?"", ""value"": ""posterior chest wall(R)""}, {""finding"": ""How intense is the pain?"", ""value"": ""6""}, {""finding"": ""Does the pain radiate to another location?"", ""value"": ""nowhere""}, {""finding"": ""How precisely is the pain located?"", ""value"": ""2""}, {""finding"": ""How fast did the pain appear?"", ""value"": ""4""}, {""finding"": ""Are you experiencing shortness of breath or difficulty breathing in a significant way?"", ""value"": ""yes""}, {""finding"": ""Do you have a cough that produces colored or more abundant sputum than usual?"", ""value"": ""yes""}, {""finding"": ""Do you have a fever (either felt or measured with a thermometer)?"", ""value"": ""yes""}, {""finding"": ""Have you had chills or shivers?"", ""value"": ""yes""}, {""finding"": ""Do you have heart failure?"", ""value"": ""yes""}, {""finding"": ""Have you ever had pneumonia?"", ""value"": ""yes""}, {""finding"": ""Do you have a chronic obstructive pulmonary disease (COPD)?"", ""value"": ""yes""}, {""finding"": ""Do you have asthma or have you ever had to use a bronchodilator in the past?"", ""value"": ""yes""}, {""finding"": ""Do you have any lesions, redness or problems on your skin that you believe are related to the condition you are consulting for?"", ""value"": ""yes""}, {""finding"": ""What color is the rash?"", ""value"": ""pink""}, {""finding"": ""Do your lesions peel off?"", ""value"": ""Y""}, {""finding"": ""Is the rash swollen?"", ""value"": ""5""}, {""finding"": ""Where is the affected region located?"", ""value"": ""flank(L)""}, {""finding"": ""Where is the affected region located?"", ""value"": ""posterior chest wall(L)""}, {""finding"": ""How intense is the pain caused by the rash?"", ""value"": ""1""}, {""finding"": ""Is the lesion (or are the lesions) larger than 1cm?"", ""value"": ""N""}, {""finding"": ""How severe is the itching?"", ""value"": ""2""}, {""finding"": ""Have you recently had a loss of appetite or do you get full more quickly then usually?"", ""value"": ""yes""}, {""finding"": ""Do you have nasal congestion or a clear runny nose?"", ""value"": ""yes""}, {""finding"": ""Have you traveled out of the country in the last 4 weeks?"", ""value"": ""N""}, {""finding"": ""Is your BMI less than 18.5, or are you underweight?"", ""value"": ""yes""}, {""finding"": ""Are your vaccinations up to date?"", ""value"": ""yes""}, {""finding"": ""Are your symptoms more prominent at night?"", ""value"": ""yes""}, {""finding"": ""Do you have pain that is increased when you breathe in deeply?"", ""value"": ""yes""}]}

Candidate pathologies:
- Pulmonary neoplasm
- Stable angina
- Bronchospasm / acute asthma exacerbation
- Spontaneous pneumothorax
- Guillain-Barré syndrome
- Possible NSTEMI / STEMI
- Pulmonary embolism
- Unstable angina
- Tuberculosis
- Influenza
- Pericarditis
- Acute COPD exacerbation / infection
- PSVT
- Sarcoidosis
- Atrial fibrillation
- Myocarditis
- Pneumonia
- Acute dystonic reactions
- Bronchitis
- URTI
- Bronchiectasis
- Boerhaave
- GERD
- Panic attack","There are 24 candidate pathologies. Estimate the probability (0 to 1) that your chosen pathology is the correct diagnosis for this patient, given only the symptoms and candidates provided. A uniform prior would assign 0.04 to each candidate. Respond with ONLY valid JSON: {""Answer"": ""<pathology>"", ""Confidence"": ""0.XX""}",81,F,Pneumonia,"[[""Pneumonia"", 0.06656260415709588], [""Pulmonary neoplasm"", 0.06413530115655855], [""Bronchiectasis"", 0.06301430406004134], [""Bronchitis"", 0.06259959621533036], [""Possible NSTEMI / STEMI"", 0.058185186157996435], [""Tuberculosis"", 0.056738607645314645], [""GERD"", 0.053690901982267426], [""Unstable angina"", 0.05229900002863425], [""Panic attack"", 0.05204638135401581], [""Acute COPD exacerbation / infection"", 0.04856994934892483], [""Pericarditis"", 0.048049017159293717], [""URTI"", 0.04761156395771182], [""Boerhaave"", 0.047079469299631346], [""Stable angina"", 0.046057561418257224], [""Influenza"", 0.0353770344952754], [""Bronchospasm / acute asthma exacerbation"", 0.03373440537844711], [""Atrial fibrillation"", 0.033204420579353515], [""Guillain-Barr\u00e9 syndrome"", 0.024480074200370152], [""Acute dystonic reactions"", 0.024480074200370152], [""Myocarditis"", 0.023474121641708496], [""Sarcoidosis"", 0.022981082704908454], [""Pulmonary embolism"", 0.013318713781739077], [""PSVT"", 0.013076392333096555], [""Spontaneous pneumothorax"", 0.009234236743657595]]"
med_test_00110_c0,"You are a diagnostic reasoning assistant. Based on the patient vignette below, pick the single most likely pathology from the candidate list. You MUST commit to one diagnosis — do not hedge or list alternatives.

{""patient"": {""age"": 81, ""sex"": ""male""}, ""findings"": [{""finding"": ""Have you started or taken any antipsychotic medication within the last 7 days?"", ""value"": ""yes""}, {""finding"": ""Do you regularly take stimulant drugs?"", ""value"": ""yes""}, {""finding"": ""Are you experiencing shortness of breath or difficulty breathing in a significant way?"", ""value"": ""yes""}, {""finding"": ""Have you been treated in hospital recently for nausea, agitation, intoxication or aggressive behavior and received medication via an intravenous or intramuscular route?"", ""value"": ""yes""}, {""finding"": ""Do you have a hard time opening/raising one or both eyelids?"", ""value"": ""yes""}, {""finding"": ""Are you unable to control the direction of your eyes?"", ""value"": ""yes""}, {""finding"": ""Do you have annoying muscle spasms in your face, neck or any other part of your body?"", ""value"": ""yes""}, {""finding"": ""Have you traveled out of the country in the last 4 weeks?"", ""value"": ""N""}, {""finding"": ""Do you suddenly have difficulty or an inability to open your mouth or have jaw pain when opening it?"", ""value"": ""yes""}]}

Candidate pathologies:
- Anemia
- Atrial fibrillation
- SLE
- Acute pulmonary edema
- PSVT
- Possible NSTEMI / STEMI
- Pulmonary embolism
- Scombroid food poisoning
- Myasthenia gravis
- Chagas
- Acute dystonic reactions
- Guillain-Barré syndrome
- Myocarditis
- Anaphylaxis","There are 14 candidate pathologies. Estimate the probability (0 to 1) that your chosen pathology is the correct diagnosis for this patient, given only the symptoms and candidates provided. A uniform prior would assign 0.07 to each candidate. Respond with ONLY valid JSON: {""Answer"": ""<pathology>"", ""Confidence"": ""0.XX""}",81,M,Acute dystonic reactions,"[[""Acute dystonic reactions"", 0.15519184924589857], [""Myasthenia gravis"", 0.1290245977823559], [""Pulmonary embolism"", 0.10269728707020304], [""Acute pulmonary edema"", 0.09619697291629924], [""Guillain-Barr\u00e9 syndrome"", 0.0879296366778507], [""Atrial fibrillation"", 0.08398870353348695], [""Myocarditis"", 0.08294468521869859], [""Anemia"", 0.06192096289043819], [""Anaphylaxis"", 0.06192096289043819], [""Scombroid food poisoning"", 0.03916854221660487], [""PSVT"", 0.03307599469556506], [""SLE"", 0.02866645000878129], [""Possible NSTEMI / STEMI"", 0.018636677426689754], [""Chagas"", 0.018636677426689754]]"
med_test_00111_c0,"You are a diagnostic reasoning assistant. Based on the patient vignette below, pick the single most likely pathology from the candidate list. You MUST commit to one diagnosis — do not hedge or list alternatives.

{""patient"": {""age"": 30, ""sex"": ""female""}, ""findings"": [{""finding"": ""Do you have a poor diet?"", ""value"": ""yes""}, {""finding"": ""Have you ever had a diagnosis of anemia?"", ""value"": ""yes""}, {""finding"": ""Do you have any family members who have been diagnosed with anemia?"", ""value"": ""yes""}, {""finding"": ""Do you have pain somewhere, related to your reason for consulting?"", ""value"": ""yes""}, {""finding"": ""Characterize your pain:"", ""value"": ""sensitive""}, {""finding"": ""Characterize your pain:"", ""value"": ""a cramp""}, {""finding"": ""Characterize your pain:"", ""value"": ""exhausting""}, {""finding"": ""Do you feel pain somewhere?"", ""value"": ""forehead""}, {""finding"": ""Do you feel pain somewhere?"", ""value"": ""temple(L)""}, {""finding"": ""How intense is the pain?"", ""value"": ""5""}, {""finding"": ""Does the pain radiate to another location?"", ""value"": ""nowhere""}, {""finding"": ""How precisely is the pain located?"", ""value"": ""2""}, {""finding"": ""How fast did the pain appear?"", ""value"": ""1""}, {""finding"": ""Are you experiencing shortness of breath or difficulty breathing in a significant way?"", ""value"": ""yes""}, {""finding"": ""Do you feel slightly dizzy or lightheaded?"", ""value"": ""yes""}, {""finding"": ""Do you feel lightheaded and dizzy or do you feel like you are about to faint?"", ""value"": ""yes""}, {""finding"": ""Do you feel so tired that you are unable to do your usual activities or are you stuck in your bed all day long?"", ""value"": ""yes""}, {""finding"": ""Do you constantly feel fatigued or do you have non-restful sleep?"", ""value"": ""yes""}, {""finding"": ""Do you have chronic kidney failure?"", ""value"": ""yes""}, {""finding"": ""Have you recently had stools that were black (like coal)?"", ""value"": ""yes""}, {""finding"": ""Do you have very abundant or very long menstruation periods?"", ""value"": ""yes""}, {""finding"": ""Do you think you are pregnant or are you currently pregnant?"", ""value"": ""yes""}, {""finding"": ""Have you traveled out of the country in the last 4 weeks?"", ""value"": ""N""}, {""finding"": ""Is your BMI less than 18.5, or are you underweight?"", ""value"": ""yes""}]}

Candidate pathologies:
- Myocarditis
- Anaphylaxis
- HIV (initial infection)
- Chagas
- Myasthenia gravis
- SLE
- Atrial fibrillation
- Panic attack
- Guillain-Barré syndrome
- Acute dystonic reactions
- Anemia
- Acute pulmonary edema
- PSVT
- Cluster headache
- Scombroid food poisoning","There are 15 candidate pathologies. Estimate the probability (0 to 1) that your chosen pathology is the correct diagnosis for this patient, given only the symptoms and candidates provided. A uniform prior would assign 0.07 to each candidate. Respond with ONLY valid JSON: {""Answer"": ""<pathology>"", ""Confidence"": ""0.XX""}",30,F,Anemia,"[[""Anemia"", 0.13003206280119498], [""Atrial fibrillation"", 0.10533418110865914], [""Anaphylaxis"", 0.0768557800708406], [""Myocarditis"", 0.07313152866905816], [""Acute pulmonary edema"", 0.0711882706738182], [""Panic attack"", 0.07010882714005418], [""Guillain-Barr\u00e9 syndrome"", 0.06507022608205931], [""Chagas"", 0.05967455364469427], [""Cluster headache"", 0.0569995900090633], [""HIV (initial infection)"", 0.056407523173029404], [""PSVT"", 0.05284739305408592], [""SLE"", 0.052349180550983504], [""Acute dystonic reactions"", 0.045823128659811335], [""Myasthenia gravis"", 0.045823128659811335], [""Scombroid food poisoning"", 0.038354625702836515]]"
med_test_00112_c0,"You are a diagnostic reasoning assistant. Based on the patient vignette below, pick the single most likely pathology from the candidate list. You MUST commit to one diagnosis — do not hedge or list alternatives.

{""patient"": {""age"": 27, ""sex"": ""female""}, ""findings"": [{""finding"": ""Do you have cystic fibrosis?"", ""value"": ""yes""}, {""finding"": ""Do you suffer from Crohn\u2019s disease or ulcerative colitis (UC)?"", ""value"": ""yes""}, {""finding"": ""Are you experiencing shortness of breath or difficulty breathing in a significant way?"", ""value"": ""yes""}, {""finding"": ""Do you have a chronic obstructive pulmonary disease (COPD)?"", ""value"": ""yes""}, {""finding"": ""Do you have asthma or have you ever had to use a bronchodilator in the past?"", ""value"": ""yes""}, {""finding"": ""Do you have a cough?"", ""value"": ""yes""}, {""finding"": ""Have you traveled out of the country in the last 4 weeks?"", ""value"": ""N""}, {""finding"": ""Are you immunosuppressed?"", ""value"": ""yes""}]}

Candidate pathologies:
- Bronchospasm / acute asthma exacerbation
- Pneumonia
- Myasthenia gravis
- Pulmonary embolism
- Anaphylaxis
- Acute pulmonary edema
- Atrial fibrillation
- Acute dystonic reactions
- Guillain-Barré syndrome
- Scombroid food poisoning
- Myocarditis
- Tuberculosis
- PSVT
- SLE
- Bronchitis
- Anemia
- Bronchiectasis","There are 17 candidate pathologies. Estimate the probability (0 to 1) that your chosen pathology is the correct diagnosis for this patient, given only the symptoms and candidates provided. A uniform prior would assign 0.06 to each candidate. Respond with ONLY valid JSON: {""Answer"": ""<pathology>"", ""Confidence"": ""0.XX""}",27,F,Bronchiectasis,"[[""Bronchitis"", 0.11776789613037729], [""Pulmonary embolism"", 0.08513106945956274], [""Acute pulmonary edema"", 0.0797426243357234], [""Guillain-Barr\u00e9 syndrome"", 0.07288940361646715], [""Bronchospasm / acute asthma exacerbation"", 0.07073382586099121], [""Atrial fibrillation"", 0.06962256120203238], [""Myocarditis"", 0.06875712066110994], [""Bronchiectasis"", 0.05500815925494203], [""Acute dystonic reactions"", 0.0513294746454735], [""Myasthenia gravis"", 0.0513294746454735], [""Anemia"", 0.0513294746454735], [""Anaphylaxis"", 0.0513294746454735], [""Tuberculosis"", 0.04903347023299034], [""Pneumonia"", 0.042345657380287866], [""Scombroid food poisoning"", 0.032468821555064004], [""PSVT"", 0.02741839519039508], [""SLE"", 0.023763096538162703]]"
med_test_00113_c0,"You are a diagnostic reasoning assistant. Based on the patient vignette below, pick the single most likely pathology from the candidate list. You MUST commit to one diagnosis — do not hedge or list alternatives.

{""patient"": {""age"": 35, ""sex"": ""male""}, ""findings"": [{""finding"": ""Have you recently had a viral infection?"", ""value"": ""yes""}, {""finding"": ""Do you have pain somewhere, related to your reason for consulting?"", ""value"": ""yes""}, {""finding"": ""Characterize your pain:"", ""value"": ""sensitive""}, {""finding"": ""Do you feel pain somewhere?"", ""value"": ""breast(L)""}, {""finding"": ""How intense is the pain?"", ""value"": ""8""}, {""finding"": ""Does the pain radiate to another location?"", ""value"": ""nowhere""}, {""finding"": ""How precisely is the pain located?"", ""value"": ""2""}, {""finding"": ""How fast did the pain appear?"", ""value"": ""2""}, {""finding"": ""Are you experiencing shortness of breath or difficulty breathing in a significant way?"", ""value"": ""yes""}, {""finding"": ""Have you traveled out of the country in the last 4 weeks?"", ""value"": ""N""}, {""finding"": ""Are your symptoms worse when lying down and alleviated while sitting up?"", ""value"": ""yes""}]}

Candidate pathologies:
- Sarcoidosis
- PSVT
- Scombroid food poisoning
- Possible NSTEMI / STEMI
- Stable angina
- Pericarditis
- Acute dystonic reactions
- Myasthenia gravis
- Guillain-Barré syndrome
- Anemia
- Myocarditis
- Atrial fibrillation","There are 12 candidate pathologies. Estimate the probability (0 to 1) that your chosen pathology is the correct diagnosis for this patient, given only the symptoms and candidates provided. A uniform prior would assign 0.08 to each candidate. Respond with ONLY valid JSON: {""Answer"": ""<pathology>"", ""Confidence"": ""0.XX""}",35,M,Myocarditis,"[[""Possible NSTEMI / STEMI"", 0.15912727881440517], [""Pericarditis"", 0.14359142077948903], [""Myocarditis"", 0.12447112709306267], [""Atrial fibrillation"", 0.10454087478649515], [""Acute dystonic reactions"", 0.07707312240636705], [""Myasthenia gravis"", 0.07707312240636705], [""Anemia"", 0.07707312240636705], [""Guillain-Barr\u00e9 syndrome"", 0.06512514018764035], [""Sarcoidosis"", 0.06311652609590249], [""Scombroid food poisoning"", 0.048753147687332084], [""PSVT"", 0.04116974395883127], [""Stable angina"", 0.01888537337774077]]"
med_test_00114_c0,"You are a diagnostic reasoning assistant. Based on the patient vignette below, pick the single most likely pathology from the candidate list. You MUST commit to one diagnosis — do not hedge or list alternatives.

{""patient"": {""age"": 42, ""sex"": ""male""}, ""findings"": [{""finding"": ""Do you have pain somewhere, related to your reason for consulting?"", ""value"": ""yes""}, {""finding"": ""Characterize your pain:"", ""value"": ""tedious""}, {""finding"": ""Characterize your pain:"", ""value"": ""heavy""}, {""finding"": ""Characterize your pain:"", ""value"": ""exhausting""}, {""finding"": ""Do you feel pain somewhere?"", ""value"": ""lower chest""}, {""finding"": ""Do you feel pain somewhere?"", ""value"": ""breast(R)""}, {""finding"": ""Do you feel pain somewhere?"", ""value"": ""breast(L)""}, {""finding"": ""Do you feel pain somewhere?"", ""value"": ""shoulder(R)""}, {""finding"": ""Do you feel pain somewhere?"", ""value"": ""epigastric""}, {""finding"": ""How intense is the pain?"", ""value"": ""7""}, {""finding"": ""Does the pain radiate to another location?"", ""value"": ""biceps(L)""}, {""finding"": ""Does the pain radiate to another location?"", ""value"": ""thyroid cartilage""}, {""finding"": ""Does the pain radiate to another location?"", ""value"": ""thoracic spine""}, {""finding"": ""Does the pain radiate to another location?"", ""value"": ""triceps(L)""}, {""finding"": ""How precisely is the pain located?"", ""value"": ""6""}, {""finding"": ""How fast did the pain appear?"", ""value"": ""8""}, {""finding"": ""Are you experiencing shortness of breath or difficulty breathing in a significant way?"", ""value"": ""yes""}, {""finding"": ""Do you have diabetes?"", ""value"": ""yes""}, {""finding"": ""Are you significantly overweight compared to people of the same height as you?"", ""value"": ""yes""}, {""finding"": ""Do you have high cholesterol or do you take medications to treat high cholesterol?"", ""value"": ""yes""}, {""finding"": ""Do you drink alcohol excessively or do you have an addiction to alcohol?"", ""value"": ""yes""}, {""finding"": ""Do you have high blood pressure or do you take medications to treat high blood pressure?"", ""value"": ""yes""}, {""finding"": ""Have you ever had a heart attack or do you have angina (chest pain)?"", ""value"": ""yes""}, {""finding"": ""Do you exercise regularly, 4 times per week or more?"", ""value"": ""yes""}, {""finding"": ""Have you traveled out of the country in the last 4 weeks?"", ""value"": ""N""}, {""finding"": ""Do you have symptoms that are increased with physical exertion but alleviated with rest?"", ""value"": ""yes""}]}

Candidate pathologies:
- Pulmonary neoplasm
- Myocarditis
- SLE
- Possible NSTEMI / STEMI
- Acute dystonic reactions
- Acute pulmonary edema
- Guillain-Barré syndrome
- Myasthenia gravis
- GERD
- Anemia
- Unstable angina
- Scombroid food poisoning
- Stable angina
- Pulmonary embolism
- Sarcoidosis
- Pancreatic neoplasm","There are 16 candidate pathologies. Estimate the probability (0 to 1) that your chosen pathology is the correct diagnosis for this patient, given only the symptoms and candidates provided. A uniform prior would assign 0.06 to each candidate. Respond with ONLY valid JSON: {""Answer"": ""<pathology>"", ""Confidence"": ""0.XX""}",42,M,Stable angina,"[[""Unstable angina"", 0.11261966906742253], [""Possible NSTEMI / STEMI"", 0.10782700688309145], [""Stable angina"", 0.10488719805178504], [""Myocarditis"", 0.0869795191491768], [""SLE"", 0.08012623459483612], [""GERD"", 0.07734112416209185], [""Acute pulmonary edema"", 0.07728381151543165], [""Guillain-Barr\u00e9 syndrome"", 0.07304155852297761], [""Acute dystonic reactions"", 0.051436623710061934], [""Myasthenia gravis"", 0.051436623710061934], [""Anemia"", 0.051436623710061934], [""Sarcoidosis"", 0.04212234954701985], [""Pancreatic neoplasm"", 0.039251371661107516], [""Scombroid food poisoning"", 0.032536599452304193], [""Pulmonary neoplasm"", 0.011673686262569727], [""Pulmonary embolism"", 0.0]]"
med_test_00115_c0,"You are a diagnostic reasoning assistant. Based on the patient vignette below, pick the single most likely pathology from the candidate list. You MUST commit to one diagnosis — do not hedge or list alternatives.

{""patient"": {""age"": 20, ""sex"": ""male""}, ""findings"": [{""finding"": ""Are there any members of your family who have been diagnosed myasthenia gravis?"", ""value"": ""yes""}, {""finding"": ""Do you have difficulty articulating words/speaking?"", ""value"": ""yes""}, {""finding"": ""Do you have difficulty swallowing, or have a feeling of discomfort/blockage when swallowing?"", ""value"": ""yes""}, {""finding"": ""Are you experiencing shortness of breath or difficulty breathing in a significant way?"", ""value"": ""yes""}, {""finding"": ""Do your symptoms of muscle weakness increase with fatigue and/or stress?"", ""value"": ""yes""}, {""finding"": ""Do you have a hard time opening/raising one or both eyelids?"", ""value"": ""yes""}, {""finding"": ""Have you traveled out of the country in the last 4 weeks?"", ""value"": ""N""}]}

Candidate pathologies:
- Anaphylaxis
- Acute dystonic reactions
- Scombroid food poisoning
- Pulmonary embolism
- Myocarditis
- Atrial fibrillation
- Acute pulmonary edema
- Chagas
- Anemia
- Myasthenia gravis","There are 10 candidate pathologies. Estimate the probability (0 to 1) that your chosen pathology is the correct diagnosis for this patient, given only the symptoms and candidates provided. A uniform prior would assign 0.10 to each candidate. Respond with ONLY valid JSON: {""Answer"": ""<pathology>"", ""Confidence"": ""0.XX""}",20,M,Myasthenia gravis,"[[""Myasthenia gravis"", 0.16829188825722333], [""Pulmonary embolism"", 0.12329865919034168], [""Myocarditis"", 0.11864706443842596], [""Acute dystonic reactions"", 0.1154943632604555], [""Acute pulmonary edema"", 0.1154943632604555], [""Atrial fibrillation"", 0.1008370798123906], [""Anemia"", 0.07434248671970141], [""Anaphylaxis"", 0.07434248671970141], [""Chagas"", 0.062225743534902095], [""Scombroid food poisoning"", 0.04702586480640249]]"
med_test_00116_c0,"You are a diagnostic reasoning assistant. Based on the patient vignette below, pick the single most likely pathology from the candidate list. You MUST commit to one diagnosis — do not hedge or list alternatives.

{""patient"": {""age"": 59, ""sex"": ""female""}, ""findings"": [{""finding"": ""Do you have pain somewhere, related to your reason for consulting?"", ""value"": ""yes""}, {""finding"": ""Characterize your pain:"", ""value"": ""sensitive""}, {""finding"": ""Do you feel pain somewhere?"", ""value"": ""back of head""}, {""finding"": ""Do you feel pain somewhere?"", ""value"": ""back of the neck""}, {""finding"": ""Do you feel pain somewhere?"", ""value"": ""side of the neck(L)""}, {""finding"": ""Do you feel pain somewhere?"", ""value"": ""forehead""}, {""finding"": ""Do you feel pain somewhere?"", ""value"": ""occiput""}, {""finding"": ""How intense is the pain?"", ""value"": ""4""}, {""finding"": ""Does the pain radiate to another location?"", ""value"": ""nowhere""}, {""finding"": ""How precisely is the pain located?"", ""value"": ""3""}, {""finding"": ""How fast did the pain appear?"", ""value"": ""3""}, {""finding"": ""Do you smoke cigarettes?"", ""value"": ""yes""}, {""finding"": ""Do you feel so tired that you are unable to do your usual activities or are you stuck in your bed all day long?"", ""value"": ""yes""}, {""finding"": ""Do you have a fever (either felt or measured with a thermometer)?"", ""value"": ""yes""}, {""finding"": ""Do you have any lesions, redness or problems on your skin that you believe are related to the condition you are consulting for?"", ""value"": ""yes""}, {""finding"": ""What color is the rash?"", ""value"": ""pink""}, {""finding"": ""Do your lesions peel off?"", ""value"": ""N""}, {""finding"": ""Is the rash swollen?"", ""value"": ""1""}, {""finding"": ""Where is the affected region located?"", ""value"": ""side of the neck(R)""}, {""finding"": ""How intense is the pain caused by the rash?"", ""value"": ""0""}, {""finding"": ""Is the lesion (or are the lesions) larger than 1cm?"", ""value"": ""Y""}, {""finding"": ""How severe is the itching?"", ""value"": ""2""}, {""finding"": ""Do you have nasal congestion or a clear runny nose?"", ""value"": ""yes""}, {""finding"": ""Do you have a cough?"", ""value"": ""yes""}, {""finding"": ""Have you traveled out of the country in the last 4 weeks?"", ""value"": ""N""}, {""finding"": ""Are you immunosuppressed?"", ""value"": ""yes""}]}

Candidate pathologies:
- Chronic rhinosinusitis
- Acute rhinosinusitis
- Scombroid food poisoning
- Bronchitis
- HIV (initial infection)
- URTI
- Influenza
- Tuberculosis
- Anaphylaxis
- Chagas
- Anemia","There are 11 candidate pathologies. Estimate the probability (0 to 1) that your chosen pathology is the correct diagnosis for this patient, given only the symptoms and candidates provided. A uniform prior would assign 0.09 to each candidate. Respond with ONLY valid JSON: {""Answer"": ""<pathology>"", ""Confidence"": ""0.XX""}",59,F,Influenza,"[[""Influenza"", 0.14282148912717296], [""URTI"", 0.1335132830693529], [""Bronchitis"", 0.12191472885020162], [""Chagas"", 0.09884848137361635], [""Chronic rhinosinusitis"", 0.09712719496134492], [""Acute rhinosinusitis"", 0.09434853321962197], [""Tuberculosis"", 0.09060288687177298], [""Scombroid food poisoning"", 0.07309784252135525], [""Anemia"", 0.06718209170489932], [""HIV (initial infection)"", 0.04817063069637106], [""Anaphylaxis"", 0.03237283760429082]]"
med_test_00117_c0,"You are a diagnostic reasoning assistant. Based on the patient vignette below, pick the single most likely pathology from the candidate list. You MUST commit to one diagnosis — do not hedge or list alternatives.

{""patient"": {""age"": 68, ""sex"": ""male""}, ""findings"": [{""finding"": ""Do you feel anxious?"", ""value"": ""yes""}, {""finding"": ""Do you have pain somewhere, related to your reason for consulting?"", ""value"": ""yes""}, {""finding"": ""Characterize your pain:"", ""value"": ""a cramp""}, {""finding"": ""Do you feel pain somewhere?"", ""value"": ""lower chest""}, {""finding"": ""Do you feel pain somewhere?"", ""value"": ""side of the chest(L)""}, {""finding"": ""Do you feel pain somewhere?"", ""value"": ""flank(R)""}, {""finding"": ""Do you feel pain somewhere?"", ""value"": ""hypochondrium(R)""}, {""finding"": ""Do you feel pain somewhere?"", ""value"": ""breast(R)""}, {""finding"": ""How intense is the pain?"", ""value"": ""5""}, {""finding"": ""Does the pain radiate to another location?"", ""value"": ""nowhere""}, {""finding"": ""How precisely is the pain located?"", ""value"": ""7""}, {""finding"": ""How fast did the pain appear?"", ""value"": ""9""}, {""finding"": ""Are you experiencing shortness of breath or difficulty breathing in a significant way?"", ""value"": ""yes""}, {""finding"": ""Do you feel like you are (or were) choking or suffocating?"", ""value"": ""yes""}, {""finding"": ""Do you drink alcohol excessively or do you have an addiction to alcohol?"", ""value"": ""yes""}, {""finding"": ""Have you ever been diagnosed with depression?"", ""value"": ""yes""}, {""finding"": ""Do you suffer from chronic anxiety?"", ""value"": ""yes""}, {""finding"": ""Do you feel lightheaded and dizzy or do you feel like you are about to faint?"", ""value"": ""yes""}, {""finding"": ""Do you feel like you are dying or were you afraid that you were about do die?"", ""value"": ""yes""}, {""finding"": ""Do you have asthma or have you ever had to use a bronchodilator in the past?"", ""value"": ""yes""}, {""finding"": ""Are you feeling nauseous or do you feel like vomiting?"", ""value"": ""yes""}, {""finding"": ""Do you feel your heart is beating fast (racing), irregularly (missing a beat) or do you feel palpitations?"", ""value"": ""yes""}, {""finding"": ""Have you recently had numbness, loss of sensation or tingling, in both arms and legs and around your mouth?"", ""value"": ""yes""}, {""finding"": ""Do you feel like you are detached from your own body or your surroundings?"", ""value"": ""yes""}, {""finding"": ""Have you ever had a head trauma?"", ""value"": ""yes""}, {""finding"": ""Have you traveled out of the country in the last 4 weeks?"", ""value"": ""N""}]}

Candidate pathologies:
- Acute dystonic reactions
- Anemia
- Anaphylaxis
- Panic attack
- Boerhaave
- Acute pulmonary edema
- Guillain-Barré syndrome
- Spontaneous pneumothorax
- PSVT
- Chagas
- Myasthenia gravis
- Atrial fibrillation
- Possible NSTEMI / STEMI
- Unstable angina
- Stable angina
- Sarcoidosis
- Pulmonary embolism
- GERD
- Pericarditis
- Scombroid food poisoning","There are 20 candidate pathologies. Estimate the probability (0 to 1) that your chosen pathology is the correct diagnosis for this patient, given only the symptoms and candidates provided. A uniform prior would assign 0.05 to each candidate. Respond with ONLY valid JSON: {""Answer"": ""<pathology>"", ""Confidence"": ""0.XX""}",68,M,Panic attack,"[[""Panic attack"", 0.09015099451346253], [""PSVT"", 0.07477571734337812], [""Guillain-Barr\u00e9 syndrome"", 0.06798749302142267], [""Possible NSTEMI / STEMI"", 0.06741393591409235], [""Spontaneous pneumothorax"", 0.06223392163473583], [""Anaphylaxis"", 0.05731726979564456], [""Unstable angina"", 0.05713850155317216], [""Pericarditis"", 0.05559162566511183], [""Anemia"", 0.05356631631991537], [""Boerhaave"", 0.0527638017050984], [""Atrial fibrillation"", 0.048574463679631474], [""Acute pulmonary edema"", 0.04780153561744055], [""Pulmonary embolism"", 0.043979297162678614], [""Scombroid food poisoning"", 0.03996280613503108], [""Stable angina"", 0.03788203977387009], [""GERD"", 0.0374737683054882], [""Acute dystonic reactions"", 0.029490709879883333], [""Myasthenia gravis"", 0.029490709879883333], [""Sarcoidosis"", 0.024150457404675984], [""Chagas"", 0.022254634695383666]]"
med_test_00118_c0,"You are a diagnostic reasoning assistant. Based on the patient vignette below, pick the single most likely pathology from the candidate list. You MUST commit to one diagnosis — do not hedge or list alternatives.

{""patient"": {""age"": 48, ""sex"": ""female""}, ""findings"": [{""finding"": ""Have you been diagnosed with hyperthyroidism?"", ""value"": ""yes""}, {""finding"": ""Do you have a known issue with one of your heart valves?"", ""value"": ""yes""}, {""finding"": ""Do you have severe Chronic Obstructive Pulmonary Disease (COPD)?"", ""value"": ""yes""}, {""finding"": ""Are you experiencing shortness of breath or difficulty breathing in a significant way?"", ""value"": ""yes""}, {""finding"": ""Do you have diabetes?"", ""value"": ""yes""}, {""finding"": ""Do you feel slightly dizzy or lightheaded?"", ""value"": ""yes""}, {""finding"": ""Do you have high blood pressure or do you take medications to treat high blood pressure?"", ""value"": ""yes""}, {""finding"": ""Have you ever had a heart attack or do you have angina (chest pain)?"", ""value"": ""yes""}, {""finding"": ""Do you feel your heart is beating fast (racing), irregularly (missing a beat) or do you feel palpitations?"", ""value"": ""yes""}, {""finding"": ""Do you feel your heart is beating very irregularly or in a disorganized pattern?"", ""value"": ""yes""}, {""finding"": ""Have you traveled out of the country in the last 4 weeks?"", ""value"": ""N""}, {""finding"": ""Do you have symptoms that are increased with physical exertion but alleviated with rest?"", ""value"": ""yes""}]}

Candidate pathologies:
- Acute pulmonary edema
- PSVT
- SLE
- Guillain-Barré syndrome
- Anaphylaxis
- Myasthenia gravis
- Scombroid food poisoning
- Anemia
- Panic attack
- Acute dystonic reactions
- Atrial fibrillation
- Pulmonary embolism
- Myocarditis","There are 13 candidate pathologies. Estimate the probability (0 to 1) that your chosen pathology is the correct diagnosis for this patient, given only the symptoms and candidates provided. A uniform prior would assign 0.08 to each candidate. Respond with ONLY valid JSON: {""Answer"": ""<pathology>"", ""Confidence"": ""0.XX""}",48,F,Atrial fibrillation,"[[""Atrial fibrillation"", 0.13647424668995478], [""PSVT"", 0.11916080452269509], [""Acute pulmonary edema"", 0.11092661160544584], [""Myocarditis"", 0.09155006128513879], [""Pulmonary embolism"", 0.08373914386297893], [""Panic attack"", 0.08267726311050758], [""Anemia"", 0.07843880188105093], [""Guillain-Barr\u00e9 syndrome"", 0.07169763394579855], [""Scombroid food poisoning"", 0.05049021807238215], [""Acute dystonic reactions"", 0.05049021807238215], [""Myasthenia gravis"", 0.05049021807238215], [""Anaphylaxis"", 0.05049021807238215], [""SLE"", 0.023374560806901014]]"
med_test_00119_c0,"You are a diagnostic reasoning assistant. Based on the patient vignette below, pick the single most likely pathology from the candidate list. You MUST commit to one diagnosis — do not hedge or list alternatives.

{""patient"": {""age"": 25, ""sex"": ""male""}, ""findings"": [{""finding"": ""Do you have Rheumatoid Arthritis?"", ""value"": ""yes""}, {""finding"": ""Do you suffer from Crohn\u2019s disease or ulcerative colitis (UC)?"", ""value"": ""yes""}, {""finding"": ""Are you experiencing shortness of breath or difficulty breathing in a significant way?"", ""value"": ""yes""}, {""finding"": ""Do you have a cough that produces colored or more abundant sputum than usual?"", ""value"": ""yes""}, {""finding"": ""Have you ever had pneumonia?"", ""value"": ""yes""}, {""finding"": ""Do you have asthma or have you ever had to use a bronchodilator in the past?"", ""value"": ""yes""}, {""finding"": ""Do you have a cough?"", ""value"": ""yes""}, {""finding"": ""Have you traveled out of the country in the last 4 weeks?"", ""value"": ""N""}]}

Candidate pathologies:
- Chagas
- Pneumonia
- Bronchospasm / acute asthma exacerbation
- Myasthenia gravis
- Acute dystonic reactions
- Pulmonary embolism
- Guillain-Barré syndrome
- Myocarditis
- Bronchiectasis
- Anemia
- Possible NSTEMI / STEMI
- Tuberculosis
- Atrial fibrillation
- PSVT
- Bronchitis","There are 15 candidate pathologies. Estimate the probability (0 to 1) that your chosen pathology is the correct diagnosis for this patient, given only the symptoms and candidates provided. A uniform prior would assign 0.07 to each candidate. Respond with ONLY valid JSON: {""Answer"": ""<pathology>"", ""Confidence"": ""0.XX""}",25,M,Bronchiectasis,"[[""Bronchitis"", 0.13382646682543065], [""Bronchiectasis"", 0.12495420111747721], [""Pneumonia"", 0.12166236133140029], [""Pulmonary embolism"", 0.08392345459415357], [""Guillain-Barr\u00e9 syndrome"", 0.07185544118774581], [""Bronchospasm / acute asthma exacerbation"", 0.06973044107868713], [""Atrial fibrillation"", 0.06863494010894403], [""Myocarditis"", 0.06778177615363223], [""Acute dystonic reactions"", 0.0506013475702585], [""Myasthenia gravis"", 0.0506013475702585], [""Anemia"", 0.0506013475702585], [""Tuberculosis"", 0.04833791280687245], [""PSVT"", 0.027029455384660443], [""Possible NSTEMI / STEMI"", 0.015229753350110498], [""Chagas"", 0.015229753350110498]]"
med_test_00120_c0,"You are a diagnostic reasoning assistant. Based on the patient vignette below, pick the single most likely pathology from the candidate list. You MUST commit to one diagnosis — do not hedge or list alternatives.

{""patient"": {""age"": 74, ""sex"": ""female""}, ""findings"": [{""finding"": ""Have you ever had fluid in your lungs?"", ""value"": ""yes""}, {""finding"": ""Do you currently undergo dialysis?"", ""value"": ""yes""}, {""finding"": ""Have you had significantly increased sweating?"", ""value"": ""yes""}, {""finding"": ""Do you have pain somewhere, related to your reason for consulting?"", ""value"": ""yes""}, {""finding"": ""Characterize your pain:"", ""value"": ""tedious""}, {""finding"": ""Characterize your pain:"", ""value"": ""tugging""}, {""finding"": ""Do you feel pain somewhere?"", ""value"": ""lower chest""}, {""finding"": ""Do you feel pain somewhere?"", ""value"": ""side of the chest(R)""}, {""finding"": ""Do you feel pain somewhere?"", ""value"": ""side of the chest(L)""}, {""finding"": ""Do you feel pain somewhere?"", ""value"": ""posterior chest wall(R)""}, {""finding"": ""Do you feel pain somewhere?"", ""value"": ""posterior chest wall(L)""}, {""finding"": ""How intense is the pain?"", ""value"": ""8""}, {""finding"": ""Does the pain radiate to another location?"", ""value"": ""biceps(L)""}, {""finding"": ""Does the pain radiate to another location?"", ""value"": ""scapula(R)""}, {""finding"": ""Does the pain radiate to another location?"", ""value"": ""triceps(R)""}, {""finding"": ""Does the pain radiate to another location?"", ""value"": ""triceps(L)""}, {""finding"": ""Does the pain radiate to another location?"", ""value"": ""shoulder(L)""}, {""finding"": ""How precisely is the pain located?"", ""value"": ""8""}, {""finding"": ""How fast did the pain appear?"", ""value"": ""5""}, {""finding"": ""Are you experiencing shortness of breath or difficulty breathing in a significant way?"", ""value"": ""yes""}, {""finding"": ""Do you have bouts of choking or shortness of breath that wake you up at night?"", ""value"": ""yes""}, {""finding"": ""Do you have high blood pressure or do you take medications to treat high blood pressure?"", ""value"": ""yes""}, {""finding"": ""Have you ever had a heart attack or do you have angina (chest pain)?"", ""value"": ""yes""}, {""finding"": ""Do you have heart failure?"", ""value"": ""yes""}, {""finding"": ""Do you have swelling in one or more areas of your body?"", ""value"": ""yes""}, {""finding"": ""Where is the swelling located?"", ""value"": ""calf(R)""}, {""finding"": ""Where is the swelling located?"", ""value"": ""calf(L)""}, {""finding"": ""Where is the swelling located?"", ""value"": ""tibia(R)""}, {""finding"": ""Where is the swelling located?"", ""value"": ""tibia(L)""}, {""finding"": ""Have you traveled out of the country in the last 4 weeks?"", ""value"": ""N""}, {""finding"": ""Are your symptoms worse when lying down and alleviated while sitting up?"", ""value"": ""yes""}, {""finding"": ""Do you have symptoms that are increased with physical exertion but alleviated with rest?"", ""value"": ""yes""}]}

Candidate pathologies:
- Anaphylaxis
- Pulmonary neoplasm
- Pulmonary embolism
- Scombroid food poisoning
- Stable angina
- Boerhaave
- Unstable angina
- Acute pulmonary edema
- Myocarditis
- Atrial fibrillation
- GERD
- Pericarditis
- SLE
- PSVT
- Acute dystonic reactions
- Possible NSTEMI / STEMI
- Sarcoidosis
- Spontaneous pneumothorax
- Panic attack
- Guillain-Barré syndrome","There are 20 candidate pathologies. Estimate the probability (0 to 1) that your chosen pathology is the correct diagnosis for this patient, given only the symptoms and candidates provided. A uniform prior would assign 0.05 to each candidate. Respond with ONLY valid JSON: {""Answer"": ""<pathology>"", ""Confidence"": ""0.XX""}",74,F,Acute pulmonary edema,"[[""Acute pulmonary edema"", 0.08664086957286112], [""Unstable angina"", 0.07253786254684726], [""Pericarditis"", 0.06864636518777671], [""Possible NSTEMI / STEMI"", 0.06796800368469576], [""Pulmonary embolism"", 0.06764518977571106], [""Panic attack"", 0.06715683098287137], [""Stable angina"", 0.06262895674464906], [""Myocarditis"", 0.06082310443685414], [""Anaphylaxis"", 0.05952374792196826], [""Spontaneous pneumothorax"", 0.05571729273508093], [""GERD"", 0.05564877264651812], [""Boerhaave"", 0.0514785774493983], [""Atrial fibrillation"", 0.04963894189556682], [""Guillain-Barr\u00e9 syndrome"", 0.042795421243137635], [""Acute dystonic reactions"", 0.03013697987159441], [""Pulmonary neoplasm"", 0.02721992980731925], [""Sarcoidosis"", 0.024679699188624536], [""Scombroid food poisoning"", 0.019063359374274152], [""PSVT"", 0.01609811184843727], [""SLE"", 0.013951983085813986]]"
med_test_00121_c0,"You are a diagnostic reasoning assistant. Based on the patient vignette below, pick the single most likely pathology from the candidate list. You MUST commit to one diagnosis — do not hedge or list alternatives.

{""patient"": {""age"": 25, ""sex"": ""male""}, ""findings"": [{""finding"": ""Do you have pain that improves when you lean forward?"", ""value"": ""yes""}, {""finding"": ""Do you have pain somewhere, related to your reason for consulting?"", ""value"": ""yes""}, {""finding"": ""Characterize your pain:"", ""value"": ""a knife stroke""}, {""finding"": ""Do you feel pain somewhere?"", ""value"": ""tonsil(R)""}, {""finding"": ""Do you feel pain somewhere?"", ""value"": ""tonsil(L)""}, {""finding"": ""Do you feel pain somewhere?"", ""value"": ""back of the neck""}, {""finding"": ""Do you feel pain somewhere?"", ""value"": ""palace""}, {""finding"": ""Do you feel pain somewhere?"", ""value"": ""pharynx""}, {""finding"": ""How intense is the pain?"", ""value"": ""6""}, {""finding"": ""Does the pain radiate to another location?"", ""value"": ""nowhere""}, {""finding"": ""How precisely is the pain located?"", ""value"": ""7""}, {""finding"": ""How fast did the pain appear?"", ""value"": ""8""}, {""finding"": ""Are you experiencing shortness of breath or difficulty breathing in a significant way?"", ""value"": ""yes""}, {""finding"": ""Do you have diabetes?"", ""value"": ""yes""}, {""finding"": ""Do you drink alcohol excessively or do you have an addiction to alcohol?"", ""value"": ""yes""}, {""finding"": ""Do you have a fever (either felt or measured with a thermometer)?"", ""value"": ""yes""}, {""finding"": ""Do you have high blood pressure or do you take medications to treat high blood pressure?"", ""value"": ""yes""}, {""finding"": ""Have you noticed that you produce more saliva than usual?"", ""value"": ""yes""}, {""finding"": ""Have you noticed a high pitched sound when breathing in?"", ""value"": ""yes""}, {""finding"": ""Have you traveled out of the country in the last 4 weeks?"", ""value"": ""N""}, {""finding"": ""Have you noticed that the tone of your voice has become deeper, softer or hoarse?"", ""value"": ""yes""}]}

Candidate pathologies:
- Larygospasm
- SLE
- Scombroid food poisoning
- Guillain-Barré syndrome
- Acute laryngitis
- Viral pharyngitis
- Atrial fibrillation
- Myocarditis
- Anaphylaxis
- PSVT
- Pulmonary embolism
- Epiglottitis
- Chagas
- Acute dystonic reactions
- Acute pulmonary edema
- HIV (initial infection)","There are 16 candidate pathologies. Estimate the probability (0 to 1) that your chosen pathology is the correct diagnosis for this patient, given only the symptoms and candidates provided. A uniform prior would assign 0.06 to each candidate. Respond with ONLY valid JSON: {""Answer"": ""<pathology>"", ""Confidence"": ""0.XX""}",25,M,Epiglottitis,"[[""Epiglottitis"", 0.1539390873790916], [""HIV (initial infection)"", 0.11294303108024958], [""Acute laryngitis"", 0.10541899040999489], [""Larygospasm"", 0.0886083755426443], [""Acute pulmonary edema"", 0.08299983130426986], [""Atrial fibrillation"", 0.07246639902909671], [""Chagas"", 0.06653317281255991], [""Guillain-Barr\u00e9 syndrome"", 0.05342610394379176], [""Acute dystonic reactions"", 0.05342610394379176], [""Myocarditis"", 0.05342610394379176], [""Pulmonary embolism"", 0.03379505921918196], [""Scombroid food poisoning"", 0.03379505921918196], [""PSVT"", 0.02853834062264626], [""SLE"", 0.024733735820267076], [""Anaphylaxis"", 0.019562079049540042], [""Viral pharyngitis"", 0.01638852667990065]]"
med_test_00122_c0,"You are a diagnostic reasoning assistant. Based on the patient vignette below, pick the single most likely pathology from the candidate list. You MUST commit to one diagnosis — do not hedge or list alternatives.

{""patient"": {""age"": 40, ""sex"": ""male""}, ""findings"": [{""finding"": ""Have you been coughing up blood?"", ""value"": ""yes""}, {""finding"": ""Do you have pain somewhere, related to your reason for consulting?"", ""value"": ""yes""}, {""finding"": ""Characterize your pain:"", ""value"": ""sensitive""}, {""finding"": ""Do you feel pain somewhere?"", ""value"": ""posterior chest wall(R)""}, {""finding"": ""Do you feel pain somewhere?"", ""value"": ""posterior chest wall(L)""}, {""finding"": ""How intense is the pain?"", ""value"": ""1""}, {""finding"": ""Does the pain radiate to another location?"", ""value"": ""nowhere""}, {""finding"": ""How precisely is the pain located?"", ""value"": ""2""}, {""finding"": ""How fast did the pain appear?"", ""value"": ""3""}, {""finding"": ""Are you experiencing shortness of breath or difficulty breathing in a significant way?"", ""value"": ""yes""}, {""finding"": ""Do you smoke cigarettes?"", ""value"": ""yes""}, {""finding"": ""Do you constantly feel fatigued or do you have non-restful sleep?"", ""value"": ""yes""}, {""finding"": ""Have you had an involuntary weight loss over the last 3 months?"", ""value"": ""yes""}, {""finding"": ""Are you a former smoker?"", ""value"": ""yes""}, {""finding"": ""Do you have a cough?"", ""value"": ""yes""}, {""finding"": ""Have you traveled out of the country in the last 4 weeks?"", ""value"": ""N""}, {""finding"": ""Are you exposed to secondhand cigarette smoke on a daily basis?"", ""value"": ""yes""}, {""finding"": ""Do you have family members who have had lung cancer?"", ""value"": ""yes""}]}

Candidate pathologies:
- Pulmonary embolism
- Guillain-Barré syndrome
- Acute dystonic reactions
- Possible NSTEMI / STEMI
- Myasthenia gravis
- Bronchiectasis
- Atrial fibrillation
- Bronchitis
- Spontaneous rib fracture
- Pancreatic neoplasm
- Anemia
- Tuberculosis
- Acute pulmonary edema
- Pneumonia
- Myocarditis
- Bronchospasm / acute asthma exacerbation
- Pulmonary neoplasm
- Unstable angina
- Stable angina","There are 19 candidate pathologies. Estimate the probability (0 to 1) that your chosen pathology is the correct diagnosis for this patient, given only the symptoms and candidates provided. A uniform prior would assign 0.05 to each candidate. Respond with ONLY valid JSON: {""Answer"": ""<pathology>"", ""Confidence"": ""0.XX""}",40,M,Pulmonary neoplasm,"[[""Pulmonary neoplasm"", 0.09325369739098231], [""Tuberculosis"", 0.07626304834860775], [""Bronchitis"", 0.0711217479919647], [""Pulmonary embolism"", 0.06546626936529809], [""Possible NSTEMI / STEMI"", 0.06307443453730198], [""Unstable angina"", 0.05886234064727652], [""Pneumonia"", 0.057974075949380005], [""Acute pulmonary edema"", 0.05171252757106269], [""Bronchiectasis"", 0.0509165603223202], [""Myocarditis"", 0.0509165603223202], [""Anemia"", 0.0495636005970529], [""Stable angina"", 0.047649432065249374], [""Guillain-Barr\u00e9 syndrome"", 0.045304018004152236], [""Bronchospasm / acute asthma exacerbation"", 0.043964230207872754], [""Atrial fibrillation"", 0.04327352961740345], [""Spontaneous rib fracture"", 0.039041676919132344], [""Acute dystonic reactions"", 0.031903559750855834], [""Myasthenia gravis"", 0.031903559750855834], [""Pancreatic neoplasm"", 0.02783513064091081]]"
med_test_00123_c0,"You are a diagnostic reasoning assistant. Based on the patient vignette below, pick the single most likely pathology from the candidate list. You MUST commit to one diagnosis — do not hedge or list alternatives.

{""patient"": {""age"": 44, ""sex"": ""male""}, ""findings"": [{""finding"": ""Do you have pain somewhere, related to your reason for consulting?"", ""value"": ""yes""}, {""finding"": ""Characterize your pain:"", ""value"": ""a knife stroke""}, {""finding"": ""Do you feel pain somewhere?"", ""value"": ""side of the chest(R)""}, {""finding"": ""Do you feel pain somewhere?"", ""value"": ""side of the chest(L)""}, {""finding"": ""How intense is the pain?"", ""value"": ""7""}, {""finding"": ""Does the pain radiate to another location?"", ""value"": ""nowhere""}, {""finding"": ""How precisely is the pain located?"", ""value"": ""4""}, {""finding"": ""How fast did the pain appear?"", ""value"": ""3""}, {""finding"": ""Do you feel out of breath with minimal physical effort?"", ""value"": ""yes""}, {""finding"": ""Are you experiencing shortness of breath or difficulty breathing in a significant way?"", ""value"": ""yes""}, {""finding"": ""Do you feel your heart is beating fast (racing), irregularly (missing a beat) or do you feel palpitations?"", ""value"": ""yes""}, {""finding"": ""Have you noticed any new fatigue, generalized and vague discomfort, diffuse (widespread) muscle aches or a change in your general well-being related to your consultation today?"", ""value"": ""yes""}, {""finding"": ""Have you traveled out of the country in the last 4 weeks?"", ""value"": ""N""}]}

Candidate pathologies:
- Stable angina
- PSVT
- Anemia
- Pulmonary neoplasm
- Atrial fibrillation
- Possible NSTEMI / STEMI
- SLE
- Sarcoidosis
- Scombroid food poisoning
- Chagas
- Acute dystonic reactions
- Anaphylaxis
- Myocarditis
- Panic attack","There are 14 candidate pathologies. Estimate the probability (0 to 1) that your chosen pathology is the correct diagnosis for this patient, given only the symptoms and candidates provided. A uniform prior would assign 0.07 to each candidate. Respond with ONLY valid JSON: {""Answer"": ""<pathology>"", ""Confidence"": ""0.XX""}",44,M,Myocarditis,"[[""Possible NSTEMI / STEMI"", 0.1368386444945858], [""PSVT"", 0.13648838887323647], [""Myocarditis"", 0.12162967097769503], [""Atrial fibrillation"", 0.10996241220512219], [""Scombroid food poisoning"", 0.06676079055491908], [""Acute dystonic reactions"", 0.06676079055491908], [""Anemia"", 0.06676079055491908], [""Anaphylaxis"", 0.06676079055491908], [""Panic attack"", 0.06316424964960357], [""Chagas"", 0.05587975348364018], [""Sarcoidosis"", 0.054671577427808135], [""SLE"", 0.030907059187298806], [""Pulmonary neoplasm"", 0.015151548981369082], [""Stable angina"", 0.008263532499964208]]"
med_test_00124_c0,"You are a diagnostic reasoning assistant. Based on the patient vignette below, pick the single most likely pathology from the candidate list. You MUST commit to one diagnosis — do not hedge or list alternatives.

{""patient"": {""age"": 48, ""sex"": ""female""}, ""findings"": [{""finding"": ""Have you been coughing up blood?"", ""value"": ""yes""}, {""finding"": ""Are you experiencing shortness of breath or difficulty breathing in a significant way?"", ""value"": ""yes""}, {""finding"": ""Do you have diabetes?"", ""value"": ""yes""}, {""finding"": ""Do you drink alcohol excessively or do you have an addiction to alcohol?"", ""value"": ""yes""}, {""finding"": ""Do you have a fever (either felt or measured with a thermometer)?"", ""value"": ""yes""}, {""finding"": ""Have you had an involuntary weight loss over the last 3 months?"", ""value"": ""yes""}, {""finding"": ""Do you have a cough?"", ""value"": ""yes""}, {""finding"": ""Have you traveled out of the country in the last 4 weeks?"", ""value"": ""N""}]}

Candidate pathologies:
- Pneumonia
- Tuberculosis
- Pulmonary neoplasm
- Atrial fibrillation
- HIV (initial infection)
- Pulmonary embolism
- Myocarditis
- Acute pulmonary edema
- Bronchitis
- Acute dystonic reactions
- Bronchiectasis
- Bronchospasm / acute asthma exacerbation
- Guillain-Barré syndrome","There are 13 candidate pathologies. Estimate the probability (0 to 1) that your chosen pathology is the correct diagnosis for this patient, given only the symptoms and candidates provided. A uniform prior would assign 0.08 to each candidate. Respond with ONLY valid JSON: {""Answer"": ""<pathology>"", ""Confidence"": ""0.XX""}",48,F,Tuberculosis,"[[""Pulmonary neoplasm"", 0.12758646125194448], [""Tuberculosis"", 0.117102603778945], [""Bronchitis"", 0.10874396963293971], [""Pneumonia"", 0.10316330051938695], [""HIV (initial infection)"", 0.08432167252112545], [""Bronchiectasis"", 0.07392894126147881], [""Acute pulmonary edema"", 0.07196449434233793], [""Pulmonary embolism"", 0.06913304803731482], [""Bronchospasm / acute asthma exacerbation"", 0.06383441795888871], [""Atrial fibrillation"", 0.0628315465343693], [""Guillain-Barr\u00e9 syndrome"", 0.04632277553554942], [""Acute dystonic reactions"", 0.04632277553554942], [""Myocarditis"", 0.024743993090170127]]"
med_test_00125_c0,"You are a diagnostic reasoning assistant. Based on the patient vignette below, pick the single most likely pathology from the candidate list. You MUST commit to one diagnosis — do not hedge or list alternatives.

{""patient"": {""age"": 50, ""sex"": ""male""}, ""findings"": [{""finding"": ""Have you ever had fluid in your lungs?"", ""value"": ""yes""}, {""finding"": ""Do you currently undergo dialysis?"", ""value"": ""yes""}, {""finding"": ""Have you had significantly increased sweating?"", ""value"": ""yes""}, {""finding"": ""Do you have pain somewhere, related to your reason for consulting?"", ""value"": ""yes""}, {""finding"": ""Characterize your pain:"", ""value"": ""tugging""}, {""finding"": ""Do you feel pain somewhere?"", ""value"": ""lower chest""}, {""finding"": ""Do you feel pain somewhere?"", ""value"": ""side of the chest(R)""}, {""finding"": ""Do you feel pain somewhere?"", ""value"": ""side of the chest(L)""}, {""finding"": ""Do you feel pain somewhere?"", ""value"": ""calf(R)""}, {""finding"": ""Do you feel pain somewhere?"", ""value"": ""posterior chest wall(L)""}, {""finding"": ""How intense is the pain?"", ""value"": ""6""}, {""finding"": ""Does the pain radiate to another location?"", ""value"": ""biceps(R)""}, {""finding"": ""Does the pain radiate to another location?"", ""value"": ""jaw""}, {""finding"": ""Does the pain radiate to another location?"", ""value"": ""scapula(R)""}, {""finding"": ""Does the pain radiate to another location?"", ""value"": ""shoulder(R)""}, {""finding"": ""Does the pain radiate to another location?"", ""value"": ""shoulder(L)""}, {""finding"": ""How precisely is the pain located?"", ""value"": ""6""}, {""finding"": ""How fast did the pain appear?"", ""value"": ""4""}, {""finding"": ""Are you experiencing shortness of breath or difficulty breathing in a significant way?"", ""value"": ""yes""}, {""finding"": ""Do you have bouts of choking or shortness of breath that wake you up at night?"", ""value"": ""yes""}, {""finding"": ""Do you have high blood pressure or do you take medications to treat high blood pressure?"", ""value"": ""yes""}, {""finding"": ""Have you ever had a heart attack or do you have angina (chest pain)?"", ""value"": ""yes""}, {""finding"": ""Do you have heart failure?"", ""value"": ""yes""}, {""finding"": ""Do you have swelling in one or more areas of your body?"", ""value"": ""yes""}, {""finding"": ""Where is the swelling located?"", ""value"": ""calf(R)""}, {""finding"": ""Where is the swelling located?"", ""value"": ""tibia(R)""}, {""finding"": ""Where is the swelling located?"", ""value"": ""tibia(L)""}, {""finding"": ""Have you traveled out of the country in the last 4 weeks?"", ""value"": ""N""}, {""finding"": ""Are your symptoms worse when lying down and alleviated while sitting up?"", ""value"": ""yes""}]}

Candidate pathologies:
- Acute dystonic reactions
- Anaphylaxis
- Scombroid food poisoning
- Guillain-Barré syndrome
- GERD
- Chagas
- Unstable angina
- Acute pulmonary edema
- Atrial fibrillation
- Panic attack
- Possible NSTEMI / STEMI
- SLE
- Pulmonary embolism
- Pericarditis
- Myocarditis
- PSVT
- Sarcoidosis
- Pulmonary neoplasm","There are 18 candidate pathologies. Estimate the probability (0 to 1) that your chosen pathology is the correct diagnosis for this patient, given only the symptoms and candidates provided. A uniform prior would assign 0.06 to each candidate. Respond with ONLY valid JSON: {""Answer"": ""<pathology>"", ""Confidence"": ""0.XX""}",50,M,Acute pulmonary edema,"[[""Acute pulmonary edema"", 0.10762673071751315], [""Possible NSTEMI / STEMI"", 0.09697594312522398], [""Panic attack"", 0.08943560601847676], [""Anaphylaxis"", 0.08166715604974373], [""Pericarditis"", 0.07879970574839101], [""GERD"", 0.07635065261108356], [""Pulmonary embolism"", 0.07418012559733755], [""Guillain-Barr\u00e9 syndrome"", 0.058715730559499205], [""Myocarditis"", 0.05640219307370379], [""Atrial fibrillation"", 0.05608414037671218], [""Acute dystonic reactions"", 0.04134822695082911], [""Pulmonary neoplasm"", 0.03734600613777859], [""Sarcoidosis"", 0.0338607852371855], [""Unstable angina"", 0.031378071918318234], [""Scombroid food poisoning"", 0.02615511286171229], [""PSVT"", 0.02208676466670116], [""SLE"", 0.019142255312388248], [""Chagas"", 0.012444793037402145]]"
med_test_00126_c0,"You are a diagnostic reasoning assistant. Based on the patient vignette below, pick the single most likely pathology from the candidate list. You MUST commit to one diagnosis — do not hedge or list alternatives.

{""patient"": {""age"": 19, ""sex"": ""male""}, ""findings"": [{""finding"": ""Have you been coughing up blood?"", ""value"": ""yes""}, {""finding"": ""Do you have pain somewhere, related to your reason for consulting?"", ""value"": ""yes""}, {""finding"": ""Characterize your pain:"", ""value"": ""a knife stroke""}, {""finding"": ""Do you feel pain somewhere?"", ""value"": ""side of the chest(R)""}, {""finding"": ""Do you feel pain somewhere?"", ""value"": ""upper chest""}, {""finding"": ""Do you feel pain somewhere?"", ""value"": ""breast(R)""}, {""finding"": ""Do you feel pain somewhere?"", ""value"": ""posterior chest wall(R)""}, {""finding"": ""How intense is the pain?"", ""value"": ""4""}, {""finding"": ""Does the pain radiate to another location?"", ""value"": ""nowhere""}, {""finding"": ""How precisely is the pain located?"", ""value"": ""3""}, {""finding"": ""How fast did the pain appear?"", ""value"": ""4""}, {""finding"": ""Are you experiencing shortness of breath or difficulty breathing in a significant way?"", ""value"": ""yes""}, {""finding"": ""Do you have a cough that produces colored or more abundant sputum than usual?"", ""value"": ""yes""}, {""finding"": ""Do you drink alcohol excessively or do you have an addiction to alcohol?"", ""value"": ""yes""}, {""finding"": ""Have you had chills or shivers?"", ""value"": ""yes""}, {""finding"": ""Do you have heart failure?"", ""value"": ""yes""}, {""finding"": ""Have you ever had a stroke?"", ""value"": ""yes""}, {""finding"": ""Have you ever had pneumonia?"", ""value"": ""yes""}, {""finding"": ""Do you have asthma or have you ever had to use a bronchodilator in the past?"", ""value"": ""yes""}, {""finding"": ""Do you have any lesions, redness or problems on your skin that you believe are related to the condition you are consulting for?"", ""value"": ""yes""}, {""finding"": ""What color is the rash?"", ""value"": ""pink""}, {""finding"": ""Do your lesions peel off?"", ""value"": ""Y""}, {""finding"": ""Is the rash swollen?"", ""value"": ""2""}, {""finding"": ""Where is the affected region located?"", ""value"": ""back of the neck""}, {""finding"": ""Where is the affected region located?"", ""value"": ""commissure(R)""}, {""finding"": ""Where is the affected region located?"", ""value"": ""side of the neck(R)""}, {""finding"": ""Where is the affected region located?"", ""value"": ""side of the neck(L)""}, {""finding"": ""Where is the affected region located?"", ""value"": ""flank(R)""}, {""finding"": ""How intense is the pain caused by the rash?"", ""value"": ""3""}, {""finding"": ""Is the lesion (or are the lesions) larger than 1cm?"", ""value"": ""N""}, {""finding"": ""How severe is the itching?"", ""value"": ""1""}, {""finding"": ""Do you have diffuse (widespread) muscle pain?"", ""value"": ""yes""}, {""finding"": ""Have you had surgery within the last month?"", ""value"": ""yes""}, {""finding"": ""Do you have a cough?"", ""value"": ""yes""}, {""finding"": ""Have you traveled out of the country in the last 4 weeks?"", ""value"": ""N""}, {""finding"": ""Is your BMI less than 18.5, or are you underweight?"", ""value"": ""yes""}, {""finding"": ""Are your vaccinations up to date?"", ""value"": ""yes""}, {""finding"": ""Are your symptoms more prominent at night?"", ""value"": ""yes""}]}

Candidate pathologies:
- Myasthenia gravis
- Boerhaave
- GERD
- Bronchospasm / acute asthma exacerbation
- Acute dystonic reactions
- Stable angina
- Bronchiectasis
- Tuberculosis
- Atrial fibrillation
- Guillain-Barré syndrome
- Myocarditis
- Pneumonia
- Pericarditis
- Bronchitis
- Unstable angina
- Panic attack
- Pulmonary embolism
- Possible NSTEMI / STEMI
- Sarcoidosis
- PSVT
- Anemia","There are 21 candidate pathologies. Estimate the probability (0 to 1) that your chosen pathology is the correct diagnosis for this patient, given only the symptoms and candidates provided. A uniform prior would assign 0.05 to each candidate. Respond with ONLY valid JSON: {""Answer"": ""<pathology>"", ""Confidence"": ""0.XX""}",19,M,Pneumonia,"[[""Pneumonia"", 0.07360779117617929], [""Bronchitis"", 0.07174932115742062], [""Bronchiectasis"", 0.07127885749842705], [""Possible NSTEMI / STEMI"", 0.06058914485102949], [""GERD"", 0.06041802848863939], [""Panic attack"", 0.05887245213891282], [""Unstable angina"", 0.05710794264293165], [""Tuberculosis"", 0.05620276560432936], [""Pulmonary embolism"", 0.0528885535916428], [""Boerhaave"", 0.05263481657400567], [""Stable angina"", 0.05016566229252256], [""Myocarditis"", 0.04829416945191677], [""Pericarditis"", 0.04293075747112852], [""Guillain-Barr\u00e9 syndrome"", 0.03932166447523118], [""Bronchospasm / acute asthma exacerbation"", 0.0381587944139381], [""Atrial fibrillation"", 0.037559300195372576], [""Sarcoidosis"", 0.0303563966970207], [""Acute dystonic reactions"", 0.02769072429676469], [""Myasthenia gravis"", 0.02769072429676469], [""Anemia"", 0.02769072429676469], [""PSVT"", 0.014791408389057464]]"
med_test_00127_c0,"You are a diagnostic reasoning assistant. Based on the patient vignette below, pick the single most likely pathology from the candidate list. You MUST commit to one diagnosis — do not hedge or list alternatives.

{""patient"": {""age"": 78, ""sex"": ""female""}, ""findings"": [{""finding"": ""Do you have a poor diet?"", ""value"": ""yes""}, {""finding"": ""Have you ever had a diagnosis of anemia?"", ""value"": ""yes""}, {""finding"": ""Do you have any family members who have been diagnosed with anemia?"", ""value"": ""yes""}, {""finding"": ""Do you have pain somewhere, related to your reason for consulting?"", ""value"": ""yes""}, {""finding"": ""Characterize your pain:"", ""value"": ""sensitive""}, {""finding"": ""Do you feel pain somewhere?"", ""value"": ""back of head""}, {""finding"": ""Do you feel pain somewhere?"", ""value"": ""temple(R)""}, {""finding"": ""How intense is the pain?"", ""value"": ""5""}, {""finding"": ""Does the pain radiate to another location?"", ""value"": ""nowhere""}, {""finding"": ""How precisely is the pain located?"", ""value"": ""5""}, {""finding"": ""How fast did the pain appear?"", ""value"": ""5""}, {""finding"": ""Are you experiencing shortness of breath or difficulty breathing in a significant way?"", ""value"": ""yes""}, {""finding"": ""Do you feel lightheaded and dizzy or do you feel like you are about to faint?"", ""value"": ""yes""}, {""finding"": ""Do you feel so tired that you are unable to do your usual activities or are you stuck in your bed all day long?"", ""value"": ""yes""}, {""finding"": ""Have you recently had stools that were black (like coal)?"", ""value"": ""yes""}, {""finding"": ""Do you think you are pregnant or are you currently pregnant?"", ""value"": ""yes""}, {""finding"": ""Have you traveled out of the country in the last 4 weeks?"", ""value"": ""West Africa""}, {""finding"": ""Is your BMI less than 18.5, or are you underweight?"", ""value"": ""yes""}]}

Candidate pathologies:
- Acute pulmonary edema
- Acute dystonic reactions
- HIV (initial infection)
- Anemia
- Scombroid food poisoning
- Myocarditis
- Chagas
- Anaphylaxis
- Panic attack
- Guillain-Barré syndrome
- Cluster headache
- Myasthenia gravis","There are 12 candidate pathologies. Estimate the probability (0 to 1) that your chosen pathology is the correct diagnosis for this patient, given only the symptoms and candidates provided. A uniform prior would assign 0.08 to each candidate. Respond with ONLY valid JSON: {""Answer"": ""<pathology>"", ""Confidence"": ""0.XX""}",78,F,Anemia,"[[""Anemia"", 0.12106083010268097], [""Anaphylaxis"", 0.10487098488812857], [""Panic attack"", 0.09566465586260524], [""Guillain-Barr\u00e9 syndrome"", 0.08878940126336442], [""Myocarditis"", 0.08848597146076816], [""Acute pulmonary edema"", 0.08756699712124141], [""Chagas"", 0.08142691685271061], [""Cluster headache"", 0.07777688466580186], [""HIV (initial infection)"", 0.07696899966148284], [""Acute dystonic reactions"", 0.06252641803622885], [""Myasthenia gravis"", 0.06252641803622885], [""Scombroid food poisoning"", 0.05233552204875829]]"
med_test_00128_c0,"You are a diagnostic reasoning assistant. Based on the patient vignette below, pick the single most likely pathology from the candidate list. You MUST commit to one diagnosis — do not hedge or list alternatives.

{""patient"": {""age"": 23, ""sex"": ""male""}, ""findings"": [{""finding"": ""Do you have pain that improves when you lean forward?"", ""value"": ""yes""}, {""finding"": ""Do you have pain somewhere, related to your reason for consulting?"", ""value"": ""yes""}, {""finding"": ""Characterize your pain:"", ""value"": ""a knife stroke""}, {""finding"": ""Characterize your pain:"", ""value"": ""sharp""}, {""finding"": ""Do you feel pain somewhere?"", ""value"": ""tonsil(R)""}, {""finding"": ""Do you feel pain somewhere?"", ""value"": ""tonsil(L)""}, {""finding"": ""Do you feel pain somewhere?"", ""value"": ""back of the neck""}, {""finding"": ""Do you feel pain somewhere?"", ""value"": ""palace""}, {""finding"": ""Do you feel pain somewhere?"", ""value"": ""pharynx""}, {""finding"": ""How intense is the pain?"", ""value"": ""8""}, {""finding"": ""Does the pain radiate to another location?"", ""value"": ""nowhere""}, {""finding"": ""How precisely is the pain located?"", ""value"": ""10""}, {""finding"": ""How fast did the pain appear?"", ""value"": ""3""}, {""finding"": ""Do you have difficulty swallowing, or have a feeling of discomfort/blockage when swallowing?"", ""value"": ""yes""}, {""finding"": ""Are you experiencing shortness of breath or difficulty breathing in a significant way?"", ""value"": ""yes""}, {""finding"": ""Do you drink alcohol excessively or do you have an addiction to alcohol?"", ""value"": ""yes""}, {""finding"": ""Do you have a fever (either felt or measured with a thermometer)?"", ""value"": ""yes""}, {""finding"": ""Have you traveled out of the country in the last 4 weeks?"", ""value"": ""N""}, {""finding"": ""Have you noticed that the tone of your voice has become deeper, softer or hoarse?"", ""value"": ""yes""}]}

Candidate pathologies:
- Viral pharyngitis
- Myasthenia gravis
- Pulmonary embolism
- Acute laryngitis
- Chagas
- Epiglottitis
- Acute pulmonary edema
- PSVT
- Acute dystonic reactions
- Atrial fibrillation
- HIV (initial infection)
- Guillain-Barré syndrome
- Myocarditis","There are 13 candidate pathologies. Estimate the probability (0 to 1) that your chosen pathology is the correct diagnosis for this patient, given only the symptoms and candidates provided. A uniform prior would assign 0.08 to each candidate. Respond with ONLY valid JSON: {""Answer"": ""<pathology>"", ""Confidence"": ""0.XX""}",23,M,Epiglottitis,"[[""Epiglottitis"", 0.16356076637867192], [""Acute laryngitis"", 0.13052702594412194], [""Acute pulmonary edema"", 0.10276821179823228], [""Atrial fibrillation"", 0.08972599253095481], [""Chagas"", 0.08237962761808408], [""Myasthenia gravis"", 0.06989910584999565], [""Guillain-Barr\u00e9 syndrome"", 0.06615079909647371], [""Acute dystonic reactions"", 0.06615079909647371], [""Myocarditis"", 0.06615079909647371], [""HIV (initial infection)"", 0.06521545016928089], [""Pulmonary embolism"", 0.041844154969891204], [""PSVT"", 0.035335424029076676], [""Viral pharyngitis"", 0.02029184342226931]]"
med_test_00129_c0,"You are a diagnostic reasoning assistant. Based on the patient vignette below, pick the single most likely pathology from the candidate list. You MUST commit to one diagnosis — do not hedge or list alternatives.

{""patient"": {""age"": 5, ""sex"": ""male""}, ""findings"": [{""finding"": ""Do you have an active cancer?"", ""value"": ""yes""}, {""finding"": ""Do you have pain somewhere, related to your reason for consulting?"", ""value"": ""yes""}, {""finding"": ""Characterize your pain:"", ""value"": ""a knife stroke""}, {""finding"": ""Characterize your pain:"", ""value"": ""sharp""}, {""finding"": ""Do you feel pain somewhere?"", ""value"": ""side of the chest(L)""}, {""finding"": ""Do you feel pain somewhere?"", ""value"": ""scapula(L)""}, {""finding"": ""Do you feel pain somewhere?"", ""value"": ""breast(L)""}, {""finding"": ""Do you feel pain somewhere?"", ""value"": ""posterior chest wall(R)""}, {""finding"": ""Do you feel pain somewhere?"", ""value"": ""posterior chest wall(L)""}, {""finding"": ""How intense is the pain?"", ""value"": ""7""}, {""finding"": ""Does the pain radiate to another location?"", ""value"": ""side of the chest(L)""}, {""finding"": ""Does the pain radiate to another location?"", ""value"": ""scapula(R)""}, {""finding"": ""Does the pain radiate to another location?"", ""value"": ""scapula(L)""}, {""finding"": ""Does the pain radiate to another location?"", ""value"": ""posterior chest wall(R)""}, {""finding"": ""Does the pain radiate to another location?"", ""value"": ""posterior chest wall(L)""}, {""finding"": ""How precisely is the pain located?"", ""value"": ""3""}, {""finding"": ""How fast did the pain appear?"", ""value"": ""5""}, {""finding"": ""Are you experiencing shortness of breath or difficulty breathing in a significant way?"", ""value"": ""yes""}, {""finding"": ""Do you have swelling in one or more areas of your body?"", ""value"": ""yes""}, {""finding"": ""Where is the swelling located?"", ""value"": ""posterior aspect of the ankle(R)""}, {""finding"": ""Have you had surgery within the last month?"", ""value"": ""yes""}, {""finding"": ""Have you traveled out of the country in the last 4 weeks?"", ""value"": ""North America""}, {""finding"": ""Do you have pain that is increased when you breathe in deeply?"", ""value"": ""yes""}]}

Candidate pathologies:
- Scombroid food poisoning
- Atrial fibrillation
- Chagas
- Myocarditis
- Guillain-Barré syndrome
- Myasthenia gravis
- Anaphylaxis
- Sarcoidosis
- Spontaneous pneumothorax
- SLE
- Pulmonary embolism
- Anemia
- Acute dystonic reactions","There are 13 candidate pathologies. Estimate the probability (0 to 1) that your chosen pathology is the correct diagnosis for this patient, given only the symptoms and candidates provided. A uniform prior would assign 0.08 to each candidate. Respond with ONLY valid JSON: {""Answer"": ""<pathology>"", ""Confidence"": ""0.XX""}",5,M,Pulmonary embolism,"[[""Pulmonary embolism"", 0.1535245516293462], [""Spontaneous pneumothorax"", 0.11755532028161252], [""Anaphylaxis"", 0.11280147165233152], [""Myocarditis"", 0.09027382151262435], [""Guillain-Barr\u00e9 syndrome"", 0.08110017706774385], [""Atrial fibrillation"", 0.07746533461990113], [""SLE"", 0.0652453213652903], [""Acute dystonic reactions"", 0.057111586540704036], [""Myasthenia gravis"", 0.057111586540704036], [""Anemia"", 0.057111586540704036], [""Chagas"", 0.04780322926716715], [""Sarcoidosis"", 0.046769675727798915], [""Scombroid food poisoning"", 0.03612633725407202]]"
med_test_00130_c0,"You are a diagnostic reasoning assistant. Based on the patient vignette below, pick the single most likely pathology from the candidate list. You MUST commit to one diagnosis — do not hedge or list alternatives.

{""patient"": {""age"": 0, ""sex"": ""female""}, ""findings"": [{""finding"": ""Have you or any member of your family ever had croup?"", ""value"": ""yes""}, {""finding"": ""Do you have a fever (either felt or measured with a thermometer)?"", ""value"": ""yes""}, {""finding"": ""Do you have nasal congestion or a clear runny nose?"", ""value"": ""yes""}, {""finding"": ""Have you noticed that you produce more saliva than usual?"", ""value"": ""yes""}, {""finding"": ""Have you noticed a high pitched sound when breathing in?"", ""value"": ""yes""}, {""finding"": ""Does the person have a whooping cough?"", ""value"": ""yes""}, {""finding"": ""Have you traveled out of the country in the last 4 weeks?"", ""value"": ""N""}]}

Candidate pathologies:
- Influenza
- Croup
- Chagas
- Acute otitis media
- Pneumonia
- Bronchitis
- Larygospasm
- HIV (initial infection)
- URTI
- Epiglottitis
- Tuberculosis","There are 11 candidate pathologies. Estimate the probability (0 to 1) that your chosen pathology is the correct diagnosis for this patient, given only the symptoms and candidates provided. A uniform prior would assign 0.09 to each candidate. Respond with ONLY valid JSON: {""Answer"": ""<pathology>"", ""Confidence"": ""0.XX""}",0,F,Croup,"[[""Croup"", 0.12983956430409174], [""Epiglottitis"", 0.10972531841627563], [""Influenza"", 0.10826009841186628], [""Pneumonia"", 0.10703387956182407], [""URTI"", 0.10182500531919095], [""Bronchitis"", 0.09784439063828955], [""Acute otitis media"", 0.08934840813767635], [""HIV (initial infection)"", 0.07963808219855124], [""Larygospasm"", 0.07849085949402577], [""Tuberculosis"", 0.07271462882004229], [""Chagas"", 0.025279764698166007]]"
med_test_00131_c0,"You are a diagnostic reasoning assistant. Based on the patient vignette below, pick the single most likely pathology from the candidate list. You MUST commit to one diagnosis — do not hedge or list alternatives.

{""patient"": {""age"": 34, ""sex"": ""male""}, ""findings"": [{""finding"": ""Are you infected with the human immunodeficiency virus (HIV)?"", ""value"": ""yes""}, {""finding"": ""Have you had significantly increased sweating?"", ""value"": ""yes""}, {""finding"": ""Do you have pain somewhere, related to your reason for consulting?"", ""value"": ""yes""}, {""finding"": ""Characterize your pain:"", ""value"": ""heavy""}, {""finding"": ""Characterize your pain:"", ""value"": ""sharp""}, {""finding"": ""Characterize your pain:"", ""value"": ""sickening""}, {""finding"": ""Characterize your pain:"", ""value"": ""scary""}, {""finding"": ""Do you feel pain somewhere?"", ""value"": ""biceps(L)""}, {""finding"": ""Do you feel pain somewhere?"", ""value"": ""thyroid cartilage""}, {""finding"": ""Do you feel pain somewhere?"", ""value"": ""upper chest""}, {""finding"": ""Do you feel pain somewhere?"", ""value"": ""breast(R)""}, {""finding"": ""Do you feel pain somewhere?"", ""value"": ""shoulder(R)""}, {""finding"": ""How intense is the pain?"", ""value"": ""7""}, {""finding"": ""Does the pain radiate to another location?"", ""value"": ""biceps(R)""}, {""finding"": ""Does the pain radiate to another location?"", ""value"": ""biceps(L)""}, {""finding"": ""Does the pain radiate to another location?"", ""value"": ""thyroid cartilage""}, {""finding"": ""Does the pain radiate to another location?"", ""value"": ""thoracic spine""}, {""finding"": ""Does the pain radiate to another location?"", ""value"": ""shoulder(R)""}, {""finding"": ""How precisely is the pain located?"", ""value"": ""2""}, {""finding"": ""How fast did the pain appear?"", ""value"": ""10""}, {""finding"": ""Are you experiencing shortness of breath or difficulty breathing in a significant way?"", ""value"": ""yes""}, {""finding"": ""Do you have diabetes?"", ""value"": ""yes""}, {""finding"": ""Are you significantly overweight compared to people of the same height as you?"", ""value"": ""yes""}, {""finding"": ""Do you have high cholesterol or do you take medications to treat high cholesterol?"", ""value"": ""yes""}, {""finding"": ""Do you smoke cigarettes?"", ""value"": ""yes""}, {""finding"": ""Do you constantly feel fatigued or do you have non-restful sleep?"", ""value"": ""yes""}, {""finding"": ""Have you ever had a heart attack or do you have angina (chest pain)?"", ""value"": ""yes""}, {""finding"": ""Do you have a problem with poor circulation?"", ""value"": ""yes""}, {""finding"": ""Are you feeling nauseous or do you feel like vomiting?"", ""value"": ""yes""}, {""finding"": ""Have you traveled out of the country in the last 4 weeks?"", ""value"": ""N""}, {""finding"": ""Do you have close family members who had a cardiovascular disease problem before the age of 50?"", ""value"": ""yes""}]}

Candidate pathologies:
- GERD
- Acute laryngitis
- Scombroid food poisoning
- Possible NSTEMI / STEMI
- PSVT
- Anemia
- Boerhaave
- Acute dystonic reactions
- Chagas
- HIV (initial infection)
- Atrial fibrillation
- Acute pulmonary edema
- Myasthenia gravis
- SLE
- Viral pharyngitis
- Unstable angina
- Panic attack
- Guillain-Barré syndrome
- Pulmonary neoplasm
- Pericarditis
- Anaphylaxis","There are 21 candidate pathologies. Estimate the probability (0 to 1) that your chosen pathology is the correct diagnosis for this patient, given only the symptoms and candidates provided. A uniform prior would assign 0.05 to each candidate. Respond with ONLY valid JSON: {""Answer"": ""<pathology>"", ""Confidence"": ""0.XX""}",34,M,Possible NSTEMI / STEMI,"[[""Possible NSTEMI / STEMI"", 0.09838364724719621], [""SLE"", 0.08298237829293104], [""Boerhaave"", 0.071578113196521], [""Anemia"", 0.062151712327592055], [""Unstable angina"", 0.05870243364750429], [""Guillain-Barr\u00e9 syndrome"", 0.056810285377966396], [""Atrial fibrillation"", 0.05426409566258017], [""Anaphylaxis"", 0.05138987039266313], [""GERD"", 0.05083601906970349], [""Panic attack"", 0.04924721615202105], [""Chagas"", 0.046324178672220884], [""Pulmonary neoplasm"", 0.04469431481285115], [""Acute dystonic reactions"", 0.040006392674773496], [""Myasthenia gravis"", 0.040006392674773496], [""Acute pulmonary edema"", 0.03718613832429328], [""Scombroid food poisoning"", 0.036962510728919686], [""HIV (initial infection)"", 0.036887749276330276], [""Pericarditis"", 0.02828792033746664], [""PSVT"", 0.021370004117036056], [""Acute laryngitis"", 0.019656614172265913], [""Viral pharyngitis"", 0.012272012842390595]]"
med_test_00132_c0,"You are a diagnostic reasoning assistant. Based on the patient vignette below, pick the single most likely pathology from the candidate list. You MUST commit to one diagnosis — do not hedge or list alternatives.

{""patient"": {""age"": 20, ""sex"": ""female""}, ""findings"": [{""finding"": ""Have you been in contact with a person with similar symptoms in the past 2 weeks?"", ""value"": ""yes""}, {""finding"": ""Do you live with 4 or more people?"", ""value"": ""yes""}, {""finding"": ""Do you attend or work in a daycare?"", ""value"": ""yes""}, {""finding"": ""Have you had significantly increased sweating?"", ""value"": ""yes""}, {""finding"": ""Do you have pain somewhere, related to your reason for consulting?"", ""value"": ""yes""}, {""finding"": ""Characterize your pain:"", ""value"": ""tedious""}, {""finding"": ""Do you feel pain somewhere?"", ""value"": ""forehead""}, {""finding"": ""Do you feel pain somewhere?"", ""value"": ""cheek(L)""}, {""finding"": ""Do you feel pain somewhere?"", ""value"": ""temple(R)""}, {""finding"": ""Do you feel pain somewhere?"", ""value"": ""temple(L)""}, {""finding"": ""How intense is the pain?"", ""value"": ""6""}, {""finding"": ""Does the pain radiate to another location?"", ""value"": ""nowhere""}, {""finding"": ""How precisely is the pain located?"", ""value"": ""3""}, {""finding"": ""How fast did the pain appear?"", ""value"": ""5""}, {""finding"": ""Do you have a cough that produces colored or more abundant sputum than usual?"", ""value"": ""yes""}, {""finding"": ""Do you have a fever (either felt or measured with a thermometer)?"", ""value"": ""yes""}, {""finding"": ""Do you have a sore throat?"", ""value"": ""yes""}, {""finding"": ""Do you have diffuse (widespread) muscle pain?"", ""value"": ""yes""}, {""finding"": ""Do you have nasal congestion or a clear runny nose?"", ""value"": ""yes""}, {""finding"": ""Have you traveled out of the country in the last 4 weeks?"", ""value"": ""N""}, {""finding"": ""Are you exposed to secondhand cigarette smoke on a daily basis?"", ""value"": ""yes""}]}

Candidate pathologies:
- Bronchitis
- Chronic rhinosinusitis
- Bronchiectasis
- HIV (initial infection)
- Chagas
- URTI
- Acute rhinosinusitis
- Pneumonia
- Influenza
- Tuberculosis","There are 10 candidate pathologies. Estimate the probability (0 to 1) that your chosen pathology is the correct diagnosis for this patient, given only the symptoms and candidates provided. A uniform prior would assign 0.10 to each candidate. Respond with ONLY valid JSON: {""Answer"": ""<pathology>"", ""Confidence"": ""0.XX""}",20,F,URTI,"[[""URTI"", 0.16087749028151022], [""Influenza"", 0.15228374428876454], [""Pneumonia"", 0.15133759837203056], [""Bronchitis"", 0.1433703440032625], [""HIV (initial infection)"", 0.11751286437352369], [""Tuberculosis"", 0.08081820422262326], [""Bronchiectasis"", 0.06890689925245033], [""Chronic rhinosinusitis"", 0.05250442259440545], [""Chagas"", 0.0384407693629871], [""Acute rhinosinusitis"", 0.03394766324844241]]"
med_test_00133_c0,"You are a diagnostic reasoning assistant. Based on the patient vignette below, pick the single most likely pathology from the candidate list. You MUST commit to one diagnosis — do not hedge or list alternatives.

{""patient"": {""age"": 38, ""sex"": ""male""}, ""findings"": [{""finding"": ""Do you have chronic pancreatitis?"", ""value"": ""yes""}, {""finding"": ""Do you have pain somewhere, related to your reason for consulting?"", ""value"": ""yes""}, {""finding"": ""Characterize your pain:"", ""value"": ""sensitive""}, {""finding"": ""Characterize your pain:"", ""value"": ""a cramp""}, {""finding"": ""Do you feel pain somewhere?"", ""value"": ""hypochondrium(L)""}, {""finding"": ""Do you feel pain somewhere?"", ""value"": ""belly""}, {""finding"": ""Do you feel pain somewhere?"", ""value"": ""epigastric""}, {""finding"": ""How intense is the pain?"", ""value"": ""3""}, {""finding"": ""Does the pain radiate to another location?"", ""value"": ""thoracic spine""}, {""finding"": ""How precisely is the pain located?"", ""value"": ""5""}, {""finding"": ""How fast did the pain appear?"", ""value"": ""4""}, {""finding"": ""Are you significantly overweight compared to people of the same height as you?"", ""value"": ""yes""}, {""finding"": ""Do you smoke cigarettes?"", ""value"": ""yes""}, {""finding"": ""Do you have any lesions, redness or problems on your skin that you believe are related to the condition you are consulting for?"", ""value"": ""yes""}, {""finding"": ""What color is the rash?"", ""value"": ""yellow""}, {""finding"": ""Do your lesions peel off?"", ""value"": ""N""}, {""finding"": ""Is the rash swollen?"", ""value"": ""2""}, {""finding"": ""Where is the affected region located?"", ""value"": ""epigastric""}, {""finding"": ""How intense is the pain caused by the rash?"", ""value"": ""3""}, {""finding"": ""Is the lesion (or are the lesions) larger than 1cm?"", ""value"": ""Y""}, {""finding"": ""How severe is the itching?"", ""value"": ""3""}, {""finding"": ""Are you feeling nauseous or do you feel like vomiting?"", ""value"": ""yes""}, {""finding"": ""Have you had an involuntary weight loss over the last 3 months?"", ""value"": ""yes""}, {""finding"": ""Do you have a cough?"", ""value"": ""yes""}, {""finding"": ""Have you traveled out of the country in the last 4 weeks?"", ""value"": ""N""}, {""finding"": ""Are there members of your family who have been diagnosed with pancreatic cancer?"", ""value"": ""yes""}]}

Candidate pathologies:
- Chagas
- GERD
- Bronchitis
- Scombroid food poisoning
- Unstable angina
- Tuberculosis
- Pancreatic neoplasm
- Possible NSTEMI / STEMI
- Pericarditis
- Pulmonary neoplasm
- Anaphylaxis
- Stable angina","There are 12 candidate pathologies. Estimate the probability (0 to 1) that your chosen pathology is the correct diagnosis for this patient, given only the symptoms and candidates provided. A uniform prior would assign 0.08 to each candidate. Respond with ONLY valid JSON: {""Answer"": ""<pathology>"", ""Confidence"": ""0.XX""}",38,M,Pancreatic neoplasm,"[[""Bronchitis"", 0.14354593800086604], [""Possible NSTEMI / STEMI"", 0.13248224090264524], [""Unstable angina"", 0.11919308810007428], [""Pancreatic neoplasm"", 0.09429339045111314], [""Tuberculosis"", 0.0915995034943507], [""Scombroid food poisoning"", 0.08560616998927828], [""Stable angina"", 0.0616164305109252], [""Pericarditis"", 0.061245885603290605], [""Anaphylaxis"", 0.06049988067502407], [""Pulmonary neoplasm"", 0.05873328027279249], [""Chagas"", 0.05002419305622434], [""GERD"", 0.04115999894341569]]"
med_test_00134_c0,"You are a diagnostic reasoning assistant. Based on the patient vignette below, pick the single most likely pathology from the candidate list. You MUST commit to one diagnosis — do not hedge or list alternatives.

{""patient"": {""age"": 13, ""sex"": ""female""}, ""findings"": [{""finding"": ""Do you have pain somewhere, related to your reason for consulting?"", ""value"": ""yes""}, {""finding"": ""Characterize your pain:"", ""value"": ""heavy""}, {""finding"": ""Do you feel pain somewhere?"", ""value"": ""back of the neck""}, {""finding"": ""Do you feel pain somewhere?"", ""value"": ""side of the neck(L)""}, {""finding"": ""Do you feel pain somewhere?"", ""value"": ""top of the head""}, {""finding"": ""Do you feel pain somewhere?"", ""value"": ""forehead""}, {""finding"": ""Do you feel pain somewhere?"", ""value"": ""pharynx""}, {""finding"": ""How intense is the pain?"", ""value"": ""2""}, {""finding"": ""Does the pain radiate to another location?"", ""value"": ""nowhere""}, {""finding"": ""How precisely is the pain located?"", ""value"": ""2""}, {""finding"": ""How fast did the pain appear?"", ""value"": ""4""}, {""finding"": ""Do you smoke cigarettes?"", ""value"": ""yes""}, {""finding"": ""Do you feel so tired that you are unable to do your usual activities or are you stuck in your bed all day long?"", ""value"": ""yes""}, {""finding"": ""Do you have a fever (either felt or measured with a thermometer)?"", ""value"": ""yes""}, {""finding"": ""Have you had chills or shivers?"", ""value"": ""yes""}, {""finding"": ""Do you have a sore throat?"", ""value"": ""yes""}, {""finding"": ""Do you have any lesions, redness or problems on your skin that you believe are related to the condition you are consulting for?"", ""value"": ""yes""}, {""finding"": ""What color is the rash?"", ""value"": ""pink""}, {""finding"": ""Do your lesions peel off?"", ""value"": ""N""}, {""finding"": ""Is the rash swollen?"", ""value"": ""5""}, {""finding"": ""Where is the affected region located?"", ""value"": ""side of the neck(L)""}, {""finding"": ""Where is the affected region located?"", ""value"": ""forehead""}, {""finding"": ""How intense is the pain caused by the rash?"", ""value"": ""4""}, {""finding"": ""Is the lesion (or are the lesions) larger than 1cm?"", ""value"": ""Y""}, {""finding"": ""How severe is the itching?"", ""value"": ""1""}, {""finding"": ""Do you have diffuse (widespread) muscle pain?"", ""value"": ""yes""}, {""finding"": ""Have you recently had a loss of appetite or do you get full more quickly then usually?"", ""value"": ""yes""}, {""finding"": ""Do you have nasal congestion or a clear runny nose?"", ""value"": ""yes""}, {""finding"": ""Do you have a cough?"", ""value"": ""yes""}, {""finding"": ""Have you traveled out of the country in the last 4 weeks?"", ""value"": ""N""}, {""finding"": ""Are you immunosuppressed?"", ""value"": ""yes""}]}

Candidate pathologies:
- URTI
- Pneumonia
- Acute rhinosinusitis
- Acute laryngitis
- Chronic rhinosinusitis
- HIV (initial infection)
- Tuberculosis
- Influenza
- Anemia
- Epiglottitis
- Bronchitis
- Chagas
- Scombroid food poisoning
- Viral pharyngitis","There are 14 candidate pathologies. Estimate the probability (0 to 1) that your chosen pathology is the correct diagnosis for this patient, given only the symptoms and candidates provided. A uniform prior would assign 0.07 to each candidate. Respond with ONLY valid JSON: {""Answer"": ""<pathology>"", ""Confidence"": ""0.XX""}",13,F,Influenza,"[[""Influenza"", 0.11437661586660819], [""URTI"", 0.11027206539677203], [""HIV (initial infection)"", 0.10157588674749116], [""Viral pharyngitis"", 0.09215602475879599], [""Bronchitis"", 0.07145408149748463], [""Acute laryngitis"", 0.0686685582070389], [""Pneumonia"", 0.06777890733221215], [""Chagas"", 0.06614646309397024], [""Tuberculosis"", 0.06049528396039799], [""Chronic rhinosinusitis"", 0.0594205001072125], [""Epiglottitis"", 0.05243102773701443], [""Acute rhinosinusitis"", 0.052066477816715896], [""Anemia"", 0.04392377943219188], [""Scombroid food poisoning"", 0.03923432804609395]]"
med_test_00135_c0,"You are a diagnostic reasoning assistant. Based on the patient vignette below, pick the single most likely pathology from the candidate list. You MUST commit to one diagnosis — do not hedge or list alternatives.

{""patient"": {""age"": 49, ""sex"": ""male""}, ""findings"": [{""finding"": ""Do you have an active cancer?"", ""value"": ""yes""}, {""finding"": ""Do you have pain somewhere, related to your reason for consulting?"", ""value"": ""yes""}, {""finding"": ""Characterize your pain:"", ""value"": ""sensitive""}, {""finding"": ""Characterize your pain:"", ""value"": ""a knife stroke""}, {""finding"": ""Characterize your pain:"", ""value"": ""sharp""}, {""finding"": ""Do you feel pain somewhere?"", ""value"": ""side of the chest(R)""}, {""finding"": ""Do you feel pain somewhere?"", ""value"": ""side of the chest(L)""}, {""finding"": ""Do you feel pain somewhere?"", ""value"": ""scapula(R)""}, {""finding"": ""Do you feel pain somewhere?"", ""value"": ""posterior chest wall(R)""}, {""finding"": ""Do you feel pain somewhere?"", ""value"": ""posterior chest wall(L)""}, {""finding"": ""How intense is the pain?"", ""value"": ""9""}, {""finding"": ""Does the pain radiate to another location?"", ""value"": ""side of the chest(L)""}, {""finding"": ""Does the pain radiate to another location?"", ""value"": ""scapula(L)""}, {""finding"": ""Does the pain radiate to another location?"", ""value"": ""breast(R)""}, {""finding"": ""Does the pain radiate to another location?"", ""value"": ""breast(L)""}, {""finding"": ""How precisely is the pain located?"", ""value"": ""2""}, {""finding"": ""How fast did the pain appear?"", ""value"": ""9""}, {""finding"": ""Are you experiencing shortness of breath or difficulty breathing in a significant way?"", ""value"": ""yes""}, {""finding"": ""Do you have swelling in one or more areas of your body?"", ""value"": ""yes""}, {""finding"": ""Where is the swelling located?"", ""value"": ""posterior aspect of the ankle(R)""}, {""finding"": ""Where is the swelling located?"", ""value"": ""calf(L)""}, {""finding"": ""Did you lose consciousness?"", ""value"": ""yes""}, {""finding"": ""Have you had surgery within the last month?"", ""value"": ""yes""}, {""finding"": ""Have you traveled out of the country in the last 4 weeks?"", ""value"": ""North America""}, {""finding"": ""Do you have pain that is increased when you breathe in deeply?"", ""value"": ""yes""}]}

Candidate pathologies:
- Anaphylaxis
- Pulmonary embolism
- Scombroid food poisoning
- Pulmonary neoplasm
- Myasthenia gravis
- Anemia
- Spontaneous pneumothorax
- Chagas
- Guillain-Barré syndrome
- Panic attack
- Possible NSTEMI / STEMI
- Acute pulmonary edema
- SLE
- Sarcoidosis
- Unstable angina
- Atrial fibrillation
- Myocarditis
- Acute dystonic reactions
- Stable angina","There are 19 candidate pathologies. Estimate the probability (0 to 1) that your chosen pathology is the correct diagnosis for this patient, given only the symptoms and candidates provided. A uniform prior would assign 0.05 to each candidate. Respond with ONLY valid JSON: {""Answer"": ""<pathology>"", ""Confidence"": ""0.XX""}",49,M,Pulmonary embolism,"[[""Pulmonary embolism"", 0.09738771098326747], [""Anaphylaxis"", 0.07659074463991979], [""Acute pulmonary edema"", 0.07388148589779316], [""Possible NSTEMI / STEMI"", 0.07145540480927742], [""Panic attack"", 0.07035851201332062], [""Spontaneous pneumothorax"", 0.06826564690447458], [""Unstable angina"", 0.06279564314610324], [""Myocarditis"", 0.05510428783425063], [""Pulmonary neoplasm"", 0.052145811112097186], [""Stable angina"", 0.051032383083409946], [""Guillain-Barr\u00e9 syndrome"", 0.049504578688127056], [""Atrial fibrillation"", 0.04728582466706163], [""SLE"", 0.03982657328679006], [""Acute dystonic reactions"", 0.03486163818787226], [""Myasthenia gravis"", 0.03486163818787226], [""Anemia"", 0.03486163818787226], [""Chagas"", 0.02917969861923124], [""Sarcoidosis"", 0.028548804404594594], [""Scombroid food poisoning"", 0.02205197534666464]]"
med_test_00136_c0,"You are a diagnostic reasoning assistant. Based on the patient vignette below, pick the single most likely pathology from the candidate list. You MUST commit to one diagnosis — do not hedge or list alternatives.

{""patient"": {""age"": 31, ""sex"": ""female""}, ""findings"": [{""finding"": ""Do you have a known severe food allergy?"", ""value"": ""yes""}, {""finding"": ""Have you been in contact with or ate something that you have an allergy to?"", ""value"": ""yes""}, {""finding"": ""Have you had diarrhea or an increase in stool frequency?"", ""value"": ""yes""}, {""finding"": ""Do you have pain somewhere, related to your reason for consulting?"", ""value"": ""yes""}, {""finding"": ""Characterize your pain:"", ""value"": ""sharp""}, {""finding"": ""Do you feel pain somewhere?"", ""value"": ""flank(R)""}, {""finding"": ""Do you feel pain somewhere?"", ""value"": ""iliac fossa(R)""}, {""finding"": ""Do you feel pain somewhere?"", ""value"": ""iliac fossa(L)""}, {""finding"": ""Do you feel pain somewhere?"", ""value"": ""hypochondrium(R)""}, {""finding"": ""Do you feel pain somewhere?"", ""value"": ""epigastric""}, {""finding"": ""How intense is the pain?"", ""value"": ""5""}, {""finding"": ""Does the pain radiate to another location?"", ""value"": ""nowhere""}, {""finding"": ""How precisely is the pain located?"", ""value"": ""4""}, {""finding"": ""How fast did the pain appear?"", ""value"": ""6""}, {""finding"": ""Are you experiencing shortness of breath or difficulty breathing in a significant way?"", ""value"": ""yes""}, {""finding"": ""Do you feel lightheaded and dizzy or do you feel like you are about to faint?"", ""value"": ""yes""}, {""finding"": ""Do you have any lesions, redness or problems on your skin that you believe are related to the condition you are consulting for?"", ""value"": ""yes""}, {""finding"": ""What color is the rash?"", ""value"": ""pink""}, {""finding"": ""Do your lesions peel off?"", ""value"": ""N""}, {""finding"": ""Is the rash swollen?"", ""value"": ""3""}, {""finding"": ""Where is the affected region located?"", ""value"": ""back of the neck""}, {""finding"": ""Where is the affected region located?"", ""value"": ""biceps(R)""}, {""finding"": ""Where is the affected region located?"", ""value"": ""biceps(L)""}, {""finding"": ""Where is the affected region located?"", ""value"": ""mouth""}, {""finding"": ""Where is the affected region located?"", ""value"": ""thyroid cartilage""}, {""finding"": ""How intense is the pain caused by the rash?"", ""value"": ""0""}, {""finding"": ""Is the lesion (or are the lesions) larger than 1cm?"", ""value"": ""Y""}, {""finding"": ""How severe is the itching?"", ""value"": ""7""}, {""finding"": ""Are you feeling nauseous or do you feel like vomiting?"", ""value"": ""yes""}, {""finding"": ""Do you have swelling in one or more areas of your body?"", ""value"": ""yes""}, {""finding"": ""Where is the swelling located?"", ""value"": ""forehead""}, {""finding"": ""Where is the swelling located?"", ""value"": ""cheek(R)""}, {""finding"": ""Where is the swelling located?"", ""value"": ""cheek(L)""}, {""finding"": ""Where is the swelling located?"", ""value"": ""nose""}, {""finding"": ""Have you noticed a high pitched sound when breathing in?"", ""value"": ""yes""}, {""finding"": ""Have you traveled out of the country in the last 4 weeks?"", ""value"": ""N""}]}

Candidate pathologies:
- Pericarditis
- Atrial fibrillation
- Anemia
- Stable angina
- Anaphylaxis
- Unstable angina
- Pulmonary embolism
- Panic attack
- Chagas
- Myasthenia gravis
- HIV (initial infection)
- Boerhaave
- Possible NSTEMI / STEMI
- GERD
- Inguinal hernia
- Acute dystonic reactions
- Epiglottitis
- PSVT
- Guillain-Barré syndrome
- Pancreatic neoplasm
- Larygospasm
- Acute pulmonary edema","There are 22 candidate pathologies. Estimate the probability (0 to 1) that your chosen pathology is the correct diagnosis for this patient, given only the symptoms and candidates provided. A uniform prior would assign 0.05 to each candidate. Respond with ONLY valid JSON: {""Answer"": ""<pathology>"", ""Confidence"": ""0.XX""}",31,F,Anaphylaxis,"[[""Anaphylaxis"", 0.07735227022699137], [""Panic attack"", 0.06526348217299033], [""Unstable angina"", 0.05931658257272386], [""Acute pulmonary edema"", 0.05627916863549759], [""Boerhaave"", 0.054534310387054655], [""GERD"", 0.052106225503611645], [""Possible NSTEMI / STEMI"", 0.05141781494413203], [""Epiglottitis"", 0.047872041403791886], [""Anemia"", 0.047872041403791886], [""Stable angina"", 0.04667804253479276], [""Inguinal hernia"", 0.04582984394386734], [""Pancreatic neoplasm"", 0.0446635566095958], [""Larygospasm"", 0.04371159587782792], [""HIV (initial infection)"", 0.043029519521780524], [""Pericarditis"", 0.04108383801240629], [""PSVT"", 0.03977536305632268], [""Guillain-Barr\u00e9 syndrome"", 0.03742596181259422], [""Chagas"", 0.03710507222910468], [""Atrial fibrillation"", 0.03574856134854684], [""Acute dystonic reactions"", 0.02635575080364645], [""Myasthenia gravis"", 0.02635575080364645], [""Pulmonary embolism"", 0.02022320619528288]]"
med_test_00137_c0,"You are a diagnostic reasoning assistant. Based on the patient vignette below, pick the single most likely pathology from the candidate list. You MUST commit to one diagnosis — do not hedge or list alternatives.

{""patient"": {""age"": 29, ""sex"": ""male""}, ""findings"": [{""finding"": ""Do you have metastatic cancer?"", ""value"": ""yes""}, {""finding"": ""Do you have pain somewhere, related to your reason for consulting?"", ""value"": ""yes""}, {""finding"": ""Characterize your pain:"", ""value"": ""heartbreaking""}, {""finding"": ""Characterize your pain:"", ""value"": ""haunting""}, {""finding"": ""Characterize your pain:"", ""value"": ""sharp""}, {""finding"": ""Do you feel pain somewhere?"", ""value"": ""lower chest""}, {""finding"": ""Do you feel pain somewhere?"", ""value"": ""side of the chest(L)""}, {""finding"": ""Do you feel pain somewhere?"", ""value"": ""breast(R)""}, {""finding"": ""Do you feel pain somewhere?"", ""value"": ""breast(L)""}, {""finding"": ""Do you feel pain somewhere?"", ""value"": ""posterior chest wall(L)""}, {""finding"": ""How intense is the pain?"", ""value"": ""6""}, {""finding"": ""Does the pain radiate to another location?"", ""value"": ""nowhere""}, {""finding"": ""How precisely is the pain located?"", ""value"": ""10""}, {""finding"": ""How fast did the pain appear?"", ""value"": ""8""}, {""finding"": ""Are you experiencing shortness of breath or difficulty breathing in a significant way?"", ""value"": ""yes""}, {""finding"": ""Do you drink alcohol excessively or do you have an addiction to alcohol?"", ""value"": ""yes""}, {""finding"": ""Do you have a cough?"", ""value"": ""yes""}, {""finding"": ""Have you traveled out of the country in the last 4 weeks?"", ""value"": ""N""}, {""finding"": ""Do you have pain that is increased with movement?"", ""value"": ""yes""}, {""finding"": ""Do you have pain that is increased when you breathe in deeply?"", ""value"": ""yes""}]}

Candidate pathologies:
- PSVT
- Pulmonary embolism
- Atrial fibrillation
- Bronchitis
- Myocarditis
- Spontaneous pneumothorax
- Possible NSTEMI / STEMI
- Myasthenia gravis
- GERD
- Scombroid food poisoning
- Guillain-Barré syndrome
- Acute dystonic reactions
- Pericarditis
- Sarcoidosis
- Tuberculosis
- Bronchiectasis
- Spontaneous rib fracture
- Stable angina
- Anemia
- Bronchospasm / acute asthma exacerbation
- Pneumonia
- Panic attack","There are 22 candidate pathologies. Estimate the probability (0 to 1) that your chosen pathology is the correct diagnosis for this patient, given only the symptoms and candidates provided. A uniform prior would assign 0.05 to each candidate. Respond with ONLY valid JSON: {""Answer"": ""<pathology>"", ""Confidence"": ""0.XX""}",29,M,Spontaneous rib fracture,"[[""Pulmonary embolism"", 0.07539174989684991], [""Bronchitis"", 0.07487725426373855], [""Spontaneous pneumothorax"", 0.07377731965248688], [""Spontaneous rib fracture"", 0.07243497817127119], [""Possible NSTEMI / STEMI"", 0.07041119715647626], [""Pneumonia"", 0.06103533374991645], [""Tuberculosis"", 0.053537135500540955], [""Panic attack"", 0.05336644480868526], [""Pericarditis"", 0.0522517300863623], [""Guillain-Barr\u00e9 syndrome"", 0.047696247224536005], [""Bronchospasm / acute asthma exacerbation"", 0.04628571339608163], [""Atrial fibrillation"", 0.04555854111484739], [""Bronchiectasis"", 0.03599539347304553], [""Acute dystonic reactions"", 0.03358819240006725], [""Myasthenia gravis"", 0.03358819240006725], [""Anemia"", 0.03358819240006725], [""GERD"", 0.030527904267402022], [""Sarcoidosis"", 0.02750595740698714], [""Myocarditis"", 0.027096060046795392], [""Scombroid food poisoning"", 0.021246448223508414], [""PSVT"", 0.017941627872033586], [""Stable angina"", 0.012298386488233287]]"
med_test_00138_c0,"You are a diagnostic reasoning assistant. Based on the patient vignette below, pick the single most likely pathology from the candidate list. You MUST commit to one diagnosis — do not hedge or list alternatives.

{""patient"": {""age"": 64, ""sex"": ""female""}, ""findings"": [{""finding"": ""Do you have pain or weakness in your jaw?"", ""value"": ""yes""}, {""finding"": ""Do you have difficulty articulating words/speaking?"", ""value"": ""yes""}, {""finding"": ""Do you have difficulty swallowing, or have a feeling of discomfort/blockage when swallowing?"", ""value"": ""yes""}, {""finding"": ""Are you experiencing shortness of breath or difficulty breathing in a significant way?"", ""value"": ""yes""}, {""finding"": ""Do you feel weakness in both arms and/or both legs?"", ""value"": ""yes""}, {""finding"": ""Do your symptoms of muscle weakness increase with fatigue and/or stress?"", ""value"": ""yes""}, {""finding"": ""Do you have a hard time opening/raising one or both eyelids?"", ""value"": ""yes""}, {""finding"": ""Did you previously, or do you currently, have any weakness/paralysis in one or more of your limbs or in your face?"", ""value"": ""yes""}, {""finding"": ""Have you traveled out of the country in the last 4 weeks?"", ""value"": ""N""}]}

Candidate pathologies:
- Acute pulmonary edema
- SLE
- Scombroid food poisoning
- Anaphylaxis
- PSVT
- Myocarditis
- Myasthenia gravis
- Chagas
- Pulmonary embolism
- Atrial fibrillation
- Acute dystonic reactions
- Anemia
- Guillain-Barré syndrome","There are 13 candidate pathologies. Estimate the probability (0 to 1) that your chosen pathology is the correct diagnosis for this patient, given only the symptoms and candidates provided. A uniform prior would assign 0.08 to each candidate. Respond with ONLY valid JSON: {""Answer"": ""<pathology>"", ""Confidence"": ""0.XX""}",64,F,Myasthenia gravis,"[[""Myasthenia gravis"", 0.15821759941022295], [""Guillain-Barr\u00e9 syndrome"", 0.13145923059525738], [""Acute pulmonary edema"", 0.12122132422190106], [""Pulmonary embolism"", 0.0919038547515011], [""Myocarditis"", 0.08843666791224312], [""Acute dystonic reactions"", 0.08608672028882419], [""Atrial fibrillation"", 0.07516153377091553], [""Anemia"", 0.05541310137692102], [""Anaphylaxis"", 0.05541310137692102], [""Chagas"", 0.04638157246144465], [""Scombroid food poisoning"", 0.03505194847301214], [""PSVT"", 0.02959972457874804], [""SLE"", 0.025653620782087858]]"
med_test_00139_c0,"You are a diagnostic reasoning assistant. Based on the patient vignette below, pick the single most likely pathology from the candidate list. You MUST commit to one diagnosis — do not hedge or list alternatives.

{""patient"": {""age"": 42, ""sex"": ""male""}, ""findings"": [{""finding"": ""Do you have pain somewhere, related to your reason for consulting?"", ""value"": ""yes""}, {""finding"": ""Characterize your pain:"", ""value"": ""a knife stroke""}, {""finding"": ""Characterize your pain:"", ""value"": ""sharp""}, {""finding"": ""Do you feel pain somewhere?"", ""value"": ""lower chest""}, {""finding"": ""Do you feel pain somewhere?"", ""value"": ""upper chest""}, {""finding"": ""Do you feel pain somewhere?"", ""value"": ""breast(R)""}, {""finding"": ""Do you feel pain somewhere?"", ""value"": ""epigastric""}, {""finding"": ""How intense is the pain?"", ""value"": ""10""}, {""finding"": ""Does the pain radiate to another location?"", ""value"": ""thoracic spine""}, {""finding"": ""Does the pain radiate to another location?"", ""value"": ""posterior chest wall(R)""}, {""finding"": ""Does the pain radiate to another location?"", ""value"": ""posterior chest wall(L)""}, {""finding"": ""How precisely is the pain located?"", ""value"": ""6""}, {""finding"": ""How fast did the pain appear?"", ""value"": ""7""}, {""finding"": ""Are you experiencing shortness of breath or difficulty breathing in a significant way?"", ""value"": ""yes""}, {""finding"": ""Have you traveled out of the country in the last 4 weeks?"", ""value"": ""North America""}, {""finding"": ""Are your symptoms worse when lying down and alleviated while sitting up?"", ""value"": ""yes""}, {""finding"": ""Do you have pain that is increased when you breathe in deeply?"", ""value"": ""yes""}]}

Candidate pathologies:
- Panic attack
- Unstable angina
- Pancreatic neoplasm
- Spontaneous pneumothorax
- Guillain-Barré syndrome
- GERD
- Acute dystonic reactions
- Boerhaave
- Pulmonary neoplasm
- Scombroid food poisoning
- Pericarditis
- Stable angina
- Anemia
- Sarcoidosis
- Pulmonary embolism
- Possible NSTEMI / STEMI
- Acute pulmonary edema
- Myasthenia gravis
- Myocarditis","There are 19 candidate pathologies. Estimate the probability (0 to 1) that your chosen pathology is the correct diagnosis for this patient, given only the symptoms and candidates provided. A uniform prior would assign 0.05 to each candidate. Respond with ONLY valid JSON: {""Answer"": ""<pathology>"", ""Confidence"": ""0.XX""}",42,M,Pericarditis,"[[""Pericarditis"", 0.10308361632713166], [""Spontaneous pneumothorax"", 0.0952198618239564], [""Pulmonary embolism"", 0.09422345420084897], [""Possible NSTEMI / STEMI"", 0.08799883567601596], [""GERD"", 0.0829650142713315], [""Acute pulmonary edema"", 0.0724845630594758], [""Myocarditis"", 0.06362999522725878], [""Guillain-Barr\u00e9 syndrome"", 0.05961003918946329], [""Boerhaave"", 0.05644957234680188], [""Acute dystonic reactions"", 0.04197800837130158], [""Myasthenia gravis"", 0.04197800837130158], [""Anemia"", 0.04197800837130158], [""Sarcoidosis"", 0.03437652424215776], [""Pancreatic neoplasm"", 0.032033486829593796], [""Unstable angina"", 0.031140452828590362], [""Scombroid food poisoning"", 0.026553485545267867], [""Stable angina"", 0.015370335051299916], [""Pulmonary neoplasm"", 0.009527026937388971], [""Panic attack"", 0.009399711329512598]]"
med_test_00140_c0,"You are a diagnostic reasoning assistant. Based on the patient vignette below, pick the single most likely pathology from the candidate list. You MUST commit to one diagnosis — do not hedge or list alternatives.

{""patient"": {""age"": 45, ""sex"": ""male""}, ""findings"": [{""finding"": ""Do you have pain somewhere, related to your reason for consulting?"", ""value"": ""yes""}, {""finding"": ""Characterize your pain:"", ""value"": ""burning""}, {""finding"": ""Do you feel pain somewhere?"", ""value"": ""upper chest""}, {""finding"": ""Do you feel pain somewhere?"", ""value"": ""pharynx""}, {""finding"": ""Do you feel pain somewhere?"", ""value"": ""posterior chest wall(R)""}, {""finding"": ""How intense is the pain?"", ""value"": ""5""}, {""finding"": ""Does the pain radiate to another location?"", ""value"": ""nowhere""}, {""finding"": ""How precisely is the pain located?"", ""value"": ""5""}, {""finding"": ""How fast did the pain appear?"", ""value"": ""5""}, {""finding"": ""Do you have a cough that produces colored or more abundant sputum than usual?"", ""value"": ""yes""}, {""finding"": ""Do you smoke cigarettes?"", ""value"": ""yes""}, {""finding"": ""Do you have a fever (either felt or measured with a thermometer)?"", ""value"": ""yes""}, {""finding"": ""Do you have a chronic obstructive pulmonary disease (COPD)?"", ""value"": ""yes""}, {""finding"": ""Do you have nasal congestion or a clear runny nose?"", ""value"": ""yes""}, {""finding"": ""Do you have a cough?"", ""value"": ""yes""}, {""finding"": ""Have you traveled out of the country in the last 4 weeks?"", ""value"": ""N""}, {""finding"": ""Have you noticed a wheezing sound when you exhale?"", ""value"": ""yes""}]}

Candidate pathologies:
- Bronchospasm / acute asthma exacerbation
- Bronchiectasis
- URTI
- Influenza
- Stable angina
- Possible NSTEMI / STEMI
- Unstable angina
- Scombroid food poisoning
- Bronchitis
- GERD
- Tuberculosis
- Acute laryngitis
- Acute COPD exacerbation / infection
- Pericarditis
- Pneumonia
- Boerhaave
- Viral pharyngitis","There are 17 candidate pathologies. Estimate the probability (0 to 1) that your chosen pathology is the correct diagnosis for this patient, given only the symptoms and candidates provided. A uniform prior would assign 0.06 to each candidate. Respond with ONLY valid JSON: {""Answer"": ""<pathology>"", ""Confidence"": ""0.XX""}",45,M,Bronchitis,"[[""Acute COPD exacerbation / infection"", 0.09647854578646413], [""Bronchitis"", 0.09577201499584172], [""Viral pharyngitis"", 0.08384915002716926], [""Pneumonia"", 0.07834759706630703], [""Influenza"", 0.0760853506495483], [""URTI"", 0.07316804825821946], [""GERD"", 0.07304180050258341], [""Bronchospasm / acute asthma exacerbation"", 0.06684647210317794], [""Acute laryngitis"", 0.05571907464569709], [""Tuberculosis"", 0.05328505764437599], [""Possible NSTEMI / STEMI"", 0.052917758137961096], [""Unstable angina"", 0.049648701502490164], [""Bronchiectasis"", 0.04543169616399633], [""Pericarditis"", 0.030117641277255993], [""Boerhaave"", 0.027665193471648072], [""Stable angina"", 0.025598381064162918], [""Scombroid food poisoning"", 0.016027516703101142]]"
med_test_00141_c0,"You are a diagnostic reasoning assistant. Based on the patient vignette below, pick the single most likely pathology from the candidate list. You MUST commit to one diagnosis — do not hedge or list alternatives.

{""patient"": {""age"": 6, ""sex"": ""male""}, ""findings"": [{""finding"": ""Are you infected with the human immunodeficiency virus (HIV)?"", ""value"": ""yes""}, {""finding"": ""Do you take corticosteroids?"", ""value"": ""yes""}, {""finding"": ""Have you been coughing up blood?"", ""value"": ""yes""}, {""finding"": ""Are you experiencing shortness of breath or difficulty breathing in a significant way?"", ""value"": ""yes""}, {""finding"": ""Do you have diabetes?"", ""value"": ""yes""}, {""finding"": ""Do you drink alcohol excessively or do you have an addiction to alcohol?"", ""value"": ""yes""}, {""finding"": ""Do you have a fever (either felt or measured with a thermometer)?"", ""value"": ""yes""}, {""finding"": ""Have you had an involuntary weight loss over the last 3 months?"", ""value"": ""yes""}, {""finding"": ""Do you have a cough?"", ""value"": ""yes""}, {""finding"": ""Have you traveled out of the country in the last 4 weeks?"", ""value"": ""N""}, {""finding"": ""Is your BMI less than 18.5, or are you underweight?"", ""value"": ""yes""}]}

Candidate pathologies:
- Myasthenia gravis
- Tuberculosis
- Guillain-Barré syndrome
- Bronchitis
- Atrial fibrillation
- Pneumonia
- Myocarditis
- Croup
- Bronchospasm / acute asthma exacerbation
- Acute dystonic reactions","There are 10 candidate pathologies. Estimate the probability (0 to 1) that your chosen pathology is the correct diagnosis for this patient, given only the symptoms and candidates provided. A uniform prior would assign 0.10 to each candidate. Respond with ONLY valid JSON: {""Answer"": ""<pathology>"", ""Confidence"": ""0.XX""}",6,M,Tuberculosis,"[[""Pneumonia"", 0.16834865070201974], [""Tuberculosis"", 0.16672510580074354], [""Bronchitis"", 0.1548244809011202], [""Bronchospasm / acute asthma exacerbation"", 0.09088440175092138], [""Atrial fibrillation"", 0.08945656121653693], [""Guillain-Barr\u00e9 syndrome"", 0.06595215992573167], [""Acute dystonic reactions"", 0.06595215992573167], [""Myocarditis"", 0.06595215992573167], [""Myasthenia gravis"", 0.06595215992573167], [""Croup"", 0.06595215992573167]]"
med_test_00142_c0,"You are a diagnostic reasoning assistant. Based on the patient vignette below, pick the single most likely pathology from the candidate list. You MUST commit to one diagnosis — do not hedge or list alternatives.

{""patient"": {""age"": 41, ""sex"": ""male""}, ""findings"": [{""finding"": ""Have you had significantly increased sweating?"", ""value"": ""yes""}, {""finding"": ""Do you have pain somewhere, related to your reason for consulting?"", ""value"": ""yes""}, {""finding"": ""Characterize your pain:"", ""value"": ""sensitive""}, {""finding"": ""Do you feel pain somewhere?"", ""value"": ""back of head""}, {""finding"": ""Do you feel pain somewhere?"", ""value"": ""back of the neck""}, {""finding"": ""Do you feel pain somewhere?"", ""value"": ""side of the neck(L)""}, {""finding"": ""Do you feel pain somewhere?"", ""value"": ""top of the head""}, {""finding"": ""Do you feel pain somewhere?"", ""value"": ""occiput""}, {""finding"": ""How intense is the pain?"", ""value"": ""6""}, {""finding"": ""Does the pain radiate to another location?"", ""value"": ""nowhere""}, {""finding"": ""How precisely is the pain located?"", ""value"": ""6""}, {""finding"": ""How fast did the pain appear?"", ""value"": ""6""}, {""finding"": ""Do you smoke cigarettes?"", ""value"": ""yes""}, {""finding"": ""Do you feel so tired that you are unable to do your usual activities or are you stuck in your bed all day long?"", ""value"": ""yes""}, {""finding"": ""Do you have a fever (either felt or measured with a thermometer)?"", ""value"": ""yes""}, {""finding"": ""Have you had chills or shivers?"", ""value"": ""yes""}, {""finding"": ""Do you have a sore throat?"", ""value"": ""yes""}, {""finding"": ""Do you have any lesions, redness or problems on your skin that you believe are related to the condition you are consulting for?"", ""value"": ""yes""}, {""finding"": ""What color is the rash?"", ""value"": ""pink""}, {""finding"": ""Do your lesions peel off?"", ""value"": ""N""}, {""finding"": ""Is the rash swollen?"", ""value"": ""2""}, {""finding"": ""Where is the affected region located?"", ""value"": ""side of the neck(R)""}, {""finding"": ""How intense is the pain caused by the rash?"", ""value"": ""3""}, {""finding"": ""Is the lesion (or are the lesions) larger than 1cm?"", ""value"": ""Y""}, {""finding"": ""How severe is the itching?"", ""value"": ""4""}, {""finding"": ""Do you have diffuse (widespread) muscle pain?"", ""value"": ""yes""}, {""finding"": ""Have you recently had a loss of appetite or do you get full more quickly then usually?"", ""value"": ""yes""}, {""finding"": ""Do you have nasal congestion or a clear runny nose?"", ""value"": ""yes""}, {""finding"": ""Do you have a cough?"", ""value"": ""yes""}, {""finding"": ""Have you traveled out of the country in the last 4 weeks?"", ""value"": ""N""}, {""finding"": ""Are you immunosuppressed?"", ""value"": ""yes""}]}

Candidate pathologies:
- HIV (initial infection)
- Pneumonia
- Tuberculosis
- Influenza
- Bronchitis
- URTI
- Anemia
- Scombroid food poisoning
- Anaphylaxis
- Chagas","There are 10 candidate pathologies. Estimate the probability (0 to 1) that your chosen pathology is the correct diagnosis for this patient, given only the symptoms and candidates provided. A uniform prior would assign 0.10 to each candidate. Respond with ONLY valid JSON: {""Answer"": ""<pathology>"", ""Confidence"": ""0.XX""}",41,M,Influenza,"[[""Influenza"", 0.17432492672627262], [""URTI"", 0.16583977522281912], [""HIV (initial infection)"", 0.14772364325905996], [""Pneumonia"", 0.1178184765830231], [""Bronchitis"", 0.1160739372367552], [""Chagas"", 0.09980310091323034], [""Tuberculosis"", 0.08885146495584034], [""Scombroid food poisoning"", 0.06414199153723929], [""Anemia"", 0.020529651518030788], [""Anaphylaxis"", 0.0048930320477292046]]"
med_test_00143_c0,"You are a diagnostic reasoning assistant. Based on the patient vignette below, pick the single most likely pathology from the candidate list. You MUST commit to one diagnosis — do not hedge or list alternatives.

{""patient"": {""age"": 3, ""sex"": ""female""}, ""findings"": [{""finding"": ""Have you been coughing up blood?"", ""value"": ""yes""}, {""finding"": ""Are you experiencing shortness of breath or difficulty breathing in a significant way?"", ""value"": ""yes""}, {""finding"": ""Do you have diabetes?"", ""value"": ""yes""}, {""finding"": ""Have you had an involuntary weight loss over the last 3 months?"", ""value"": ""yes""}, {""finding"": ""Do you have a cough?"", ""value"": ""yes""}, {""finding"": ""Have you traveled out of the country in the last 4 weeks?"", ""value"": ""N""}, {""finding"": ""Is your BMI less than 18.5, or are you underweight?"", ""value"": ""yes""}]}

Candidate pathologies:
- Pulmonary embolism
- Myocarditis
- Acute dystonic reactions
- Guillain-Barré syndrome
- Anemia
- Atrial fibrillation
- Myasthenia gravis
- Pneumonia
- Bronchitis
- Bronchospasm / acute asthma exacerbation
- Tuberculosis","There are 11 candidate pathologies. Estimate the probability (0 to 1) that your chosen pathology is the correct diagnosis for this patient, given only the symptoms and candidates provided. A uniform prior would assign 0.09 to each candidate. Respond with ONLY valid JSON: {""Answer"": ""<pathology>"", ""Confidence"": ""0.XX""}",3,F,Tuberculosis,"[[""Bronchitis"", 0.14198053440938582], [""Tuberculosis"", 0.1365003348205144], [""Pneumonia"", 0.12134042911556164], [""Guillain-Barr\u00e9 syndrome"", 0.08787519195206218], [""Bronchospasm / acute asthma exacerbation"", 0.08527643548498018], [""Atrial fibrillation"", 0.08393669897500154], [""Myocarditis"", 0.08289332710085612], [""Pulmonary embolism"", 0.07454918109349327], [""Acute dystonic reactions"", 0.06188262234938169], [""Myasthenia gravis"", 0.06188262234938169], [""Anemia"", 0.06188262234938169]]"
med_test_00144_c0,"You are a diagnostic reasoning assistant. Based on the patient vignette below, pick the single most likely pathology from the candidate list. You MUST commit to one diagnosis — do not hedge or list alternatives.

{""patient"": {""age"": 35, ""sex"": ""male""}, ""findings"": [{""finding"": ""Do you have pain somewhere, related to your reason for consulting?"", ""value"": ""yes""}, {""finding"": ""Characterize your pain:"", ""value"": ""a knife stroke""}, {""finding"": ""Characterize your pain:"", ""value"": ""sharp""}, {""finding"": ""Do you feel pain somewhere?"", ""value"": ""lower chest""}, {""finding"": ""Do you feel pain somewhere?"", ""value"": ""breast(R)""}, {""finding"": ""How intense is the pain?"", ""value"": ""7""}, {""finding"": ""Does the pain radiate to another location?"", ""value"": ""thoracic spine""}, {""finding"": ""Does the pain radiate to another location?"", ""value"": ""posterior chest wall(R)""}, {""finding"": ""Does the pain radiate to another location?"", ""value"": ""posterior chest wall(L)""}, {""finding"": ""How precisely is the pain located?"", ""value"": ""8""}, {""finding"": ""How fast did the pain appear?"", ""value"": ""4""}, {""finding"": ""Are you experiencing shortness of breath or difficulty breathing in a significant way?"", ""value"": ""yes""}, {""finding"": ""Have you traveled out of the country in the last 4 weeks?"", ""value"": ""N""}, {""finding"": ""Are your symptoms worse when lying down and alleviated while sitting up?"", ""value"": ""yes""}]}

Candidate pathologies:
- Scombroid food poisoning
- Anemia
- Pericarditis
- Acute dystonic reactions
- Stable angina
- Possible NSTEMI / STEMI
- Guillain-Barré syndrome
- GERD
- Sarcoidosis
- Myasthenia gravis
- Myocarditis","There are 11 candidate pathologies. Estimate the probability (0 to 1) that your chosen pathology is the correct diagnosis for this patient, given only the symptoms and candidates provided. A uniform prior would assign 0.09 to each candidate. Respond with ONLY valid JSON: {""Answer"": ""<pathology>"", ""Confidence"": ""0.XX""}",35,M,Pericarditis,"[[""Possible NSTEMI / STEMI"", 0.15572590258753427], [""GERD"", 0.13717078460625473], [""Pericarditis"", 0.13113210818524332], [""Myocarditis"", 0.11260192663101358], [""Guillain-Barr\u00e9 syndrome"", 0.1054880679357385], [""Acute dystonic reactions"", 0.07428579244520256], [""Myasthenia gravis"", 0.07428579244520256], [""Anemia"", 0.07428579244520256], [""Sarcoidosis"", 0.06083393290726587], [""Scombroid food poisoning"", 0.046990002442826556], [""Stable angina"", 0.0271998973685155]]"
med_test_00145_c0,"You are a diagnostic reasoning assistant. Based on the patient vignette below, pick the single most likely pathology from the candidate list. You MUST commit to one diagnosis — do not hedge or list alternatives.

{""patient"": {""age"": 37, ""sex"": ""male""}, ""findings"": [{""finding"": ""Are you experiencing shortness of breath or difficulty breathing in a significant way?"", ""value"": ""yes""}, {""finding"": ""Do you have any family members who have asthma?"", ""value"": ""yes""}, {""finding"": ""Have you had a cold in the last 2 weeks?"", ""value"": ""yes""}, {""finding"": ""Have you been diagnosed with chronic sinusitis?"", ""value"": ""yes""}, {""finding"": ""Do you have asthma or have you ever had to use a bronchodilator in the past?"", ""value"": ""yes""}, {""finding"": ""Do you have a cough?"", ""value"": ""yes""}, {""finding"": ""Have you traveled out of the country in the last 4 weeks?"", ""value"": ""N""}, {""finding"": ""Have you noticed a wheezing sound when you exhale?"", ""value"": ""yes""}, {""finding"": ""Are you more likely to develop common allergies than the general population?"", ""value"": ""yes""}]}

Candidate pathologies:
- Acute dystonic reactions
- Bronchospasm / acute asthma exacerbation
- Scombroid food poisoning
- Bronchiectasis
- Pulmonary neoplasm
- Myocarditis
- Acute pulmonary edema
- Acute COPD exacerbation / infection
- Possible NSTEMI / STEMI
- Anaphylaxis
- Guillain-Barré syndrome
- Bronchitis
- SLE
- Chagas
- Tuberculosis
- Pneumonia
- Atrial fibrillation
- PSVT
- Myasthenia gravis
- Pulmonary embolism
- Anemia","There are 21 candidate pathologies. Estimate the probability (0 to 1) that your chosen pathology is the correct diagnosis for this patient, given only the symptoms and candidates provided. A uniform prior would assign 0.05 to each candidate. Respond with ONLY valid JSON: {""Answer"": ""<pathology>"", ""Confidence"": ""0.XX""}",37,M,Bronchospasm / acute asthma exacerbation,"[[""Bronchospasm / acute asthma exacerbation"", 0.09678286055214982], [""Bronchitis"", 0.08389779356044244], [""Pulmonary neoplasm"", 0.07815539688794135], [""Acute COPD exacerbation / infection"", 0.07332722880749283], [""Pneumonia"", 0.06174147916925271], [""Pulmonary embolism"", 0.058887797864885474], [""Tuberculosis"", 0.056594280421782404], [""Acute pulmonary edema"", 0.05516044345393916], [""Anaphylaxis"", 0.05516044345393916], [""Guillain-Barr\u00e9 syndrome"", 0.05041985838903869], [""Atrial fibrillation"", 0.04816008229343768], [""Myocarditis"", 0.0475614302623819], [""Bronchiectasis"", 0.038050847753805406], [""Acute dystonic reactions"", 0.0355061876541934], [""Myasthenia gravis"", 0.0355061876541934], [""Anemia"", 0.0355061876541934], [""Scombroid food poisoning"", 0.03280470330779679], [""PSVT"", 0.018966153297515814], [""SLE"", 0.016437669988954847], [""Possible NSTEMI / STEMI"", 0.01068648378633173], [""Chagas"", 0.01068648378633173]]"
med_test_00146_c0,"You are a diagnostic reasoning assistant. Based on the patient vignette below, pick the single most likely pathology from the candidate list. You MUST commit to one diagnosis — do not hedge or list alternatives.

{""patient"": {""age"": 34, ""sex"": ""female""}, ""findings"": [{""finding"": ""Have you had 2 or more asthma attacks in the past year?"", ""value"": ""yes""}, {""finding"": ""Are you experiencing shortness of breath or difficulty breathing in a significant way?"", ""value"": ""yes""}, {""finding"": ""Do you have any family members who have asthma?"", ""value"": ""yes""}, {""finding"": ""Have you been hospitalized for an asthma attack in the past year?"", ""value"": ""yes""}, {""finding"": ""Have you had a cold in the last 2 weeks?"", ""value"": ""yes""}, {""finding"": ""Have you been diagnosed with chronic sinusitis?"", ""value"": ""yes""}, {""finding"": ""Do you have asthma or have you ever had to use a bronchodilator in the past?"", ""value"": ""yes""}, {""finding"": ""Do you have a cough?"", ""value"": ""yes""}, {""finding"": ""Have you traveled out of the country in the last 4 weeks?"", ""value"": ""N""}, {""finding"": ""Do you live in in a big city?"", ""value"": ""yes""}, {""finding"": ""Have you noticed a wheezing sound when you exhale?"", ""value"": ""yes""}, {""finding"": ""Are you exposed to secondhand cigarette smoke on a daily basis?"", ""value"": ""yes""}]}

Candidate pathologies:
- Bronchitis
- PSVT
- Myocarditis
- Acute dystonic reactions
- Pulmonary embolism
- Anaphylaxis
- Guillain-Barré syndrome
- Scombroid food poisoning
- Pulmonary neoplasm
- Atrial fibrillation
- Acute pulmonary edema
- Pneumonia
- Anemia
- Tuberculosis
- Acute COPD exacerbation / infection
- SLE
- Bronchiectasis
- Bronchospasm / acute asthma exacerbation
- Myasthenia gravis","There are 19 candidate pathologies. Estimate the probability (0 to 1) that your chosen pathology is the correct diagnosis for this patient, given only the symptoms and candidates provided. A uniform prior would assign 0.05 to each candidate. Respond with ONLY valid JSON: {""Answer"": ""<pathology>"", ""Confidence"": ""0.XX""}",34,F,Bronchospasm / acute asthma exacerbation,"[[""Bronchospasm / acute asthma exacerbation"", 0.09889657381739657], [""Bronchitis"", 0.0857301002122807], [""Pulmonary neoplasm"", 0.07986229104471873], [""Acute COPD exacerbation / infection"", 0.07492867699108588], [""Pneumonia"", 0.06308989750274147], [""Pulmonary embolism"", 0.06017389251840222], [""Tuberculosis"", 0.0578302852327805], [""Acute pulmonary edema"", 0.056365133627181756], [""Anaphylaxis"", 0.056365133627181756], [""Guillain-Barr\u00e9 syndrome"", 0.05152101538006757], [""Atrial fibrillation"", 0.04921188634446758], [""Myocarditis"", 0.04860015990403715], [""Bronchiectasis"", 0.03888186867209874], [""Acute dystonic reactions"", 0.03628163383768959], [""Myasthenia gravis"", 0.03628163383768959], [""Anemia"", 0.03628163383768959], [""Scombroid food poisoning"", 0.033521149754498075], [""PSVT"", 0.019380369302157058], [""SLE"", 0.016796664555835627]]"
med_test_00147_c0,"You are a diagnostic reasoning assistant. Based on the patient vignette below, pick the single most likely pathology from the candidate list. You MUST commit to one diagnosis — do not hedge or list alternatives.

{""patient"": {""age"": 66, ""sex"": ""female""}, ""findings"": [{""finding"": ""Do you have pain somewhere, related to your reason for consulting?"", ""value"": ""yes""}, {""finding"": ""Characterize your pain:"", ""value"": ""sharp""}, {""finding"": ""Do you feel pain somewhere?"", ""value"": ""lower chest""}, {""finding"": ""Do you feel pain somewhere?"", ""value"": ""posterior chest wall(R)""}, {""finding"": ""Do you feel pain somewhere?"", ""value"": ""posterior chest wall(L)""}, {""finding"": ""How intense is the pain?"", ""value"": ""4""}, {""finding"": ""Does the pain radiate to another location?"", ""value"": ""nowhere""}, {""finding"": ""How precisely is the pain located?"", ""value"": ""3""}, {""finding"": ""How fast did the pain appear?"", ""value"": ""4""}, {""finding"": ""Are you experiencing shortness of breath or difficulty breathing in a significant way?"", ""value"": ""yes""}, {""finding"": ""Do you have a cough that produces colored or more abundant sputum than usual?"", ""value"": ""yes""}, {""finding"": ""Do you have a fever (either felt or measured with a thermometer)?"", ""value"": ""yes""}, {""finding"": ""Have you had chills or shivers?"", ""value"": ""yes""}, {""finding"": ""Do you have heart failure?"", ""value"": ""yes""}, {""finding"": ""Have you ever had a stroke?"", ""value"": ""yes""}, {""finding"": ""Have you ever had pneumonia?"", ""value"": ""yes""}, {""finding"": ""Do you have asthma or have you ever had to use a bronchodilator in the past?"", ""value"": ""yes""}, {""finding"": ""Do you have any lesions, redness or problems on your skin that you believe are related to the condition you are consulting for?"", ""value"": ""yes""}, {""finding"": ""What color is the rash?"", ""value"": ""pink""}, {""finding"": ""Do your lesions peel off?"", ""value"": ""Y""}, {""finding"": ""Is the rash swollen?"", ""value"": ""5""}, {""finding"": ""Where is the affected region located?"", ""value"": ""back of the neck""}, {""finding"": ""Where is the affected region located?"", ""value"": ""flank(L)""}, {""finding"": ""Where is the affected region located?"", ""value"": ""belly""}, {""finding"": ""How intense is the pain caused by the rash?"", ""value"": ""2""}, {""finding"": ""Is the lesion (or are the lesions) larger than 1cm?"", ""value"": ""N""}, {""finding"": ""How severe is the itching?"", ""value"": ""1""}, {""finding"": ""Do you have nasal congestion or a clear runny nose?"", ""value"": ""yes""}, {""finding"": ""Have you traveled out of the country in the last 4 weeks?"", ""value"": ""N""}, {""finding"": ""Are your vaccinations up to date?"", ""value"": ""yes""}, {""finding"": ""Are your symptoms more prominent at night?"", ""value"": ""yes""}, {""finding"": ""Do you have pain that is increased when you breathe in deeply?"", ""value"": ""yes""}]}

Candidate pathologies:
- Stable angina
- Tuberculosis
- Scombroid food poisoning
- Acute COPD exacerbation / infection
- Acute dystonic reactions
- Pulmonary neoplasm
- GERD
- Sarcoidosis
- Pericarditis
- Atrial fibrillation
- Myocarditis
- Bronchospasm / acute asthma exacerbation
- Pneumonia
- URTI
- PSVT
- Bronchitis
- Possible NSTEMI / STEMI
- Pulmonary embolism
- Panic attack
- Unstable angina
- Bronchiectasis
- Guillain-Barré syndrome","There are 22 candidate pathologies. Estimate the probability (0 to 1) that your chosen pathology is the correct diagnosis for this patient, given only the symptoms and candidates provided. A uniform prior would assign 0.05 to each candidate. Respond with ONLY valid JSON: {""Answer"": ""<pathology>"", ""Confidence"": ""0.XX""}",66,F,Pneumonia,"[[""Pneumonia"", 0.07481193586953784], [""Bronchitis"", 0.07439705430544527], [""Bronchiectasis"", 0.06824541159335672], [""Possible NSTEMI / STEMI"", 0.061664132108345225], [""Acute COPD exacerbation / infection"", 0.05793186366233972], [""URTI"", 0.05678874837060102], [""Unstable angina"", 0.056612062178177], [""Pericarditis"", 0.055992589360016165], [""Stable angina"", 0.05444203102053022], [""Panic attack"", 0.051591369220148085], [""Tuberculosis"", 0.047356850128165415], [""GERD"", 0.044323262561566476], [""Scombroid food poisoning"", 0.04184917963137054], [""Bronchospasm / acute asthma exacerbation"", 0.0402367513104594], [""Atrial fibrillation"", 0.03960461132399095], [""Pulmonary neoplasm"", 0.0393783664863199], [""Guillain-Barr\u00e9 syndrome"", 0.02919863701795681], [""Acute dystonic reactions"", 0.02919863701795681], [""Myocarditis"", 0.02904436726037263], [""Sarcoidosis"", 0.02783933288369083], [""PSVT"", 0.015596882187256867], [""Pulmonary embolism"", 0.0038959245023959463]]"
med_test_00148_c0,"You are a diagnostic reasoning assistant. Based on the patient vignette below, pick the single most likely pathology from the candidate list. You MUST commit to one diagnosis — do not hedge or list alternatives.

{""patient"": {""age"": 56, ""sex"": ""male""}, ""findings"": [{""finding"": ""Do you have pain somewhere, related to your reason for consulting?"", ""value"": ""yes""}, {""finding"": ""Characterize your pain:"", ""value"": ""sensitive""}, {""finding"": ""Characterize your pain:"", ""value"": ""burning""}, {""finding"": ""Do you feel pain somewhere?"", ""value"": ""lower chest""}, {""finding"": ""Do you feel pain somewhere?"", ""value"": ""pharynx""}, {""finding"": ""Do you feel pain somewhere?"", ""value"": ""breast(R)""}, {""finding"": ""Do you feel pain somewhere?"", ""value"": ""posterior chest wall(R)""}, {""finding"": ""Do you feel pain somewhere?"", ""value"": ""posterior chest wall(L)""}, {""finding"": ""How intense is the pain?"", ""value"": ""5""}, {""finding"": ""Does the pain radiate to another location?"", ""value"": ""nowhere""}, {""finding"": ""How precisely is the pain located?"", ""value"": ""2""}, {""finding"": ""How fast did the pain appear?"", ""value"": ""4""}, {""finding"": ""Are you experiencing shortness of breath or difficulty breathing in a significant way?"", ""value"": ""yes""}, {""finding"": ""Do you have a cough that produces colored or more abundant sputum than usual?"", ""value"": ""yes""}, {""finding"": ""Do you have a fever (either felt or measured with a thermometer)?"", ""value"": ""yes""}, {""finding"": ""Do you have a sore throat?"", ""value"": ""yes""}, {""finding"": ""Do you have a cough?"", ""value"": ""yes""}, {""finding"": ""Have you traveled out of the country in the last 4 weeks?"", ""value"": ""N""}, {""finding"": ""Are your symptoms more prominent at night?"", ""value"": ""yes""}]}

Candidate pathologies:
- Guillain-Barré syndrome
- Myocarditis
- Panic attack
- Boerhaave
- URTI
- PSVT
- Pneumonia
- Viral pharyngitis
- Possible NSTEMI / STEMI
- Influenza
- Unstable angina
- Tuberculosis
- Acute laryngitis
- Acute dystonic reactions
- Bronchiectasis
- Atrial fibrillation
- Pulmonary neoplasm
- Acute COPD exacerbation / infection
- Sarcoidosis
- GERD
- Pericarditis
- Stable angina
- Bronchitis
- Bronchospasm / acute asthma exacerbation","There are 24 candidate pathologies. Estimate the probability (0 to 1) that your chosen pathology is the correct diagnosis for this patient, given only the symptoms and candidates provided. A uniform prior would assign 0.04 to each candidate. Respond with ONLY valid JSON: {""Answer"": ""<pathology>"", ""Confidence"": ""0.XX""}",56,M,Bronchitis,"[[""Pneumonia"", 0.07487885712058039], [""Bronchitis"", 0.07433807097744882], [""Bronchiectasis"", 0.06485831870297111], [""Possible NSTEMI / STEMI"", 0.05817145202777058], [""Panic attack"", 0.05600459528579785], [""Acute COPD exacerbation / infection"", 0.05505664320493096], [""GERD"", 0.053877139000552236], [""Unstable angina"", 0.05206711618927251], [""URTI"", 0.047474660129752155], [""Tuberculosis"", 0.04500647892173283], [""Stable angina"", 0.043110048673429886], [""Acute laryngitis"", 0.04109953901755463], [""Bronchospasm / acute asthma exacerbation"", 0.03823975823628857], [""Atrial fibrillation"", 0.03763899203457584], [""Boerhaave"", 0.037315875426464716], [""Viral pharyngitis"", 0.036916085580204754], [""Pericarditis"", 0.031089518291064204], [""Guillain-Barr\u00e9 syndrome"", 0.02774947738152934], [""Acute dystonic reactions"", 0.02774947738152934], [""Myocarditis"", 0.027059871922553363], [""Pulmonary neoplasm"", 0.026960222054214247], [""Sarcoidosis"", 0.022724531699448366], [""PSVT"", 0.014822792214975386], [""Influenza"", 0.005790478525357649]]"
med_test_00149_c0,"You are a diagnostic reasoning assistant. Based on the patient vignette below, pick the single most likely pathology from the candidate list. You MUST commit to one diagnosis — do not hedge or list alternatives.

{""patient"": {""age"": 26, ""sex"": ""male""}, ""findings"": [{""finding"": ""Have you started or taken any antipsychotic medication within the last 7 days?"", ""value"": ""yes""}, {""finding"": ""Are you experiencing shortness of breath or difficulty breathing in a significant way?"", ""value"": ""yes""}, {""finding"": ""Have you ever felt like you were suffocating for a very short time associated with inability to breathe or speak?"", ""value"": ""yes""}, {""finding"": ""Do you have a hard time opening/raising one or both eyelids?"", ""value"": ""yes""}, {""finding"": ""Do you feel that muscle spasms or soreness in your neck are keeping you from turning your head to one side?"", ""value"": ""yes""}, {""finding"": ""Have you traveled out of the country in the last 4 weeks?"", ""value"": ""N""}, {""finding"": ""Do you suddenly have difficulty or an inability to open your mouth or have jaw pain when opening it?"", ""value"": ""yes""}]}

Candidate pathologies:
- Atrial fibrillation
- Pulmonary embolism
- PSVT
- Myasthenia gravis
- SLE
- Anemia
- Myocarditis
- Scombroid food poisoning
- Anaphylaxis
- Guillain-Barré syndrome
- Acute pulmonary edema
- Possible NSTEMI / STEMI
- Chagas
- Acute dystonic reactions","There are 14 candidate pathologies. Estimate the probability (0 to 1) that your chosen pathology is the correct diagnosis for this patient, given only the symptoms and candidates provided. A uniform prior would assign 0.07 to each candidate. Respond with ONLY valid JSON: {""Answer"": ""<pathology>"", ""Confidence"": ""0.XX""}",26,M,Acute dystonic reactions,"[[""Acute dystonic reactions"", 0.15406867338745636], [""Pulmonary embolism"", 0.1122209481562451], [""Acute pulmonary edema"", 0.10511782558626052], [""Guillain-Barr\u00e9 syndrome"", 0.0960838156540316], [""Atrial fibrillation"", 0.09177741899353802], [""Myocarditis"", 0.09063658335395637], [""Anemia"", 0.06766322036883485], [""Anaphylaxis"", 0.06766322036883485], [""Myasthenia gravis"", 0.06376938951847973], [""Scombroid food poisoning"", 0.04280084772288642], [""PSVT"", 0.03614330613631376], [""SLE"", 0.03132484111347497], [""Possible NSTEMI / STEMI"", 0.020364954819843805], [""Chagas"", 0.020364954819843805]]"
med_test_00150_c0,"You are a diagnostic reasoning assistant. Based on the patient vignette below, pick the single most likely pathology from the candidate list. You MUST commit to one diagnosis — do not hedge or list alternatives.

{""patient"": {""age"": 64, ""sex"": ""male""}, ""findings"": [{""finding"": ""Are you experiencing shortness of breath or difficulty breathing in a significant way?"", ""value"": ""yes""}, {""finding"": ""Do you have any family members who have asthma?"", ""value"": ""yes""}, {""finding"": ""Have you been hospitalized for an asthma attack in the past year?"", ""value"": ""yes""}, {""finding"": ""Have you had a cold in the last 2 weeks?"", ""value"": ""yes""}, {""finding"": ""Have you been diagnosed with chronic sinusitis?"", ""value"": ""yes""}, {""finding"": ""Do you have asthma or have you ever had to use a bronchodilator in the past?"", ""value"": ""yes""}, {""finding"": ""Do you have a cough?"", ""value"": ""yes""}, {""finding"": ""Have you traveled out of the country in the last 4 weeks?"", ""value"": ""N""}, {""finding"": ""Do you live in in a big city?"", ""value"": ""yes""}, {""finding"": ""Have you noticed a wheezing sound when you exhale?"", ""value"": ""yes""}, {""finding"": ""Are you exposed to secondhand cigarette smoke on a daily basis?"", ""value"": ""yes""}]}

Candidate pathologies:
- Pneumonia
- Pulmonary neoplasm
- Acute COPD exacerbation / infection
- Guillain-Barré syndrome
- Bronchospasm / acute asthma exacerbation
- Bronchiectasis
- Anaphylaxis
- Bronchitis
- Myasthenia gravis
- PSVT
- Chagas
- Acute dystonic reactions
- SLE
- Acute pulmonary edema
- Possible NSTEMI / STEMI
- Scombroid food poisoning
- Myocarditis
- Pulmonary embolism
- Tuberculosis
- Anemia
- Atrial fibrillation","There are 21 candidate pathologies. Estimate the probability (0 to 1) that your chosen pathology is the correct diagnosis for this patient, given only the symptoms and candidates provided. A uniform prior would assign 0.05 to each candidate. Respond with ONLY valid JSON: {""Answer"": ""<pathology>"", ""Confidence"": ""0.XX""}",64,M,Bronchospasm / acute asthma exacerbation,"[[""Bronchospasm / acute asthma exacerbation"", 0.09678286055214982], [""Bronchitis"", 0.08389779356044244], [""Pulmonary neoplasm"", 0.07815539688794135], [""Acute COPD exacerbation / infection"", 0.07332722880749283], [""Pneumonia"", 0.06174147916925271], [""Pulmonary embolism"", 0.058887797864885474], [""Tuberculosis"", 0.056594280421782404], [""Acute pulmonary edema"", 0.05516044345393916], [""Anaphylaxis"", 0.05516044345393916], [""Guillain-Barr\u00e9 syndrome"", 0.05041985838903869], [""Atrial fibrillation"", 0.04816008229343768], [""Myocarditis"", 0.0475614302623819], [""Bronchiectasis"", 0.038050847753805406], [""Acute dystonic reactions"", 0.0355061876541934], [""Myasthenia gravis"", 0.0355061876541934], [""Anemia"", 0.0355061876541934], [""Scombroid food poisoning"", 0.03280470330779679], [""PSVT"", 0.018966153297515814], [""SLE"", 0.016437669988954847], [""Possible NSTEMI / STEMI"", 0.01068648378633173], [""Chagas"", 0.01068648378633173]]"
med_test_00151_c0,"You are a diagnostic reasoning assistant. Based on the patient vignette below, pick the single most likely pathology from the candidate list. You MUST commit to one diagnosis — do not hedge or list alternatives.

{""patient"": {""age"": 54, ""sex"": ""male""}, ""findings"": [{""finding"": ""Do you have pain somewhere, related to your reason for consulting?"", ""value"": ""yes""}, {""finding"": ""Characterize your pain:"", ""value"": ""a knife stroke""}, {""finding"": ""Characterize your pain:"", ""value"": ""sharp""}, {""finding"": ""Do you feel pain somewhere?"", ""value"": ""side of the chest(R)""}, {""finding"": ""Do you feel pain somewhere?"", ""value"": ""side of the chest(L)""}, {""finding"": ""Do you feel pain somewhere?"", ""value"": ""scapula(R)""}, {""finding"": ""Do you feel pain somewhere?"", ""value"": ""scapula(L)""}, {""finding"": ""Do you feel pain somewhere?"", ""value"": ""posterior chest wall(L)""}, {""finding"": ""How intense is the pain?"", ""value"": ""5""}, {""finding"": ""Does the pain radiate to another location?"", ""value"": ""side of the chest(L)""}, {""finding"": ""Does the pain radiate to another location?"", ""value"": ""upper chest""}, {""finding"": ""Does the pain radiate to another location?"", ""value"": ""scapula(R)""}, {""finding"": ""Does the pain radiate to another location?"", ""value"": ""scapula(L)""}, {""finding"": ""Does the pain radiate to another location?"", ""value"": ""breast(R)""}, {""finding"": ""How precisely is the pain located?"", ""value"": ""6""}, {""finding"": ""How fast did the pain appear?"", ""value"": ""2""}, {""finding"": ""Are you experiencing shortness of breath or difficulty breathing in a significant way?"", ""value"": ""yes""}, {""finding"": ""Have you ever had deep vein thrombosis (DVT)?"", ""value"": ""yes""}, {""finding"": ""Have you been unable to move or get up for more than 3 consecutive days within the last 4 weeks?"", ""value"": ""yes""}, {""finding"": ""Do you have swelling in one or more areas of your body?"", ""value"": ""yes""}, {""finding"": ""Where is the swelling located?"", ""value"": ""posterior aspect of the ankle(R)""}, {""finding"": ""Where is the swelling located?"", ""value"": ""calf(L)""}, {""finding"": ""Did you lose consciousness?"", ""value"": ""yes""}, {""finding"": ""Have you had surgery within the last month?"", ""value"": ""yes""}, {""finding"": ""Have you traveled out of the country in the last 4 weeks?"", ""value"": ""North America""}, {""finding"": ""Do you have pain that is increased when you breathe in deeply?"", ""value"": ""yes""}]}

Candidate pathologies:
- Pulmonary neoplasm
- Acute pulmonary edema
- Panic attack
- Myocarditis
- Chagas
- Myasthenia gravis
- Spontaneous pneumothorax
- SLE
- Guillain-Barré syndrome
- Stable angina
- Acute dystonic reactions
- Anemia
- Possible NSTEMI / STEMI
- Scombroid food poisoning
- Pulmonary embolism
- Anaphylaxis
- Atrial fibrillation
- Unstable angina
- Sarcoidosis","There are 19 candidate pathologies. Estimate the probability (0 to 1) that your chosen pathology is the correct diagnosis for this patient, given only the symptoms and candidates provided. A uniform prior would assign 0.05 to each candidate. Respond with ONLY valid JSON: {""Answer"": ""<pathology>"", ""Confidence"": ""0.XX""}",54,M,Pulmonary embolism,"[[""Pulmonary embolism"", 0.09738771098326747], [""Anaphylaxis"", 0.07659074463991979], [""Acute pulmonary edema"", 0.07388148589779316], [""Possible NSTEMI / STEMI"", 0.07145540480927742], [""Panic attack"", 0.07035851201332062], [""Spontaneous pneumothorax"", 0.06826564690447458], [""Unstable angina"", 0.06279564314610324], [""Myocarditis"", 0.05510428783425063], [""Pulmonary neoplasm"", 0.052145811112097186], [""Stable angina"", 0.051032383083409946], [""Guillain-Barr\u00e9 syndrome"", 0.049504578688127056], [""Atrial fibrillation"", 0.04728582466706163], [""SLE"", 0.03982657328679006], [""Acute dystonic reactions"", 0.03486163818787226], [""Myasthenia gravis"", 0.03486163818787226], [""Anemia"", 0.03486163818787226], [""Chagas"", 0.02917969861923124], [""Sarcoidosis"", 0.028548804404594594], [""Scombroid food poisoning"", 0.02205197534666464]]"
med_test_00152_c0,"You are a diagnostic reasoning assistant. Based on the patient vignette below, pick the single most likely pathology from the candidate list. You MUST commit to one diagnosis — do not hedge or list alternatives.

{""patient"": {""age"": 28, ""sex"": ""female""}, ""findings"": [{""finding"": ""Are you infected with the human immunodeficiency virus (HIV)?"", ""value"": ""yes""}, {""finding"": ""Do you have pain somewhere, related to your reason for consulting?"", ""value"": ""yes""}, {""finding"": ""Characterize your pain:"", ""value"": ""tedious""}, {""finding"": ""Characterize your pain:"", ""value"": ""heavy""}, {""finding"": ""Characterize your pain:"", ""value"": ""sharp""}, {""finding"": ""Characterize your pain:"", ""value"": ""sickening""}, {""finding"": ""Characterize your pain:"", ""value"": ""scary""}, {""finding"": ""Do you feel pain somewhere?"", ""value"": ""lower chest""}, {""finding"": ""Do you feel pain somewhere?"", ""value"": ""upper chest""}, {""finding"": ""Do you feel pain somewhere?"", ""value"": ""breast(R)""}, {""finding"": ""Do you feel pain somewhere?"", ""value"": ""breast(L)""}, {""finding"": ""Do you feel pain somewhere?"", ""value"": ""epigastric""}, {""finding"": ""How intense is the pain?"", ""value"": ""7""}, {""finding"": ""Does the pain radiate to another location?"", ""value"": ""thyroid cartilage""}, {""finding"": ""Does the pain radiate to another location?"", ""value"": ""thoracic spine""}, {""finding"": ""Does the pain radiate to another location?"", ""value"": ""under the jaw""}, {""finding"": ""Does the pain radiate to another location?"", ""value"": ""trachea""}, {""finding"": ""Does the pain radiate to another location?"", ""value"": ""shoulder(L)""}, {""finding"": ""How precisely is the pain located?"", ""value"": ""4""}, {""finding"": ""How fast did the pain appear?"", ""value"": ""9""}, {""finding"": ""Are you experiencing shortness of breath or difficulty breathing in a significant way?"", ""value"": ""yes""}, {""finding"": ""Are you significantly overweight compared to people of the same height as you?"", ""value"": ""yes""}, {""finding"": ""Do you have high cholesterol or do you take medications to treat high cholesterol?"", ""value"": ""yes""}, {""finding"": ""Do you smoke cigarettes?"", ""value"": ""yes""}, {""finding"": ""Do you have high blood pressure or do you take medications to treat high blood pressure?"", ""value"": ""yes""}, {""finding"": ""Do you have a problem with poor circulation?"", ""value"": ""yes""}, {""finding"": ""Are you feeling nauseous or do you feel like vomiting?"", ""value"": ""yes""}, {""finding"": ""Have you recently had a loss of appetite or do you get full more quickly then usually?"", ""value"": ""yes""}, {""finding"": ""Are you a former smoker?"", ""value"": ""yes""}, {""finding"": ""Have you traveled out of the country in the last 4 weeks?"", ""value"": ""N""}, {""finding"": ""Do you have close family members who had a cardiovascular disease problem before the age of 50?"", ""value"": ""yes""}]}

Candidate pathologies:
- Myasthenia gravis
- Panic attack
- Anemia
- Anaphylaxis
- Acute dystonic reactions
- Guillain-Barré syndrome
- Pancreatic neoplasm
- Possible NSTEMI / STEMI
- Chagas
- Sarcoidosis
- Unstable angina
- GERD
- SLE
- Scombroid food poisoning","There are 14 candidate pathologies. Estimate the probability (0 to 1) that your chosen pathology is the correct diagnosis for this patient, given only the symptoms and candidates provided. A uniform prior would assign 0.07 to each candidate. Respond with ONLY valid JSON: {""Answer"": ""<pathology>"", ""Confidence"": ""0.XX""}",28,F,Possible NSTEMI / STEMI,"[[""Possible NSTEMI / STEMI"", 0.14730114693283497], [""GERD"", 0.10131178114464387], [""Anaphylaxis"", 0.09964021406573464], [""Guillain-Barr\u00e9 syndrome"", 0.09567963320567614], [""Acute dystonic reactions"", 0.0673785908931408], [""Myasthenia gravis"", 0.0673785908931408], [""Anemia"", 0.0673785908931408], [""Chagas"", 0.06350113968045792], [""Scombroid food poisoning"", 0.062252098284222714], [""Sarcoidosis"", 0.055177504915263964], [""Pancreatic neoplasm"", 0.05141671288644539], [""Unstable angina"", 0.049983310613639816], [""Panic attack"", 0.040407614338584745], [""SLE"", 0.031193071253073315]]"
med_test_00153_c0,"You are a diagnostic reasoning assistant. Based on the patient vignette below, pick the single most likely pathology from the candidate list. You MUST commit to one diagnosis — do not hedge or list alternatives.

{""patient"": {""age"": 13, ""sex"": ""male""}, ""findings"": [{""finding"": ""Have you been coughing up blood?"", ""value"": ""yes""}, {""finding"": ""Do you have pain somewhere, related to your reason for consulting?"", ""value"": ""yes""}, {""finding"": ""Characterize your pain:"", ""value"": ""sharp""}, {""finding"": ""Do you feel pain somewhere?"", ""value"": ""side of the chest(R)""}, {""finding"": ""Do you feel pain somewhere?"", ""value"": ""side of the chest(L)""}, {""finding"": ""Do you feel pain somewhere?"", ""value"": ""posterior chest wall(R)""}, {""finding"": ""Do you feel pain somewhere?"", ""value"": ""posterior chest wall(L)""}, {""finding"": ""How intense is the pain?"", ""value"": ""7""}, {""finding"": ""Does the pain radiate to another location?"", ""value"": ""nowhere""}, {""finding"": ""How precisely is the pain located?"", ""value"": ""3""}, {""finding"": ""How fast did the pain appear?"", ""value"": ""0""}, {""finding"": ""Are you experiencing shortness of breath or difficulty breathing in a significant way?"", ""value"": ""yes""}, {""finding"": ""Do you have a cough that produces colored or more abundant sputum than usual?"", ""value"": ""yes""}, {""finding"": ""Do you smoke cigarettes?"", ""value"": ""yes""}, {""finding"": ""Do you have a fever (either felt or measured with a thermometer)?"", ""value"": ""yes""}, {""finding"": ""Have you had chills or shivers?"", ""value"": ""yes""}, {""finding"": ""Do you have Parkinson\u2019s disease?"", ""value"": ""yes""}, {""finding"": ""Do you have heart failure?"", ""value"": ""yes""}, {""finding"": ""Have you ever had a stroke?"", ""value"": ""yes""}, {""finding"": ""Have you ever had pneumonia?"", ""value"": ""yes""}, {""finding"": ""Do you have a chronic obstructive pulmonary disease (COPD)?"", ""value"": ""yes""}, {""finding"": ""Do you have asthma or have you ever had to use a bronchodilator in the past?"", ""value"": ""yes""}, {""finding"": ""Do you have any lesions, redness or problems on your skin that you believe are related to the condition you are consulting for?"", ""value"": ""yes""}, {""finding"": ""What color is the rash?"", ""value"": ""pink""}, {""finding"": ""Do your lesions peel off?"", ""value"": ""Y""}, {""finding"": ""Is the rash swollen?"", ""value"": ""4""}, {""finding"": ""Where is the affected region located?"", ""value"": ""cervical spine""}, {""finding"": ""Where is the affected region located?"", ""value"": ""lumbar spine""}, {""finding"": ""Where is the affected region located?"", ""value"": ""commissure(L)""}, {""finding"": ""Where is the affected region located?"", ""value"": ""posterior chest wall(R)""}, {""finding"": ""Where is the affected region located?"", ""value"": ""posterior chest wall(L)""}, {""finding"": ""How intense is the pain caused by the rash?"", ""value"": ""0""}, {""finding"": ""Is the lesion (or are the lesions) larger than 1cm?"", ""value"": ""N""}, {""finding"": ""How severe is the itching?"", ""value"": ""0""}, {""finding"": ""Have you recently had a loss of appetite or do you get full more quickly then usually?"", ""value"": ""yes""}, {""finding"": ""Do you have nasal congestion or a clear runny nose?"", ""value"": ""yes""}, {""finding"": ""Have you traveled out of the country in the last 4 weeks?"", ""value"": ""N""}, {""finding"": ""Is your BMI less than 18.5, or are you underweight?"", ""value"": ""yes""}, {""finding"": ""Are your symptoms more prominent at night?"", ""value"": ""yes""}, {""finding"": ""Do you have pain that is increased when you breathe in deeply?"", ""value"": ""yes""}]}

Candidate pathologies:
- Myocarditis
- URTI
- Panic attack
- Pulmonary embolism
- Bronchiectasis
- Myasthenia gravis
- Bronchitis
- Influenza
- Bronchospasm / acute asthma exacerbation
- Guillain-Barré syndrome
- PSVT
- Atrial fibrillation
- Tuberculosis
- Sarcoidosis
- Acute dystonic reactions
- Pneumonia","There are 16 candidate pathologies. Estimate the probability (0 to 1) that your chosen pathology is the correct diagnosis for this patient, given only the symptoms and candidates provided. A uniform prior would assign 0.06 to each candidate. Respond with ONLY valid JSON: {""Answer"": ""<pathology>"", ""Confidence"": ""0.XX""}",13,M,Pneumonia,"[[""Pneumonia"", 0.10249713443240635], [""Bronchitis"", 0.10005787023453835], [""Bronchiectasis"", 0.09827783261311425], [""Tuberculosis"", 0.0884901843802691], [""Panic attack"", 0.07936355247582845], [""Influenza"", 0.07611200746857492], [""URTI"", 0.07425554218017204], [""Myocarditis"", 0.057492245477248724], [""Bronchospasm / acute asthma exacerbation"", 0.05261256621872769], [""Atrial fibrillation"", 0.051785995836815875], [""Pulmonary embolism"", 0.04814047598378069], [""Guillain-Barr\u00e9 syndrome"", 0.03817940498602114], [""Acute dystonic reactions"", 0.03817940498602114], [""Myasthenia gravis"", 0.03817940498602114], [""Sarcoidosis"", 0.03598228601692099], [""PSVT"", 0.02039409172353923]]"
med_test_00154_c0,"You are a diagnostic reasoning assistant. Based on the patient vignette below, pick the single most likely pathology from the candidate list. You MUST commit to one diagnosis — do not hedge or list alternatives.

{""patient"": {""age"": 6, ""sex"": ""male""}, ""findings"": [{""finding"": ""Are you experiencing shortness of breath or difficulty breathing in a significant way?"", ""value"": ""yes""}, {""finding"": ""Do you feel weakness in both arms and/or both legs?"", ""value"": ""yes""}, {""finding"": ""Do you have numbness, loss of sensation or tingling in the feet?"", ""value"": ""yes""}, {""finding"": ""Have you had weakness or paralysis on one side of the face, which may still be present or completely resolved?"", ""value"": ""yes""}, {""finding"": ""Have you recently had numbness, loss of sensation or tingling, in both arms and legs and around your mouth?"", ""value"": ""yes""}, {""finding"": ""Have you traveled out of the country in the last 4 weeks?"", ""value"": ""N""}]}

Candidate pathologies:
- Guillain-Barré syndrome
- SLE
- Scombroid food poisoning
- Myasthenia gravis
- Pulmonary embolism
- Chagas
- Anemia
- PSVT
- Anaphylaxis
- Atrial fibrillation
- Acute dystonic reactions","There are 11 candidate pathologies. Estimate the probability (0 to 1) that your chosen pathology is the correct diagnosis for this patient, given only the symptoms and candidates provided. A uniform prior would assign 0.09 to each candidate. Respond with ONLY valid JSON: {""Answer"": ""<pathology>"", ""Confidence"": ""0.XX""}",6,M,Guillain-Barré syndrome,"[[""Guillain-Barr\u00e9 syndrome"", 0.21290323900395117], [""Myasthenia gravis"", 0.15943105058278464], [""Pulmonary embolism"", 0.13101629774024084], [""Atrial fibrillation"", 0.10714877970863995], [""Acute dystonic reactions"", 0.07899580935249349], [""Anemia"", 0.07899580935249349], [""Anaphylaxis"", 0.07899580935249349], [""Scombroid food poisoning"", 0.049969356888599166], [""PSVT"", 0.042196775520724684], [""SLE"", 0.036571288849517554], [""Chagas"", 0.02377578364806149]]"
med_test_00155_c0,"You are a diagnostic reasoning assistant. Based on the patient vignette below, pick the single most likely pathology from the candidate list. You MUST commit to one diagnosis — do not hedge or list alternatives.

{""patient"": {""age"": 41, ""sex"": ""female""}, ""findings"": [{""finding"": ""Have you recently had a viral infection?"", ""value"": ""yes""}, {""finding"": ""Have you ever had a pericarditis?"", ""value"": ""yes""}, {""finding"": ""Do you have pain somewhere, related to your reason for consulting?"", ""value"": ""yes""}, {""finding"": ""Characterize your pain:"", ""value"": ""a knife stroke""}, {""finding"": ""Characterize your pain:"", ""value"": ""sharp""}, {""finding"": ""Do you feel pain somewhere?"", ""value"": ""lower chest""}, {""finding"": ""Do you feel pain somewhere?"", ""value"": ""upper chest""}, {""finding"": ""Do you feel pain somewhere?"", ""value"": ""breast(L)""}, {""finding"": ""Do you feel pain somewhere?"", ""value"": ""epigastric""}, {""finding"": ""How intense is the pain?"", ""value"": ""6""}, {""finding"": ""Does the pain radiate to another location?"", ""value"": ""thoracic spine""}, {""finding"": ""Does the pain radiate to another location?"", ""value"": ""posterior chest wall(R)""}, {""finding"": ""How precisely is the pain located?"", ""value"": ""3""}, {""finding"": ""How fast did the pain appear?"", ""value"": ""6""}, {""finding"": ""Do you feel your heart is beating fast (racing), irregularly (missing a beat) or do you feel palpitations?"", ""value"": ""yes""}, {""finding"": ""Have you traveled out of the country in the last 4 weeks?"", ""value"": ""N""}, {""finding"": ""Are your symptoms worse when lying down and alleviated while sitting up?"", ""value"": ""yes""}]}

Candidate pathologies:
- Anaphylaxis
- Myocarditis
- Panic attack
- GERD
- Pancreatic neoplasm
- Unstable angina
- Scombroid food poisoning
- Stable angina
- PSVT
- Possible NSTEMI / STEMI
- Pericarditis","There are 11 candidate pathologies. Estimate the probability (0 to 1) that your chosen pathology is the correct diagnosis for this patient, given only the symptoms and candidates provided. A uniform prior would assign 0.09 to each candidate. Respond with ONLY valid JSON: {""Answer"": ""<pathology>"", ""Confidence"": ""0.XX""}",41,F,Pericarditis,"[[""Possible NSTEMI / STEMI"", 0.16023594776430006], [""Pericarditis"", 0.13991683880617994], [""PSVT"", 0.13535631602892506], [""GERD"", 0.10926287036588148], [""Unstable angina"", 0.1052082025864953], [""Stable angina"", 0.08385716224098144], [""Pancreatic neoplasm"", 0.08294232024103619], [""Scombroid food poisoning"", 0.05805892743372674], [""Anaphylaxis"", 0.05060166545422709], [""Panic attack"", 0.04630610811515857], [""Myocarditis"", 0.028253640963088033]]"
med_test_00156_c0,"You are a diagnostic reasoning assistant. Based on the patient vignette below, pick the single most likely pathology from the candidate list. You MUST commit to one diagnosis — do not hedge or list alternatives.

{""patient"": {""age"": 25, ""sex"": ""male""}, ""findings"": [{""finding"": ""Do you have pain somewhere, related to your reason for consulting?"", ""value"": ""yes""}, {""finding"": ""Characterize your pain:"", ""value"": ""exhausting""}, {""finding"": ""Do you feel pain somewhere?"", ""value"": ""lower chest""}, {""finding"": ""Do you feel pain somewhere?"", ""value"": ""biceps(L)""}, {""finding"": ""Do you feel pain somewhere?"", ""value"": ""upper chest""}, {""finding"": ""Do you feel pain somewhere?"", ""value"": ""breast(L)""}, {""finding"": ""Do you feel pain somewhere?"", ""value"": ""epigastric""}, {""finding"": ""How intense is the pain?"", ""value"": ""9""}, {""finding"": ""Does the pain radiate to another location?"", ""value"": ""biceps(R)""}, {""finding"": ""Does the pain radiate to another location?"", ""value"": ""biceps(L)""}, {""finding"": ""Does the pain radiate to another location?"", ""value"": ""thoracic spine""}, {""finding"": ""Does the pain radiate to another location?"", ""value"": ""shoulder(R)""}, {""finding"": ""Does the pain radiate to another location?"", ""value"": ""shoulder(L)""}, {""finding"": ""How precisely is the pain located?"", ""value"": ""3""}, {""finding"": ""How fast did the pain appear?"", ""value"": ""7""}, {""finding"": ""Are you experiencing shortness of breath or difficulty breathing in a significant way?"", ""value"": ""yes""}, {""finding"": ""Do you have high cholesterol or do you take medications to treat high cholesterol?"", ""value"": ""yes""}, {""finding"": ""Do you drink alcohol excessively or do you have an addiction to alcohol?"", ""value"": ""yes""}, {""finding"": ""Do you constantly feel fatigued or do you have non-restful sleep?"", ""value"": ""yes""}, {""finding"": ""Have you ever had a heart attack or do you have angina (chest pain)?"", ""value"": ""yes""}, {""finding"": ""Have you traveled out of the country in the last 4 weeks?"", ""value"": ""N""}, {""finding"": ""Do you have symptoms that are increased with physical exertion but alleviated with rest?"", ""value"": ""yes""}, {""finding"": ""Do you have close family members who had a cardiovascular disease problem before the age of 50?"", ""value"": ""yes""}]}

Candidate pathologies:
- Anemia
- Atrial fibrillation
- Sarcoidosis
- Guillain-Barré syndrome
- Myocarditis
- Acute pulmonary edema
- Myasthenia gravis
- GERD
- Stable angina
- PSVT
- Possible NSTEMI / STEMI
- Unstable angina
- Acute dystonic reactions
- SLE
- Panic attack
- Chagas","There are 16 candidate pathologies. Estimate the probability (0 to 1) that your chosen pathology is the correct diagnosis for this patient, given only the symptoms and candidates provided. A uniform prior would assign 0.06 to each candidate. Respond with ONLY valid JSON: {""Answer"": ""<pathology>"", ""Confidence"": ""0.XX""}",25,M,Stable angina,"[[""Unstable angina"", 0.09753290084942796], [""Possible NSTEMI / STEMI"", 0.09077698096458092], [""Stable angina"", 0.0906591222717464], [""Myocarditis"", 0.07310739760654092], [""Atrial fibrillation"", 0.07132527032027716], [""Panic attack"", 0.06880219255155498], [""SLE"", 0.06741073494105791], [""Anemia"", 0.0672735496776301], [""GERD"", 0.06511164464996798], [""Acute pulmonary edema"", 0.06506339450201994], [""Guillain-Barr\u00e9 syndrome"", 0.06149194306072685], [""Acute dystonic reactions"", 0.04330326461229815], [""Myasthenia gravis"", 0.04330326461229815], [""Chagas"", 0.03624546281520577], [""Sarcoidosis"", 0.035461799724803934], [""PSVT"", 0.02313107683986288]]"
med_test_00157_c0,"You are a diagnostic reasoning assistant. Based on the patient vignette below, pick the single most likely pathology from the candidate list. You MUST commit to one diagnosis — do not hedge or list alternatives.

{""patient"": {""age"": 16, ""sex"": ""male""}, ""findings"": [{""finding"": ""Have you had 2 or more asthma attacks in the past year?"", ""value"": ""yes""}, {""finding"": ""Are you experiencing shortness of breath or difficulty breathing in a significant way?"", ""value"": ""yes""}, {""finding"": ""Do you have any family members who have asthma?"", ""value"": ""yes""}, {""finding"": ""Have you been hospitalized for an asthma attack in the past year?"", ""value"": ""yes""}, {""finding"": ""Do you have asthma or have you ever had to use a bronchodilator in the past?"", ""value"": ""yes""}, {""finding"": ""Have you traveled out of the country in the last 4 weeks?"", ""value"": ""N""}, {""finding"": ""Do you live in in a big city?"", ""value"": ""yes""}, {""finding"": ""Have you noticed a wheezing sound when you exhale?"", ""value"": ""yes""}, {""finding"": ""Are you exposed to secondhand cigarette smoke on a daily basis?"", ""value"": ""yes""}]}

Candidate pathologies:
- Anaphylaxis
- Guillain-Barré syndrome
- SLE
- Bronchospasm / acute asthma exacerbation
- PSVT
- Myasthenia gravis
- Anemia
- Scombroid food poisoning
- Chagas
- Myocarditis
- Pulmonary embolism
- Acute dystonic reactions
- Atrial fibrillation","There are 13 candidate pathologies. Estimate the probability (0 to 1) that your chosen pathology is the correct diagnosis for this patient, given only the symptoms and candidates provided. A uniform prior would assign 0.08 to each candidate. Respond with ONLY valid JSON: {""Answer"": ""<pathology>"", ""Confidence"": ""0.XX""}",16,M,Bronchospasm / acute asthma exacerbation,"[[""Bronchospasm / acute asthma exacerbation"", 0.15467354418290866], [""Pulmonary embolism"", 0.11171242726239235], [""Anaphylaxis"", 0.10464149196490706], [""Guillain-Barr\u00e9 syndrome"", 0.09564841897788567], [""Atrial fibrillation"", 0.09136153643409721], [""Myocarditis"", 0.09022587040650612], [""Acute dystonic reactions"", 0.06735660950991562], [""Myasthenia gravis"", 0.06735660950991562], [""Anemia"", 0.06735660950991562], [""Scombroid food poisoning"", 0.062231789352100234], [""PSVT"", 0.03597952542829797], [""SLE"", 0.03118289492192576], [""Chagas"", 0.02027267253923217]]"
med_test_00158_c0,"You are a diagnostic reasoning assistant. Based on the patient vignette below, pick the single most likely pathology from the candidate list. You MUST commit to one diagnosis — do not hedge or list alternatives.

{""patient"": {""age"": 4, ""sex"": ""female""}, ""findings"": [{""finding"": ""Are you infected with the human immunodeficiency virus (HIV)?"", ""value"": ""yes""}, {""finding"": ""Have you been coughing up blood?"", ""value"": ""yes""}, {""finding"": ""Are you currently using intravenous drugs?"", ""value"": ""yes""}, {""finding"": ""Are you experiencing shortness of breath or difficulty breathing in a significant way?"", ""value"": ""yes""}, {""finding"": ""Do you have diabetes?"", ""value"": ""yes""}, {""finding"": ""Do you drink alcohol excessively or do you have an addiction to alcohol?"", ""value"": ""yes""}, {""finding"": ""Do you have a fever (either felt or measured with a thermometer)?"", ""value"": ""yes""}, {""finding"": ""Do you have a cough?"", ""value"": ""yes""}, {""finding"": ""Have you traveled out of the country in the last 4 weeks?"", ""value"": ""N""}]}

Candidate pathologies:
- Atrial fibrillation
- Myasthenia gravis
- Bronchospasm / acute asthma exacerbation
- Bronchitis
- Acute dystonic reactions
- Croup
- Guillain-Barré syndrome
- Pneumonia
- Myocarditis
- Tuberculosis","There are 10 candidate pathologies. Estimate the probability (0 to 1) that your chosen pathology is the correct diagnosis for this patient, given only the symptoms and candidates provided. A uniform prior would assign 0.10 to each candidate. Respond with ONLY valid JSON: {""Answer"": ""<pathology>"", ""Confidence"": ""0.XX""}",4,F,Tuberculosis,"[[""Pneumonia"", 0.17071557335912316], [""Bronchitis"", 0.15700125850041188], [""Tuberculosis"", 0.15500955466058783], [""Bronchospasm / acute asthma exacerbation"", 0.09216220438720332], [""Atrial fibrillation"", 0.09071428891846404], [""Guillain-Barr\u00e9 syndrome"", 0.06687942403484194], [""Acute dystonic reactions"", 0.06687942403484194], [""Myocarditis"", 0.06687942403484194], [""Myasthenia gravis"", 0.06687942403484194], [""Croup"", 0.06687942403484194]]"
med_test_00159_c0,"You are a diagnostic reasoning assistant. Based on the patient vignette below, pick the single most likely pathology from the candidate list. You MUST commit to one diagnosis — do not hedge or list alternatives.

{""patient"": {""age"": 34, ""sex"": ""male""}, ""findings"": [{""finding"": ""Do you have an active cancer?"", ""value"": ""yes""}, {""finding"": ""Have you been coughing up blood?"", ""value"": ""yes""}, {""finding"": ""Do you have pain somewhere, related to your reason for consulting?"", ""value"": ""yes""}, {""finding"": ""Characterize your pain:"", ""value"": ""sensitive""}, {""finding"": ""Characterize your pain:"", ""value"": ""a knife stroke""}, {""finding"": ""Characterize your pain:"", ""value"": ""sharp""}, {""finding"": ""Do you feel pain somewhere?"", ""value"": ""side of the chest(L)""}, {""finding"": ""Do you feel pain somewhere?"", ""value"": ""scapula(R)""}, {""finding"": ""Do you feel pain somewhere?"", ""value"": ""scapula(L)""}, {""finding"": ""Do you feel pain somewhere?"", ""value"": ""posterior chest wall(R)""}, {""finding"": ""Do you feel pain somewhere?"", ""value"": ""posterior chest wall(L)""}, {""finding"": ""How intense is the pain?"", ""value"": ""9""}, {""finding"": ""Does the pain radiate to another location?"", ""value"": ""side of the chest(R)""}, {""finding"": ""Does the pain radiate to another location?"", ""value"": ""side of the chest(L)""}, {""finding"": ""Does the pain radiate to another location?"", ""value"": ""scapula(R)""}, {""finding"": ""Does the pain radiate to another location?"", ""value"": ""scapula(L)""}, {""finding"": ""Does the pain radiate to another location?"", ""value"": ""posterior chest wall(R)""}, {""finding"": ""How precisely is the pain located?"", ""value"": ""2""}, {""finding"": ""How fast did the pain appear?"", ""value"": ""8""}, {""finding"": ""Are you experiencing shortness of breath or difficulty breathing in a significant way?"", ""value"": ""yes""}, {""finding"": ""Have you been unable to move or get up for more than 3 consecutive days within the last 4 weeks?"", ""value"": ""yes""}, {""finding"": ""Do you have swelling in one or more areas of your body?"", ""value"": ""yes""}, {""finding"": ""Where is the swelling located?"", ""value"": ""calf(L)""}, {""finding"": ""Did you lose consciousness?"", ""value"": ""yes""}, {""finding"": ""Have you had surgery within the last month?"", ""value"": ""yes""}, {""finding"": ""Have you traveled out of the country in the last 4 weeks?"", ""value"": ""N""}, {""finding"": ""Do you have pain that is increased when you breathe in deeply?"", ""value"": ""yes""}]}

Candidate pathologies:
- Spontaneous pneumothorax
- Possible NSTEMI / STEMI
- Unstable angina
- Acute dystonic reactions
- Atrial fibrillation
- Sarcoidosis
- Pulmonary embolism
- Myocarditis
- PSVT
- Anaphylaxis
- Myasthenia gravis
- Stable angina
- Pulmonary neoplasm
- Guillain-Barré syndrome
- Panic attack
- Acute pulmonary edema
- Anemia","There are 17 candidate pathologies. Estimate the probability (0 to 1) that your chosen pathology is the correct diagnosis for this patient, given only the symptoms and candidates provided. A uniform prior would assign 0.06 to each candidate. Respond with ONLY valid JSON: {""Answer"": ""<pathology>"", ""Confidence"": ""0.XX""}",34,M,Pulmonary embolism,"[[""Pulmonary embolism"", 0.11068871918167697], [""Pulmonary neoplasm"", 0.09558280227356324], [""Acute pulmonary edema"", 0.08210796772570923], [""Possible NSTEMI / STEMI"", 0.07941174978565081], [""Panic attack"", 0.0781927212672805], [""Spontaneous pneumothorax"", 0.07586682190665966], [""Unstable angina"", 0.06978774963849785], [""Myocarditis"", 0.061239984984898486], [""Stable angina"", 0.056714685854792946], [""Guillain-Barr\u00e9 syndrome"", 0.055016765023143406], [""Atrial fibrillation"", 0.05255095939756422], [""Acute dystonic reactions"", 0.038743377023507705], [""Myasthenia gravis"", 0.038743377023507705], [""Anemia"", 0.038743377023507705], [""Sarcoidosis"", 0.031727628135454926], [""PSVT"", 0.020695345697146823], [""Anaphylaxis"", 0.01418596805743798]]"
med_test_00160_c0,"You are a diagnostic reasoning assistant. Based on the patient vignette below, pick the single most likely pathology from the candidate list. You MUST commit to one diagnosis — do not hedge or list alternatives.

{""patient"": {""age"": 40, ""sex"": ""female""}, ""findings"": [{""finding"": ""Do you have a known severe food allergy?"", ""value"": ""yes""}, {""finding"": ""Have you been in contact with or ate something that you have an allergy to?"", ""value"": ""yes""}, {""finding"": ""Have you had diarrhea or an increase in stool frequency?"", ""value"": ""yes""}, {""finding"": ""Do you have pain somewhere, related to your reason for consulting?"", ""value"": ""yes""}, {""finding"": ""Characterize your pain:"", ""value"": ""a knife stroke""}, {""finding"": ""Do you feel pain somewhere?"", ""value"": ""flank(R)""}, {""finding"": ""Do you feel pain somewhere?"", ""value"": ""hypochondrium(R)""}, {""finding"": ""Do you feel pain somewhere?"", ""value"": ""pubis""}, {""finding"": ""Do you feel pain somewhere?"", ""value"": ""epigastric""}, {""finding"": ""How intense is the pain?"", ""value"": ""8""}, {""finding"": ""Does the pain radiate to another location?"", ""value"": ""nowhere""}, {""finding"": ""How precisely is the pain located?"", ""value"": ""5""}, {""finding"": ""How fast did the pain appear?"", ""value"": ""3""}, {""finding"": ""Are you experiencing shortness of breath or difficulty breathing in a significant way?"", ""value"": ""yes""}, {""finding"": ""Do you have any lesions, redness or problems on your skin that you believe are related to the condition you are consulting for?"", ""value"": ""yes""}, {""finding"": ""What color is the rash?"", ""value"": ""pink""}, {""finding"": ""Do your lesions peel off?"", ""value"": ""N""}, {""finding"": ""Is the rash swollen?"", ""value"": ""1""}, {""finding"": ""Where is the affected region located?"", ""value"": ""biceps(R)""}, {""finding"": ""Where is the affected region located?"", ""value"": ""mouth""}, {""finding"": ""Where is the affected region located?"", ""value"": ""thyroid cartilage""}, {""finding"": ""Where is the affected region located?"", ""value"": ""ankle(R)""}, {""finding"": ""Where is the affected region located?"", ""value"": ""lumbar spine""}, {""finding"": ""How intense is the pain caused by the rash?"", ""value"": ""1""}, {""finding"": ""Is the lesion (or are the lesions) larger than 1cm?"", ""value"": ""Y""}, {""finding"": ""How severe is the itching?"", ""value"": ""10""}, {""finding"": ""Do you have swelling in one or more areas of your body?"", ""value"": ""yes""}, {""finding"": ""Where is the swelling located?"", ""value"": ""forehead""}, {""finding"": ""Where is the swelling located?"", ""value"": ""cheek(R)""}, {""finding"": ""Where is the swelling located?"", ""value"": ""nose""}, {""finding"": ""Did you lose consciousness?"", ""value"": ""yes""}, {""finding"": ""Have you noticed a high pitched sound when breathing in?"", ""value"": ""yes""}, {""finding"": ""Have you traveled out of the country in the last 4 weeks?"", ""value"": ""North America""}, {""finding"": ""Are you more likely to develop common allergies than the general population?"", ""value"": ""yes""}]}

Candidate pathologies:
- Chagas
- Anaphylaxis
- Panic attack
- Unstable angina
- Acute dystonic reactions
- Acute pulmonary edema
- Pericarditis
- Possible NSTEMI / STEMI
- Pulmonary embolism
- GERD
- Anemia
- Myasthenia gravis
- Myocarditis
- Guillain-Barré syndrome
- Larygospasm
- Epiglottitis
- Atrial fibrillation
- Pancreatic neoplasm
- Stable angina","There are 19 candidate pathologies. Estimate the probability (0 to 1) that your chosen pathology is the correct diagnosis for this patient, given only the symptoms and candidates provided. A uniform prior would assign 0.05 to each candidate. Respond with ONLY valid JSON: {""Answer"": ""<pathology>"", ""Confidence"": ""0.XX""}",40,F,Anaphylaxis,"[[""Anaphylaxis"", 0.09511913006567621], [""Acute pulmonary edema"", 0.06978887439255842], [""GERD"", 0.06739620547453645], [""Unstable angina"", 0.06646826653092447], [""Pulmonary embolism"", 0.06030148449675371], [""Stable angina"", 0.059675390837766046], [""Epiglottitis"", 0.059292575877334976], [""Pancreatic neoplasm"", 0.05514033972366001], [""Pericarditis"", 0.05429343629411365], [""Larygospasm"", 0.05413959879931554], [""Possible NSTEMI / STEMI"", 0.05364187782667186], [""Guillain-Barr\u00e9 syndrome"", 0.04635444020107556], [""Atrial fibrillation"", 0.04427687276558014], [""Myocarditis"", 0.04372649081962727], [""Chagas"", 0.03779828521963798], [""Panic attack"", 0.03465689677767626], [""Acute dystonic reactions"", 0.03264327796569711], [""Myasthenia gravis"", 0.03264327796569711], [""Anemia"", 0.03264327796569711]]"
med_test_00161_c0,"You are a diagnostic reasoning assistant. Based on the patient vignette below, pick the single most likely pathology from the candidate list. You MUST commit to one diagnosis — do not hedge or list alternatives.

{""patient"": {""age"": 46, ""sex"": ""male""}, ""findings"": [{""finding"": ""Do you feel anxious?"", ""value"": ""yes""}, {""finding"": ""Do any members of your immediate family have a psychiatric illness?"", ""value"": ""yes""}, {""finding"": ""Do you have pain somewhere, related to your reason for consulting?"", ""value"": ""yes""}, {""finding"": ""Characterize your pain:"", ""value"": ""sharp""}, {""finding"": ""Do you feel pain somewhere?"", ""value"": ""lower chest""}, {""finding"": ""Do you feel pain somewhere?"", ""value"": ""side of the chest(R)""}, {""finding"": ""Do you feel pain somewhere?"", ""value"": ""side of the chest(L)""}, {""finding"": ""Do you feel pain somewhere?"", ""value"": ""flank(L)""}, {""finding"": ""Do you feel pain somewhere?"", ""value"": ""hypochondrium(L)""}, {""finding"": ""How intense is the pain?"", ""value"": ""4""}, {""finding"": ""Does the pain radiate to another location?"", ""value"": ""nowhere""}, {""finding"": ""How precisely is the pain located?"", ""value"": ""8""}, {""finding"": ""How fast did the pain appear?"", ""value"": ""6""}, {""finding"": ""Are you experiencing shortness of breath or difficulty breathing in a significant way?"", ""value"": ""yes""}, {""finding"": ""Do you feel like you are (or were) choking or suffocating?"", ""value"": ""yes""}, {""finding"": ""Have you ever been diagnosed with depression?"", ""value"": ""yes""}, {""finding"": ""Do you suffer from chronic anxiety?"", ""value"": ""yes""}, {""finding"": ""Have you ever had a migraine or is a member of your family known to have migraines?"", ""value"": ""yes""}, {""finding"": ""Do you feel like you are dying or were you afraid that you were about do die?"", ""value"": ""yes""}, {""finding"": ""Do you have asthma or have you ever had to use a bronchodilator in the past?"", ""value"": ""yes""}, {""finding"": ""Are you feeling nauseous or do you feel like vomiting?"", ""value"": ""yes""}, {""finding"": ""Do you feel your heart is beating fast (racing), irregularly (missing a beat) or do you feel palpitations?"", ""value"": ""yes""}, {""finding"": ""Do you feel like you are detached from your own body or your surroundings?"", ""value"": ""yes""}, {""finding"": ""Have you ever had a head trauma?"", ""value"": ""yes""}, {""finding"": ""Have you traveled out of the country in the last 4 weeks?"", ""value"": ""N""}]}

Candidate pathologies:
- Spontaneous pneumothorax
- Atrial fibrillation
- Acute dystonic reactions
- Pancreatic neoplasm
- Myasthenia gravis
- Chagas
- Boerhaave
- Unstable angina
- Anemia
- Possible NSTEMI / STEMI
- Sarcoidosis
- Pericarditis
- Stable angina
- GERD
- Scombroid food poisoning
- Pulmonary embolism
- Anaphylaxis
- PSVT
- Panic attack
- Guillain-Barré syndrome
- Acute pulmonary edema","There are 21 candidate pathologies. Estimate the probability (0 to 1) that your chosen pathology is the correct diagnosis for this patient, given only the symptoms and candidates provided. A uniform prior would assign 0.05 to each candidate. Respond with ONLY valid JSON: {""Answer"": ""<pathology>"", ""Confidence"": ""0.XX""}",46,M,Panic attack,"[[""Panic attack"", 0.09023911225913993], [""Possible NSTEMI / STEMI"", 0.07353225472980106], [""PSVT"", 0.06765840121948945], [""Spontaneous pneumothorax"", 0.0649010355228847], [""Unstable angina"", 0.06232424785939095], [""Pericarditis"", 0.06063698141671968], [""Boerhaave"", 0.05755251128544413], [""Atrial fibrillation"", 0.05298295950566916], [""Acute pulmonary edema"", 0.05213988244176265], [""Pulmonary embolism"", 0.0479707472639597], [""Anaphylaxis"", 0.04756923350151808], [""GERD"", 0.04296239847408068], [""Stable angina"", 0.041320118170913286], [""Scombroid food poisoning"", 0.039364319256982826], [""Acute dystonic reactions"", 0.032167212337426074], [""Myasthenia gravis"", 0.032167212337426074], [""Anemia"", 0.032167212337426074], [""Guillain-Barr\u00e9 syndrome"", 0.027180606513839727], [""Sarcoidosis"", 0.026342292014886196], [""Pancreatic neoplasm"", 0.0245468523337601], [""Chagas"", 0.024274409217479566]]"
med_test_00162_c0,"You are a diagnostic reasoning assistant. Based on the patient vignette below, pick the single most likely pathology from the candidate list. You MUST commit to one diagnosis — do not hedge or list alternatives.

{""patient"": {""age"": 33, ""sex"": ""male""}, ""findings"": [{""finding"": ""Have you been coughing up blood?"", ""value"": ""yes""}, {""finding"": ""Do you have pain somewhere, related to your reason for consulting?"", ""value"": ""yes""}, {""finding"": ""Characterize your pain:"", ""value"": ""sensitive""}, {""finding"": ""Characterize your pain:"", ""value"": ""a knife stroke""}, {""finding"": ""Do you feel pain somewhere?"", ""value"": ""posterior chest wall(R)""}, {""finding"": ""Do you feel pain somewhere?"", ""value"": ""posterior chest wall(L)""}, {""finding"": ""How intense is the pain?"", ""value"": ""1""}, {""finding"": ""Does the pain radiate to another location?"", ""value"": ""nowhere""}, {""finding"": ""How precisely is the pain located?"", ""value"": ""6""}, {""finding"": ""How fast did the pain appear?"", ""value"": ""1""}, {""finding"": ""Are you experiencing shortness of breath or difficulty breathing in a significant way?"", ""value"": ""yes""}, {""finding"": ""Do you smoke cigarettes?"", ""value"": ""yes""}, {""finding"": ""Have you recently had a loss of appetite or do you get full more quickly then usually?"", ""value"": ""yes""}, {""finding"": ""Have you had an involuntary weight loss over the last 3 months?"", ""value"": ""yes""}, {""finding"": ""Are you a former smoker?"", ""value"": ""yes""}, {""finding"": ""Have you traveled out of the country in the last 4 weeks?"", ""value"": ""N""}, {""finding"": ""Are you exposed to secondhand cigarette smoke on a daily basis?"", ""value"": ""yes""}, {""finding"": ""Do you have family members who have had lung cancer?"", ""value"": ""yes""}]}

Candidate pathologies:
- Possible NSTEMI / STEMI
- Guillain-Barré syndrome
- Myocarditis
- Unstable angina
- Acute pulmonary edema
- PSVT
- Pulmonary neoplasm
- Acute dystonic reactions
- Stable angina
- Pulmonary embolism
- Atrial fibrillation","There are 11 candidate pathologies. Estimate the probability (0 to 1) that your chosen pathology is the correct diagnosis for this patient, given only the symptoms and candidates provided. A uniform prior would assign 0.09 to each candidate. Respond with ONLY valid JSON: {""Answer"": ""<pathology>"", ""Confidence"": ""0.XX""}",33,M,Pulmonary neoplasm,"[[""Pulmonary neoplasm"", 0.1624200545230415], [""Pulmonary embolism"", 0.12213601718974641], [""Possible NSTEMI / STEMI"", 0.11767373176399377], [""Unstable angina"", 0.10303514978858865], [""Acute pulmonary edema"", 0.09647658584456426], [""Guillain-Barr\u00e9 syndrome"", 0.08452066041589269], [""Stable angina"", 0.08217097352956267], [""Atrial fibrillation"", 0.08073251475077578], [""Acute dystonic reactions"", 0.059520326420342794], [""Myocarditis"", 0.059520326420342794], [""PSVT"", 0.03179365935314879]]"
med_test_00163_c0,"You are a diagnostic reasoning assistant. Based on the patient vignette below, pick the single most likely pathology from the candidate list. You MUST commit to one diagnosis — do not hedge or list alternatives.

{""patient"": {""age"": 21, ""sex"": ""male""}, ""findings"": [{""finding"": ""Do you have a known severe food allergy?"", ""value"": ""yes""}, {""finding"": ""Have you been in contact with or ate something that you have an allergy to?"", ""value"": ""yes""}, {""finding"": ""Have you had diarrhea or an increase in stool frequency?"", ""value"": ""yes""}, {""finding"": ""Do you have pain somewhere, related to your reason for consulting?"", ""value"": ""yes""}, {""finding"": ""Characterize your pain:"", ""value"": ""a knife stroke""}, {""finding"": ""Do you feel pain somewhere?"", ""value"": ""flank(R)""}, {""finding"": ""Do you feel pain somewhere?"", ""value"": ""iliac fossa(L)""}, {""finding"": ""Do you feel pain somewhere?"", ""value"": ""hypochondrium(L)""}, {""finding"": ""Do you feel pain somewhere?"", ""value"": ""belly""}, {""finding"": ""Do you feel pain somewhere?"", ""value"": ""epigastric""}, {""finding"": ""How intense is the pain?"", ""value"": ""9""}, {""finding"": ""Does the pain radiate to another location?"", ""value"": ""nowhere""}, {""finding"": ""How precisely is the pain located?"", ""value"": ""3""}, {""finding"": ""How fast did the pain appear?"", ""value"": ""4""}, {""finding"": ""Do you feel lightheaded and dizzy or do you feel like you are about to faint?"", ""value"": ""yes""}, {""finding"": ""Do you have any lesions, redness or problems on your skin that you believe are related to the condition you are consulting for?"", ""value"": ""yes""}, {""finding"": ""What color is the rash?"", ""value"": ""pink""}, {""finding"": ""Do your lesions peel off?"", ""value"": ""N""}, {""finding"": ""Is the rash swollen?"", ""value"": ""6""}, {""finding"": ""Where is the affected region located?"", ""value"": ""biceps(R)""}, {""finding"": ""Where is the affected region located?"", ""value"": ""biceps(L)""}, {""finding"": ""Where is the affected region located?"", ""value"": ""mouth""}, {""finding"": ""Where is the affected region located?"", ""value"": ""thyroid cartilage""}, {""finding"": ""Where is the affected region located?"", ""value"": ""ankle(R)""}, {""finding"": ""How intense is the pain caused by the rash?"", ""value"": ""2""}, {""finding"": ""Is the lesion (or are the lesions) larger than 1cm?"", ""value"": ""Y""}, {""finding"": ""How severe is the itching?"", ""value"": ""10""}, {""finding"": ""Do you have swelling in one or more areas of your body?"", ""value"": ""yes""}, {""finding"": ""Where is the swelling located?"", ""value"": ""cheek(R)""}, {""finding"": ""Where is the swelling located?"", ""value"": ""cheek(L)""}, {""finding"": ""Where is the swelling located?"", ""value"": ""nose""}, {""finding"": ""Did you lose consciousness?"", ""value"": ""yes""}, {""finding"": ""Have you noticed a high pitched sound when breathing in?"", ""value"": ""yes""}, {""finding"": ""Have you traveled out of the country in the last 4 weeks?"", ""value"": ""N""}, {""finding"": ""Have you noticed a wheezing sound when you exhale?"", ""value"": ""yes""}]}

Candidate pathologies:
- Possible NSTEMI / STEMI
- GERD
- Stable angina
- Larygospasm
- Localized edema
- Anemia
- Chagas
- PSVT
- Anaphylaxis
- Pericarditis
- Panic attack
- Unstable angina
- Epiglottitis
- Pancreatic neoplasm
- Inguinal hernia","There are 15 candidate pathologies. Estimate the probability (0 to 1) that your chosen pathology is the correct diagnosis for this patient, given only the symptoms and candidates provided. A uniform prior would assign 0.07 to each candidate. Respond with ONLY valid JSON: {""Answer"": ""<pathology>"", ""Confidence"": ""0.XX""}",21,M,Anaphylaxis,"[[""Anaphylaxis"", 0.13814767299136751], [""GERD"", 0.09047766850849398], [""Localized edema"", 0.09044564398527861], [""Pancreatic neoplasm"", 0.08877382425698647], [""Inguinal hernia"", 0.07779380230034443], [""Larygospasm"", 0.07774952509939852], [""Unstable angina"", 0.07351718270300844], [""Anemia"", 0.06656930955919194], [""PSVT"", 0.06021776105533803], [""Stable angina"", 0.05591702999991011], [""Epiglottitis"", 0.04687879880544473], [""Chagas"", 0.04687879880544473], [""Panic attack"", 0.04671379506986772], [""Possible NSTEMI / STEMI"", 0.03487642967193352], [""Pericarditis"", 0.0050427571879911835]]"
med_test_00164_c0,"You are a diagnostic reasoning assistant. Based on the patient vignette below, pick the single most likely pathology from the candidate list. You MUST commit to one diagnosis — do not hedge or list alternatives.

{""patient"": {""age"": 0, ""sex"": ""male""}, ""findings"": [{""finding"": ""Do you have an active cancer?"", ""value"": ""yes""}, {""finding"": ""Do you have pain somewhere, related to your reason for consulting?"", ""value"": ""yes""}, {""finding"": ""Characterize your pain:"", ""value"": ""sharp""}, {""finding"": ""Do you feel pain somewhere?"", ""value"": ""side of the chest(R)""}, {""finding"": ""Do you feel pain somewhere?"", ""value"": ""side of the chest(L)""}, {""finding"": ""Do you feel pain somewhere?"", ""value"": ""upper chest""}, {""finding"": ""Do you feel pain somewhere?"", ""value"": ""scapula(R)""}, {""finding"": ""Do you feel pain somewhere?"", ""value"": ""breast(R)""}, {""finding"": ""How intense is the pain?"", ""value"": ""10""}, {""finding"": ""Does the pain radiate to another location?"", ""value"": ""side of the chest(R)""}, {""finding"": ""Does the pain radiate to another location?"", ""value"": ""side of the chest(L)""}, {""finding"": ""Does the pain radiate to another location?"", ""value"": ""scapula(L)""}, {""finding"": ""Does the pain radiate to another location?"", ""value"": ""breast(R)""}, {""finding"": ""Does the pain radiate to another location?"", ""value"": ""breast(L)""}, {""finding"": ""How precisely is the pain located?"", ""value"": ""4""}, {""finding"": ""How fast did the pain appear?"", ""value"": ""8""}, {""finding"": ""Are you experiencing shortness of breath or difficulty breathing in a significant way?"", ""value"": ""yes""}, {""finding"": ""Have you ever had deep vein thrombosis (DVT)?"", ""value"": ""yes""}, {""finding"": ""Have you been unable to move or get up for more than 3 consecutive days within the last 4 weeks?"", ""value"": ""yes""}, {""finding"": ""Do you have swelling in one or more areas of your body?"", ""value"": ""yes""}, {""finding"": ""Where is the swelling located?"", ""value"": ""posterior aspect of the ankle(R)""}, {""finding"": ""Did you lose consciousness?"", ""value"": ""yes""}, {""finding"": ""Have you had surgery within the last month?"", ""value"": ""yes""}, {""finding"": ""Have you traveled out of the country in the last 4 weeks?"", ""value"": ""North America""}, {""finding"": ""Do you have pain that is increased when you breathe in deeply?"", ""value"": ""yes""}]}

Candidate pathologies:
- Myocarditis
- Sarcoidosis
- Acute dystonic reactions
- Anaphylaxis
- Anemia
- Scombroid food poisoning
- SLE
- Guillain-Barré syndrome
- Pulmonary embolism
- Atrial fibrillation
- Chagas
- Myasthenia gravis
- GERD","There are 13 candidate pathologies. Estimate the probability (0 to 1) that your chosen pathology is the correct diagnosis for this patient, given only the symptoms and candidates provided. A uniform prior would assign 0.08 to each candidate. Respond with ONLY valid JSON: {""Answer"": ""<pathology>"", ""Confidence"": ""0.XX""}",0,M,Pulmonary embolism,"[[""Pulmonary embolism"", 0.16385204884827373], [""Anaphylaxis"", 0.1288617455463347], [""Myocarditis"", 0.09271139418728372], [""Guillain-Barr\u00e9 syndrome"", 0.08329004310219243], [""Atrial fibrillation"", 0.07955705268100491], [""GERD"", 0.07453112039992796], [""SLE"", 0.06700707477114518], [""Acute dystonic reactions"", 0.05865371293377576], [""Myasthenia gravis"", 0.05865371293377576], [""Anemia"", 0.05865371293377576], [""Chagas"", 0.04909401150580129], [""Sarcoidosis"", 0.04803254996582836], [""Scombroid food poisoning"", 0.03710182019088045]]"
med_test_00165_c0,"You are a diagnostic reasoning assistant. Based on the patient vignette below, pick the single most likely pathology from the candidate list. You MUST commit to one diagnosis — do not hedge or list alternatives.

{""patient"": {""age"": 28, ""sex"": ""male""}, ""findings"": [{""finding"": ""Do you have metastatic cancer?"", ""value"": ""yes""}, {""finding"": ""Do you have pain somewhere, related to your reason for consulting?"", ""value"": ""yes""}, {""finding"": ""Characterize your pain:"", ""value"": ""heartbreaking""}, {""finding"": ""Characterize your pain:"", ""value"": ""haunting""}, {""finding"": ""Characterize your pain:"", ""value"": ""a knife stroke""}, {""finding"": ""Characterize your pain:"", ""value"": ""violent""}, {""finding"": ""Do you feel pain somewhere?"", ""value"": ""side of the chest(R)""}, {""finding"": ""Do you feel pain somewhere?"", ""value"": ""side of the chest(L)""}, {""finding"": ""Do you feel pain somewhere?"", ""value"": ""breast(L)""}, {""finding"": ""Do you feel pain somewhere?"", ""value"": ""posterior chest wall(R)""}, {""finding"": ""Do you feel pain somewhere?"", ""value"": ""posterior chest wall(L)""}, {""finding"": ""How intense is the pain?"", ""value"": ""7""}, {""finding"": ""Does the pain radiate to another location?"", ""value"": ""posterior chest wall(L)""}, {""finding"": ""How precisely is the pain located?"", ""value"": ""7""}, {""finding"": ""How fast did the pain appear?"", ""value"": ""9""}, {""finding"": ""Are you experiencing shortness of breath or difficulty breathing in a significant way?"", ""value"": ""yes""}, {""finding"": ""Do you have a cough?"", ""value"": ""yes""}, {""finding"": ""Do you have intense coughing fits?"", ""value"": ""yes""}, {""finding"": ""Have you traveled out of the country in the last 4 weeks?"", ""value"": ""N""}, {""finding"": ""Do you have pain that is increased with movement?"", ""value"": ""yes""}, {""finding"": ""Do you have pain that is increased when you breathe in deeply?"", ""value"": ""yes""}]}

Candidate pathologies:
- Atrial fibrillation
- Spontaneous rib fracture
- Bronchitis
- Sarcoidosis
- Spontaneous pneumothorax
- Possible NSTEMI / STEMI
- Stable angina
- Pneumonia
- Tuberculosis
- Pulmonary embolism
- Whooping cough
- Acute dystonic reactions
- Bronchiectasis
- Scombroid food poisoning
- Bronchospasm / acute asthma exacerbation
- Pericarditis
- Anemia
- Unstable angina
- Myasthenia gravis
- Panic attack
- Myocarditis
- Guillain-Barré syndrome","There are 22 candidate pathologies. Estimate the probability (0 to 1) that your chosen pathology is the correct diagnosis for this patient, given only the symptoms and candidates provided. A uniform prior would assign 0.05 to each candidate. Respond with ONLY valid JSON: {""Answer"": ""<pathology>"", ""Confidence"": ""0.XX""}",28,M,Spontaneous rib fracture,"[[""Spontaneous pneumothorax"", 0.06850885224865202], [""Pulmonary embolism"", 0.06779195620067095], [""Bronchitis"", 0.06732932381087972], [""Spontaneous rib fracture"", 0.06513323903877907], [""Possible NSTEMI / STEMI"", 0.062356633009591635], [""Pneumonia"", 0.05488272493911903], [""Tuberculosis"", 0.048140375437998754], [""Unstable angina"", 0.048109744969740555], [""Panic attack"", 0.04798689105911146], [""Stable angina"", 0.045547105454639664], [""Pericarditis"", 0.04507462335714749], [""Whooping cough"", 0.044629089865429114], [""Guillain-Barr\u00e9 syndrome"", 0.04288827235348758], [""Myocarditis"", 0.04222320901014992], [""Bronchospasm / acute asthma exacerbation"", 0.041619926047041934], [""Atrial fibrillation"", 0.04096605567651438], [""Bronchiectasis"", 0.03236691204394737], [""Acute dystonic reactions"", 0.03020236658733144], [""Myasthenia gravis"", 0.03020236658733144], [""Anemia"", 0.03020236658733144], [""Sarcoidosis"", 0.024733245512184417], [""Scombroid food poisoning"", 0.019104720202920866]]"
med_test_00166_c0,"You are a diagnostic reasoning assistant. Based on the patient vignette below, pick the single most likely pathology from the candidate list. You MUST commit to one diagnosis — do not hedge or list alternatives.

{""patient"": {""age"": 43, ""sex"": ""female""}, ""findings"": [{""finding"": ""Are you experiencing shortness of breath or difficulty breathing in a significant way?"", ""value"": ""yes""}, {""finding"": ""Have you been treated in hospital recently for nausea, agitation, intoxication or aggressive behavior and received medication via an intravenous or intramuscular route?"", ""value"": ""yes""}, {""finding"": ""Do you have trouble keeping your tongue in your mouth?"", ""value"": ""yes""}, {""finding"": ""Do you feel that muscle spasms or soreness in your neck are keeping you from turning your head to one side?"", ""value"": ""yes""}, {""finding"": ""Do you have annoying muscle spasms in your face, neck or any other part of your body?"", ""value"": ""yes""}, {""finding"": ""Have you traveled out of the country in the last 4 weeks?"", ""value"": ""N""}, {""finding"": ""Do you suddenly have difficulty or an inability to open your mouth or have jaw pain when opening it?"", ""value"": ""yes""}]}

Candidate pathologies:
- SLE
- Myocarditis
- Scombroid food poisoning
- Atrial fibrillation
- Anaphylaxis
- PSVT
- Acute pulmonary edema
- Pulmonary embolism
- Guillain-Barré syndrome
- Acute dystonic reactions
- Anemia","There are 11 candidate pathologies. Estimate the probability (0 to 1) that your chosen pathology is the correct diagnosis for this patient, given only the symptoms and candidates provided. A uniform prior would assign 0.09 to each candidate. Respond with ONLY valid JSON: {""Answer"": ""<pathology>"", ""Confidence"": ""0.XX""}",43,F,Acute dystonic reactions,"[[""Acute dystonic reactions"", 0.18417242747161086], [""Pulmonary embolism"", 0.12348123675676703], [""Acute pulmonary edema"", 0.11566538442093209], [""Guillain-Barr\u00e9 syndrome"", 0.10572489881969306], [""Atrial fibrillation"", 0.10098639683463952], [""Myocarditis"", 0.0997310893539399], [""Anemia"", 0.07445257121207484], [""Anaphylaxis"", 0.07445257121207484], [""Scombroid food poisoning"", 0.04709549952921116], [""PSVT"", 0.039769937926175884], [""SLE"", 0.03446798646288087]]"
med_test_00167_c0,"You are a diagnostic reasoning assistant. Based on the patient vignette below, pick the single most likely pathology from the candidate list. You MUST commit to one diagnosis — do not hedge or list alternatives.

{""patient"": {""age"": 11, ""sex"": ""male""}, ""findings"": [{""finding"": ""Do you have pain somewhere, related to your reason for consulting?"", ""value"": ""yes""}, {""finding"": ""Characterize your pain:"", ""value"": ""a knife stroke""}, {""finding"": ""Characterize your pain:"", ""value"": ""sharp""}, {""finding"": ""Do you feel pain somewhere?"", ""value"": ""tonsil(L)""}, {""finding"": ""Do you feel pain somewhere?"", ""value"": ""side of the neck(R)""}, {""finding"": ""Do you feel pain somewhere?"", ""value"": ""side of the neck(L)""}, {""finding"": ""Do you feel pain somewhere?"", ""value"": ""palace""}, {""finding"": ""Do you feel pain somewhere?"", ""value"": ""pharynx""}, {""finding"": ""How intense is the pain?"", ""value"": ""9""}, {""finding"": ""Does the pain radiate to another location?"", ""value"": ""nowhere""}, {""finding"": ""How precisely is the pain located?"", ""value"": ""8""}, {""finding"": ""How fast did the pain appear?"", ""value"": ""8""}, {""finding"": ""Do you have difficulty swallowing, or have a feeling of discomfort/blockage when swallowing?"", ""value"": ""yes""}, {""finding"": ""Are you experiencing shortness of breath or difficulty breathing in a significant way?"", ""value"": ""yes""}, {""finding"": ""Do you have diabetes?"", ""value"": ""yes""}, {""finding"": ""Do you drink alcohol excessively or do you have an addiction to alcohol?"", ""value"": ""yes""}, {""finding"": ""Do you have a fever (either felt or measured with a thermometer)?"", ""value"": ""yes""}, {""finding"": ""Do you have high blood pressure or do you take medications to treat high blood pressure?"", ""value"": ""yes""}, {""finding"": ""Have you noticed that you produce more saliva than usual?"", ""value"": ""yes""}, {""finding"": ""Have you noticed a high pitched sound when breathing in?"", ""value"": ""yes""}, {""finding"": ""Have you traveled out of the country in the last 4 weeks?"", ""value"": ""N""}, {""finding"": ""Have you noticed that the tone of your voice has become deeper, softer or hoarse?"", ""value"": ""yes""}]}

Candidate pathologies:
- Acute laryngitis
- PSVT
- Chagas
- Epiglottitis
- Atrial fibrillation
- SLE
- Pulmonary embolism
- Viral pharyngitis
- Larygospasm
- Acute dystonic reactions
- HIV (initial infection)
- Anaphylaxis
- Myasthenia gravis
- Guillain-Barré syndrome
- Myocarditis
- Scombroid food poisoning","There are 16 candidate pathologies. Estimate the probability (0 to 1) that your chosen pathology is the correct diagnosis for this patient, given only the symptoms and candidates provided. A uniform prior would assign 0.06 to each candidate. Respond with ONLY valid JSON: {""Answer"": ""<pathology>"", ""Confidence"": ""0.XX""}",11,M,Epiglottitis,"[[""Epiglottitis"", 0.16162741137543277], [""Myasthenia gravis"", 0.11395590140498993], [""Acute laryngitis"", 0.10698612736886341], [""HIV (initial infection)"", 0.0912399624223901], [""Larygospasm"", 0.08992560936966275], [""Atrial fibrillation"", 0.07354366956406327], [""Guillain-Barr\u00e9 syndrome"", 0.054220325380869086], [""Acute dystonic reactions"", 0.054220325380869086], [""Myocarditis"", 0.054220325380869086], [""Chagas"", 0.04091639500475986], [""Pulmonary embolism"", 0.03429744959612973], [""Scombroid food poisoning"", 0.03429744959612973], [""PSVT"", 0.028962585705629783], [""SLE"", 0.025101422433315455], [""Anaphylaxis"", 0.019852884880174664], [""Viral pharyngitis"", 0.01663215513585141]]"
med_test_00168_c0,"You are a diagnostic reasoning assistant. Based on the patient vignette below, pick the single most likely pathology from the candidate list. You MUST commit to one diagnosis — do not hedge or list alternatives.

{""patient"": {""age"": 41, ""sex"": ""female""}, ""findings"": [{""finding"": ""Do you have pain somewhere, related to your reason for consulting?"", ""value"": ""yes""}, {""finding"": ""Characterize your pain:"", ""value"": ""sensitive""}, {""finding"": ""Do you feel pain somewhere?"", ""value"": ""side of the chest(R)""}, {""finding"": ""Do you feel pain somewhere?"", ""value"": ""side of the chest(L)""}, {""finding"": ""Do you feel pain somewhere?"", ""value"": ""breast(R)""}, {""finding"": ""How intense is the pain?"", ""value"": ""5""}, {""finding"": ""Does the pain radiate to another location?"", ""value"": ""nowhere""}, {""finding"": ""How precisely is the pain located?"", ""value"": ""6""}, {""finding"": ""How fast did the pain appear?"", ""value"": ""1""}, {""finding"": ""Are you experiencing shortness of breath or difficulty breathing in a significant way?"", ""value"": ""yes""}, {""finding"": ""Do you have a cough that produces colored or more abundant sputum than usual?"", ""value"": ""yes""}, {""finding"": ""Do you smoke cigarettes?"", ""value"": ""yes""}, {""finding"": ""Do you have a fever (either felt or measured with a thermometer)?"", ""value"": ""yes""}, {""finding"": ""Do you have a chronic obstructive pulmonary disease (COPD)?"", ""value"": ""yes""}, {""finding"": ""Do you have a cough?"", ""value"": ""yes""}, {""finding"": ""Have you traveled out of the country in the last 4 weeks?"", ""value"": ""N""}, {""finding"": ""Have you noticed a wheezing sound when you exhale?"", ""value"": ""yes""}, {""finding"": ""Are your symptoms more prominent at night?"", ""value"": ""yes""}]}

Candidate pathologies:
- Stable angina
- Atrial fibrillation
- Chagas
- Panic attack
- Acute dystonic reactions
- PSVT
- Pneumonia
- Acute COPD exacerbation / infection
- Guillain-Barré syndrome
- Unstable angina
- Myocarditis
- Bronchitis
- Myasthenia gravis
- Pericarditis
- Bronchiectasis
- Pulmonary neoplasm
- Tuberculosis
- Possible NSTEMI / STEMI","There are 18 candidate pathologies. Estimate the probability (0 to 1) that your chosen pathology is the correct diagnosis for this patient, given only the symptoms and candidates provided. A uniform prior would assign 0.06 to each candidate. Respond with ONLY valid JSON: {""Answer"": ""<pathology>"", ""Confidence"": ""0.XX""}",41,F,Bronchitis,"[[""Acute COPD exacerbation / infection"", 0.09532401242637555], [""Pneumonia"", 0.09156920146276998], [""Bronchitis"", 0.09072269243797448], [""Bronchiectasis"", 0.0777552602865045], [""Pulmonary neoplasm"", 0.07322743637746283], [""Panic attack"", 0.06714099240885921], [""Possible NSTEMI / STEMI"", 0.06391019274681015], [""Tuberculosis"", 0.06330569043893673], [""Unstable angina"", 0.06115002353482656], [""Stable angina"", 0.050169377144003276], [""Atrial fibrillation"", 0.04512342720404264], [""Myocarditis"", 0.04390409638597373], [""Pericarditis"", 0.03402046562230368], [""Guillain-Barr\u00e9 syndrome"", 0.03326740316067493], [""Acute dystonic reactions"", 0.03326740316067493], [""Myasthenia gravis"", 0.03326740316067493], [""Chagas"", 0.02510464846795344], [""PSVT"", 0.017770273573178307]]"
med_test_00169_c0,"You are a diagnostic reasoning assistant. Based on the patient vignette below, pick the single most likely pathology from the candidate list. You MUST commit to one diagnosis — do not hedge or list alternatives.

{""patient"": {""age"": 28, ""sex"": ""male""}, ""findings"": [{""finding"": ""Have you been coughing up blood?"", ""value"": ""yes""}, {""finding"": ""Do you have pain somewhere, related to your reason for consulting?"", ""value"": ""yes""}, {""finding"": ""Characterize your pain:"", ""value"": ""a knife stroke""}, {""finding"": ""Do you feel pain somewhere?"", ""value"": ""side of the chest(L)""}, {""finding"": ""Do you feel pain somewhere?"", ""value"": ""posterior chest wall(L)""}, {""finding"": ""How intense is the pain?"", ""value"": ""7""}, {""finding"": ""Does the pain radiate to another location?"", ""value"": ""nowhere""}, {""finding"": ""How precisely is the pain located?"", ""value"": ""3""}, {""finding"": ""How fast did the pain appear?"", ""value"": ""1""}, {""finding"": ""Do you have a cough that produces colored or more abundant sputum than usual?"", ""value"": ""yes""}, {""finding"": ""Do you drink alcohol excessively or do you have an addiction to alcohol?"", ""value"": ""yes""}, {""finding"": ""Do you smoke cigarettes?"", ""value"": ""yes""}, {""finding"": ""Do you have a fever (either felt or measured with a thermometer)?"", ""value"": ""yes""}, {""finding"": ""Have you had chills or shivers?"", ""value"": ""yes""}, {""finding"": ""Do you have Parkinson\u2019s disease?"", ""value"": ""yes""}, {""finding"": ""Have you ever had a stroke?"", ""value"": ""yes""}, {""finding"": ""Have you ever had pneumonia?"", ""value"": ""yes""}, {""finding"": ""Do you have any lesions, redness or problems on your skin that you believe are related to the condition you are consulting for?"", ""value"": ""yes""}, {""finding"": ""What color is the rash?"", ""value"": ""pink""}, {""finding"": ""Do your lesions peel off?"", ""value"": ""Y""}, {""finding"": ""Is the rash swollen?"", ""value"": ""5""}, {""finding"": ""Where is the affected region located?"", ""value"": ""cervical spine""}, {""finding"": ""Where is the affected region located?"", ""value"": ""commissure(L)""}, {""finding"": ""Where is the affected region located?"", ""value"": ""side of the neck(R)""}, {""finding"": ""How intense is the pain caused by the rash?"", ""value"": ""0""}, {""finding"": ""Is the lesion (or are the lesions) larger than 1cm?"", ""value"": ""N""}, {""finding"": ""How severe is the itching?"", ""value"": ""1""}, {""finding"": ""Do you have diffuse (widespread) muscle pain?"", ""value"": ""yes""}, {""finding"": ""Have you recently had a loss of appetite or do you get full more quickly then usually?"", ""value"": ""yes""}, {""finding"": ""Have you noticed any new fatigue, generalized and vague discomfort, diffuse (widespread) muscle aches or a change in your general well-being related to your consultation today?"", ""value"": ""yes""}, {""finding"": ""Have you had surgery within the last month?"", ""value"": ""yes""}, {""finding"": ""Do you have a cough?"", ""value"": ""yes""}, {""finding"": ""Have you traveled out of the country in the last 4 weeks?"", ""value"": ""N""}, {""finding"": ""Are your vaccinations up to date?"", ""value"": ""yes""}, {""finding"": ""Do you have pain that is increased when you breathe in deeply?"", ""value"": ""yes""}]}

Candidate pathologies:
- Bronchitis
- Sarcoidosis
- Possible NSTEMI / STEMI
- Unstable angina
- Pneumonia
- Bronchiectasis
- Pulmonary embolism
- HIV (initial infection)
- Influenza
- Tuberculosis
- Stable angina
- Pancreatic neoplasm","There are 12 candidate pathologies. Estimate the probability (0 to 1) that your chosen pathology is the correct diagnosis for this patient, given only the symptoms and candidates provided. A uniform prior would assign 0.08 to each candidate. Respond with ONLY valid JSON: {""Answer"": ""<pathology>"", ""Confidence"": ""0.XX""}",28,M,Pneumonia,"[[""Pneumonia"", 0.12401208752533223], [""Bronchitis"", 0.11526747297863384], [""Tuberculosis"", 0.1040143624687096], [""Influenza"", 0.10224629511347708], [""HIV (initial infection)"", 0.0958756317085344], [""Bronchiectasis"", 0.09234817816868786], [""Pulmonary embolism"", 0.08864514775884949], [""Possible NSTEMI / STEMI"", 0.0789868659898709], [""Unstable angina"", 0.07509149329786624], [""Pancreatic neoplasm"", 0.056525383986555836], [""Stable angina"", 0.0493521302971726], [""Sarcoidosis"", 0.01763495070631009]]"
med_test_00170_c0,"You are a diagnostic reasoning assistant. Based on the patient vignette below, pick the single most likely pathology from the candidate list. You MUST commit to one diagnosis — do not hedge or list alternatives.

{""patient"": {""age"": 0, ""sex"": ""female""}, ""findings"": [{""finding"": ""Have you or any member of your family ever had croup?"", ""value"": ""yes""}, {""finding"": ""Are you experiencing shortness of breath or difficulty breathing in a significant way?"", ""value"": ""yes""}, {""finding"": ""Have you noticed that you produce more saliva than usual?"", ""value"": ""yes""}, {""finding"": ""Have you noticed a high pitched sound when breathing in?"", ""value"": ""yes""}, {""finding"": ""Does the person have a whooping cough?"", ""value"": ""yes""}, {""finding"": ""Have you traveled out of the country in the last 4 weeks?"", ""value"": ""N""}, {""finding"": ""Are your vaccinations up to date?"", ""value"": ""yes""}]}

Candidate pathologies:
- Myocarditis
- Tuberculosis
- Acute dystonic reactions
- Chagas
- Acute otitis media
- Croup
- Larygospasm
- Atrial fibrillation
- Bronchitis
- Pneumonia
- Guillain-Barré syndrome
- Scombroid food poisoning
- Bronchospasm / acute asthma exacerbation
- Anaphylaxis
- Epiglottitis
- SLE
- PSVT
- Myasthenia gravis
- Pulmonary embolism
- Anemia","There are 20 candidate pathologies. Estimate the probability (0 to 1) that your chosen pathology is the correct diagnosis for this patient, given only the symptoms and candidates provided. A uniform prior would assign 0.05 to each candidate. Respond with ONLY valid JSON: {""Answer"": ""<pathology>"", ""Confidence"": ""0.XX""}",0,F,Croup,"[[""Croup"", 0.10436256368888056], [""Pneumonia"", 0.08867707650760612], [""Bronchitis"", 0.0845345930808569], [""Epiglottitis"", 0.07701740015205366], [""Larygospasm"", 0.06467249015702266], [""Pulmonary embolism"", 0.06467249015702266], [""Anaphylaxis"", 0.06057898861351525], [""Guillain-Barr\u00e9 syndrome"", 0.05537272429281938], [""Bronchospasm / acute asthma exacerbation"", 0.05373517196252787], [""Atrial fibrillation"", 0.05289096486898843], [""Myocarditis"", 0.05223350578595787], [""Acute dystonic reactions"", 0.03899404723620137], [""Myasthenia gravis"", 0.03899404723620137], [""Anemia"", 0.03899404723620137], [""Tuberculosis"", 0.03724981538630866], [""Scombroid food poisoning"", 0.02466595986354225], [""PSVT"", 0.0208292448847299], [""SLE"", 0.01805238248175298], [""Acute otitis media"", 0.01173624320390547], [""Chagas"", 0.01173624320390547]]"
med_test_00171_c0,"You are a diagnostic reasoning assistant. Based on the patient vignette below, pick the single most likely pathology from the candidate list. You MUST commit to one diagnosis — do not hedge or list alternatives.

{""patient"": {""age"": 29, ""sex"": ""female""}, ""findings"": [{""finding"": ""Do you have pain somewhere, related to your reason for consulting?"", ""value"": ""yes""}, {""finding"": ""Characterize your pain:"", ""value"": ""sharp""}, {""finding"": ""Do you feel pain somewhere?"", ""value"": ""lower chest""}, {""finding"": ""Do you feel pain somewhere?"", ""value"": ""side of the chest(L)""}, {""finding"": ""Do you feel pain somewhere?"", ""value"": ""upper chest""}, {""finding"": ""Do you feel pain somewhere?"", ""value"": ""breast(R)""}, {""finding"": ""How intense is the pain?"", ""value"": ""5""}, {""finding"": ""Does the pain radiate to another location?"", ""value"": ""nowhere""}, {""finding"": ""How precisely is the pain located?"", ""value"": ""1""}, {""finding"": ""How fast did the pain appear?"", ""value"": ""5""}, {""finding"": ""Do you have a cough that produces colored or more abundant sputum than usual?"", ""value"": ""yes""}, {""finding"": ""Do you drink alcohol excessively or do you have an addiction to alcohol?"", ""value"": ""yes""}, {""finding"": ""Do you have a fever (either felt or measured with a thermometer)?"", ""value"": ""yes""}, {""finding"": ""Have you had chills or shivers?"", ""value"": ""yes""}, {""finding"": ""Do you have Parkinson\u2019s disease?"", ""value"": ""yes""}, {""finding"": ""Do you have heart failure?"", ""value"": ""yes""}, {""finding"": ""Do you have asthma or have you ever had to use a bronchodilator in the past?"", ""value"": ""yes""}, {""finding"": ""Do you have any lesions, redness or problems on your skin that you believe are related to the condition you are consulting for?"", ""value"": ""yes""}, {""finding"": ""What color is the rash?"", ""value"": ""pink""}, {""finding"": ""Do your lesions peel off?"", ""value"": ""Y""}, {""finding"": ""Is the rash swollen?"", ""value"": ""5""}, {""finding"": ""Where is the affected region located?"", ""value"": ""buttock(R)""}, {""finding"": ""Where is the affected region located?"", ""value"": ""flank(L)""}, {""finding"": ""Where is the affected region located?"", ""value"": ""posterior chest wall(R)""}, {""finding"": ""Where is the affected region located?"", ""value"": ""shoulder(R)""}, {""finding"": ""How intense is the pain caused by the rash?"", ""value"": ""3""}, {""finding"": ""Is the lesion (or are the lesions) larger than 1cm?"", ""value"": ""N""}, {""finding"": ""How severe is the itching?"", ""value"": ""5""}, {""finding"": ""Do you have diffuse (widespread) muscle pain?"", ""value"": ""yes""}, {""finding"": ""Have you recently had a loss of appetite or do you get full more quickly then usually?"", ""value"": ""yes""}, {""finding"": ""Do you have nasal congestion or a clear runny nose?"", ""value"": ""yes""}, {""finding"": ""Do you have a cough?"", ""value"": ""yes""}, {""finding"": ""Have you traveled out of the country in the last 4 weeks?"", ""value"": ""N""}, {""finding"": ""Do you have pain that is increased when you breathe in deeply?"", ""value"": ""yes""}]}

Candidate pathologies:
- URTI
- Pneumonia
- Influenza
- Bronchiectasis
- HIV (initial infection)
- Possible NSTEMI / STEMI
- Tuberculosis
- Bronchitis
- Scombroid food poisoning
- Sarcoidosis
- Panic attack
- Pericarditis
- Unstable angina
- GERD
- Stable angina
- Chagas
- Boerhaave","There are 17 candidate pathologies. Estimate the probability (0 to 1) that your chosen pathology is the correct diagnosis for this patient, given only the symptoms and candidates provided. A uniform prior would assign 0.06 to each candidate. Respond with ONLY valid JSON: {""Answer"": ""<pathology>"", ""Confidence"": ""0.XX""}",29,F,Pneumonia,"[[""Pneumonia"", 0.10401151776483007], [""Bronchitis"", 0.09780508805195376], [""Influenza"", 0.08705097443618075], [""URTI"", 0.08439036978008407], [""GERD"", 0.08414899081754544], [""Pericarditis"", 0.08178388429348292], [""Unstable angina"", 0.06985876606664701], [""Possible NSTEMI / STEMI"", 0.06780338293939674], [""HIV (initial infection)"", 0.06631314255176587], [""Tuberculosis"", 0.055816206708950634], [""Stable angina"", 0.053804917939237785], [""Bronchiectasis"", 0.047589794518980016], [""Boerhaave"", 0.044772972142790794], [""Scombroid food poisoning"", 0.04433813834929569], [""Chagas"", 0.007004079729751168], [""Panic attack"", 0.0020203338903004193], [""Sarcoidosis"", 0.0014874400188067379]]"
med_test_00172_c0,"You are a diagnostic reasoning assistant. Based on the patient vignette below, pick the single most likely pathology from the candidate list. You MUST commit to one diagnosis — do not hedge or list alternatives.

{""patient"": {""age"": 77, ""sex"": ""female""}, ""findings"": [{""finding"": ""Have you had significantly increased sweating?"", ""value"": ""yes""}, {""finding"": ""Do you have pain somewhere, related to your reason for consulting?"", ""value"": ""yes""}, {""finding"": ""Characterize your pain:"", ""value"": ""exhausting""}, {""finding"": ""Do you feel pain somewhere?"", ""value"": ""back of head""}, {""finding"": ""Do you feel pain somewhere?"", ""value"": ""side of the neck(R)""}, {""finding"": ""Do you feel pain somewhere?"", ""value"": ""top of the head""}, {""finding"": ""Do you feel pain somewhere?"", ""value"": ""occiput""}, {""finding"": ""Do you feel pain somewhere?"", ""value"": ""pharynx""}, {""finding"": ""How intense is the pain?"", ""value"": ""8""}, {""finding"": ""Does the pain radiate to another location?"", ""value"": ""nowhere""}, {""finding"": ""How precisely is the pain located?"", ""value"": ""7""}, {""finding"": ""How fast did the pain appear?"", ""value"": ""1""}, {""finding"": ""Do you feel so tired that you are unable to do your usual activities or are you stuck in your bed all day long?"", ""value"": ""yes""}, {""finding"": ""Do you have a fever (either felt or measured with a thermometer)?"", ""value"": ""yes""}, {""finding"": ""Have you had chills or shivers?"", ""value"": ""yes""}, {""finding"": ""Do you have a sore throat?"", ""value"": ""yes""}, {""finding"": ""Do you have any lesions, redness or problems on your skin that you believe are related to the condition you are consulting for?"", ""value"": ""yes""}, {""finding"": ""What color is the rash?"", ""value"": ""pink""}, {""finding"": ""Do your lesions peel off?"", ""value"": ""N""}, {""finding"": ""Is the rash swollen?"", ""value"": ""3""}, {""finding"": ""Where is the affected region located?"", ""value"": ""side of the neck(L)""}, {""finding"": ""How intense is the pain caused by the rash?"", ""value"": ""0""}, {""finding"": ""Is the lesion (or are the lesions) larger than 1cm?"", ""value"": ""Y""}, {""finding"": ""How severe is the itching?"", ""value"": ""0""}, {""finding"": ""Have you recently had a loss of appetite or do you get full more quickly then usually?"", ""value"": ""yes""}, {""finding"": ""Do you have nasal congestion or a clear runny nose?"", ""value"": ""yes""}, {""finding"": ""Do you have a cough?"", ""value"": ""yes""}, {""finding"": ""Have you traveled out of the country in the last 4 weeks?"", ""value"": ""N""}]}

Candidate pathologies:
- Bronchitis
- Epiglottitis
- Possible NSTEMI / STEMI
- HIV (initial infection)
- Pneumonia
- Acute laryngitis
- Scombroid food poisoning
- Viral pharyngitis
- Chagas
- URTI
- Tuberculosis
- Anemia
- Influenza
- Anaphylaxis","There are 14 candidate pathologies. Estimate the probability (0 to 1) that your chosen pathology is the correct diagnosis for this patient, given only the symptoms and candidates provided. A uniform prior would assign 0.07 to each candidate. Respond with ONLY valid JSON: {""Answer"": ""<pathology>"", ""Confidence"": ""0.XX""}",77,F,Influenza,"[[""Influenza"", 0.11815691401355222], [""URTI"", 0.11393635681144686], [""HIV (initial infection)"", 0.10270969225049953], [""Viral pharyngitis"", 0.10115117897037162], [""Bronchitis"", 0.07491031886644281], [""Acute laryngitis"", 0.07051917683613967], [""Epiglottitis"", 0.07038200134431712], [""Chagas"", 0.06763106323213554], [""Tuberculosis"", 0.061853048271973736], [""Pneumonia"", 0.05602950213105052], [""Scombroid food poisoning"", 0.051766622376943364], [""Possible NSTEMI / STEMI"", 0.042874180005970645], [""Anemia"", 0.04095907014600976], [""Anaphylaxis"", 0.02712087474314635]]"
med_test_00173_c0,"You are a diagnostic reasoning assistant. Based on the patient vignette below, pick the single most likely pathology from the candidate list. You MUST commit to one diagnosis — do not hedge or list alternatives.

{""patient"": {""age"": 49, ""sex"": ""male""}, ""findings"": [{""finding"": ""Do you have a known severe food allergy?"", ""value"": ""yes""}, {""finding"": ""Have you been in contact with or ate something that you have an allergy to?"", ""value"": ""yes""}, {""finding"": ""Have you had diarrhea or an increase in stool frequency?"", ""value"": ""yes""}, {""finding"": ""Do you have pain somewhere, related to your reason for consulting?"", ""value"": ""yes""}, {""finding"": ""Characterize your pain:"", ""value"": ""a knife stroke""}, {""finding"": ""Characterize your pain:"", ""value"": ""a cramp""}, {""finding"": ""Characterize your pain:"", ""value"": ""sharp""}, {""finding"": ""Do you feel pain somewhere?"", ""value"": ""flank(L)""}, {""finding"": ""Do you feel pain somewhere?"", ""value"": ""iliac fossa(L)""}, {""finding"": ""Do you feel pain somewhere?"", ""value"": ""hypochondrium(L)""}, {""finding"": ""Do you feel pain somewhere?"", ""value"": ""pubis""}, {""finding"": ""Do you feel pain somewhere?"", ""value"": ""belly""}, {""finding"": ""How intense is the pain?"", ""value"": ""8""}, {""finding"": ""Does the pain radiate to another location?"", ""value"": ""nowhere""}, {""finding"": ""How precisely is the pain located?"", ""value"": ""5""}, {""finding"": ""How fast did the pain appear?"", ""value"": ""5""}, {""finding"": ""Do you feel lightheaded and dizzy or do you feel like you are about to faint?"", ""value"": ""yes""}, {""finding"": ""Do you have any lesions, redness or problems on your skin that you believe are related to the condition you are consulting for?"", ""value"": ""yes""}, {""finding"": ""What color is the rash?"", ""value"": ""pink""}, {""finding"": ""Do your lesions peel off?"", ""value"": ""N""}, {""finding"": ""Is the rash swollen?"", ""value"": ""0""}, {""finding"": ""Where is the affected region located?"", ""value"": ""biceps(L)""}, {""finding"": ""Where is the affected region located?"", ""value"": ""mouth""}, {""finding"": ""Where is the affected region located?"", ""value"": ""thyroid cartilage""}, {""finding"": ""Where is the affected region located?"", ""value"": ""ankle(R)""}, {""finding"": ""Where is the affected region located?"", ""value"": ""ankle(L)""}, {""finding"": ""How intense is the pain caused by the rash?"", ""value"": ""2""}, {""finding"": ""Is the lesion (or are the lesions) larger than 1cm?"", ""value"": ""Y""}, {""finding"": ""How severe is the itching?"", ""value"": ""9""}, {""finding"": ""Do you have swelling in one or more areas of your body?"", ""value"": ""yes""}, {""finding"": ""Where is the swelling located?"", ""value"": ""forehead""}, {""finding"": ""Where is the swelling located?"", ""value"": ""cheek(R)""}, {""finding"": ""Did you lose consciousness?"", ""value"": ""yes""}, {""finding"": ""Have you noticed a high pitched sound when breathing in?"", ""value"": ""yes""}, {""finding"": ""Have you traveled out of the country in the last 4 weeks?"", ""value"": ""N""}]}

Candidate pathologies:
- Pancreatic neoplasm
- GERD
- Anaphylaxis
- PSVT
- Larygospasm
- Localized edema
- Anemia
- Chagas
- Pulmonary embolism
- Inguinal hernia","There are 10 candidate pathologies. Estimate the probability (0 to 1) that your chosen pathology is the correct diagnosis for this patient, given only the symptoms and candidates provided. A uniform prior would assign 0.10 to each candidate. Respond with ONLY valid JSON: {""Answer"": ""<pathology>"", ""Confidence"": ""0.XX""}",49,M,Anaphylaxis,"[[""Anaphylaxis"", 0.18690835992816227], [""Pancreatic neoplasm"", 0.12415388323091815], [""Localized edema"", 0.12393486085829131], [""GERD"", 0.1173314607681217], [""Larygospasm"", 0.10653776290830066], [""Inguinal hernia"", 0.10316471753927439], [""Anemia"", 0.09121786029843325], [""PSVT"", 0.08251453037147792], [""Chagas"", 0.06423656409702028], [""Pulmonary embolism"", 0.0]]"
med_test_00174_c0,"You are a diagnostic reasoning assistant. Based on the patient vignette below, pick the single most likely pathology from the candidate list. You MUST commit to one diagnosis — do not hedge or list alternatives.

{""patient"": {""age"": 9, ""sex"": ""male""}, ""findings"": [{""finding"": ""Have you been coughing up blood?"", ""value"": ""yes""}, {""finding"": ""Do you have pain somewhere, related to your reason for consulting?"", ""value"": ""yes""}, {""finding"": ""Characterize your pain:"", ""value"": ""a knife stroke""}, {""finding"": ""Do you feel pain somewhere?"", ""value"": ""lower chest""}, {""finding"": ""Do you feel pain somewhere?"", ""value"": ""side of the chest(R)""}, {""finding"": ""Do you feel pain somewhere?"", ""value"": ""side of the chest(L)""}, {""finding"": ""Do you feel pain somewhere?"", ""value"": ""breast(R)""}, {""finding"": ""Do you feel pain somewhere?"", ""value"": ""posterior chest wall(R)""}, {""finding"": ""How intense is the pain?"", ""value"": ""1""}, {""finding"": ""Does the pain radiate to another location?"", ""value"": ""nowhere""}, {""finding"": ""How precisely is the pain located?"", ""value"": ""5""}, {""finding"": ""How fast did the pain appear?"", ""value"": ""6""}, {""finding"": ""Are you experiencing shortness of breath or difficulty breathing in a significant way?"", ""value"": ""yes""}, {""finding"": ""Do you have a cough that produces colored or more abundant sputum than usual?"", ""value"": ""yes""}, {""finding"": ""Do you smoke cigarettes?"", ""value"": ""yes""}, {""finding"": ""Have you had chills or shivers?"", ""value"": ""yes""}, {""finding"": ""Do you have Parkinson\u2019s disease?"", ""value"": ""yes""}, {""finding"": ""Have you ever had pneumonia?"", ""value"": ""yes""}, {""finding"": ""Do you have asthma or have you ever had to use a bronchodilator in the past?"", ""value"": ""yes""}, {""finding"": ""Do you have any lesions, redness or problems on your skin that you believe are related to the condition you are consulting for?"", ""value"": ""yes""}, {""finding"": ""What color is the rash?"", ""value"": ""pink""}, {""finding"": ""Do your lesions peel off?"", ""value"": ""Y""}, {""finding"": ""Is the rash swollen?"", ""value"": ""0""}, {""finding"": ""Where is the affected region located?"", ""value"": ""lumbar spine""}, {""finding"": ""Where is the affected region located?"", ""value"": ""commissure(R)""}, {""finding"": ""Where is the affected region located?"", ""value"": ""side of the neck(L)""}, {""finding"": ""Where is the affected region located?"", ""value"": ""flank(R)""}, {""finding"": ""Where is the affected region located?"", ""value"": ""flank(L)""}, {""finding"": ""How intense is the pain caused by the rash?"", ""value"": ""5""}, {""finding"": ""Is the lesion (or are the lesions) larger than 1cm?"", ""value"": ""N""}, {""finding"": ""How severe is the itching?"", ""value"": ""3""}, {""finding"": ""Do you have diffuse (widespread) muscle pain?"", ""value"": ""yes""}, {""finding"": ""Do you have a cough?"", ""value"": ""yes""}, {""finding"": ""Have you traveled out of the country in the last 4 weeks?"", ""value"": ""N""}, {""finding"": ""Do you have pain that is increased when you breathe in deeply?"", ""value"": ""yes""}]}

Candidate pathologies:
- Pneumonia
- Sarcoidosis
- Spontaneous pneumothorax
- Bronchitis
- Guillain-Barré syndrome
- Pulmonary embolism
- Atrial fibrillation
- GERD
- Tuberculosis
- Bronchospasm / acute asthma exacerbation
- Panic attack
- Myocarditis","There are 12 candidate pathologies. Estimate the probability (0 to 1) that your chosen pathology is the correct diagnosis for this patient, given only the symptoms and candidates provided. A uniform prior would assign 0.08 to each candidate. Respond with ONLY valid JSON: {""Answer"": ""<pathology>"", ""Confidence"": ""0.XX""}",9,M,Pneumonia,"[[""Pneumonia"", 0.12130071415996244], [""Bronchitis"", 0.1124948816431471], [""Pulmonary embolism"", 0.10585206330310756], [""Panic attack"", 0.09253821154833504], [""Spontaneous pneumothorax"", 0.09167424283029225], [""GERD"", 0.0912559610226669], [""Tuberculosis"", 0.0881271880317192], [""Myocarditis"", 0.0724206713811252], [""Guillain-Barr\u00e9 syndrome"", 0.061657245540634655], [""Bronchospasm / acute asthma exacerbation"", 0.05983383938888938], [""Atrial fibrillation"", 0.05889381910420461], [""Sarcoidosis"", 0.04395116204591577]]"
med_test_00175_c0,"You are a diagnostic reasoning assistant. Based on the patient vignette below, pick the single most likely pathology from the candidate list. You MUST commit to one diagnosis — do not hedge or list alternatives.

{""patient"": {""age"": 42, ""sex"": ""female""}, ""findings"": [{""finding"": ""Have you had significantly increased sweating?"", ""value"": ""yes""}, {""finding"": ""Do you have pain somewhere, related to your reason for consulting?"", ""value"": ""yes""}, {""finding"": ""Characterize your pain:"", ""value"": ""sensitive""}, {""finding"": ""Characterize your pain:"", ""value"": ""heavy""}, {""finding"": ""Do you feel pain somewhere?"", ""value"": ""cheek(R)""}, {""finding"": ""Do you feel pain somewhere?"", ""value"": ""cheek(L)""}, {""finding"": ""Do you feel pain somewhere?"", ""value"": ""temple(R)""}, {""finding"": ""How intense is the pain?"", ""value"": ""3""}, {""finding"": ""Does the pain radiate to another location?"", ""value"": ""nowhere""}, {""finding"": ""How precisely is the pain located?"", ""value"": ""1""}, {""finding"": ""How fast did the pain appear?"", ""value"": ""2""}, {""finding"": ""Do you have a cough that produces colored or more abundant sputum than usual?"", ""value"": ""yes""}, {""finding"": ""Do you smoke cigarettes?"", ""value"": ""yes""}, {""finding"": ""Do you have a sore throat?"", ""value"": ""yes""}, {""finding"": ""Do you have diffuse (widespread) muscle pain?"", ""value"": ""yes""}, {""finding"": ""Do you have nasal congestion or a clear runny nose?"", ""value"": ""yes""}, {""finding"": ""Do you have a cough?"", ""value"": ""yes""}, {""finding"": ""Have you traveled out of the country in the last 4 weeks?"", ""value"": ""N""}, {""finding"": ""Are you exposed to secondhand cigarette smoke on a daily basis?"", ""value"": ""yes""}]}

Candidate pathologies:
- Bronchitis
- URTI
- Chagas
- Pneumonia
- Acute rhinosinusitis
- Cluster headache
- Influenza
- Chronic rhinosinusitis
- Anemia
- Bronchiectasis","There are 10 candidate pathologies. Estimate the probability (0 to 1) that your chosen pathology is the correct diagnosis for this patient, given only the symptoms and candidates provided. A uniform prior would assign 0.10 to each candidate. Respond with ONLY valid JSON: {""Answer"": ""<pathology>"", ""Confidence"": ""0.XX""}",42,F,URTI,"[[""URTI"", 0.15291153537449462], [""Bronchitis"", 0.14072405277194536], [""Pneumonia"", 0.13054458291682006], [""Influenza"", 0.12152281422316316], [""Cluster headache"", 0.11404248063513425], [""Bronchiectasis"", 0.09553933575507233], [""Chronic rhinosinusitis"", 0.0918977915730059], [""Acute rhinosinusitis"", 0.06602424425598917], [""Chagas"", 0.043396581247187684], [""Anemia"", 0.043396581247187684]]"
med_test_00176_c0,"You are a diagnostic reasoning assistant. Based on the patient vignette below, pick the single most likely pathology from the candidate list. You MUST commit to one diagnosis — do not hedge or list alternatives.

{""patient"": {""age"": 72, ""sex"": ""female""}, ""findings"": [{""finding"": ""Do you have cystic fibrosis?"", ""value"": ""yes""}, {""finding"": ""Are you experiencing shortness of breath or difficulty breathing in a significant way?"", ""value"": ""yes""}, {""finding"": ""Do you have a cough that produces colored or more abundant sputum than usual?"", ""value"": ""yes""}, {""finding"": ""Do you have a chronic obstructive pulmonary disease (COPD)?"", ""value"": ""yes""}, {""finding"": ""Do you have asthma or have you ever had to use a bronchodilator in the past?"", ""value"": ""yes""}, {""finding"": ""Do you have a cough?"", ""value"": ""yes""}, {""finding"": ""Have you traveled out of the country in the last 4 weeks?"", ""value"": ""N""}, {""finding"": ""Are you immunosuppressed?"", ""value"": ""yes""}]}

Candidate pathologies:
- Anemia
- Bronchitis
- Bronchiectasis
- Guillain-Barré syndrome
- Tuberculosis
- PSVT
- Pulmonary embolism
- Atrial fibrillation
- Acute dystonic reactions
- Myasthenia gravis
- Pneumonia
- Myocarditis
- Acute COPD exacerbation / infection
- Pulmonary neoplasm
- Chagas
- Bronchospasm / acute asthma exacerbation","There are 16 candidate pathologies. Estimate the probability (0 to 1) that your chosen pathology is the correct diagnosis for this patient, given only the symptoms and candidates provided. A uniform prior would assign 0.06 to each candidate. Respond with ONLY valid JSON: {""Answer"": ""<pathology>"", ""Confidence"": ""0.XX""}",72,F,Bronchiectasis,"[[""Bronchitis"", 0.11403953766958734], [""Bronchiectasis"", 0.10647908192852255], [""Pneumonia"", 0.10367395752980214], [""Pulmonary neoplasm"", 0.0949140373385399], [""Acute COPD exacerbation / infection"", 0.0855520536669618], [""Guillain-Barr\u00e9 syndrome"", 0.06123124585500607], [""Bronchospasm / acute asthma exacerbation"", 0.059420437905477026], [""Atrial fibrillation"", 0.05848691236998595], [""Myocarditis"", 0.057759893079048316], [""Pulmonary embolism"", 0.051881933162426654], [""Acute dystonic reactions"", 0.04311967893389692], [""Myasthenia gravis"", 0.04311967893389692], [""Anemia"", 0.04311967893389692], [""Tuberculosis"", 0.041190904603341495], [""PSVT"", 0.023033011844721816], [""Chagas"", 0.012977956244888417]]"
med_test_00177_c0,"You are a diagnostic reasoning assistant. Based on the patient vignette below, pick the single most likely pathology from the candidate list. You MUST commit to one diagnosis — do not hedge or list alternatives.

{""patient"": {""age"": 52, ""sex"": ""female""}, ""findings"": [{""finding"": ""Do you have a known severe food allergy?"", ""value"": ""yes""}, {""finding"": ""Have you been in contact with or ate something that you have an allergy to?"", ""value"": ""yes""}, {""finding"": ""Do you have pain somewhere, related to your reason for consulting?"", ""value"": ""yes""}, {""finding"": ""Characterize your pain:"", ""value"": ""a knife stroke""}, {""finding"": ""Characterize your pain:"", ""value"": ""a cramp""}, {""finding"": ""Characterize your pain:"", ""value"": ""sharp""}, {""finding"": ""Do you feel pain somewhere?"", ""value"": ""hypochondrium(R)""}, {""finding"": ""Do you feel pain somewhere?"", ""value"": ""hypochondrium(L)""}, {""finding"": ""Do you feel pain somewhere?"", ""value"": ""belly""}, {""finding"": ""Do you feel pain somewhere?"", ""value"": ""epigastric""}, {""finding"": ""How intense is the pain?"", ""value"": ""4""}, {""finding"": ""Does the pain radiate to another location?"", ""value"": ""nowhere""}, {""finding"": ""How precisely is the pain located?"", ""value"": ""2""}, {""finding"": ""How fast did the pain appear?"", ""value"": ""5""}, {""finding"": ""Are you experiencing shortness of breath or difficulty breathing in a significant way?"", ""value"": ""yes""}, {""finding"": ""Do you feel lightheaded and dizzy or do you feel like you are about to faint?"", ""value"": ""yes""}, {""finding"": ""Do you have any lesions, redness or problems on your skin that you believe are related to the condition you are consulting for?"", ""value"": ""yes""}, {""finding"": ""What color is the rash?"", ""value"": ""pink""}, {""finding"": ""Do your lesions peel off?"", ""value"": ""N""}, {""finding"": ""Is the rash swollen?"", ""value"": ""4""}, {""finding"": ""Where is the affected region located?"", ""value"": ""back of the neck""}, {""finding"": ""Where is the affected region located?"", ""value"": ""biceps(R)""}, {""finding"": ""Where is the affected region located?"", ""value"": ""thyroid cartilage""}, {""finding"": ""Where is the affected region located?"", ""value"": ""ankle(R)""}, {""finding"": ""Where is the affected region located?"", ""value"": ""ankle(L)""}, {""finding"": ""How intense is the pain caused by the rash?"", ""value"": ""1""}, {""finding"": ""Is the lesion (or are the lesions) larger than 1cm?"", ""value"": ""Y""}, {""finding"": ""How severe is the itching?"", ""value"": ""10""}, {""finding"": ""Are you feeling nauseous or do you feel like vomiting?"", ""value"": ""yes""}, {""finding"": ""Do you have swelling in one or more areas of your body?"", ""value"": ""yes""}, {""finding"": ""Where is the swelling located?"", ""value"": ""cheek(R)""}, {""finding"": ""Where is the swelling located?"", ""value"": ""cheek(L)""}, {""finding"": ""Where is the swelling located?"", ""value"": ""nose""}, {""finding"": ""Did you lose consciousness?"", ""value"": ""yes""}, {""finding"": ""Have you noticed a high pitched sound when breathing in?"", ""value"": ""yes""}, {""finding"": ""Have you traveled out of the country in the last 4 weeks?"", ""value"": ""N""}, {""finding"": ""Have you noticed a wheezing sound when you exhale?"", ""value"": ""yes""}, {""finding"": ""Are you more likely to develop common allergies than the general population?"", ""value"": ""yes""}]}

Candidate pathologies:
- PSVT
- Boerhaave
- Anemia
- Atrial fibrillation
- Larygospasm
- Acute dystonic reactions
- Stable angina
- Unstable angina
- SLE
- Chagas
- Bronchospasm / acute asthma exacerbation
- Acute COPD exacerbation / infection
- Possible NSTEMI / STEMI
- Panic attack
- Pericarditis
- Myasthenia gravis
- Anaphylaxis
- Pulmonary embolism
- Guillain-Barré syndrome
- GERD
- Acute pulmonary edema","There are 21 candidate pathologies. Estimate the probability (0 to 1) that your chosen pathology is the correct diagnosis for this patient, given only the symptoms and candidates provided. A uniform prior would assign 0.05 to each candidate. Respond with ONLY valid JSON: {""Answer"": ""<pathology>"", ""Confidence"": ""0.XX""}",52,F,Anaphylaxis,"[[""Anaphylaxis"", 0.07970521054529604], [""Panic attack"", 0.06574233874983786], [""Pulmonary embolism"", 0.06526613133281381], [""Bronchospasm / acute asthma exacerbation"", 0.06148448419762284], [""Possible NSTEMI / STEMI"", 0.060566689870866684], [""Unstable angina"", 0.05780830596121742], [""Acute pulmonary edema"", 0.05706427123088787], [""Boerhaave"", 0.052412888526653635], [""GERD"", 0.05041420837882376], [""Pericarditis"", 0.04948141314627934], [""Anemia"", 0.04863358337813683], [""Larygospasm"", 0.044406954046195754], [""Stable angina"", 0.043214417391754786], [""PSVT"", 0.04040810416415853], [""Guillain-Barr\u00e9 syndrome"", 0.03802132896249529], [""Atrial fibrillation"", 0.03631724463823015], [""Acute COPD exacerbation / infection"", 0.033910820872457094], [""Chagas"", 0.031003309075032976], [""SLE"", 0.030588266469766867], [""Acute dystonic reactions"", 0.026775014530736278], [""Myasthenia gravis"", 0.026775014530736278]]"
med_test_00178_c0,"You are a diagnostic reasoning assistant. Based on the patient vignette below, pick the single most likely pathology from the candidate list. You MUST commit to one diagnosis — do not hedge or list alternatives.

{""patient"": {""age"": 22, ""sex"": ""female""}, ""findings"": [{""finding"": ""Are you experiencing shortness of breath or difficulty breathing in a significant way?"", ""value"": ""yes""}, {""finding"": ""Do you have any family members who have asthma?"", ""value"": ""yes""}, {""finding"": ""Have you been hospitalized for an asthma attack in the past year?"", ""value"": ""yes""}, {""finding"": ""Have you had a cold in the last 2 weeks?"", ""value"": ""yes""}, {""finding"": ""Have you been diagnosed with chronic sinusitis?"", ""value"": ""yes""}, {""finding"": ""Do you have asthma or have you ever had to use a bronchodilator in the past?"", ""value"": ""yes""}, {""finding"": ""Have you traveled out of the country in the last 4 weeks?"", ""value"": ""N""}, {""finding"": ""Have you noticed a wheezing sound when you exhale?"", ""value"": ""yes""}, {""finding"": ""Are you exposed to secondhand cigarette smoke on a daily basis?"", ""value"": ""yes""}, {""finding"": ""Are you more likely to develop common allergies than the general population?"", ""value"": ""yes""}]}

Candidate pathologies:
- Pulmonary embolism
- Anemia
- Acute pulmonary edema
- Scombroid food poisoning
- PSVT
- SLE
- Bronchospasm / acute asthma exacerbation
- Myasthenia gravis
- Atrial fibrillation
- Acute dystonic reactions
- Myocarditis
- Anaphylaxis
- Guillain-Barré syndrome","There are 13 candidate pathologies. Estimate the probability (0 to 1) that your chosen pathology is the correct diagnosis for this patient, given only the symptoms and candidates provided. A uniform prior would assign 0.08 to each candidate. Respond with ONLY valid JSON: {""Answer"": ""<pathology>"", ""Confidence"": ""0.XX""}",22,F,Bronchospasm / acute asthma exacerbation,"[[""Bronchospasm / acute asthma exacerbation"", 0.14263923990808766], [""Pulmonary embolism"", 0.1030206930162006], [""Acute pulmonary edema"", 0.09649990860151195], [""Anaphylaxis"", 0.09649990860151195], [""Guillain-Barr\u00e9 syndrome"", 0.08820653754000866], [""Atrial fibrillation"", 0.08425319392942884], [""Myocarditis"", 0.08320588787705399], [""Acute dystonic reactions"", 0.062115959351902394], [""Myasthenia gravis"", 0.062115959351902394], [""Anemia"", 0.062115959351902394], [""Scombroid food poisoning"", 0.057389873479634604], [""PSVT"", 0.033180154928610144], [""SLE"", 0.028756724062244308]]"
med_test_00179_c0,"You are a diagnostic reasoning assistant. Based on the patient vignette below, pick the single most likely pathology from the candidate list. You MUST commit to one diagnosis — do not hedge or list alternatives.

{""patient"": {""age"": 70, ""sex"": ""male""}, ""findings"": [{""finding"": ""Do you have a known severe food allergy?"", ""value"": ""yes""}, {""finding"": ""Have you been in contact with or ate something that you have an allergy to?"", ""value"": ""yes""}, {""finding"": ""Have you had diarrhea or an increase in stool frequency?"", ""value"": ""yes""}, {""finding"": ""Do you have pain somewhere, related to your reason for consulting?"", ""value"": ""yes""}, {""finding"": ""Characterize your pain:"", ""value"": ""a knife stroke""}, {""finding"": ""Characterize your pain:"", ""value"": ""sharp""}, {""finding"": ""Do you feel pain somewhere?"", ""value"": ""flank(L)""}, {""finding"": ""Do you feel pain somewhere?"", ""value"": ""iliac fossa(L)""}, {""finding"": ""Do you feel pain somewhere?"", ""value"": ""hypochondrium(L)""}, {""finding"": ""Do you feel pain somewhere?"", ""value"": ""pubis""}, {""finding"": ""How intense is the pain?"", ""value"": ""6""}, {""finding"": ""Does the pain radiate to another location?"", ""value"": ""nowhere""}, {""finding"": ""How precisely is the pain located?"", ""value"": ""4""}, {""finding"": ""How fast did the pain appear?"", ""value"": ""6""}, {""finding"": ""Do you feel lightheaded and dizzy or do you feel like you are about to faint?"", ""value"": ""yes""}, {""finding"": ""Do you have any lesions, redness or problems on your skin that you believe are related to the condition you are consulting for?"", ""value"": ""yes""}, {""finding"": ""What color is the rash?"", ""value"": ""pink""}, {""finding"": ""Do your lesions peel off?"", ""value"": ""N""}, {""finding"": ""Is the rash swollen?"", ""value"": ""6""}, {""finding"": ""Where is the affected region located?"", ""value"": ""back of the neck""}, {""finding"": ""Where is the affected region located?"", ""value"": ""biceps(L)""}, {""finding"": ""Where is the affected region located?"", ""value"": ""mouth""}, {""finding"": ""Where is the affected region located?"", ""value"": ""cervical spine""}, {""finding"": ""Where is the affected region located?"", ""value"": ""lumbar spine""}, {""finding"": ""How intense is the pain caused by the rash?"", ""value"": ""3""}, {""finding"": ""Is the lesion (or are the lesions) larger than 1cm?"", ""value"": ""Y""}, {""finding"": ""How severe is the itching?"", ""value"": ""10""}, {""finding"": ""Are you feeling nauseous or do you feel like vomiting?"", ""value"": ""yes""}, {""finding"": ""Do you have swelling in one or more areas of your body?"", ""value"": ""yes""}, {""finding"": ""Where is the swelling located?"", ""value"": ""forehead""}, {""finding"": ""Where is the swelling located?"", ""value"": ""cheek(R)""}, {""finding"": ""Where is the swelling located?"", ""value"": ""cheek(L)""}, {""finding"": ""Where is the swelling located?"", ""value"": ""nose""}, {""finding"": ""Have you noticed a high pitched sound when breathing in?"", ""value"": ""yes""}, {""finding"": ""Have you traveled out of the country in the last 4 weeks?"", ""value"": ""N""}, {""finding"": ""Are you more likely to develop common allergies than the general population?"", ""value"": ""yes""}]}

Candidate pathologies:
- Larygospasm
- Boerhaave
- PSVT
- GERD
- Localized edema
- Inguinal hernia
- Chagas
- HIV (initial infection)
- Anemia
- Anaphylaxis
- Pancreatic neoplasm","There are 11 candidate pathologies. Estimate the probability (0 to 1) that your chosen pathology is the correct diagnosis for this patient, given only the symptoms and candidates provided. A uniform prior would assign 0.09 to each candidate. Respond with ONLY valid JSON: {""Answer"": ""<pathology>"", ""Confidence"": ""0.XX""}",70,M,Anaphylaxis,"[[""Anaphylaxis"", 0.15036941756227365], [""Localized edema"", 0.10053225518344251], [""Pancreatic neoplasm"", 0.09593889253118756], [""GERD"", 0.09517577438098002], [""HIV (initial infection)"", 0.09006529907020859], [""Inguinal hernia"", 0.08811275759409994], [""Larygospasm"", 0.08642024925994697], [""Boerhaave"", 0.08552551032153383], [""Anemia"", 0.07399320211683766], [""PSVT"", 0.06693332098974453], [""Chagas"", 0.06693332098974453]]"
med_test_00180_c0,"You are a diagnostic reasoning assistant. Based on the patient vignette below, pick the single most likely pathology from the candidate list. You MUST commit to one diagnosis — do not hedge or list alternatives.

{""patient"": {""age"": 36, ""sex"": ""female""}, ""findings"": [{""finding"": ""Do you have pain somewhere, related to your reason for consulting?"", ""value"": ""yes""}, {""finding"": ""Characterize your pain:"", ""value"": ""tedious""}, {""finding"": ""Characterize your pain:"", ""value"": ""exhausting""}, {""finding"": ""Do you feel pain somewhere?"", ""value"": ""lower chest""}, {""finding"": ""Do you feel pain somewhere?"", ""value"": ""thyroid cartilage""}, {""finding"": ""Do you feel pain somewhere?"", ""value"": ""upper chest""}, {""finding"": ""Do you feel pain somewhere?"", ""value"": ""breast(R)""}, {""finding"": ""Do you feel pain somewhere?"", ""value"": ""epigastric""}, {""finding"": ""How intense is the pain?"", ""value"": ""7""}, {""finding"": ""Does the pain radiate to another location?"", ""value"": ""biceps(L)""}, {""finding"": ""Does the pain radiate to another location?"", ""value"": ""thoracic spine""}, {""finding"": ""Does the pain radiate to another location?"", ""value"": ""trachea""}, {""finding"": ""Does the pain radiate to another location?"", ""value"": ""triceps(R)""}, {""finding"": ""Does the pain radiate to another location?"", ""value"": ""shoulder(R)""}, {""finding"": ""How precisely is the pain located?"", ""value"": ""3""}, {""finding"": ""How fast did the pain appear?"", ""value"": ""4""}, {""finding"": ""Are you experiencing shortness of breath or difficulty breathing in a significant way?"", ""value"": ""yes""}, {""finding"": ""Do you have diabetes?"", ""value"": ""yes""}, {""finding"": ""Do you drink alcohol excessively or do you have an addiction to alcohol?"", ""value"": ""yes""}, {""finding"": ""Do you smoke cigarettes?"", ""value"": ""yes""}, {""finding"": ""Do you constantly feel fatigued or do you have non-restful sleep?"", ""value"": ""yes""}, {""finding"": ""Do you have high blood pressure or do you take medications to treat high blood pressure?"", ""value"": ""yes""}, {""finding"": ""Have you ever had a heart attack or do you have angina (chest pain)?"", ""value"": ""yes""}, {""finding"": ""Do you exercise regularly, 4 times per week or more?"", ""value"": ""yes""}, {""finding"": ""Have you traveled out of the country in the last 4 weeks?"", ""value"": ""N""}, {""finding"": ""Do you have close family members who had a cardiovascular disease problem before the age of 50?"", ""value"": ""yes""}]}

Candidate pathologies:
- Anemia
- Atrial fibrillation
- Scombroid food poisoning
- Acute laryngitis
- PSVT
- Stable angina
- Possible NSTEMI / STEMI
- Myocarditis
- Anaphylaxis
- Pericarditis
- Chagas
- Pulmonary neoplasm
- GERD
- Acute dystonic reactions
- SLE
- Viral pharyngitis
- Pancreatic neoplasm","There are 17 candidate pathologies. Estimate the probability (0 to 1) that your chosen pathology is the correct diagnosis for this patient, given only the symptoms and candidates provided. A uniform prior would assign 0.06 to each candidate. Respond with ONLY valid JSON: {""Answer"": ""<pathology>"", ""Confidence"": ""0.XX""}",36,F,Stable angina,"[[""Possible NSTEMI / STEMI"", 0.10794783509614639], [""Anemia"", 0.08558382110025956], [""GERD"", 0.08283349658178521], [""Myocarditis"", 0.07796125850130622], [""Atrial fibrillation"", 0.07472245705597214], [""Pancreatic neoplasm"", 0.07306898407229566], [""Anaphylaxis"", 0.06868299535064532], [""SLE"", 0.06293512766378119], [""Pericarditis"", 0.06172017553660518], [""Pulmonary neoplasm"", 0.06154472821247738], [""Acute dystonic reactions"", 0.05508939054643743], [""Chagas"", 0.0461106217843024], [""Scombroid food poisoning"", 0.03484718290190493], [""Stable angina"", 0.03355892738517825], [""PSVT"", 0.029426809668963497], [""Acute laryngitis"", 0.027067446539347974], [""Viral pharyngitis"", 0.01689874200259119]]"
med_test_00181_c0,"You are a diagnostic reasoning assistant. Based on the patient vignette below, pick the single most likely pathology from the candidate list. You MUST commit to one diagnosis — do not hedge or list alternatives.

{""patient"": {""age"": 13, ""sex"": ""female""}, ""findings"": [{""finding"": ""Do you have pain somewhere, related to your reason for consulting?"", ""value"": ""yes""}, {""finding"": ""Characterize your pain:"", ""value"": ""burning""}, {""finding"": ""Do you feel pain somewhere?"", ""value"": ""upper chest""}, {""finding"": ""How intense is the pain?"", ""value"": ""5""}, {""finding"": ""Does the pain radiate to another location?"", ""value"": ""nowhere""}, {""finding"": ""How precisely is the pain located?"", ""value"": ""4""}, {""finding"": ""How fast did the pain appear?"", ""value"": ""2""}, {""finding"": ""Are you experiencing shortness of breath or difficulty breathing in a significant way?"", ""value"": ""yes""}, {""finding"": ""Do you have a cough that produces colored or more abundant sputum than usual?"", ""value"": ""yes""}, {""finding"": ""Do you smoke cigarettes?"", ""value"": ""yes""}, {""finding"": ""Do you have a sore throat?"", ""value"": ""yes""}, {""finding"": ""Do you have a chronic obstructive pulmonary disease (COPD)?"", ""value"": ""yes""}, {""finding"": ""Do you have a cough?"", ""value"": ""yes""}, {""finding"": ""Have you traveled out of the country in the last 4 weeks?"", ""value"": ""N""}]}

Candidate pathologies:
- Anemia
- Panic attack
- Bronchiectasis
- Sarcoidosis
- Chagas
- Myasthenia gravis
- Spontaneous rib fracture
- Spontaneous pneumothorax
- Myocarditis
- GERD
- Pulmonary embolism
- PSVT
- Pericarditis
- Bronchitis
- Atrial fibrillation
- Boerhaave
- Bronchospasm / acute asthma exacerbation
- Guillain-Barré syndrome
- Acute dystonic reactions
- Pneumonia
- Tuberculosis","There are 21 candidate pathologies. Estimate the probability (0 to 1) that your chosen pathology is the correct diagnosis for this patient, given only the symptoms and candidates provided. A uniform prior would assign 0.05 to each candidate. Respond with ONLY valid JSON: {""Answer"": ""<pathology>"", ""Confidence"": ""0.XX""}",13,F,Bronchitis,"[[""Bronchitis"", 0.08690182828283295], [""Bronchiectasis"", 0.08282691228852242], [""Pneumonia"", 0.08064488941301363], [""Panic attack"", 0.06769421352793477], [""GERD"", 0.06512270168484706], [""Pericarditis"", 0.061239243723803204], [""Boerhaave"", 0.057294047159197184], [""Myocarditis"", 0.05301762814782542], [""Spontaneous pneumothorax"", 0.047791969584787014], [""Guillain-Barr\u00e9 syndrome"", 0.047629965791346776], [""Bronchospasm / acute asthma exacerbation"", 0.04622139212137766], [""Atrial fibrillation"", 0.04549523036033694], [""Pulmonary embolism"", 0.03805585230616931], [""Acute dystonic reactions"", 0.0335415163267898], [""Myasthenia gravis"", 0.0335415163267898], [""Anemia"", 0.0335415163267898], [""Tuberculosis"", 0.03204118011607277], [""Spontaneous rib fracture"", 0.03191880145853678], [""Sarcoidosis"", 0.027467733555337045], [""PSVT"", 0.01791669515974895], [""Chagas"", 0.010095166337940737]]"
med_test_00182_c0,"You are a diagnostic reasoning assistant. Based on the patient vignette below, pick the single most likely pathology from the candidate list. You MUST commit to one diagnosis — do not hedge or list alternatives.

{""patient"": {""age"": 9, ""sex"": ""female""}, ""findings"": [{""finding"": ""Have you been diagnosed with hyperthyroidism?"", ""value"": ""yes""}, {""finding"": ""Do you have a known issue with one of your heart valves?"", ""value"": ""yes""}, {""finding"": ""Do you have severe Chronic Obstructive Pulmonary Disease (COPD)?"", ""value"": ""yes""}, {""finding"": ""Are you experiencing shortness of breath or difficulty breathing in a significant way?"", ""value"": ""yes""}, {""finding"": ""Are you significantly overweight compared to people of the same height as you?"", ""value"": ""yes""}, {""finding"": ""Do you feel slightly dizzy or lightheaded?"", ""value"": ""yes""}, {""finding"": ""Do you have high blood pressure or do you take medications to treat high blood pressure?"", ""value"": ""yes""}, {""finding"": ""Have you ever had a heart attack or do you have angina (chest pain)?"", ""value"": ""yes""}, {""finding"": ""Do you have a known heart defect?"", ""value"": ""yes""}, {""finding"": ""Do you feel your heart is beating fast (racing), irregularly (missing a beat) or do you feel palpitations?"", ""value"": ""yes""}, {""finding"": ""Have you traveled out of the country in the last 4 weeks?"", ""value"": ""N""}]}

Candidate pathologies:
- Atrial fibrillation
- Anaphylaxis
- Anemia
- Chagas
- Acute dystonic reactions
- Guillain-Barré syndrome
- SLE
- Myasthenia gravis
- Scombroid food poisoning
- Myocarditis
- PSVT","There are 11 candidate pathologies. Estimate the probability (0 to 1) that your chosen pathology is the correct diagnosis for this patient, given only the symptoms and candidates provided. A uniform prior would assign 0.09 to each candidate. Respond with ONLY valid JSON: {""Answer"": ""<pathology>"", ""Confidence"": ""0.XX""}",9,F,Atrial fibrillation,"[[""Atrial fibrillation"", 0.1713511442519201], [""PSVT"", 0.16222249721103962], [""Anemia"", 0.11981921837863452], [""Guillain-Barr\u00e9 syndrome"", 0.10952174501607694], [""Scombroid food poisoning"", 0.07712634971622519], [""Acute dystonic reactions"", 0.07712634971622519], [""Myasthenia gravis"", 0.07712634971622519], [""Anaphylaxis"", 0.07712634971622519], [""Myocarditis"", 0.06966105543804575], [""SLE"", 0.03570581827695326], [""Chagas"", 0.023213122562428905]]"
med_test_00183_c0,"You are a diagnostic reasoning assistant. Based on the patient vignette below, pick the single most likely pathology from the candidate list. You MUST commit to one diagnosis — do not hedge or list alternatives.

{""patient"": {""age"": 69, ""sex"": ""male""}, ""findings"": [{""finding"": ""Do you have pain somewhere, related to your reason for consulting?"", ""value"": ""yes""}, {""finding"": ""Characterize your pain:"", ""value"": ""haunting""}, {""finding"": ""Characterize your pain:"", ""value"": ""sensitive""}, {""finding"": ""Characterize your pain:"", ""value"": ""a knife stroke""}, {""finding"": ""Characterize your pain:"", ""value"": ""tugging""}, {""finding"": ""Characterize your pain:"", ""value"": ""burning""}, {""finding"": ""Characterize your pain:"", ""value"": ""sickening""}, {""finding"": ""Do you feel pain somewhere?"", ""value"": ""lower chest""}, {""finding"": ""Do you feel pain somewhere?"", ""value"": ""hypochondrium(L)""}, {""finding"": ""How intense is the pain?"", ""value"": ""5""}, {""finding"": ""Does the pain radiate to another location?"", ""value"": ""lower chest""}, {""finding"": ""Does the pain radiate to another location?"", ""value"": ""upper chest""}, {""finding"": ""How precisely is the pain located?"", ""value"": ""7""}, {""finding"": ""How fast did the pain appear?"", ""value"": ""1""}, {""finding"": ""Are you significantly overweight compared to people of the same height as you?"", ""value"": ""yes""}, {""finding"": ""Do you have a hiatal hernia?"", ""value"": ""yes""}, {""finding"": ""Do you have asthma or have you ever had to use a bronchodilator in the past?"", ""value"": ""yes""}, {""finding"": ""Have you recently had stools that were black (like coal)?"", ""value"": ""yes""}, {""finding"": ""Do you have a burning sensation that starts in your stomach then goes up into your throat, and can be associated with a bitter taste in your mouth?"", ""value"": ""yes""}, {""finding"": ""Do you have a cough?"", ""value"": ""yes""}, {""finding"": ""Have you traveled out of the country in the last 4 weeks?"", ""value"": ""N""}, {""finding"": ""Do you have symptoms that get worse after eating?"", ""value"": ""yes""}, {""finding"": ""Are your symptoms worse when lying down and alleviated while sitting up?"", ""value"": ""yes""}]}

Candidate pathologies:
- Anemia
- GERD
- Unstable angina
- Pancreatic neoplasm
- Spontaneous rib fracture
- Tuberculosis
- Possible NSTEMI / STEMI
- Stable angina
- Bronchitis
- Pericarditis","There are 10 candidate pathologies. Estimate the probability (0 to 1) that your chosen pathology is the correct diagnosis for this patient, given only the symptoms and candidates provided. A uniform prior would assign 0.10 to each candidate. Respond with ONLY valid JSON: {""Answer"": ""<pathology>"", ""Confidence"": ""0.XX""}",69,M,GERD,"[[""GERD"", 0.19124984033287531], [""Bronchitis"", 0.15297503032087276], [""Pericarditis"", 0.13342986443731705], [""Spontaneous rib fracture"", 0.10178669434626543], [""Unstable angina"", 0.10169490283011298], [""Anemia"", 0.07339567639837952], [""Possible NSTEMI / STEMI"", 0.07037964924652815], [""Tuberculosis"", 0.06245385648341029], [""Stable angina"", 0.05662612492974836], [""Pancreatic neoplasm"", 0.056008360674489985]]"
med_test_00184_c0,"You are a diagnostic reasoning assistant. Based on the patient vignette below, pick the single most likely pathology from the candidate list. You MUST commit to one diagnosis — do not hedge or list alternatives.

{""patient"": {""age"": 9, ""sex"": ""female""}, ""findings"": [{""finding"": ""Are you experiencing shortness of breath or difficulty breathing in a significant way?"", ""value"": ""yes""}, {""finding"": ""Do you feel lightheaded and dizzy or do you feel like you are about to faint?"", ""value"": ""yes""}, {""finding"": ""Did your cheeks suddenly turn red?"", ""value"": ""yes""}, {""finding"": ""Do you have any lesions, redness or problems on your skin that you believe are related to the condition you are consulting for?"", ""value"": ""yes""}, {""finding"": ""What color is the rash?"", ""value"": ""pink""}, {""finding"": ""Do your lesions peel off?"", ""value"": ""N""}, {""finding"": ""Is the rash swollen?"", ""value"": ""4""}, {""finding"": ""Where is the affected region located?"", ""value"": ""biceps(L)""}, {""finding"": ""Where is the affected region located?"", ""value"": ""mouth""}, {""finding"": ""Where is the affected region located?"", ""value"": ""ankle(R)""}, {""finding"": ""Where is the affected region located?"", ""value"": ""cervical spine""}, {""finding"": ""Where is the affected region located?"", ""value"": ""lumbar spine""}, {""finding"": ""How intense is the pain caused by the rash?"", ""value"": ""3""}, {""finding"": ""Is the lesion (or are the lesions) larger than 1cm?"", ""value"": ""Y""}, {""finding"": ""How severe is the itching?"", ""value"": ""10""}, {""finding"": ""Did you eat dark-fleshed fish (such as tuna) or Swiss cheese before the reaction occurred?"", ""value"": ""yes""}, {""finding"": ""Have you traveled out of the country in the last 4 weeks?"", ""value"": ""N""}]}

Candidate pathologies:
- Anaphylaxis
- Acute dystonic reactions
- Pulmonary embolism
- Panic attack
- Anemia
- Scombroid food poisoning
- SLE
- Myasthenia gravis
- Guillain-Barré syndrome
- Myocarditis
- Chagas","There are 11 candidate pathologies. Estimate the probability (0 to 1) that your chosen pathology is the correct diagnosis for this patient, given only the symptoms and candidates provided. A uniform prior would assign 0.09 to each candidate. Respond with ONLY valid JSON: {""Answer"": ""<pathology>"", ""Confidence"": ""0.XX""}",9,F,Scombroid food poisoning,"[[""Scombroid food poisoning"", 0.16460634982567343], [""Anaphylaxis"", 0.12882676986994773], [""Anemia"", 0.12544928090817434], [""Pulmonary embolism"", 0.11454678157484804], [""Guillain-Barr\u00e9 syndrome"", 0.09807519919789442], [""Panic attack"", 0.0942989731369669], [""Myocarditis"", 0.08330440687275778], [""Acute dystonic reactions"", 0.06906557333171501], [""Myasthenia gravis"", 0.06906557333171501], [""SLE"", 0.0319740635936906], [""Chagas"", 0.020787028356616857]]"
med_test_00185_c0,"You are a diagnostic reasoning assistant. Based on the patient vignette below, pick the single most likely pathology from the candidate list. You MUST commit to one diagnosis — do not hedge or list alternatives.

{""patient"": {""age"": 55, ""sex"": ""male""}, ""findings"": [{""finding"": ""Have you been coughing up blood?"", ""value"": ""yes""}, {""finding"": ""Do you have pain somewhere, related to your reason for consulting?"", ""value"": ""yes""}, {""finding"": ""Characterize your pain:"", ""value"": ""exhausting""}, {""finding"": ""Do you feel pain somewhere?"", ""value"": ""posterior chest wall(R)""}, {""finding"": ""How intense is the pain?"", ""value"": ""5""}, {""finding"": ""Does the pain radiate to another location?"", ""value"": ""nowhere""}, {""finding"": ""How precisely is the pain located?"", ""value"": ""2""}, {""finding"": ""How fast did the pain appear?"", ""value"": ""3""}, {""finding"": ""Do you smoke cigarettes?"", ""value"": ""yes""}, {""finding"": ""Do you constantly feel fatigued or do you have non-restful sleep?"", ""value"": ""yes""}, {""finding"": ""Have you recently had a loss of appetite or do you get full more quickly then usually?"", ""value"": ""yes""}, {""finding"": ""Have you had an involuntary weight loss over the last 3 months?"", ""value"": ""yes""}, {""finding"": ""Are you a former smoker?"", ""value"": ""yes""}, {""finding"": ""Do you have a cough?"", ""value"": ""yes""}, {""finding"": ""Have you traveled out of the country in the last 4 weeks?"", ""value"": ""N""}, {""finding"": ""Do you have family members who have had lung cancer?"", ""value"": ""yes""}]}

Candidate pathologies:
- Pulmonary embolism
- Spontaneous rib fracture
- Pancreatic neoplasm
- Pneumonia
- Unstable angina
- Anemia
- Possible NSTEMI / STEMI
- Tuberculosis
- Bronchitis
- Pulmonary neoplasm
- Stable angina","There are 11 candidate pathologies. Estimate the probability (0 to 1) that your chosen pathology is the correct diagnosis for this patient, given only the symptoms and candidates provided. A uniform prior would assign 0.09 to each candidate. Respond with ONLY valid JSON: {""Answer"": ""<pathology>"", ""Confidence"": ""0.XX""}",55,M,Pulmonary neoplasm,"[[""Pulmonary neoplasm"", 0.17191410951195327], [""Tuberculosis"", 0.13852479792180988], [""Bronchitis"", 0.1324131117878418], [""Possible NSTEMI / STEMI"", 0.12821822961095924], [""Spontaneous rib fracture"", 0.10009216406147933], [""Unstable angina"", 0.08460026997819252], [""Anemia"", 0.0635303021891726], [""Pancreatic neoplasm"", 0.05542874446932912], [""Pulmonary embolism"", 0.05189735147306707], [""Stable angina"", 0.04135767814384955], [""Pneumonia"", 0.03202324085234542]]"
med_test_00186_c0,"You are a diagnostic reasoning assistant. Based on the patient vignette below, pick the single most likely pathology from the candidate list. You MUST commit to one diagnosis — do not hedge or list alternatives.

{""patient"": {""age"": 17, ""sex"": ""female""}, ""findings"": [{""finding"": ""Do you feel anxious?"", ""value"": ""yes""}, {""finding"": ""Have you had significantly increased sweating?"", ""value"": ""yes""}, {""finding"": ""Do you have pain somewhere, related to your reason for consulting?"", ""value"": ""yes""}, {""finding"": ""Characterize your pain:"", ""value"": ""a cramp""}, {""finding"": ""Do you feel pain somewhere?"", ""value"": ""lower chest""}, {""finding"": ""Do you feel pain somewhere?"", ""value"": ""side of the chest(R)""}, {""finding"": ""Do you feel pain somewhere?"", ""value"": ""flank(L)""}, {""finding"": ""Do you feel pain somewhere?"", ""value"": ""hypochondrium(R)""}, {""finding"": ""Do you feel pain somewhere?"", ""value"": ""hypochondrium(L)""}, {""finding"": ""How intense is the pain?"", ""value"": ""7""}, {""finding"": ""Does the pain radiate to another location?"", ""value"": ""nowhere""}, {""finding"": ""How precisely is the pain located?"", ""value"": ""6""}, {""finding"": ""How fast did the pain appear?"", ""value"": ""7""}, {""finding"": ""Are you experiencing shortness of breath or difficulty breathing in a significant way?"", ""value"": ""yes""}, {""finding"": ""Have you ever been diagnosed with depression?"", ""value"": ""yes""}, {""finding"": ""Do you suffer from chronic anxiety?"", ""value"": ""yes""}, {""finding"": ""Do you feel lightheaded and dizzy or do you feel like you are about to faint?"", ""value"": ""yes""}, {""finding"": ""Do you feel like you are dying or were you afraid that you were about do die?"", ""value"": ""yes""}, {""finding"": ""Do you have asthma or have you ever had to use a bronchodilator in the past?"", ""value"": ""yes""}, {""finding"": ""Do you suffer from fibromyalgia?"", ""value"": ""yes""}, {""finding"": ""Are you feeling nauseous or do you feel like vomiting?"", ""value"": ""yes""}, {""finding"": ""Do you feel your heart is beating fast (racing), irregularly (missing a beat) or do you feel palpitations?"", ""value"": ""yes""}, {""finding"": ""Have you recently had numbness, loss of sensation or tingling, in both arms and legs and around your mouth?"", ""value"": ""yes""}, {""finding"": ""Do you feel like you are detached from your own body or your surroundings?"", ""value"": ""yes""}, {""finding"": ""Do you currently, or did you ever, have numbness, loss of sensitivity or tingling anywhere on your body?"", ""value"": ""yes""}, {""finding"": ""Have you ever had a head trauma?"", ""value"": ""yes""}, {""finding"": ""Have you traveled out of the country in the last 4 weeks?"", ""value"": ""N""}]}

Candidate pathologies:
- Boerhaave
- Scombroid food poisoning
- PSVT
- Myasthenia gravis
- Sarcoidosis
- Atrial fibrillation
- Anaphylaxis
- SLE
- Chagas
- Pulmonary embolism
- GERD
- HIV (initial infection)
- Pericarditis
- Spontaneous pneumothorax
- Panic attack
- Anemia
- Acute dystonic reactions
- Guillain-Barré syndrome","There are 18 candidate pathologies. Estimate the probability (0 to 1) that your chosen pathology is the correct diagnosis for this patient, given only the symptoms and candidates provided. A uniform prior would assign 0.06 to each candidate. Respond with ONLY valid JSON: {""Answer"": ""<pathology>"", ""Confidence"": ""0.XX""}",17,F,Panic attack,"[[""Panic attack"", 0.10848836756115346], [""PSVT"", 0.08948408393185102], [""Guillain-Barr\u00e9 syndrome"", 0.08136061743022358], [""Spontaneous pneumothorax"", 0.0712046958190044], [""Anaphylaxis"", 0.06859156372362386], [""Atrial fibrillation"", 0.06680588183654651], [""Pericarditis"", 0.06652648578523387], [""Anemia"", 0.06410279855263559], [""Boerhaave"", 0.06314242949567224], [""Pulmonary embolism"", 0.05263001490840876], [""Scombroid food poisoning"", 0.04782348100945491], [""GERD"", 0.044844850005146784], [""Acute dystonic reactions"", 0.03529152580353072], [""Myasthenia gravis"", 0.03529152580353072], [""HIV (initial infection)"", 0.03254042337690353], [""Sarcoidosis"", 0.028900846881464208], [""Chagas"", 0.02663211627659163], [""SLE"", 0.016338291799024202]]"
med_test_00187_c0,"You are a diagnostic reasoning assistant. Based on the patient vignette below, pick the single most likely pathology from the candidate list. You MUST commit to one diagnosis — do not hedge or list alternatives.

{""patient"": {""age"": 58, ""sex"": ""female""}, ""findings"": [{""finding"": ""Do you have severe Chronic Obstructive Pulmonary Disease (COPD)?"", ""value"": ""yes""}, {""finding"": ""Are you experiencing shortness of breath or difficulty breathing in a significant way?"", ""value"": ""yes""}, {""finding"": ""Have you had one or several flare ups of chronic obstructive pulmonary disease (COPD) in the past year?"", ""value"": ""yes""}, {""finding"": ""Do you have a cough that produces colored or more abundant sputum than usual?"", ""value"": ""yes""}, {""finding"": ""Do you smoke cigarettes?"", ""value"": ""yes""}, {""finding"": ""Do you have a chronic obstructive pulmonary disease (COPD)?"", ""value"": ""yes""}, {""finding"": ""Have you ever been diagnosed with gastroesophageal reflux?"", ""value"": ""yes""}, {""finding"": ""Do you work in construction?"", ""value"": ""yes""}, {""finding"": ""Have you traveled out of the country in the last 4 weeks?"", ""value"": ""N""}, {""finding"": ""Have you noticed a wheezing sound when you exhale?"", ""value"": ""yes""}]}

Candidate pathologies:
- Atrial fibrillation
- Acute dystonic reactions
- Guillain-Barré syndrome
- Tuberculosis
- Acute COPD exacerbation / infection
- Bronchitis
- Pulmonary neoplasm
- Pneumonia
- Myasthenia gravis
- Chagas
- Bronchiectasis
- Pulmonary embolism
- Myocarditis
- PSVT
- Anemia","There are 15 candidate pathologies. Estimate the probability (0 to 1) that your chosen pathology is the correct diagnosis for this patient, given only the symptoms and candidates provided. A uniform prior would assign 0.07 to each candidate. Respond with ONLY valid JSON: {""Answer"": ""<pathology>"", ""Confidence"": ""0.XX""}",58,F,Acute COPD exacerbation / infection,"[[""Acute COPD exacerbation / infection"", 0.12606893813104744], [""Bronchitis"", 0.11786399585112244], [""Bronchiectasis"", 0.10864592981667356], [""Pneumonia"", 0.10578372117408778], [""Pulmonary neoplasm"", 0.09684553672450344], [""Guillain-Barr\u00e9 syndrome"", 0.06247730088634866], [""Atrial fibrillation"", 0.05967712025174108], [""Myocarditis"", 0.05893530612799045], [""Pulmonary embolism"", 0.05293772980595578], [""Acute dystonic reactions"", 0.04399716382147685], [""Myasthenia gravis"", 0.04399716382147685], [""Anemia"", 0.04399716382147685], [""Tuberculosis"", 0.04202913895918141], [""PSVT"", 0.02350173332662749], [""Chagas"", 0.013242057480290035]]"
med_test_00188_c0,"You are a diagnostic reasoning assistant. Based on the patient vignette below, pick the single most likely pathology from the candidate list. You MUST commit to one diagnosis — do not hedge or list alternatives.

{""patient"": {""age"": 57, ""sex"": ""male""}, ""findings"": [{""finding"": ""Do you have a poor diet?"", ""value"": ""yes""}, {""finding"": ""Do you have any family members who have been diagnosed with anemia?"", ""value"": ""yes""}, {""finding"": ""Do you have pain somewhere, related to your reason for consulting?"", ""value"": ""yes""}, {""finding"": ""Characterize your pain:"", ""value"": ""sensitive""}, {""finding"": ""Characterize your pain:"", ""value"": ""tugging""}, {""finding"": ""Characterize your pain:"", ""value"": ""a cramp""}, {""finding"": ""Do you feel pain somewhere?"", ""value"": ""top of the head""}, {""finding"": ""Do you feel pain somewhere?"", ""value"": ""forehead""}, {""finding"": ""How intense is the pain?"", ""value"": ""4""}, {""finding"": ""Does the pain radiate to another location?"", ""value"": ""nowhere""}, {""finding"": ""How precisely is the pain located?"", ""value"": ""3""}, {""finding"": ""How fast did the pain appear?"", ""value"": ""4""}, {""finding"": ""Are you experiencing shortness of breath or difficulty breathing in a significant way?"", ""value"": ""yes""}, {""finding"": ""Do you feel lightheaded and dizzy or do you feel like you are about to faint?"", ""value"": ""yes""}, {""finding"": ""Do you constantly feel fatigued or do you have non-restful sleep?"", ""value"": ""yes""}, {""finding"": ""Do you have chronic kidney failure?"", ""value"": ""yes""}, {""finding"": ""Have you recently had stools that were black (like coal)?"", ""value"": ""yes""}, {""finding"": ""Are you taking any new oral anticoagulants ((NOACs)?"", ""value"": ""yes""}, {""finding"": ""Have you noticed light red blood or blood clots in your stool?"", ""value"": ""yes""}, {""finding"": ""Have you traveled out of the country in the last 4 weeks?"", ""value"": ""N""}]}

Candidate pathologies:
- Panic attack
- Possible NSTEMI / STEMI
- Myasthenia gravis
- Cluster headache
- Acute dystonic reactions
- Anemia
- Acute pulmonary edema
- Pulmonary neoplasm
- Guillain-Barré syndrome
- Myocarditis","There are 10 candidate pathologies. Estimate the probability (0 to 1) that your chosen pathology is the correct diagnosis for this patient, given only the symptoms and candidates provided. A uniform prior would assign 0.10 to each candidate. Respond with ONLY valid JSON: {""Answer"": ""<pathology>"", ""Confidence"": ""0.XX""}",57,M,Anemia,"[[""Anemia"", 0.16146085555599393], [""Possible NSTEMI / STEMI"", 0.12270320337670461], [""Panic attack"", 0.11107941134725596], [""Guillain-Barr\u00e9 syndrome"", 0.10309632473224718], [""Myocarditis"", 0.10274400230393035], [""Acute pulmonary edema"", 0.10167695065609428], [""Pulmonary neoplasm"", 0.08110889714731322], [""Acute dystonic reactions"", 0.07260150205413184], [""Myasthenia gravis"", 0.07260150205413184], [""Cluster headache"", 0.07092735077219678]]"
med_test_00189_c0,"You are a diagnostic reasoning assistant. Based on the patient vignette below, pick the single most likely pathology from the candidate list. You MUST commit to one diagnosis — do not hedge or list alternatives.

{""patient"": {""age"": 26, ""sex"": ""female""}, ""findings"": [{""finding"": ""Do you have chest pain even at rest?"", ""value"": ""yes""}, {""finding"": ""Have you had significantly increased sweating?"", ""value"": ""yes""}, {""finding"": ""Do you have pain somewhere, related to your reason for consulting?"", ""value"": ""yes""}, {""finding"": ""Characterize your pain:"", ""value"": ""exhausting""}, {""finding"": ""Do you feel pain somewhere?"", ""value"": ""side of the chest(R)""}, {""finding"": ""Do you feel pain somewhere?"", ""value"": ""side of the chest(L)""}, {""finding"": ""Do you feel pain somewhere?"", ""value"": ""upper chest""}, {""finding"": ""Do you feel pain somewhere?"", ""value"": ""breast(R)""}, {""finding"": ""Do you feel pain somewhere?"", ""value"": ""breast(L)""}, {""finding"": ""How intense is the pain?"", ""value"": ""9""}, {""finding"": ""Does the pain radiate to another location?"", ""value"": ""biceps(R)""}, {""finding"": ""Does the pain radiate to another location?"", ""value"": ""biceps(L)""}, {""finding"": ""Does the pain radiate to another location?"", ""value"": ""thyroid cartilage""}, {""finding"": ""Does the pain radiate to another location?"", ""value"": ""shoulder(R)""}, {""finding"": ""Does the pain radiate to another location?"", ""value"": ""shoulder(L)""}, {""finding"": ""How precisely is the pain located?"", ""value"": ""8""}, {""finding"": ""How fast did the pain appear?"", ""value"": ""8""}, {""finding"": ""Are you significantly overweight compared to people of the same height as you?"", ""value"": ""yes""}, {""finding"": ""Do you have high cholesterol or do you take medications to treat high cholesterol?"", ""value"": ""yes""}, {""finding"": ""Do you drink alcohol excessively or do you have an addiction to alcohol?"", ""value"": ""yes""}, {""finding"": ""Do you smoke cigarettes?"", ""value"": ""yes""}, {""finding"": ""Do you constantly feel fatigued or do you have non-restful sleep?"", ""value"": ""yes""}, {""finding"": ""Have you ever had a heart attack or do you have angina (chest pain)?"", ""value"": ""yes""}, {""finding"": ""Do you exercise regularly, 4 times per week or more?"", ""value"": ""yes""}, {""finding"": ""Are you feeling nauseous or do you feel like vomiting?"", ""value"": ""yes""}, {""finding"": ""Have you traveled out of the country in the last 4 weeks?"", ""value"": ""N""}, {""finding"": ""Do you have close family members who had a cardiovascular disease problem before the age of 50?"", ""value"": ""yes""}]}

Candidate pathologies:
- GERD
- Boerhaave
- Chagas
- Anemia
- HIV (initial infection)
- Panic attack
- Possible NSTEMI / STEMI
- Scombroid food poisoning
- Anaphylaxis
- Pericarditis
- Unstable angina","There are 11 candidate pathologies. Estimate the probability (0 to 1) that your chosen pathology is the correct diagnosis for this patient, given only the symptoms and candidates provided. A uniform prior would assign 0.09 to each candidate. Respond with ONLY valid JSON: {""Answer"": ""<pathology>"", ""Confidence"": ""0.XX""}",26,F,Unstable angina,"[[""Possible NSTEMI / STEMI"", 0.18944874300121112], [""Boerhaave"", 0.125372183259025], [""Unstable angina"", 0.12324000327162662], [""GERD"", 0.1115251740632971], [""Chagas"", 0.08776690205779229], [""Anemia"", 0.08776690205779229], [""HIV (initial infection)"", 0.08092515374198025], [""Panic attack"", 0.07275893827317628], [""Anaphylaxis"", 0.04688198392596367], [""Scombroid food poisoning"", 0.037391703779007454], [""Pericarditis"", 0.03692231256912788]]"
med_test_00190_c0,"You are a diagnostic reasoning assistant. Based on the patient vignette below, pick the single most likely pathology from the candidate list. You MUST commit to one diagnosis — do not hedge or list alternatives.

{""patient"": {""age"": 21, ""sex"": ""female""}, ""findings"": [{""finding"": ""Do you have a poor diet?"", ""value"": ""yes""}, {""finding"": ""Have you ever had a diagnosis of anemia?"", ""value"": ""yes""}, {""finding"": ""Do you have any family members who have been diagnosed with anemia?"", ""value"": ""yes""}, {""finding"": ""Do you have pain somewhere, related to your reason for consulting?"", ""value"": ""yes""}, {""finding"": ""Characterize your pain:"", ""value"": ""sensitive""}, {""finding"": ""Characterize your pain:"", ""value"": ""tugging""}, {""finding"": ""Characterize your pain:"", ""value"": ""a cramp""}, {""finding"": ""Do you feel pain somewhere?"", ""value"": ""back of head""}, {""finding"": ""Do you feel pain somewhere?"", ""value"": ""top of the head""}, {""finding"": ""Do you feel pain somewhere?"", ""value"": ""forehead""}, {""finding"": ""Do you feel pain somewhere?"", ""value"": ""temple(R)""}, {""finding"": ""Do you feel pain somewhere?"", ""value"": ""temple(L)""}, {""finding"": ""How intense is the pain?"", ""value"": ""5""}, {""finding"": ""Does the pain radiate to another location?"", ""value"": ""nowhere""}, {""finding"": ""How precisely is the pain located?"", ""value"": ""8""}, {""finding"": ""How fast did the pain appear?"", ""value"": ""1""}, {""finding"": ""Are you experiencing shortness of breath or difficulty breathing in a significant way?"", ""value"": ""yes""}, {""finding"": ""Do you feel slightly dizzy or lightheaded?"", ""value"": ""yes""}, {""finding"": ""Do you feel so tired that you are unable to do your usual activities or are you stuck in your bed all day long?"", ""value"": ""yes""}, {""finding"": ""Do you constantly feel fatigued or do you have non-restful sleep?"", ""value"": ""yes""}, {""finding"": ""Do you have chronic kidney failure?"", ""value"": ""yes""}, {""finding"": ""Have you recently had stools that were black (like coal)?"", ""value"": ""yes""}, {""finding"": ""Do you have very abundant or very long menstruation periods?"", ""value"": ""yes""}, {""finding"": ""Is your skin much paler than usual?"", ""value"": ""yes""}, {""finding"": ""Do you think you are pregnant or are you currently pregnant?"", ""value"": ""yes""}, {""finding"": ""Have you traveled out of the country in the last 4 weeks?"", ""value"": ""N""}, {""finding"": ""Is your BMI less than 18.5, or are you underweight?"", ""value"": ""yes""}]}

Candidate pathologies:
- Myasthenia gravis
- Anemia
- Scombroid food poisoning
- HIV (initial infection)
- Cluster headache
- Myocarditis
- SLE
- Guillain-Barré syndrome
- Acute pulmonary edema
- Chagas
- Anaphylaxis
- Atrial fibrillation
- Acute dystonic reactions","There are 13 candidate pathologies. Estimate the probability (0 to 1) that your chosen pathology is the correct diagnosis for this patient, given only the symptoms and candidates provided. A uniform prior would assign 0.08 to each candidate. Respond with ONLY valid JSON: {""Answer"": ""<pathology>"", ""Confidence"": ""0.XX""}",21,F,Anemia,"[[""Anemia"", 0.15603505897738762], [""Atrial fibrillation"", 0.12580961615468883], [""Myocarditis"", 0.08734723575786622], [""Acute pulmonary edema"", 0.08502623663016169], [""Guillain-Barr\u00e9 syndrome"", 0.07771893302173044], [""Chagas"", 0.07127442022354316], [""Cluster headache"", 0.06807948250546926], [""HIV (initial infection)"", 0.06737232647505871], [""SLE"", 0.06252510098633426], [""Acute dystonic reactions"", 0.0547304793849474], [""Myasthenia gravis"", 0.0547304793849474], [""Anaphylaxis"", 0.0547304793849474], [""Scombroid food poisoning"", 0.03462015111291762]]"
med_test_00191_c0,"You are a diagnostic reasoning assistant. Based on the patient vignette below, pick the single most likely pathology from the candidate list. You MUST commit to one diagnosis — do not hedge or list alternatives.

{""patient"": {""age"": 69, ""sex"": ""female""}, ""findings"": [{""finding"": ""Have you started or taken any antipsychotic medication within the last 7 days?"", ""value"": ""yes""}, {""finding"": ""Do you regularly take stimulant drugs?"", ""value"": ""yes""}, {""finding"": ""Are you experiencing shortness of breath or difficulty breathing in a significant way?"", ""value"": ""yes""}, {""finding"": ""Have you ever felt like you were suffocating for a very short time associated with inability to breathe or speak?"", ""value"": ""yes""}, {""finding"": ""Have you been treated in hospital recently for nausea, agitation, intoxication or aggressive behavior and received medication via an intravenous or intramuscular route?"", ""value"": ""yes""}, {""finding"": ""Do you have trouble keeping your tongue in your mouth?"", ""value"": ""yes""}, {""finding"": ""Are you unable to control the direction of your eyes?"", ""value"": ""yes""}, {""finding"": ""Do you feel that muscle spasms or soreness in your neck are keeping you from turning your head to one side?"", ""value"": ""yes""}, {""finding"": ""Have you traveled out of the country in the last 4 weeks?"", ""value"": ""N""}, {""finding"": ""Do you suddenly have difficulty or an inability to open your mouth or have jaw pain when opening it?"", ""value"": ""yes""}]}

Candidate pathologies:
- Acute dystonic reactions
- SLE
- Acute pulmonary edema
- PSVT
- Atrial fibrillation
- Guillain-Barré syndrome
- Scombroid food poisoning
- Anemia
- Anaphylaxis
- Myocarditis
- Pulmonary embolism","There are 11 candidate pathologies. Estimate the probability (0 to 1) that your chosen pathology is the correct diagnosis for this patient, given only the symptoms and candidates provided. A uniform prior would assign 0.09 to each candidate. Respond with ONLY valid JSON: {""Answer"": ""<pathology>"", ""Confidence"": ""0.XX""}",69,F,Acute dystonic reactions,"[[""Acute dystonic reactions"", 0.18614785670316517], [""Pulmonary embolism"", 0.12318224165921005], [""Acute pulmonary edema"", 0.1153853144782652], [""Guillain-Barr\u00e9 syndrome"", 0.10546889857814166], [""Atrial fibrillation"", 0.10074187031088126], [""Myocarditis"", 0.09948960240763093], [""Anemia"", 0.0742722931845979], [""Anaphylaxis"", 0.0742722931845979], [""Scombroid food poisoning"", 0.046981463390231036], [""PSVT"", 0.039673639761512246], [""SLE"", 0.03438452634176658]]"
