question_id,Answer,Confidence,raw,error,photo,within_lbs,true_weight
wgd_1_01,215.0,0.02,"{""Answer"":""215"",""Confidence"":""0.02""}",,1.jpg,1,237.0
wgd_1_02,215.0,0.18,"{""Answer"":""215"",""Confidence"":""0.18""}",,1.jpg,2,237.0
wgd_1_03,210.0,0.18,"{""Answer"":""210"",""Confidence"":""0.18""}",,1.jpg,3,237.0
wgd_1_04,225.0,0.31,"{""Answer"":""225"",""Confidence"":""0.31""}",,1.jpg,4,237.0
wgd_1_05,215.0,0.32,"{""Answer"":""215"",""Confidence"":""0.32""}",,1.jpg,5,237.0
wgd_1_06,235.0,0.34,"{""Answer"":""235"",""Confidence"":""0.34""}",,1.jpg,6,237.0
wgd_1_07,215.0,0.28,"{""Answer"":""215"",""Confidence"":""0.28""}",,1.jpg,7,237.0
wgd_1_08,215.0,0.34,"{""Answer"":""215"",""Confidence"":""0.34""}",,1.jpg,8,237.0
wgd_1_09,215.0,0.62,"{""Answer"":""215"",""Confidence"":""0.62""}",,1.jpg,9,237.0
wgd_1_10,235.0,0.58,"{""Answer"":""235"",""Confidence"":""0.58""}",,1.jpg,10,237.0
wgd_1_11,230.0,0.42,"{""Answer"":""230"",""Confidence"":""0.42""}",,1.jpg,11,237.0
wgd_1_12,215.0,0.48,"{""Answer"":""215"",""Confidence"":""0.48""}",,1.jpg,12,237.0
wgd_1_13,205.0,0.63,"{""Answer"":""205"",""Confidence"":""0.63""}",,1.jpg,13,237.0
wgd_1_14,235.0,0.54,"{""Answer"":""235"",""Confidence"":""0.54""}",,1.jpg,14,237.0
wgd_1_15,210.0,0.61,"{""Answer"":""210"",""Confidence"":""0.61""}",,1.jpg,15,237.0
wgd_1_16,245.0,0.41,"{""Answer"":""245"",""Confidence"":""0.41""}",,1.jpg,16,237.0
wgd_1_17,215.0,0.58,"{""Answer"":""215"",""Confidence"":""0.58""}",,1.jpg,17,237.0
wgd_1_18,225.0,0.64,"{""Answer"":""225"",""Confidence"":""0.64""}",,1.jpg,18,237.0
wgd_1_19,220.0,0.7,"{""Answer"":""220"",""Confidence"":""0.70""}",,1.jpg,19,237.0
wgd_1_20,235.0,0.62,"{""Answer"":""235"",""Confidence"":""0.62""}",,1.jpg,20,237.0
wgd_2_01,175.0,0.02,"{""Answer"":""175"",""Confidence"":""0.02""}",,2.jpg,1,215.0
wgd_2_02,190.0,0.18,"{""Answer"":""190"",""Confidence"":""0.18""}",,2.jpg,2,215.0
wgd_2_03,185.0,0.21,"{""Answer"":""185"",""Confidence"":""0.21""}",,2.jpg,3,215.0
wgd_2_04,182.0,0.18,"{""Answer"":""182"",""Confidence"":""0.18""}",,2.jpg,4,215.0
wgd_2_05,185.0,0.42,"{""Answer"":""185"",""Confidence"":""0.42""}",,2.jpg,5,215.0
wgd_2_06,185.0,0.44,"{""Answer"":""185"",""Confidence"":""0.44""}",,2.jpg,6,215.0
wgd_2_07,185.0,0.41,"{""Answer"":""185"",""Confidence"":""0.41""}",,2.jpg,7,215.0
wgd_2_08,175.0,0.32,"{""Answer"":""175"",""Confidence"":""0.32""}",,2.jpg,8,215.0
wgd_2_09,185.0,0.36,"{""Answer"":""185"",""Confidence"":""0.36""}",,2.jpg,9,215.0
wgd_2_10,185.0,0.53,"{""Answer"":""185"",""Confidence"":""0.53""}",,2.jpg,10,215.0
wgd_2_11,182.0,0.46,"{""Answer"":""182"",""Confidence"":""0.46""}",,2.jpg,11,215.0
wgd_2_12,185.0,0.55,"{""Answer"":""185"",""Confidence"":""0.55""}",,2.jpg,12,215.0
wgd_2_13,180.0,0.42,"{""Answer"":""180"",""Confidence"":""0.42""}",,2.jpg,13,215.0
wgd_2_14,180.0,0.61,"{""Answer"":""180"",""Confidence"":""0.61""}",,2.jpg,14,215.0
wgd_2_15,175.0,0.62,"{""Answer"":""175"",""Confidence"":""0.62""}",,2.jpg,15,215.0
wgd_2_16,185.0,0.52,"{""Answer"":""185"",""Confidence"":""0.52""}",,2.jpg,16,215.0
wgd_2_17,185.0,0.58,"{""Answer"":""185"",""Confidence"":""0.58""}",,2.jpg,17,215.0
wgd_2_18,185.0,0.62,"{""Answer"":""185"",""Confidence"":""0.62""}",,2.jpg,18,215.0
wgd_2_19,185.0,0.63,"{""Answer"":""185"",""Confidence"":""0.63""}",,2.jpg,19,215.0
wgd_2_20,180.0,0.66,"{""Answer"":""180"",""Confidence"":""0.66""}",,2.jpg,20,215.0
wgd_3_01,165.0,0.08,"{""Answer"":""165"",""Confidence"":""0.08""}",,3.jpg,1,218.0
wgd_3_02,175.0,0.18,"{""Answer"":""175"",""Confidence"":""0.18""}",,3.jpg,2,218.0
wgd_3_03,170.0,0.18,"{""Answer"":""170"",""Confidence"":""0.18""}",,3.jpg,3,218.0
wgd_3_04,165.0,0.22,"{""Answer"":""165"",""Confidence"":""0.22""}",,3.jpg,4,218.0
wgd_3_05,165.0,0.32,"{""Answer"":""165"",""Confidence"":""0.32""}",,3.jpg,5,218.0
wgd_3_06,165.0,0.62,"{""Answer"":""165"",""Confidence"":""0.62""}",,3.jpg,6,218.0
wgd_3_07,180.0,0.28,"{""Answer"":""180"",""Confidence"":""0.28""}",,3.jpg,7,218.0
wgd_3_08,165.0,0.42,"{""Answer"":""165"",""Confidence"":""0.42""}",,3.jpg,8,218.0
wgd_3_09,175.0,0.63,"{""Answer"":""175"",""Confidence"":""0.63""}",,3.jpg,9,218.0
wgd_3_10,175.0,0.32,"{""Answer"":""175"",""Confidence"":""0.32""}",,3.jpg,10,218.0
wgd_3_11,170.0,0.62,"{""Answer"":""170"",""Confidence"":""0.62""}",,3.jpg,11,218.0
wgd_3_12,175.0,0.42,"{""Answer"":""175"",""Confidence"":""0.42""}",,3.jpg,12,218.0
wgd_3_13,175.0,0.63,"{""Answer"":""175"",""Confidence"":""0.63""}",,3.jpg,13,218.0
wgd_3_14,175.0,0.63,"{""Answer"":""175"",""Confidence"":""0.63""}",,3.jpg,14,218.0
wgd_3_15,175.0,0.42,"{""Answer"":""175"",""Confidence"":""0.42""}",,3.jpg,15,218.0
wgd_3_16,175.0,0.63,"{""Answer"":""175"",""Confidence"":""0.63""}",,3.jpg,16,218.0
wgd_3_17,170.0,0.61,"{""Answer"":""170"",""Confidence"":""0.61""}",,3.jpg,17,218.0
wgd_3_18,175.0,0.54,"{""Answer"":""175"",""Confidence"":""0.54""}",,3.jpg,18,218.0
wgd_3_19,170.0,0.68,"{""Answer"":""170"",""Confidence"":""0.68""}",,3.jpg,19,218.0
wgd_3_20,165.0,0.62,"{""Answer"":""165"",""Confidence"":""0.62""}",,3.jpg,20,218.0
wgd_4_01,115.0,0.12,"{""Answer"":""115"",""Confidence"":""0.12""}",,4.jpg,1,95.0
wgd_4_02,110.0,0.18,"{""Answer"":""110"",""Confidence"":""0.18""}",,4.jpg,2,95.0
wgd_4_03,112.0,0.18,"{""Answer"":""112"",""Confidence"":""0.18""}",,4.jpg,3,95.0
wgd_4_04,115.0,0.34,"{""Answer"":""115"",""Confidence"":""0.34""}",,4.jpg,4,95.0
wgd_4_05,112.0,0.39,"{""Answer"":""112"",""Confidence"":""0.39""}",,4.jpg,5,95.0
wgd_4_06,112.0,0.41,"{""Answer"":""112"",""Confidence"":""0.41""}",,4.jpg,6,95.0
wgd_4_07,112.0,0.36,"{""Answer"":""112"",""Confidence"":""0.36""}",,4.jpg,7,95.0
wgd_4_08,112.0,0.34,"{""Answer"":""112"",""Confidence"":""0.34""}",,4.jpg,8,95.0
wgd_4_09,115.0,0.34,"{""Answer"":""115"",""Confidence"":""0.34""}",,4.jpg,9,95.0
wgd_4_10,110.0,0.38,"{""Answer"":""110"",""Confidence"":""0.38""}",,4.jpg,10,95.0
wgd_4_11,115.0,0.38,"{""Answer"":""115"",""Confidence"":""0.38""}",,4.jpg,11,95.0
wgd_4_12,118.0,0.46,"{""Answer"":""118"",""Confidence"":""0.46""}",,4.jpg,12,95.0
wgd_4_13,115.0,0.44,"{""Answer"":""115"",""Confidence"":""0.44""}",,4.jpg,13,95.0
wgd_4_14,115.0,0.34,"{""Answer"":""115"",""Confidence"":""0.34""}",,4.jpg,14,95.0
wgd_4_15,110.0,0.62,"{""Answer"":""110"",""Confidence"":""0.62""}",,4.jpg,15,95.0
wgd_4_16,112.0,0.54,"{""Answer"":""112"",""Confidence"":""0.54""}",,4.jpg,16,95.0
wgd_4_17,112.0,0.43,"{""Answer"":""112"",""Confidence"":""0.43""}",,4.jpg,17,95.0
wgd_4_18,118.0,0.39,"{""Answer"":""118"",""Confidence"":""0.39""}",,4.jpg,18,95.0
wgd_4_19,112.0,0.71,"{""Answer"":""112"",""Confidence"":""0.71""}",,4.jpg,19,95.0
wgd_4_20,108.0,0.54,"{""Answer"":""108"",""Confidence"":""0.54""}",,4.jpg,20,95.0
wgd_5_01,165.0,0.08,"{""Answer"":""165"",""Confidence"":""0.08""}",,5.jpg,1,142.0
wgd_5_02,170.0,0.18,"{""Answer"":""170"",""Confidence"":""0.18""}",,5.jpg,2,142.0
wgd_5_03,165.0,0.18,"{""Answer"":""165"",""Confidence"":""0.18""}",,5.jpg,3,142.0
wgd_5_04,185.0,0.19,"{""Answer"":""185"",""Confidence"":""0.19""}",,5.jpg,4,142.0
wgd_5_05,175.0,0.18,"{""Answer"":""175"",""Confidence"":""0.18""}",,5.jpg,5,142.0
wgd_5_06,170.0,0.42,"{""Answer"":""170"",""Confidence"":""0.42""}",,5.jpg,6,142.0
wgd_5_07,175.0,0.28,"{""Answer"":""175"",""Confidence"":""0.28""}",,5.jpg,7,142.0
wgd_5_08,185.0,0.31,"{""Answer"":""185"",""Confidence"":""0.31""}",,5.jpg,8,142.0
wgd_5_09,165.0,0.28,"{""Answer"":""165"",""Confidence"":""0.28""}",,5.jpg,9,142.0
wgd_5_10,175.0,0.42,"{""Answer"":""175"",""Confidence"":""0.42""}",,5.jpg,10,142.0
wgd_5_11,165.0,0.42,"{""Answer"":""165"",""Confidence"":""0.42""}",,5.jpg,11,142.0
wgd_5_12,180.0,0.41,"{""Answer"":""180"",""Confidence"":""0.41""}",,5.jpg,12,142.0
wgd_5_13,175.0,0.34,"{""Answer"":""175"",""Confidence"":""0.34""}",,5.jpg,13,142.0
wgd_5_14,175.0,0.38,"{""Answer"":""175"",""Confidence"":""0.38""}",,5.jpg,14,142.0
wgd_5_15,185.0,0.34,"{""Answer"":""185"",""Confidence"":""0.34""}",,5.jpg,15,142.0
wgd_5_16,175.0,0.46,"{""Answer"":""175"",""Confidence"":""0.46""}",,5.jpg,16,142.0
wgd_5_17,175.0,0.44,"{""Answer"":""175"",""Confidence"":""0.44""}",,5.jpg,17,142.0
wgd_5_18,175.0,0.58,"{""Answer"":""175"",""Confidence"":""0.58""}",,5.jpg,18,142.0
wgd_5_19,165.0,0.34,"{""Answer"":""165"",""Confidence"":""0.34""}",,5.jpg,19,142.0
wgd_5_20,175.0,0.48,"{""Answer"":""175"",""Confidence"":""0.48""}",,5.jpg,20,142.0
wgd_6_01,165.0,0.07,"{""Answer"":""165"",""Confidence"":""0.07""}",,6.jpg,1,150.0
wgd_6_02,165.0,0.12,"{""Answer"":""165"",""Confidence"":""0.12""}",,6.jpg,2,150.0
wgd_6_03,155.0,0.18,"{""Answer"":""155"",""Confidence"":""0.18""}",,6.jpg,3,150.0
wgd_6_04,165.0,0.28,"{""Answer"":""165"",""Confidence"":""0.28""}",,6.jpg,4,150.0
wgd_6_05,160.0,0.22,"{""Answer"":""160"",""Confidence"":""0.22""}",,6.jpg,5,150.0
wgd_6_06,155.0,0.22,"{""Answer"":""155"",""Confidence"":""0.22""}",,6.jpg,6,150.0
wgd_6_07,165.0,0.23,"{""Answer"":""165"",""Confidence"":""0.23""}",,6.jpg,7,150.0
wgd_6_08,170.0,0.42,"{""Answer"":""170"",""Confidence"":""0.42""}",,6.jpg,8,150.0
wgd_6_09,165.0,0.34,"{""Answer"":""165"",""Confidence"":""0.34""}",,6.jpg,9,150.0
wgd_6_10,170.0,0.35,"{""Answer"":""170"",""Confidence"":""0.35""}",,6.jpg,10,150.0
wgd_6_11,170.0,0.36,"{""Answer"":""170"",""Confidence"":""0.36""}",,6.jpg,11,150.0
wgd_6_12,155.0,0.34,"{""Answer"":""155"",""Confidence"":""0.34""}",,6.jpg,12,150.0
wgd_6_13,165.0,0.42,"{""Answer"":""165"",""Confidence"":""0.42""}",,6.jpg,13,150.0
wgd_6_14,165.0,0.46,"{""Answer"":""165"",""Confidence"":""0.46""}",,6.jpg,14,150.0
wgd_6_15,155.0,0.44,"{""Answer"":""155"",""Confidence"":""0.44""}",,6.jpg,15,150.0
wgd_6_16,165.0,0.62,"{""Answer"":""165"",""Confidence"":""0.62""}",,6.jpg,16,150.0
wgd_6_17,170.0,0.38,"{""Answer"":""170"",""Confidence"":""0.38""}",,6.jpg,17,150.0
wgd_6_18,165.0,0.42,"{""Answer"":""165"",""Confidence"":""0.42""}",,6.jpg,18,150.0
wgd_6_19,155.0,0.58,"{""Answer"":""155"",""Confidence"":""0.58""}",,6.jpg,19,150.0
wgd_6_20,165.0,0.42,"{""Answer"":""165"",""Confidence"":""0.42""}",,6.jpg,20,150.0
wgd_7_01,155.0,0.08,"{""Answer"":""155"",""Confidence"":""0.08""}",,7.jpg,1,135.0
wgd_7_02,155.0,0.1,"{""Answer"":""155"",""Confidence"":""0.10""}",,7.jpg,2,135.0
wgd_7_03,150.0,0.24,"{""Answer"":""150"",""Confidence"":""0.24""}",,7.jpg,3,135.0
wgd_7_04,150.0,0.22,"{""Answer"":""150"",""Confidence"":""0.22""}",,7.jpg,4,135.0
wgd_7_05,145.0,0.18,"{""Answer"":""145"",""Confidence"":""0.18""}",,7.jpg,5,135.0
wgd_7_06,165.0,0.34,"{""Answer"":""165"",""Confidence"":""0.34""}",,7.jpg,6,135.0
wgd_7_07,165.0,0.22,"{""Answer"":""165"",""Confidence"":""0.22""}",,7.jpg,7,135.0
wgd_7_08,145.0,0.38,"{""Answer"":""145"",""Confidence"":""0.38""}",,7.jpg,8,135.0
wgd_7_09,150.0,0.26,"{""Answer"":""150"",""Confidence"":""0.26""}",,7.jpg,9,135.0
wgd_7_10,150.0,0.26,"{""Answer"":""150"",""Confidence"":""0.26""}",,7.jpg,10,135.0
wgd_7_11,150.0,0.36,"{""Answer"":""150"",""Confidence"":""0.36""}",,7.jpg,11,135.0
wgd_7_12,150.0,0.34,"{""Answer"":""150"",""Confidence"":""0.34""}",,7.jpg,12,135.0
wgd_7_13,165.0,0.22,"{""Answer"":""165"",""Confidence"":""0.22""}",,7.jpg,13,135.0
wgd_7_14,150.0,0.34,"{""Answer"":""150"",""Confidence"":""0.34""}",,7.jpg,14,135.0
wgd_7_15,150.0,0.36,"{""Answer"":""150"",""Confidence"":""0.36""}",,7.jpg,15,135.0
wgd_7_16,160.0,0.34,"{""Answer"":""160"",""Confidence"":""0.34""}",,7.jpg,16,135.0
wgd_7_17,155.0,0.38,"{""Answer"":""155"",""Confidence"":""0.38""}",,7.jpg,17,135.0
wgd_7_18,155.0,0.34,"{""Answer"":""155"",""Confidence"":""0.34""}",,7.jpg,18,135.0
wgd_7_19,155.0,0.35,"{""Answer"":""155"",""Confidence"":""0.35""}",,7.jpg,19,135.0
wgd_7_20,165.0,0.42,"{""Answer"":""165"",""Confidence"":""0.42""}",,7.jpg,20,135.0
wgd_8_01,165.0,0.05,"{""Answer"":""165"",""Confidence"":""0.05""}",,8.jpg,1,139.0
wgd_8_02,170.0,0.12,"{""Answer"":""170"",""Confidence"":""0.12""}",,8.jpg,2,139.0
wgd_8_03,170.0,0.12,"{""Answer"":""170"",""Confidence"":""0.12""}",,8.jpg,3,139.0
wgd_8_04,165.0,0.18,"{""Answer"":""165"",""Confidence"":""0.18""}",,8.jpg,4,139.0
wgd_8_05,165.0,0.28,"{""Answer"":""165"",""Confidence"":""0.28""}",,8.jpg,5,139.0
wgd_8_06,165.0,0.28,"{""Answer"":""165"",""Confidence"":""0.28""}",,8.jpg,6,139.0
wgd_8_07,165.0,0.28,"{""Answer"":""165"",""Confidence"":""0.28""}",,8.jpg,7,139.0
wgd_8_08,160.0,0.33,"{""Answer"":""160"",""Confidence"":""0.33""}",,8.jpg,8,139.0
wgd_8_09,165.0,0.41,"{""Answer"":""165"",""Confidence"":""0.41""}",,8.jpg,9,139.0
wgd_8_10,165.0,0.42,"{""Answer"":""165"",""Confidence"":""0.42""}",,8.jpg,10,139.0
wgd_8_11,165.0,0.36,"{""Answer"":""165"",""Confidence"":""0.36""}",,8.jpg,11,139.0
wgd_8_12,165.0,0.42,"{""Answer"":""165"",""Confidence"":""0.42""}",,8.jpg,12,139.0
wgd_8_13,165.0,0.34,"{""Answer"":""165"",""Confidence"":""0.34""}",,8.jpg,13,139.0
wgd_8_14,170.0,0.34,"{""Answer"":""170"",""Confidence"":""0.34""}",,8.jpg,14,139.0
wgd_8_15,175.0,0.42,"{""Answer"":""175"",""Confidence"":""0.42""}",,8.jpg,15,139.0
wgd_8_16,175.0,0.42,"{""Answer"":""175"",""Confidence"":""0.42""}",,8.jpg,16,139.0
wgd_8_17,165.0,0.36,"{""Answer"":""165"",""Confidence"":""0.36""}",,8.jpg,17,139.0
wgd_8_18,165.0,0.42,"{""Answer"":""165"",""Confidence"":""0.42""}",,8.jpg,18,139.0
wgd_8_19,170.0,0.42,"{""Answer"":""170"",""Confidence"":""0.42""}",,8.jpg,19,139.0
wgd_8_20,165.0,0.58,"{""Answer"":""165"",""Confidence"":""0.58""}",,8.jpg,20,139.0
wgd_9_01,245.0,0.03,"{""Answer"":""245"",""Confidence"":""0.03""}",,9.jpg,1,195.0
wgd_9_02,245.0,0.05,"{""Answer"":""245"",""Confidence"":""0.05""}",,9.jpg,2,195.0
wgd_9_03,225.0,0.18,"{""Answer"":""225"",""Confidence"":""0.18""}",,9.jpg,3,195.0
wgd_9_04,240.0,0.18,"{""Answer"":""240"",""Confidence"":""0.18""}",,9.jpg,4,195.0
wgd_9_05,235.0,0.18,"{""Answer"":""235"",""Confidence"":""0.18""}",,9.jpg,5,195.0
wgd_9_06,240.0,0.32,"{""Answer"":""240"",""Confidence"":""0.32""}",,9.jpg,6,195.0
wgd_9_07,245.0,0.42,"{""Answer"":""245"",""Confidence"":""0.42""}",,9.jpg,7,195.0
wgd_9_08,235.0,0.32,"{""Answer"":""235"",""Confidence"":""0.32""}",,9.jpg,8,195.0
wgd_9_09,245.0,0.42,"{""Answer"":""245"",""Confidence"":""0.42""}",,9.jpg,9,195.0
wgd_9_10,240.0,0.32,"{""Answer"":""240"",""Confidence"":""0.32""}",,9.jpg,10,195.0
wgd_9_11,225.0,0.33,"{""Answer"":""225"",""Confidence"":""0.33""}",,9.jpg,11,195.0
wgd_9_12,235.0,0.41,"{""Answer"":""235"",""Confidence"":""0.41""}",,9.jpg,12,195.0
wgd_9_13,245.0,0.44,"{""Answer"":""245"",""Confidence"":""0.44""}",,9.jpg,13,195.0
wgd_9_14,225.0,0.33,"{""Answer"":""225"",""Confidence"":""0.33""}",,9.jpg,14,195.0
wgd_9_15,230.0,0.54,"{""Answer"":""230"",""Confidence"":""0.54""}",,9.jpg,15,195.0
wgd_9_16,235.0,0.33,"{""Answer"":""235"",""Confidence"":""0.33""}",,9.jpg,16,195.0
wgd_9_17,235.0,0.34,"{""Answer"":""235"",""Confidence"":""0.34""}",,9.jpg,17,195.0
wgd_9_18,215.0,0.41,"{""Answer"":""215"",""Confidence"":""0.41""}",,9.jpg,18,195.0
wgd_9_19,240.0,0.41,"{""Answer"":""240"",""Confidence"":""0.41""}",,9.jpg,19,195.0
wgd_9_20,235.0,0.43,"{""Answer"":""235"",""Confidence"":""0.43""}",,9.jpg,20,195.0
wgd_10_01,140.0,0.07,"{""Answer"":""140"",""Confidence"":""0.07""}",,10.jpg,1,130.0
wgd_10_02,145.0,0.18,"{""Answer"":""145"",""Confidence"":""0.18""}",,10.jpg,2,130.0
wgd_10_03,145.0,0.18,"{""Answer"":""145"",""Confidence"":""0.18""}",,10.jpg,3,130.0
wgd_10_04,155.0,0.18,"{""Answer"":""155"",""Confidence"":""0.18""}",,10.jpg,4,130.0
wgd_10_05,145.0,0.34,"{""Answer"":""145"",""Confidence"":""0.34""}",,10.jpg,5,130.0
wgd_10_06,145.0,0.34,"{""Answer"":""145"",""Confidence"":""0.34""}",,10.jpg,6,130.0
wgd_10_07,145.0,0.34,"{""Answer"":""145"",""Confidence"":""0.34""}",,10.jpg,7,130.0
wgd_10_08,150.0,0.42,"{""Answer"":""150"",""Confidence"":""0.42""}",,10.jpg,8,130.0
wgd_10_09,150.0,0.28,"{""Answer"":""150"",""Confidence"":""0.28""}",,10.jpg,9,130.0
wgd_10_10,145.0,0.34,"{""Answer"":""145"",""Confidence"":""0.34""}",,10.jpg,10,130.0
wgd_10_11,145.0,0.52,"{""Answer"":""145"",""Confidence"":""0.52""}",,10.jpg,11,130.0
wgd_10_12,145.0,0.43,"{""Answer"":""145"",""Confidence"":""0.43""}",,10.jpg,12,130.0
wgd_10_13,145.0,0.32,"{""Answer"":""145"",""Confidence"":""0.32""}",,10.jpg,13,130.0
wgd_10_14,145.0,0.49,"{""Answer"":""145"",""Confidence"":""0.49""}",,10.jpg,14,130.0
wgd_10_15,155.0,0.45,"{""Answer"":""155"",""Confidence"":""0.45""}",,10.jpg,15,130.0
wgd_10_16,145.0,0.52,"{""Answer"":""145"",""Confidence"":""0.52""}",,10.jpg,16,130.0
wgd_10_17,150.0,0.63,"{""Answer"":""150"",""Confidence"":""0.63""}",,10.jpg,17,130.0
wgd_10_18,145.0,0.43,"{""Answer"":""145"",""Confidence"":""0.43""}",,10.jpg,18,130.0
wgd_10_19,150.0,0.52,"{""Answer"":""150"",""Confidence"":""0.52""}",,10.jpg,19,130.0
wgd_10_20,145.0,0.38,"{""Answer"":""145"",""Confidence"":""0.38""}",,10.jpg,20,130.0
wgd_11_01,185.0,0.02,"{""Answer"":""185"",""Confidence"":""0.02""}",,11.jpg,1,215.0
wgd_11_02,190.0,0.18,"{""Answer"":""190"",""Confidence"":""0.18""}",,11.jpg,2,215.0
wgd_11_03,185.0,0.22,"{""Answer"":""185"",""Confidence"":""0.22""}",,11.jpg,3,215.0
wgd_11_04,185.0,0.23,"{""Answer"":""185"",""Confidence"":""0.23""}",,11.jpg,4,215.0
wgd_11_05,205.0,0.34,"{""Answer"":""205"",""Confidence"":""0.34""}",,11.jpg,5,215.0
wgd_11_06,210.0,0.32,"{""Answer"":""210"",""Confidence"":""0.32""}",,11.jpg,6,215.0
wgd_11_07,205.0,0.31,"{""Answer"":""205"",""Confidence"":""0.31""}",,11.jpg,7,215.0
wgd_11_08,205.0,0.55,"{""Answer"":""205"",""Confidence"":""0.55""}",,11.jpg,8,215.0
wgd_11_09,190.0,0.22,"{""Answer"":""190"",""Confidence"":""0.22""}",,11.jpg,9,215.0
wgd_11_10,182.0,0.38,"{""Answer"":""182"",""Confidence"":""0.38""}",,11.jpg,10,215.0
wgd_11_11,215.0,0.32,"{""Answer"":""215"",""Confidence"":""0.32""}",,11.jpg,11,215.0
wgd_11_12,185.0,0.42,"{""Answer"":""185"",""Confidence"":""0.42""}",,11.jpg,12,215.0
wgd_11_13,185.0,0.57,"{""Answer"":""185"",""Confidence"":""0.57""}",,11.jpg,13,215.0
wgd_11_14,195.0,0.41,"{""Answer"":""195"",""Confidence"":""0.41""}",,11.jpg,14,215.0
wgd_11_15,185.0,0.61,"{""Answer"":""185"",""Confidence"":""0.61""}",,11.jpg,15,215.0
wgd_11_16,195.0,0.63,"{""Answer"":""195"",""Confidence"":""0.63""}",,11.jpg,16,215.0
wgd_11_17,195.0,0.41,"{""Answer"":""195"",""Confidence"":""0.41""}",,11.jpg,17,215.0
wgd_11_18,205.0,0.46,"{""Answer"":""205"",""Confidence"":""0.46""}",,11.jpg,18,215.0
wgd_11_19,185.0,0.56,"{""Answer"":""185"",""Confidence"":""0.56""}",,11.jpg,19,215.0
wgd_11_20,195.0,0.56,"{""Answer"":""195"",""Confidence"":""0.56""}",,11.jpg,20,215.0
wgd_12_01,185.0,0.12,"{""Answer"":""185"",""Confidence"":""0.12""}",,12.jpg,1,185.0
wgd_12_02,180.0,0.18,"{""Answer"":""180"",""Confidence"":""0.18""}",,12.jpg,2,185.0
wgd_12_03,175.0,0.18,"{""Answer"":""175"",""Confidence"":""0.18""}",,12.jpg,3,185.0
wgd_12_04,185.0,0.18,"{""Answer"":""185"",""Confidence"":""0.18""}",,12.jpg,4,185.0
wgd_12_05,180.0,0.28,"{""Answer"":""180"",""Confidence"":""0.28""}",,12.jpg,5,185.0
wgd_12_06,175.0,0.28,"{""Answer"":""175"",""Confidence"":""0.28""}",,12.jpg,6,185.0
wgd_12_07,185.0,0.34,"{""Answer"":""185"",""Confidence"":""0.34""}",,12.jpg,7,185.0
wgd_12_08,185.0,0.34,"{""Answer"":""185"",""Confidence"":""0.34""}",,12.jpg,8,185.0
wgd_12_09,185.0,0.42,"{""Answer"":""185"",""Confidence"":""0.42""}",,12.jpg,9,185.0
wgd_12_10,185.0,0.34,"{""Answer"":""185"",""Confidence"":""0.34""}",,12.jpg,10,185.0
wgd_12_11,185.0,0.46,"{""Answer"":""185"",""Confidence"":""0.46""}",,12.jpg,11,185.0
wgd_12_12,180.0,0.36,"{""Answer"":""180"",""Confidence"":""0.36""}",,12.jpg,12,185.0
wgd_12_13,185.0,0.41,"{""Answer"":""185"",""Confidence"":""0.41""}",,12.jpg,13,185.0
wgd_12_14,185.0,0.34,"{""Answer"":""185"",""Confidence"":""0.34""}",,12.jpg,14,185.0
wgd_12_15,185.0,0.52,"{""Answer"":""185"",""Confidence"":""0.52""}",,12.jpg,15,185.0
wgd_12_16,185.0,0.42,"{""Answer"":""185"",""Confidence"":""0.42""}",,12.jpg,16,185.0
wgd_12_17,185.0,0.42,"{""Answer"":""185"",""Confidence"":""0.42""}",,12.jpg,17,185.0
wgd_12_18,190.0,0.41,"{""Answer"":""190"",""Confidence"":""0.41""}",,12.jpg,18,185.0
wgd_12_19,175.0,0.53,"{""Answer"":""175"",""Confidence"":""0.53""}",,12.jpg,19,185.0
wgd_12_20,190.0,0.52,"{""Answer"":""190"",""Confidence"":""0.52""}",,12.jpg,20,185.0
wgd_13_01,170.0,0.07,"{""Answer"":""170"",""Confidence"":""0.07""}",,13.jpg,1,195.0
wgd_13_02,175.0,0.19,"{""Answer"":""175"",""Confidence"":""0.19""}",,13.jpg,2,195.0
wgd_13_03,165.0,0.19,"{""Answer"":""165"",""Confidence"":""0.19""}",,13.jpg,3,195.0
wgd_13_04,175.0,0.32,"{""Answer"":""175"",""Confidence"":""0.32""}",,13.jpg,4,195.0
wgd_13_05,165.0,0.28,"{""Answer"":""165"",""Confidence"":""0.28""}",,13.jpg,5,195.0
wgd_13_06,165.0,0.38,"{""Answer"":""165"",""Confidence"":""0.38""}",,13.jpg,6,195.0
wgd_13_07,165.0,0.46,"{""Answer"":""165"",""Confidence"":""0.46""}",,13.jpg,7,195.0
wgd_13_08,165.0,0.42,"{""Answer"":""165"",""Confidence"":""0.42""}",,13.jpg,8,195.0
wgd_13_09,168.0,0.46,"{""Answer"":""168"",""Confidence"":""0.46""}",,13.jpg,9,195.0
wgd_13_10,165.0,0.54,"{""Answer"":""165"",""Confidence"":""0.54""}",,13.jpg,10,195.0
wgd_13_11,175.0,0.42,"{""Answer"":""175"",""Confidence"":""0.42""}",,13.jpg,11,195.0
wgd_13_12,175.0,0.55,"{""Answer"":""175"",""Confidence"":""0.55""}",,13.jpg,12,195.0
wgd_13_13,175.0,0.58,"{""Answer"":""175"",""Confidence"":""0.58""}",,13.jpg,13,195.0
wgd_13_14,165.0,0.42,"{""Answer"":""165"",""Confidence"":""0.42""}",,13.jpg,14,195.0
wgd_13_15,175.0,0.42,"{""Answer"":""175"",""Confidence"":""0.42""}",,13.jpg,15,195.0
wgd_13_16,170.0,0.52,"{""Answer"":""170"",""Confidence"":""0.52""}",,13.jpg,16,195.0
wgd_13_17,175.0,0.42,"{""Answer"":""175"",""Confidence"":""0.42""}",,13.jpg,17,195.0
wgd_13_18,175.0,0.62,"{""Answer"":""175"",""Confidence"":""0.62""}",,13.jpg,18,195.0
wgd_13_19,175.0,0.62,"{""Answer"":""175"",""Confidence"":""0.62""}",,13.jpg,19,195.0
wgd_13_20,165.0,0.52,"{""Answer"":""165"",""Confidence"":""0.52""}",,13.jpg,20,195.0
wgd_14_01,165.0,0.03,"{""Answer"":""165"",""Confidence"":""0.03""}",,14.jpg,1,165.0
wgd_14_02,165.0,0.12,"{""Answer"":""165"",""Confidence"":""0.12""}",,14.jpg,2,165.0
wgd_14_03,170.0,0.22,"{""Answer"":""170"",""Confidence"":""0.22""}",,14.jpg,3,165.0
wgd_14_04,165.0,0.24,"{""Answer"":""165"",""Confidence"":""0.24""}",,14.jpg,4,165.0
wgd_14_05,160.0,0.42,"{""Answer"":""160"",""Confidence"":""0.42""}",,14.jpg,5,165.0
wgd_14_06,155.0,0.34,"{""Answer"":""155"",""Confidence"":""0.34""}",,14.jpg,6,165.0
wgd_14_07,155.0,0.43,"{""Answer"":""155"",""Confidence"":""0.43""}",,14.jpg,7,165.0
wgd_14_08,170.0,0.58,"{""Answer"":""170"",""Confidence"":""0.58""}",,14.jpg,8,165.0
wgd_14_09,155.0,0.43,"{""Answer"":""155"",""Confidence"":""0.43""}",,14.jpg,9,165.0
wgd_14_10,155.0,0.66,"{""Answer"":""155"",""Confidence"":""0.66""}",,14.jpg,10,165.0
wgd_14_11,165.0,0.62,"{""Answer"":""165"",""Confidence"":""0.62""}",,14.jpg,11,165.0
wgd_14_12,165.0,0.61,"{""Answer"":""165"",""Confidence"":""0.61""}",,14.jpg,12,165.0
wgd_14_13,160.0,0.62,"{""Answer"":""160"",""Confidence"":""0.62""}",,14.jpg,13,165.0
wgd_14_14,165.0,0.54,"{""Answer"":""165"",""Confidence"":""0.54""}",,14.jpg,14,165.0
wgd_14_15,165.0,0.52,"{""Answer"":""165"",""Confidence"":""0.52""}",,14.jpg,15,165.0
wgd_14_16,155.0,0.67,"{""Answer"":""155"",""Confidence"":""0.67""}",,14.jpg,16,165.0
wgd_14_17,155.0,0.56,"{""Answer"":""155"",""Confidence"":""0.56""}",,14.jpg,17,165.0
wgd_14_18,155.0,0.62,"{""Answer"":""155"",""Confidence"":""0.62""}",,14.jpg,18,165.0
wgd_14_19,155.0,0.62,"{""Answer"":""155"",""Confidence"":""0.62""}",,14.jpg,19,165.0
wgd_14_20,155.0,0.62,"{""Answer"":""155"",""Confidence"":""0.62""}",,14.jpg,20,165.0
wgd_15_01,145.0,0.08,"{""Answer"":""145"",""Confidence"":""0.08""}",,15.jpg,1,120.0
wgd_15_02,145.0,0.12,"{""Answer"":""145"",""Confidence"":""0.12""}",,15.jpg,2,120.0
wgd_15_03,145.0,0.18,"{""Answer"":""145"",""Confidence"":""0.18""}",,15.jpg,3,120.0
wgd_15_04,145.0,0.18,"{""Answer"":""145"",""Confidence"":""0.18""}",,15.jpg,4,120.0
wgd_15_05,145.0,0.22,"{""Answer"":""145"",""Confidence"":""0.22""}",,15.jpg,5,120.0
wgd_15_06,145.0,0.22,"{""Answer"":""145"",""Confidence"":""0.22""}",,15.jpg,6,120.0
wgd_15_07,145.0,0.28,"{""Answer"":""145"",""Confidence"":""0.28""}",,15.jpg,7,120.0
wgd_15_08,145.0,0.27,"{""Answer"":""145"",""Confidence"":""0.27""}",,15.jpg,8,120.0
wgd_15_09,145.0,0.28,"{""Answer"":""145"",""Confidence"":""0.28""}",,15.jpg,9,120.0
wgd_15_10,145.0,0.46,"{""Answer"":""145"",""Confidence"":""0.46""}",,15.jpg,10,120.0
wgd_15_11,145.0,0.42,"{""Answer"":""145"",""Confidence"":""0.42""}",,15.jpg,11,120.0
wgd_15_12,145.0,0.28,"{""Answer"":""145"",""Confidence"":""0.28""}",,15.jpg,12,120.0
wgd_15_13,145.0,0.42,"{""Answer"":""145"",""Confidence"":""0.42""}",,15.jpg,13,120.0
wgd_15_14,140.0,0.36,"{""Answer"":""140"",""Confidence"":""0.36""}",,15.jpg,14,120.0
wgd_15_15,145.0,0.42,"{""Answer"":""145"",""Confidence"":""0.42""}",,15.jpg,15,120.0
wgd_15_16,145.0,0.46,"{""Answer"":""145"",""Confidence"":""0.46""}",,15.jpg,16,120.0
wgd_15_17,145.0,0.34,"{""Answer"":""145"",""Confidence"":""0.34""}",,15.jpg,17,120.0
wgd_15_18,145.0,0.54,"{""Answer"":""145"",""Confidence"":""0.54""}",,15.jpg,18,120.0
wgd_15_19,145.0,0.34,"{""Answer"":""145"",""Confidence"":""0.34""}",,15.jpg,19,120.0
wgd_15_20,145.0,0.42,"{""Answer"":""145"",""Confidence"":""0.42""}",,15.jpg,20,120.0
wgd_16_01,125.0,0.12,"{""Answer"":""125"",""Confidence"":""0.12""}",,16.jpg,1,109.0
wgd_16_02,128.0,0.18,"{""Answer"":""128"",""Confidence"":""0.18""}",,16.jpg,2,109.0
wgd_16_03,125.0,0.26,"{""Answer"":""125"",""Confidence"":""0.26""}",,16.jpg,3,109.0
wgd_16_04,122.0,0.28,"{""Answer"":""122"",""Confidence"":""0.28""}",,16.jpg,4,109.0
wgd_16_05,118.0,0.34,"{""Answer"":""118"",""Confidence"":""0.34""}",,16.jpg,5,109.0
wgd_16_06,125.0,0.46,"{""Answer"":""125"",""Confidence"":""0.46""}",,16.jpg,6,109.0
wgd_16_07,120.0,0.42,"{""Answer"":""120"",""Confidence"":""0.42""}",,16.jpg,7,109.0
wgd_16_08,125.0,0.38,"{""Answer"":""125"",""Confidence"":""0.38""}",,16.jpg,8,109.0
wgd_16_09,120.0,0.44,"{""Answer"":""120"",""Confidence"":""0.44""}",,16.jpg,9,109.0
wgd_16_10,128.0,0.3,"{""Answer"":""128"",""Confidence"":""0.30""}",,16.jpg,10,109.0
wgd_16_11,130.0,0.54,"{""Answer"":""130"",""Confidence"":""0.54""}",,16.jpg,11,109.0
wgd_16_12,125.0,0.32,"{""Answer"":""125"",""Confidence"":""0.32""}",,16.jpg,12,109.0
wgd_16_13,125.0,0.55,"{""Answer"":""125"",""Confidence"":""0.55""}",,16.jpg,13,109.0
wgd_16_14,125.0,0.54,"{""Answer"":""125"",""Confidence"":""0.54""}",,16.jpg,14,109.0
wgd_16_15,125.0,0.44,"{""Answer"":""125"",""Confidence"":""0.44""}",,16.jpg,15,109.0
wgd_16_16,122.0,0.63,"{""Answer"":""122"",""Confidence"":""0.63""}",,16.jpg,16,109.0
wgd_16_17,128.0,0.43,"{""Answer"":""128"",""Confidence"":""0.43""}",,16.jpg,17,109.0
wgd_16_18,125.0,0.61,"{""Answer"":""125"",""Confidence"":""0.61""}",,16.jpg,18,109.0
wgd_16_19,125.0,0.58,"{""Answer"":""125"",""Confidence"":""0.58""}",,16.jpg,19,109.0
wgd_16_20,125.0,0.55,"{""Answer"":""125"",""Confidence"":""0.55""}",,16.jpg,20,109.0
wgd_17_01,145.0,0.07,"{""Answer"":""145"",""Confidence"":""0.07""}",,17.jpg,1,150.0
wgd_17_02,150.0,0.18,"{""Answer"":""150"",""Confidence"":""0.18""}",,17.jpg,2,150.0
wgd_17_03,145.0,0.22,"{""Answer"":""145"",""Confidence"":""0.22""}",,17.jpg,3,150.0
wgd_17_04,145.0,0.22,"{""Answer"":""145"",""Confidence"":""0.22""}",,17.jpg,4,150.0
wgd_17_05,145.0,0.42,"{""Answer"":""145"",""Confidence"":""0.42""}",,17.jpg,5,150.0
wgd_17_06,145.0,0.43,"{""Answer"":""145"",""Confidence"":""0.43""}",,17.jpg,6,150.0
wgd_17_07,145.0,0.24,"{""Answer"":""145"",""Confidence"":""0.24""}",,17.jpg,7,150.0
wgd_17_08,145.0,0.54,"{""Answer"":""145"",""Confidence"":""0.54""}",,17.jpg,8,150.0
wgd_17_09,150.0,0.41,"{""Answer"":""150"",""Confidence"":""0.41""}",,17.jpg,9,150.0
wgd_17_10,145.0,0.49,"{""Answer"":""145"",""Confidence"":""0.49""}",,17.jpg,10,150.0
wgd_17_11,150.0,0.54,"{""Answer"":""150"",""Confidence"":""0.54""}",,17.jpg,11,150.0
wgd_17_12,145.0,0.54,"{""Answer"":""145"",""Confidence"":""0.54""}",,17.jpg,12,150.0
wgd_17_13,145.0,0.62,"{""Answer"":""145"",""Confidence"":""0.62""}",,17.jpg,13,150.0
wgd_17_14,145.0,0.34,"{""Answer"":""145"",""Confidence"":""0.34""}",,17.jpg,14,150.0
wgd_17_15,145.0,0.55,"{""Answer"":""145"",""Confidence"":""0.55""}",,17.jpg,15,150.0
wgd_17_16,145.0,0.43,"{""Answer"":""145"",""Confidence"":""0.43""}",,17.jpg,16,150.0
wgd_17_17,145.0,0.42,"{""Answer"":""145"",""Confidence"":""0.42""}",,17.jpg,17,150.0
wgd_17_18,145.0,0.41,"{""Answer"":""145"",""Confidence"":""0.41""}",,17.jpg,18,150.0
wgd_17_19,145.0,0.55,"{""Answer"":""145"",""Confidence"":""0.55""}",,17.jpg,19,150.0
wgd_17_20,145.0,0.68,"{""Answer"":""145"",""Confidence"":""0.68""}",,17.jpg,20,150.0
wgd_18_01,155.0,0.08,"{""Answer"":""155"",""Confidence"":""0.08""}",,18.jpg,1,134.0
wgd_18_02,165.0,0.22,"{""Answer"":""165"",""Confidence"":""0.22""}",,18.jpg,2,134.0
wgd_18_03,155.0,0.18,"{""Answer"":""155"",""Confidence"":""0.18""}",,18.jpg,3,134.0
wgd_18_04,160.0,0.42,"{""Answer"":""160"",""Confidence"":""0.42""}",,18.jpg,4,134.0
wgd_18_05,165.0,0.34,"{""Answer"":""165"",""Confidence"":""0.34""}",,18.jpg,5,134.0
wgd_18_06,155.0,0.41,"{""Answer"":""155"",""Confidence"":""0.41""}",,18.jpg,6,134.0
wgd_18_07,155.0,0.28,"{""Answer"":""155"",""Confidence"":""0.28""}",,18.jpg,7,134.0
wgd_18_08,155.0,0.42,"{""Answer"":""155"",""Confidence"":""0.42""}",,18.jpg,8,134.0
wgd_18_09,155.0,0.32,"{""Answer"":""155"",""Confidence"":""0.32""}",,18.jpg,9,134.0
wgd_18_10,155.0,0.52,"{""Answer"":""155"",""Confidence"":""0.52""}",,18.jpg,10,134.0
wgd_18_11,165.0,0.43,"{""Answer"":""165"",""Confidence"":""0.43""}",,18.jpg,11,134.0
wgd_18_12,155.0,0.56,"{""Answer"":""155"",""Confidence"":""0.56""}",,18.jpg,12,134.0
wgd_18_13,165.0,0.38,"{""Answer"":""165"",""Confidence"":""0.38""}",,18.jpg,13,134.0
wgd_18_14,160.0,0.38,"{""Answer"":""160"",""Confidence"":""0.38""}",,18.jpg,14,134.0
wgd_18_15,155.0,0.42,"{""Answer"":""155"",""Confidence"":""0.42""}",,18.jpg,15,134.0
wgd_18_16,155.0,0.58,"{""Answer"":""155"",""Confidence"":""0.58""}",,18.jpg,16,134.0
wgd_18_17,160.0,0.43,"{""Answer"":""160"",""Confidence"":""0.43""}",,18.jpg,17,134.0
wgd_18_18,155.0,0.62,"{""Answer"":""155"",""Confidence"":""0.62""}",,18.jpg,18,134.0
wgd_18_19,165.0,0.53,"{""Answer"":""165"",""Confidence"":""0.53""}",,18.jpg,19,134.0
wgd_18_20,150.0,0.62,"{""Answer"":""150"",""Confidence"":""0.62""}",,18.jpg,20,134.0
wgd_19_01,155.0,0.03,"{""Answer"":""155"",""Confidence"":""0.03""}",,19.jpg,1,132.0
wgd_19_02,155.0,0.18,"{""Answer"":""155"",""Confidence"":""0.18""}",,19.jpg,2,132.0
wgd_19_03,155.0,0.28,"{""Answer"":""155"",""Confidence"":""0.28""}",,19.jpg,3,132.0
wgd_19_04,155.0,0.28,"{""Answer"":""155"",""Confidence"":""0.28""}",,19.jpg,4,132.0
wgd_19_05,155.0,0.24,"{""Answer"":""155"",""Confidence"":""0.24""}",,19.jpg,5,132.0
wgd_19_06,155.0,0.29,"{""Answer"":""155"",""Confidence"":""0.29""}",,19.jpg,6,132.0
wgd_19_07,160.0,0.42,"{""Answer"":""160"",""Confidence"":""0.42""}",,19.jpg,7,132.0
wgd_19_08,150.0,0.41,"{""Answer"":""150"",""Confidence"":""0.41""}",,19.jpg,8,132.0
wgd_19_09,160.0,0.34,"{""Answer"":""160"",""Confidence"":""0.34""}",,19.jpg,9,132.0
wgd_19_10,160.0,0.42,"{""Answer"":""160"",""Confidence"":""0.42""}",,19.jpg,10,132.0
wgd_19_11,160.0,0.44,"{""Answer"":""160"",""Confidence"":""0.44""}",,19.jpg,11,132.0
wgd_19_12,155.0,0.62,"{""Answer"":""155"",""Confidence"":""0.62""}",,19.jpg,12,132.0
wgd_19_13,160.0,0.43,"{""Answer"":""160"",""Confidence"":""0.43""}",,19.jpg,13,132.0
wgd_19_14,155.0,0.42,"{""Answer"":""155"",""Confidence"":""0.42""}",,19.jpg,14,132.0
wgd_19_15,160.0,0.64,"{""Answer"":""160"",""Confidence"":""0.64""}",,19.jpg,15,132.0
wgd_19_16,150.0,0.62,"{""Answer"":""150"",""Confidence"":""0.62""}",,19.jpg,16,132.0
wgd_19_17,155.0,0.52,"{""Answer"":""155"",""Confidence"":""0.52""}",,19.jpg,17,132.0
wgd_19_18,165.0,0.53,"{""Answer"":""165"",""Confidence"":""0.53""}",,19.jpg,18,132.0
wgd_19_19,160.0,0.62,"{""Answer"":""160"",""Confidence"":""0.62""}",,19.jpg,19,132.0
wgd_19_20,155.0,0.52,"{""Answer"":""155"",""Confidence"":""0.52""}",,19.jpg,20,132.0
wgd_20_01,132.0,0.06,"{""Answer"":""132"",""Confidence"":""0.06""}",,20.jpg,1,118.0
wgd_20_02,125.0,0.18,"{""Answer"":""125"",""Confidence"":""0.18""}",,20.jpg,2,118.0
wgd_20_03,125.0,0.18,"{""Answer"":""125"",""Confidence"":""0.18""}",,20.jpg,3,118.0
wgd_20_04,125.0,0.28,"{""Answer"":""125"",""Confidence"":""0.28""}",,20.jpg,4,118.0
wgd_20_05,128.0,0.27,"{""Answer"":""128"",""Confidence"":""0.27""}",,20.jpg,5,118.0
wgd_20_06,125.0,0.38,"{""Answer"":""125"",""Confidence"":""0.38""}",,20.jpg,6,118.0
wgd_20_07,132.0,0.22,"{""Answer"":""132"",""Confidence"":""0.22""}",,20.jpg,7,118.0
wgd_20_08,125.0,0.32,"{""Answer"":""125"",""Confidence"":""0.32""}",,20.jpg,8,118.0
wgd_20_09,128.0,0.43,"{""Answer"":""128"",""Confidence"":""0.43""}",,20.jpg,9,118.0
wgd_20_10,128.0,0.36,"{""Answer"":""128"",""Confidence"":""0.36""}",,20.jpg,10,118.0
wgd_20_11,125.0,0.31,"{""Answer"":""125"",""Confidence"":""0.31""}",,20.jpg,11,118.0
wgd_20_12,128.0,0.48,"{""Answer"":""128"",""Confidence"":""0.48""}",,20.jpg,12,118.0
wgd_20_13,125.0,0.42,"{""Answer"":""125"",""Confidence"":""0.42""}",,20.jpg,13,118.0
wgd_20_14,125.0,0.36,"{""Answer"":""125"",""Confidence"":""0.36""}",,20.jpg,14,118.0
wgd_20_15,125.0,0.41,"{""Answer"":""125"",""Confidence"":""0.41""}",,20.jpg,15,118.0
wgd_20_16,125.0,0.43,"{""Answer"":""125"",""Confidence"":""0.43""}",,20.jpg,16,118.0
wgd_20_17,125.0,0.36,"{""Answer"":""125"",""Confidence"":""0.36""}",,20.jpg,17,118.0
wgd_20_18,130.0,0.62,"{""Answer"":""130"",""Confidence"":""0.62""}",,20.jpg,18,118.0
wgd_20_19,128.0,0.52,"{""Answer"":""128"",""Confidence"":""0.52""}",,20.jpg,19,118.0
wgd_20_20,118.0,0.58,"{""Answer"":""118"",""Confidence"":""0.58""}",,20.jpg,20,118.0
wgd_21_01,130.0,0.08,"{""Answer"":""130"",""Confidence"":""0.08""}",,21.jpg,1,130.0
wgd_21_02,132.0,0.12,"{""Answer"":""132"",""Confidence"":""0.12""}",,21.jpg,2,130.0
wgd_21_03,130.0,0.18,"{""Answer"":""130"",""Confidence"":""0.18""}",,21.jpg,3,130.0
wgd_21_04,125.0,0.34,"{""Answer"":""125"",""Confidence"":""0.34""}",,21.jpg,4,130.0
wgd_21_05,125.0,0.41,"{""Answer"":""125"",""Confidence"":""0.41""}",,21.jpg,5,130.0
wgd_21_06,135.0,0.31,"{""Answer"":""135"",""Confidence"":""0.31""}",,21.jpg,6,130.0
wgd_21_07,118.0,0.32,"{""Answer"":""118"",""Confidence"":""0.32""}",,21.jpg,7,130.0
wgd_21_08,128.0,0.53,"{""Answer"":""128"",""Confidence"":""0.53""}",,21.jpg,8,130.0
wgd_21_09,128.0,0.34,"{""Answer"":""128"",""Confidence"":""0.34""}",,21.jpg,9,130.0
wgd_21_10,125.0,0.42,"{""Answer"":""125"",""Confidence"":""0.42""}",,21.jpg,10,130.0
wgd_21_11,132.0,0.42,"{""Answer"":""132"",""Confidence"":""0.42""}",,21.jpg,11,130.0
wgd_21_12,130.0,0.44,"{""Answer"":""130"",""Confidence"":""0.44""}",,21.jpg,12,130.0
wgd_21_13,130.0,0.42,"{""Answer"":""130"",""Confidence"":""0.42""}",,21.jpg,13,130.0
wgd_21_14,128.0,0.61,"{""Answer"":""128"",""Confidence"":""0.61""}",,21.jpg,14,130.0
wgd_21_15,125.0,0.45,"{""Answer"":""125"",""Confidence"":""0.45""}",,21.jpg,15,130.0
wgd_21_16,128.0,0.62,"{""Answer"":""128"",""Confidence"":""0.62""}",,21.jpg,16,130.0
wgd_21_17,125.0,0.42,"{""Answer"":""125"",""Confidence"":""0.42""}",,21.jpg,17,130.0
wgd_21_18,125.0,0.58,"{""Answer"":""125"",""Confidence"":""0.58""}",,21.jpg,18,130.0
wgd_21_19,128.0,0.54,"{""Answer"":""128"",""Confidence"":""0.54""}",,21.jpg,19,130.0
wgd_21_20,128.0,0.56,"{""Answer"":""128"",""Confidence"":""0.56""}",,21.jpg,20,130.0
wgd_22_01,165.0,0.08,"{""Answer"":""165"",""Confidence"":""0.08""}",,22.jpg,1,185.0
wgd_22_02,160.0,0.18,"{""Answer"":""160"",""Confidence"":""0.18""}",,22.jpg,2,185.0
wgd_22_03,155.0,0.22,"{""Answer"":""155"",""Confidence"":""0.22""}",,22.jpg,3,185.0
wgd_22_04,155.0,0.28,"{""Answer"":""155"",""Confidence"":""0.28""}",,22.jpg,4,185.0
wgd_22_05,160.0,0.28,"{""Answer"":""160"",""Confidence"":""0.28""}",,22.jpg,5,185.0
wgd_22_06,155.0,0.42,"{""Answer"":""155"",""Confidence"":""0.42""}",,22.jpg,6,185.0
wgd_22_07,165.0,0.36,"{""Answer"":""165"",""Confidence"":""0.36""}",,22.jpg,7,185.0
wgd_22_08,155.0,0.33,"{""Answer"":""155"",""Confidence"":""0.33""}",,22.jpg,8,185.0
wgd_22_09,160.0,0.42,"{""Answer"":""160"",""Confidence"":""0.42""}",,22.jpg,9,185.0
wgd_22_10,155.0,0.42,"{""Answer"":""155"",""Confidence"":""0.42""}",,22.jpg,10,185.0
wgd_22_11,150.0,0.42,"{""Answer"":""150"",""Confidence"":""0.42""}",,22.jpg,11,185.0
wgd_22_12,155.0,0.33,"{""Answer"":""155"",""Confidence"":""0.33""}",,22.jpg,12,185.0
wgd_22_13,155.0,0.44,"{""Answer"":""155"",""Confidence"":""0.44""}",,22.jpg,13,185.0
wgd_22_14,155.0,0.38,"{""Answer"":""155"",""Confidence"":""0.38""}",,22.jpg,14,185.0
wgd_22_15,160.0,0.52,"{""Answer"":""160"",""Confidence"":""0.52""}",,22.jpg,15,185.0
wgd_22_16,155.0,0.55,"{""Answer"":""155"",""Confidence"":""0.55""}",,22.jpg,16,185.0
wgd_22_17,155.0,0.42,"{""Answer"":""155"",""Confidence"":""0.42""}",,22.jpg,17,185.0
wgd_22_18,150.0,0.34,"{""Answer"":""150"",""Confidence"":""0.34""}",,22.jpg,18,185.0
wgd_22_19,160.0,0.42,"{""Answer"":""160"",""Confidence"":""0.42""}",,22.jpg,19,185.0
wgd_22_20,155.0,0.58,"{""Answer"":""155"",""Confidence"":""0.58""}",,22.jpg,20,185.0
wgd_23_01,118.0,0.08,"{""Answer"":""118"",""Confidence"":""0.08""}",,23.jpg,1,115.0
wgd_23_02,118.0,0.18,"{""Answer"":""118"",""Confidence"":""0.18""}",,23.jpg,2,115.0
wgd_23_03,125.0,0.28,"{""Answer"":""125"",""Confidence"":""0.28""}",,23.jpg,3,115.0
wgd_23_04,120.0,0.18,"{""Answer"":""120"",""Confidence"":""0.18""}",,23.jpg,4,115.0
wgd_23_05,125.0,0.34,"{""Answer"":""125"",""Confidence"":""0.34""}",,23.jpg,5,115.0
wgd_23_06,115.0,0.38,"{""Answer"":""115"",""Confidence"":""0.38""}",,23.jpg,6,115.0
wgd_23_07,112.0,0.32,"{""Answer"":""112"",""Confidence"":""0.32""}",,23.jpg,7,115.0
wgd_23_08,118.0,0.56,"{""Answer"":""118"",""Confidence"":""0.56""}",,23.jpg,8,115.0
wgd_23_09,120.0,0.48,"{""Answer"":""120"",""Confidence"":""0.48""}",,23.jpg,9,115.0
wgd_23_10,115.0,0.62,"{""Answer"":""115"",""Confidence"":""0.62""}",,23.jpg,10,115.0
wgd_23_11,125.0,0.34,"{""Answer"":""125"",""Confidence"":""0.34""}",,23.jpg,11,115.0
wgd_23_12,115.0,0.46,"{""Answer"":""115"",""Confidence"":""0.46""}",,23.jpg,12,115.0
wgd_23_13,125.0,0.42,"{""Answer"":""125"",""Confidence"":""0.42""}",,23.jpg,13,115.0
wgd_23_14,118.0,0.53,"{""Answer"":""118"",""Confidence"":""0.53""}",,23.jpg,14,115.0
wgd_23_15,118.0,0.58,"{""Answer"":""118"",""Confidence"":""0.58""}",,23.jpg,15,115.0
wgd_23_16,110.0,0.62,"{""Answer"":""110"",""Confidence"":""0.62""}",,23.jpg,16,115.0
wgd_23_17,125.0,0.62,"{""Answer"":""125"",""Confidence"":""0.62""}",,23.jpg,17,115.0
wgd_23_18,125.0,0.52,"{""Answer"":""125"",""Confidence"":""0.52""}",,23.jpg,18,115.0
wgd_23_19,118.0,0.55,"{""Answer"":""118"",""Confidence"":""0.55""}",,23.jpg,19,115.0
wgd_23_20,118.0,0.58,"{""Answer"":""118"",""Confidence"":""0.58""}",,23.jpg,20,115.0
wgd_24_01,150.0,0.03,"{""Answer"":""150"",""Confidence"":""0.03""}",,24.jpg,1,173.0
wgd_24_02,160.0,0.18,"{""Answer"":""160"",""Confidence"":""0.18""}",,24.jpg,2,173.0
wgd_24_03,155.0,0.23,"{""Answer"":""155"",""Confidence"":""0.23""}",,24.jpg,3,173.0
wgd_24_04,155.0,0.34,"{""Answer"":""155"",""Confidence"":""0.34""}",,24.jpg,4,173.0
wgd_24_05,155.0,0.48,"{""Answer"":""155"",""Confidence"":""0.48""}",,24.jpg,5,173.0
wgd_24_06,155.0,0.47,"{""Answer"":""155"",""Confidence"":""0.47""}",,24.jpg,6,173.0
wgd_24_07,160.0,0.61,"{""Answer"":""160"",""Confidence"":""0.61""}",,24.jpg,7,173.0
wgd_24_08,155.0,0.54,"{""Answer"":""155"",""Confidence"":""0.54""}",,24.jpg,8,173.0
wgd_24_09,165.0,0.42,"{""Answer"":""165"",""Confidence"":""0.42""}",,24.jpg,9,173.0
wgd_24_10,155.0,0.56,"{""Answer"":""155"",""Confidence"":""0.56""}",,24.jpg,10,173.0
wgd_24_11,155.0,0.62,"{""Answer"":""155"",""Confidence"":""0.62""}",,24.jpg,11,173.0
wgd_24_12,155.0,0.58,"{""Answer"":""155"",""Confidence"":""0.58""}",,24.jpg,12,173.0
wgd_24_13,155.0,0.62,"{""Answer"":""155"",""Confidence"":""0.62""}",,24.jpg,13,173.0
wgd_24_14,160.0,0.74,"{""Answer"":""160"",""Confidence"":""0.74""}",,24.jpg,14,173.0
wgd_24_15,155.0,0.74,"{""Answer"":""155"",""Confidence"":""0.74""}",,24.jpg,15,173.0
wgd_24_16,155.0,0.62,"{""Answer"":""155"",""Confidence"":""0.62""}",,24.jpg,16,173.0
wgd_24_17,155.0,0.62,"{""Answer"":""155"",""Confidence"":""0.62""}",,24.jpg,17,173.0
wgd_24_18,165.0,0.57,"{""Answer"":""165"",""Confidence"":""0.57""}",,24.jpg,18,173.0
wgd_24_19,155.0,0.34,"{""Answer"":""155"",""Confidence"":""0.34""}",,24.jpg,19,173.0
wgd_24_20,155.0,0.62,"{""Answer"":""155"",""Confidence"":""0.62""}",,24.jpg,20,173.0
wgd_25_01,135.0,0.04,"{""Answer"":""135"",""Confidence"":""0.04""}",,25.jpg,1,125.0
wgd_25_02,135.0,0.18,"{""Answer"":""135"",""Confidence"":""0.18""}",,25.jpg,2,125.0
wgd_25_03,135.0,0.18,"{""Answer"":""135"",""Confidence"":""0.18""}",,25.jpg,3,125.0
wgd_25_04,135.0,0.22,"{""Answer"":""135"",""Confidence"":""0.22""}",,25.jpg,4,125.0
wgd_25_05,132.0,0.21,"{""Answer"":""132"",""Confidence"":""0.21""}",,25.jpg,5,125.0
wgd_25_06,128.0,0.42,"{""Answer"":""128"",""Confidence"":""0.42""}",,25.jpg,6,125.0
wgd_25_07,145.0,0.39,"{""Answer"":""145"",""Confidence"":""0.39""}",,25.jpg,7,125.0
wgd_25_08,132.0,0.46,"{""Answer"":""132"",""Confidence"":""0.46""}",,25.jpg,8,125.0
wgd_25_09,135.0,0.31,"{""Answer"":""135"",""Confidence"":""0.31""}",,25.jpg,9,125.0
wgd_25_10,138.0,0.27,"{""Answer"":""138"",""Confidence"":""0.27""}",,25.jpg,10,125.0
wgd_25_11,145.0,0.42,"{""Answer"":""145"",""Confidence"":""0.42""}",,25.jpg,11,125.0
wgd_25_12,135.0,0.58,"{""Answer"":""135"",""Confidence"":""0.58""}",,25.jpg,12,125.0
wgd_25_13,135.0,0.61,"{""Answer"":""135"",""Confidence"":""0.61""}",,25.jpg,13,125.0
wgd_25_14,140.0,0.48,"{""Answer"":""140"",""Confidence"":""0.48""}",,25.jpg,14,125.0
wgd_25_15,135.0,0.34,"{""Answer"":""135"",""Confidence"":""0.34""}",,25.jpg,15,125.0
wgd_25_16,130.0,0.58,"{""Answer"":""130"",""Confidence"":""0.58""}",,25.jpg,16,125.0
wgd_25_17,140.0,0.62,"{""Answer"":""140"",""Confidence"":""0.62""}",,25.jpg,17,125.0
wgd_25_18,135.0,0.62,"{""Answer"":""135"",""Confidence"":""0.62""}",,25.jpg,18,125.0
wgd_25_19,145.0,0.52,"{""Answer"":""145"",""Confidence"":""0.52""}",,25.jpg,19,125.0
wgd_25_20,135.0,0.62,"{""Answer"":""135"",""Confidence"":""0.62""}",,25.jpg,20,125.0
wgd_26_01,155.0,0.08,"{""Answer"":""155"",""Confidence"":""0.08""}",,26.jpg,1,163.0
wgd_26_02,150.0,0.22,"{""Answer"":""150"",""Confidence"":""0.22""}",,26.jpg,2,163.0
wgd_26_03,145.0,0.22,"{""Answer"":""145"",""Confidence"":""0.22""}",,26.jpg,3,163.0
wgd_26_04,155.0,0.18,"{""Answer"":""155"",""Confidence"":""0.18""}",,26.jpg,4,163.0
wgd_26_05,150.0,0.28,"{""Answer"":""150"",""Confidence"":""0.28""}",,26.jpg,5,163.0
wgd_26_06,145.0,0.32,"{""Answer"":""145"",""Confidence"":""0.32""}",,26.jpg,6,163.0
wgd_26_07,155.0,0.34,"{""Answer"":""155"",""Confidence"":""0.34""}",,26.jpg,7,163.0
wgd_26_08,155.0,0.32,"{""Answer"":""155"",""Confidence"":""0.32""}",,26.jpg,8,163.0
wgd_26_09,155.0,0.34,"{""Answer"":""155"",""Confidence"":""0.34""}",,26.jpg,9,163.0
wgd_26_10,155.0,0.27,"{""Answer"":""155"",""Confidence"":""0.27""}",,26.jpg,10,163.0
wgd_26_11,145.0,0.42,"{""Answer"":""145"",""Confidence"":""0.42""}",,26.jpg,11,163.0
wgd_26_12,150.0,0.42,"{""Answer"":""150"",""Confidence"":""0.42""}",,26.jpg,12,163.0
wgd_26_13,165.0,0.42,"{""Answer"":""165"",""Confidence"":""0.42""}",,26.jpg,13,163.0
wgd_26_14,160.0,0.34,"{""Answer"":""160"",""Confidence"":""0.34""}",,26.jpg,14,163.0
wgd_26_15,145.0,0.42,"{""Answer"":""145"",""Confidence"":""0.42""}",,26.jpg,15,163.0
wgd_26_16,155.0,0.42,"{""Answer"":""155"",""Confidence"":""0.42""}",,26.jpg,16,163.0
wgd_26_17,165.0,0.38,"{""Answer"":""165"",""Confidence"":""0.38""}",,26.jpg,17,163.0
wgd_26_18,145.0,0.42,"{""Answer"":""145"",""Confidence"":""0.42""}",,26.jpg,18,163.0
wgd_26_19,155.0,0.33,"{""Answer"":""155"",""Confidence"":""0.33""}",,26.jpg,19,163.0
wgd_26_20,145.0,0.34,"{""Answer"":""145"",""Confidence"":""0.34""}",,26.jpg,20,163.0
wgd_27_01,155.0,0.06,"{""Answer"":""155"",""Confidence"":""0.06""}",,27.jpg,1,200.0
wgd_27_02,165.0,0.12,"{""Answer"":""165"",""Confidence"":""0.12""}",,27.jpg,2,200.0
wgd_27_03,165.0,0.18,"{""Answer"":""165"",""Confidence"":""0.18""}",,27.jpg,3,200.0
wgd_27_04,165.0,0.23,"{""Answer"":""165"",""Confidence"":""0.23""}",,27.jpg,4,200.0
wgd_27_05,165.0,0.31,"{""Answer"":""165"",""Confidence"":""0.31""}",,27.jpg,5,200.0
wgd_27_06,165.0,0.42,"{""Answer"":""165"",""Confidence"":""0.42""}",,27.jpg,6,200.0
wgd_27_07,170.0,0.34,"{""Answer"":""170"",""Confidence"":""0.34""}",,27.jpg,7,200.0
wgd_27_08,160.0,0.28,"{""Answer"":""160"",""Confidence"":""0.28""}",,27.jpg,8,200.0
wgd_27_09,165.0,0.42,"{""Answer"":""165"",""Confidence"":""0.42""}",,27.jpg,9,200.0
wgd_27_10,160.0,0.34,"{""Answer"":""160"",""Confidence"":""0.34""}",,27.jpg,10,200.0
wgd_27_11,165.0,0.42,"{""Answer"":""165"",""Confidence"":""0.42""}",,27.jpg,11,200.0
wgd_27_12,155.0,0.52,"{""Answer"":""155"",""Confidence"":""0.52""}",,27.jpg,12,200.0
wgd_27_13,165.0,0.52,"{""Answer"":""165"",""Confidence"":""0.52""}",,27.jpg,13,200.0
wgd_27_14,170.0,0.42,"{""Answer"":""170"",""Confidence"":""0.42""}",,27.jpg,14,200.0
wgd_27_15,160.0,0.52,"{""Answer"":""160"",""Confidence"":""0.52""}",,27.jpg,15,200.0
wgd_27_16,170.0,0.42,"{""Answer"":""170"",""Confidence"":""0.42""}",,27.jpg,16,200.0
wgd_27_17,165.0,0.42,"{""Answer"":""165"",""Confidence"":""0.42""}",,27.jpg,17,200.0
wgd_27_18,160.0,0.46,"{""Answer"":""160"",""Confidence"":""0.46""}",,27.jpg,18,200.0
wgd_27_19,165.0,0.41,"{""Answer"":""165"",""Confidence"":""0.41""}",,27.jpg,19,200.0
wgd_27_20,160.0,0.42,"{""Answer"":""160"",""Confidence"":""0.42""}",,27.jpg,20,200.0
wgd_28_01,175.0,0.07,"{""Answer"":""175"",""Confidence"":""0.07""}",,28.jpg,1,190.0
wgd_28_02,170.0,0.18,"{""Answer"":""170"",""Confidence"":""0.18""}",,28.jpg,2,190.0
wgd_28_03,170.0,0.28,"{""Answer"":""170"",""Confidence"":""0.28""}",,28.jpg,3,190.0
wgd_28_04,185.0,0.28,"{""Answer"":""185"",""Confidence"":""0.28""}",,28.jpg,4,190.0
wgd_28_05,175.0,0.33,"{""Answer"":""175"",""Confidence"":""0.33""}",,28.jpg,5,190.0
wgd_28_06,180.0,0.56,"{""Answer"":""180"",""Confidence"":""0.56""}",,28.jpg,6,190.0
wgd_28_07,175.0,0.42,"{""Answer"":""175"",""Confidence"":""0.42""}",,28.jpg,7,190.0
wgd_28_08,185.0,0.42,"{""Answer"":""185"",""Confidence"":""0.42""}",,28.jpg,8,190.0
wgd_28_09,185.0,0.61,"{""Answer"":""185"",""Confidence"":""0.61""}",,28.jpg,9,190.0
wgd_28_10,180.0,0.55,"{""Answer"":""180"",""Confidence"":""0.55""}",,28.jpg,10,190.0
wgd_28_11,180.0,0.61,"{""Answer"":""180"",""Confidence"":""0.61""}",,28.jpg,11,190.0
wgd_28_12,180.0,0.43,"{""Answer"":""180"",""Confidence"":""0.43""}",,28.jpg,12,190.0
wgd_28_13,190.0,0.56,"{""Answer"":""190"",""Confidence"":""0.56""}",,28.jpg,13,190.0
wgd_28_14,185.0,0.62,"{""Answer"":""185"",""Confidence"":""0.62""}",,28.jpg,14,190.0
wgd_28_15,175.0,0.56,"{""Answer"":""175"",""Confidence"":""0.56""}",,28.jpg,15,190.0
wgd_28_16,185.0,0.63,"{""Answer"":""185"",""Confidence"":""0.63""}",,28.jpg,16,190.0
wgd_28_17,195.0,0.42,"{""Answer"":""195"",""Confidence"":""0.42""}",,28.jpg,17,190.0
wgd_28_18,175.0,0.56,"{""Answer"":""175"",""Confidence"":""0.56""}",,28.jpg,18,190.0
wgd_28_19,175.0,0.58,"{""Answer"":""175"",""Confidence"":""0.58""}",,28.jpg,19,190.0
wgd_28_20,190.0,0.64,"{""Answer"":""190"",""Confidence"":""0.64""}",,28.jpg,20,190.0
wgd_29_01,165.0,0.08,"{""Answer"":""165"",""Confidence"":""0.08""}",,29.jpg,1,145.0
wgd_29_02,160.0,0.22,"{""Answer"":""160"",""Confidence"":""0.22""}",,29.jpg,2,145.0
wgd_29_03,150.0,0.21,"{""Answer"":""150"",""Confidence"":""0.21""}",,29.jpg,3,145.0
wgd_29_04,155.0,0.22,"{""Answer"":""155"",""Confidence"":""0.22""}",,29.jpg,4,145.0
wgd_29_05,155.0,0.34,"{""Answer"":""155"",""Confidence"":""0.34""}",,29.jpg,5,145.0
wgd_29_06,155.0,0.42,"{""Answer"":""155"",""Confidence"":""0.42""}",,29.jpg,6,145.0
wgd_29_07,160.0,0.37,"{""Answer"":""160"",""Confidence"":""0.37""}",,29.jpg,7,145.0
wgd_29_08,155.0,0.54,"{""Answer"":""155"",""Confidence"":""0.54""}",,29.jpg,8,145.0
wgd_29_09,160.0,0.38,"{""Answer"":""160"",""Confidence"":""0.38""}",,29.jpg,9,145.0
wgd_29_10,155.0,0.52,"{""Answer"":""155"",""Confidence"":""0.52""}",,29.jpg,10,145.0
wgd_29_11,165.0,0.54,"{""Answer"":""165"",""Confidence"":""0.54""}",,29.jpg,11,145.0
wgd_29_12,155.0,0.58,"{""Answer"":""155"",""Confidence"":""0.58""}",,29.jpg,12,145.0
wgd_29_13,155.0,0.58,"{""Answer"":""155"",""Confidence"":""0.58""}",,29.jpg,13,145.0
wgd_29_14,155.0,0.43,"{""Answer"":""155"",""Confidence"":""0.43""}",,29.jpg,14,145.0
wgd_29_15,155.0,0.46,"{""Answer"":""155"",""Confidence"":""0.46""}",,29.jpg,15,145.0
wgd_29_16,150.0,0.56,"{""Answer"":""150"",""Confidence"":""0.56""}",,29.jpg,16,145.0
wgd_29_17,155.0,0.42,"{""Answer"":""155"",""Confidence"":""0.42""}",,29.jpg,17,145.0
wgd_29_18,155.0,0.66,"{""Answer"":""155"",""Confidence"":""0.66""}",,29.jpg,18,145.0
wgd_29_19,155.0,0.62,"{""Answer"":""155"",""Confidence"":""0.62""}",,29.jpg,19,145.0
wgd_29_20,155.0,0.56,"{""Answer"":""155"",""Confidence"":""0.56""}",,29.jpg,20,145.0
wgd_30_01,148.0,0.07,"{""Answer"":""148"",""Confidence"":""0.07""}",,30.jpg,1,165.0
wgd_30_02,145.0,0.18,"{""Answer"":""145"",""Confidence"":""0.18""}",,30.jpg,2,165.0
wgd_30_03,150.0,0.18,"{""Answer"":""150"",""Confidence"":""0.18""}",,30.jpg,3,165.0
wgd_30_04,150.0,0.22,"{""Answer"":""150"",""Confidence"":""0.22""}",,30.jpg,4,165.0
wgd_30_05,155.0,0.34,"{""Answer"":""155"",""Confidence"":""0.34""}",,30.jpg,5,165.0
wgd_30_06,145.0,0.52,"{""Answer"":""145"",""Confidence"":""0.52""}",,30.jpg,6,165.0
wgd_30_07,155.0,0.42,"{""Answer"":""155"",""Confidence"":""0.42""}",,30.jpg,7,165.0
wgd_30_08,145.0,0.44,"{""Answer"":""145"",""Confidence"":""0.44""}",,30.jpg,8,165.0
wgd_30_09,148.0,0.42,"{""Answer"":""148"",""Confidence"":""0.42""}",,30.jpg,9,165.0
wgd_30_10,145.0,0.46,"{""Answer"":""145"",""Confidence"":""0.46""}",,30.jpg,10,165.0
wgd_30_11,145.0,0.62,"{""Answer"":""145"",""Confidence"":""0.62""}",,30.jpg,11,165.0
wgd_30_12,150.0,0.63,"{""Answer"":""150"",""Confidence"":""0.63""}",,30.jpg,12,165.0
wgd_30_13,155.0,0.62,"{""Answer"":""155"",""Confidence"":""0.62""}",,30.jpg,13,165.0
wgd_30_14,155.0,0.62,"{""Answer"":""155"",""Confidence"":""0.62""}",,30.jpg,14,165.0
wgd_30_15,150.0,0.63,"{""Answer"":""150"",""Confidence"":""0.63""}",,30.jpg,15,165.0
wgd_30_16,150.0,0.62,"{""Answer"":""150"",""Confidence"":""0.62""}",,30.jpg,16,165.0
wgd_30_17,150.0,0.78,"{""Answer"":""150"",""Confidence"":""0.78""}",,30.jpg,17,165.0
wgd_30_18,155.0,0.62,"{""Answer"":""155"",""Confidence"":""0.62""}",,30.jpg,18,165.0
wgd_30_19,155.0,0.61,"{""Answer"":""155"",""Confidence"":""0.61""}",,30.jpg,19,165.0
wgd_30_20,145.0,0.68,"{""Answer"":""145"",""Confidence"":""0.68""}",,30.jpg,20,165.0
wgd_31_01,145.0,0.12,"{""Answer"":""145"",""Confidence"":""0.12""}",,31.jpg,1,135.0
wgd_31_02,145.0,0.18,"{""Answer"":""145"",""Confidence"":""0.18""}",,31.jpg,2,135.0
wgd_31_03,135.0,0.18,"{""Answer"":""135"",""Confidence"":""0.18""}",,31.jpg,3,135.0
wgd_31_04,145.0,0.38,"{""Answer"":""145"",""Confidence"":""0.38""}",,31.jpg,4,135.0
wgd_31_05,145.0,0.31,"{""Answer"":""145"",""Confidence"":""0.31""}",,31.jpg,5,135.0
wgd_31_06,145.0,0.28,"{""Answer"":""145"",""Confidence"":""0.28""}",,31.jpg,6,135.0
wgd_31_07,145.0,0.27,"{""Answer"":""145"",""Confidence"":""0.27""}",,31.jpg,7,135.0
wgd_31_08,145.0,0.34,"{""Answer"":""145"",""Confidence"":""0.34""}",,31.jpg,8,135.0
wgd_31_09,145.0,0.55,"{""Answer"":""145"",""Confidence"":""0.55""}",,31.jpg,9,135.0
wgd_31_10,145.0,0.44,"{""Answer"":""145"",""Confidence"":""0.44""}",,31.jpg,10,135.0
wgd_31_11,145.0,0.62,"{""Answer"":""145"",""Confidence"":""0.62""}",,31.jpg,11,135.0
wgd_31_12,150.0,0.34,"{""Answer"":""150"",""Confidence"":""0.34""}",,31.jpg,12,135.0
wgd_31_13,145.0,0.42,"{""Answer"":""145"",""Confidence"":""0.42""}",,31.jpg,13,135.0
wgd_31_14,145.0,0.52,"{""Answer"":""145"",""Confidence"":""0.52""}",,31.jpg,14,135.0
wgd_31_15,145.0,0.54,"{""Answer"":""145"",""Confidence"":""0.54""}",,31.jpg,15,135.0
wgd_31_16,150.0,0.54,"{""Answer"":""150"",""Confidence"":""0.54""}",,31.jpg,16,135.0
wgd_31_17,150.0,0.32,"{""Answer"":""150"",""Confidence"":""0.32""}",,31.jpg,17,135.0
wgd_31_18,145.0,0.52,"{""Answer"":""145"",""Confidence"":""0.52""}",,31.jpg,18,135.0
wgd_31_19,145.0,0.34,"{""Answer"":""145"",""Confidence"":""0.34""}",,31.jpg,19,135.0
wgd_31_20,145.0,0.55,"{""Answer"":""145"",""Confidence"":""0.55""}",,31.jpg,20,135.0
wgd_32_01,145.0,0.12,"{""Answer"":""145"",""Confidence"":""0.12""}",,32.jpg,1,170.0
wgd_32_02,145.0,0.22,"{""Answer"":""145"",""Confidence"":""0.22""}",,32.jpg,2,170.0
wgd_32_03,145.0,0.18,"{""Answer"":""145"",""Confidence"":""0.18""}",,32.jpg,3,170.0
wgd_32_04,145.0,0.32,"{""Answer"":""145"",""Confidence"":""0.32""}",,32.jpg,4,170.0
wgd_32_05,145.0,0.34,"{""Answer"":""145"",""Confidence"":""0.34""}",,32.jpg,5,170.0
wgd_32_06,145.0,0.34,"{""Answer"":""145"",""Confidence"":""0.34""}",,32.jpg,6,170.0
wgd_32_07,145.0,0.42,"{""Answer"":""145"",""Confidence"":""0.42""}",,32.jpg,7,170.0
wgd_32_08,145.0,0.43,"{""Answer"":""145"",""Confidence"":""0.43""}",,32.jpg,8,170.0
wgd_32_09,145.0,0.58,"{""Answer"":""145"",""Confidence"":""0.58""}",,32.jpg,9,170.0
wgd_32_10,145.0,0.53,"{""Answer"":""145"",""Confidence"":""0.53""}",,32.jpg,10,170.0
wgd_32_11,145.0,0.62,"{""Answer"":""145"",""Confidence"":""0.62""}",,32.jpg,11,170.0
wgd_32_12,145.0,0.52,"{""Answer"":""145"",""Confidence"":""0.52""}",,32.jpg,12,170.0
wgd_32_13,145.0,0.63,"{""Answer"":""145"",""Confidence"":""0.63""}",,32.jpg,13,170.0
wgd_32_14,150.0,0.42,"{""Answer"":""150"",""Confidence"":""0.42""}",,32.jpg,14,170.0
wgd_32_15,150.0,0.62,"{""Answer"":""150"",""Confidence"":""0.62""}",,32.jpg,15,170.0
wgd_32_16,150.0,0.58,"{""Answer"":""150"",""Confidence"":""0.58""}",,32.jpg,16,170.0
wgd_32_17,150.0,0.57,"{""Answer"":""150"",""Confidence"":""0.57""}",,32.jpg,17,170.0
wgd_32_18,145.0,0.62,"{""Answer"":""145"",""Confidence"":""0.62""}",,32.jpg,18,170.0
wgd_32_19,145.0,0.62,"{""Answer"":""145"",""Confidence"":""0.62""}",,32.jpg,19,170.0
wgd_32_20,145.0,0.62,"{""Answer"":""145"",""Confidence"":""0.62""}",,32.jpg,20,170.0
wgd_33_01,135.0,0.08,"{""Answer"":""135"",""Confidence"":""0.08""}",,33.jpg,1,122.0
wgd_33_02,135.0,0.18,"{""Answer"":""135"",""Confidence"":""0.18""}",,33.jpg,2,122.0
wgd_33_03,130.0,0.18,"{""Answer"":""130"",""Confidence"":""0.18""}",,33.jpg,3,122.0
wgd_33_04,128.0,0.18,"{""Answer"":""128"",""Confidence"":""0.18""}",,33.jpg,4,122.0
wgd_33_05,130.0,0.22,"{""Answer"":""130"",""Confidence"":""0.22""}",,33.jpg,5,122.0
wgd_33_06,128.0,0.34,"{""Answer"":""128"",""Confidence"":""0.34""}",,33.jpg,6,122.0
wgd_33_07,130.0,0.35,"{""Answer"":""130"",""Confidence"":""0.35""}",,33.jpg,7,122.0
wgd_33_08,135.0,0.23,"{""Answer"":""135"",""Confidence"":""0.23""}",,33.jpg,8,122.0
wgd_33_09,125.0,0.22,"{""Answer"":""125"",""Confidence"":""0.22""}",,33.jpg,9,122.0
wgd_33_10,145.0,0.34,"{""Answer"":""145"",""Confidence"":""0.34""}",,33.jpg,10,122.0
wgd_33_11,135.0,0.31,"{""Answer"":""135"",""Confidence"":""0.31""}",,33.jpg,11,122.0
wgd_33_12,135.0,0.38,"{""Answer"":""135"",""Confidence"":""0.38""}",,33.jpg,12,122.0
wgd_33_13,135.0,0.34,"{""Answer"":""135"",""Confidence"":""0.34""}",,33.jpg,13,122.0
wgd_33_14,135.0,0.43,"{""Answer"":""135"",""Confidence"":""0.43""}",,33.jpg,14,122.0
wgd_33_15,125.0,0.34,"{""Answer"":""125"",""Confidence"":""0.34""}",,33.jpg,15,122.0
wgd_33_16,135.0,0.41,"{""Answer"":""135"",""Confidence"":""0.41""}",,33.jpg,16,122.0
wgd_33_17,130.0,0.52,"{""Answer"":""130"",""Confidence"":""0.52""}",,33.jpg,17,122.0
wgd_33_18,125.0,0.42,"{""Answer"":""125"",""Confidence"":""0.42""}",,33.jpg,18,122.0
wgd_33_19,135.0,0.58,"{""Answer"":""135"",""Confidence"":""0.58""}",,33.jpg,19,122.0
wgd_33_20,135.0,0.44,"{""Answer"":""135"",""Confidence"":""0.44""}",,33.jpg,20,122.0
wgd_34_01,145.0,0.08,"{""Answer"":""145"",""Confidence"":""0.08""}",,34.jpg,1,122.0
wgd_34_02,145.0,0.18,"{""Answer"":""145"",""Confidence"":""0.18""}",,34.jpg,2,122.0
wgd_34_03,135.0,0.22,"{""Answer"":""135"",""Confidence"":""0.22""}",,34.jpg,3,122.0
wgd_34_04,138.0,0.24,"{""Answer"":""138"",""Confidence"":""0.24""}",,34.jpg,4,122.0
wgd_34_05,145.0,0.27,"{""Answer"":""145"",""Confidence"":""0.27""}",,34.jpg,5,122.0
wgd_34_06,135.0,0.34,"{""Answer"":""135"",""Confidence"":""0.34""}",,34.jpg,6,122.0
wgd_34_07,135.0,0.42,"{""Answer"":""135"",""Confidence"":""0.42""}",,34.jpg,7,122.0
wgd_34_08,145.0,0.28,"{""Answer"":""145"",""Confidence"":""0.28""}",,34.jpg,8,122.0
wgd_34_09,145.0,0.41,"{""Answer"":""145"",""Confidence"":""0.41""}",,34.jpg,9,122.0
wgd_34_10,135.0,0.44,"{""Answer"":""135"",""Confidence"":""0.44""}",,34.jpg,10,122.0
wgd_34_11,145.0,0.42,"{""Answer"":""145"",""Confidence"":""0.42""}",,34.jpg,11,122.0
wgd_34_12,145.0,0.55,"{""Answer"":""145"",""Confidence"":""0.55""}",,34.jpg,12,122.0
wgd_34_13,135.0,0.43,"{""Answer"":""135"",""Confidence"":""0.43""}",,34.jpg,13,122.0
wgd_34_14,145.0,0.52,"{""Answer"":""145"",""Confidence"":""0.52""}",,34.jpg,14,122.0
wgd_34_15,145.0,0.42,"{""Answer"":""145"",""Confidence"":""0.42""}",,34.jpg,15,122.0
wgd_34_16,145.0,0.54,"{""Answer"":""145"",""Confidence"":""0.54""}",,34.jpg,16,122.0
wgd_34_17,145.0,0.46,"{""Answer"":""145"",""Confidence"":""0.46""}",,34.jpg,17,122.0
wgd_34_18,140.0,0.53,"{""Answer"":""140"",""Confidence"":""0.53""}",,34.jpg,18,122.0
wgd_34_19,145.0,0.42,"{""Answer"":""145"",""Confidence"":""0.42""}",,34.jpg,19,122.0
wgd_34_20,140.0,0.38,"{""Answer"":""140"",""Confidence"":""0.38""}",,34.jpg,20,122.0
wgd_35_01,155.0,0.07,"{""Answer"":""155"",""Confidence"":""0.07""}",,35.jpg,1,150.0
wgd_35_02,150.0,0.08,"{""Answer"":""150"",""Confidence"":""0.08""}",,35.jpg,2,150.0
wgd_35_03,145.0,0.32,"{""Answer"":""145"",""Confidence"":""0.32""}",,35.jpg,3,150.0
wgd_35_04,150.0,0.32,"{""Answer"":""150"",""Confidence"":""0.32""}",,35.jpg,4,150.0
wgd_35_05,150.0,0.36,"{""Answer"":""150"",""Confidence"":""0.36""}",,35.jpg,5,150.0
wgd_35_06,155.0,0.46,"{""Answer"":""155"",""Confidence"":""0.46""}",,35.jpg,6,150.0
wgd_35_07,150.0,0.43,"{""Answer"":""150"",""Confidence"":""0.43""}",,35.jpg,7,150.0
wgd_35_08,155.0,0.52,"{""Answer"":""155"",""Confidence"":""0.52""}",,35.jpg,8,150.0
wgd_35_09,150.0,0.42,"{""Answer"":""150"",""Confidence"":""0.42""}",,35.jpg,9,150.0
wgd_35_10,155.0,0.61,"{""Answer"":""155"",""Confidence"":""0.61""}",,35.jpg,10,150.0
wgd_35_11,150.0,0.63,"{""Answer"":""150"",""Confidence"":""0.63""}",,35.jpg,11,150.0
wgd_35_12,145.0,0.62,"{""Answer"":""145"",""Confidence"":""0.62""}",,35.jpg,12,150.0
wgd_35_13,155.0,0.71,"{""Answer"":""155"",""Confidence"":""0.71""}",,35.jpg,13,150.0
wgd_35_14,145.0,0.58,"{""Answer"":""145"",""Confidence"":""0.58""}",,35.jpg,14,150.0
wgd_35_15,155.0,0.62,"{""Answer"":""155"",""Confidence"":""0.62""}",,35.jpg,15,150.0
wgd_35_16,160.0,0.63,"{""Answer"":""160"",""Confidence"":""0.63""}",,35.jpg,16,150.0
wgd_35_17,145.0,0.62,"{""Answer"":""145"",""Confidence"":""0.62""}",,35.jpg,17,150.0
wgd_35_18,155.0,0.62,"{""Answer"":""155"",""Confidence"":""0.62""}",,35.jpg,18,150.0
wgd_35_19,150.0,0.61,"{""Answer"":""150"",""Confidence"":""0.61""}",,35.jpg,19,150.0
wgd_35_20,145.0,0.74,"{""Answer"":""145"",""Confidence"":""0.74""}",,35.jpg,20,150.0
wgd_36_01,118.0,0.12,"{""Answer"":""118"",""Confidence"":""0.12""}",,36.jpg,1,110.0
wgd_36_02,115.0,0.18,"{""Answer"":""115"",""Confidence"":""0.18""}",,36.jpg,2,110.0
wgd_36_03,118.0,0.18,"{""Answer"":""118"",""Confidence"":""0.18""}",,36.jpg,3,110.0
wgd_36_04,110.0,0.28,"{""Answer"":""110"",""Confidence"":""0.28""}",,36.jpg,4,110.0
wgd_36_05,115.0,0.42,"{""Answer"":""115"",""Confidence"":""0.42""}",,36.jpg,5,110.0
wgd_36_06,115.0,0.39,"{""Answer"":""115"",""Confidence"":""0.39""}",,36.jpg,6,110.0
wgd_36_07,112.0,0.34,"{""Answer"":""112"",""Confidence"":""0.34""}",,36.jpg,7,110.0
wgd_36_08,118.0,0.32,"{""Answer"":""118"",""Confidence"":""0.32""}",,36.jpg,8,110.0
wgd_36_09,115.0,0.34,"{""Answer"":""115"",""Confidence"":""0.34""}",,36.jpg,9,110.0
wgd_36_10,120.0,0.56,"{""Answer"":""120"",""Confidence"":""0.56""}",,36.jpg,10,110.0
wgd_36_11,115.0,0.62,"{""Answer"":""115"",""Confidence"":""0.62""}",,36.jpg,11,110.0
wgd_36_12,120.0,0.34,"{""Answer"":""120"",""Confidence"":""0.34""}",,36.jpg,12,110.0
wgd_36_13,115.0,0.63,"{""Answer"":""115"",""Confidence"":""0.63""}",,36.jpg,13,110.0
wgd_36_14,118.0,0.41,"{""Answer"":""118"",""Confidence"":""0.41""}",,36.jpg,14,110.0
wgd_36_15,118.0,0.62,"{""Answer"":""118"",""Confidence"":""0.62""}",,36.jpg,15,110.0
wgd_36_16,110.0,0.61,"{""Answer"":""110"",""Confidence"":""0.61""}",,36.jpg,16,110.0
wgd_36_17,115.0,0.55,"{""Answer"":""115"",""Confidence"":""0.55""}",,36.jpg,17,110.0
wgd_36_18,120.0,0.62,"{""Answer"":""120"",""Confidence"":""0.62""}",,36.jpg,18,110.0
wgd_36_19,115.0,0.41,"{""Answer"":""115"",""Confidence"":""0.41""}",,36.jpg,19,110.0
wgd_36_20,125.0,0.62,"{""Answer"":""125"",""Confidence"":""0.62""}",,36.jpg,20,110.0
wgd_37_01,165.0,0.18,"{""Answer"":""165"",""Confidence"":""0.18""}",,37.jpg,1,180.0
wgd_37_02,170.0,0.21,"{""Answer"":""170"",""Confidence"":""0.21""}",,37.jpg,2,180.0
wgd_37_03,172.0,0.24,"{""Answer"":""172"",""Confidence"":""0.24""}",,37.jpg,3,180.0
wgd_37_04,165.0,0.28,"{""Answer"":""165"",""Confidence"":""0.28""}",,37.jpg,4,180.0
wgd_37_05,170.0,0.34,"{""Answer"":""170"",""Confidence"":""0.34""}",,37.jpg,5,180.0
wgd_37_06,170.0,0.32,"{""Answer"":""170"",""Confidence"":""0.32""}",,37.jpg,6,180.0
wgd_37_07,175.0,0.28,"{""Answer"":""175"",""Confidence"":""0.28""}",,37.jpg,7,180.0
wgd_37_08,165.0,0.38,"{""Answer"":""165"",""Confidence"":""0.38""}",,37.jpg,8,180.0
wgd_37_09,165.0,0.42,"{""Answer"":""165"",""Confidence"":""0.42""}",,37.jpg,9,180.0
wgd_37_10,175.0,0.54,"{""Answer"":""175"",""Confidence"":""0.54""}",,37.jpg,10,180.0
wgd_37_11,165.0,0.42,"{""Answer"":""165"",""Confidence"":""0.42""}",,37.jpg,11,180.0
wgd_37_12,165.0,0.34,"{""Answer"":""165"",""Confidence"":""0.34""}",,37.jpg,12,180.0
wgd_37_13,170.0,0.36,"{""Answer"":""170"",""Confidence"":""0.36""}",,37.jpg,13,180.0
wgd_37_14,175.0,0.42,"{""Answer"":""175"",""Confidence"":""0.42""}",,37.jpg,14,180.0
wgd_37_15,170.0,0.45,"{""Answer"":""170"",""Confidence"":""0.45""}",,37.jpg,15,180.0
wgd_37_16,175.0,0.34,"{""Answer"":""175"",""Confidence"":""0.34""}",,37.jpg,16,180.0
wgd_37_17,165.0,0.37,"{""Answer"":""165"",""Confidence"":""0.37""}",,37.jpg,17,180.0
wgd_37_18,165.0,0.37,"{""Answer"":""165"",""Confidence"":""0.37""}",,37.jpg,18,180.0
wgd_37_19,168.0,0.56,"{""Answer"":""168"",""Confidence"":""0.56""}",,37.jpg,19,180.0
wgd_37_20,175.0,0.56,"{""Answer"":""175"",""Confidence"":""0.56""}",,37.jpg,20,180.0
wgd_38_01,145.0,0.12,"{""Answer"":""145"",""Confidence"":""0.12""}",,38.jpg,1,120.0
wgd_38_02,145.0,0.18,"{""Answer"":""145"",""Confidence"":""0.18""}",,38.jpg,2,120.0
wgd_38_03,145.0,0.18,"{""Answer"":""145"",""Confidence"":""0.18""}",,38.jpg,3,120.0
wgd_38_04,145.0,0.22,"{""Answer"":""145"",""Confidence"":""0.22""}",,38.jpg,4,120.0
wgd_38_05,160.0,0.34,"{""Answer"":""160"",""Confidence"":""0.34""}",,38.jpg,5,120.0
wgd_38_06,155.0,0.41,"{""Answer"":""155"",""Confidence"":""0.41""}",,38.jpg,6,120.0
wgd_38_07,165.0,0.28,"{""Answer"":""165"",""Confidence"":""0.28""}",,38.jpg,7,120.0
wgd_38_08,155.0,0.34,"{""Answer"":""155"",""Confidence"":""0.34""}",,38.jpg,8,120.0
wgd_38_09,145.0,0.31,"{""Answer"":""145"",""Confidence"":""0.31""}",,38.jpg,9,120.0
wgd_38_10,145.0,0.32,"{""Answer"":""145"",""Confidence"":""0.32""}",,38.jpg,10,120.0
wgd_38_11,160.0,0.34,"{""Answer"":""160"",""Confidence"":""0.34""}",,38.jpg,11,120.0
wgd_38_12,140.0,0.34,"{""Answer"":""140"",""Confidence"":""0.34""}",,38.jpg,12,120.0
wgd_38_13,150.0,0.36,"{""Answer"":""150"",""Confidence"":""0.36""}",,38.jpg,13,120.0
wgd_38_14,145.0,0.34,"{""Answer"":""145"",""Confidence"":""0.34""}",,38.jpg,14,120.0
wgd_38_15,155.0,0.34,"{""Answer"":""155"",""Confidence"":""0.34""}",,38.jpg,15,120.0
wgd_38_16,145.0,0.46,"{""Answer"":""145"",""Confidence"":""0.46""}",,38.jpg,16,120.0
wgd_38_17,165.0,0.38,"{""Answer"":""165"",""Confidence"":""0.38""}",,38.jpg,17,120.0
wgd_38_18,145.0,0.41,"{""Answer"":""145"",""Confidence"":""0.41""}",,38.jpg,18,120.0
wgd_38_19,145.0,0.42,"{""Answer"":""145"",""Confidence"":""0.42""}",,38.jpg,19,120.0
wgd_38_20,145.0,0.38,"{""Answer"":""145"",""Confidence"":""0.38""}",,38.jpg,20,120.0
wgd_39_01,145.0,0.06,"{""Answer"":""145"",""Confidence"":""0.06""}",,39.jpg,1,125.0
wgd_39_02,155.0,0.12,"{""Answer"":""155"",""Confidence"":""0.12""}",,39.jpg,2,125.0
wgd_39_03,148.0,0.28,"{""Answer"":""148"",""Confidence"":""0.28""}",,39.jpg,3,125.0
wgd_39_04,145.0,0.32,"{""Answer"":""145"",""Confidence"":""0.32""}",,39.jpg,4,125.0
wgd_39_05,145.0,0.32,"{""Answer"":""145"",""Confidence"":""0.32""}",,39.jpg,5,125.0
wgd_39_06,145.0,0.42,"{""Answer"":""145"",""Confidence"":""0.42""}",,39.jpg,6,125.0
wgd_39_07,145.0,0.38,"{""Answer"":""145"",""Confidence"":""0.38""}",,39.jpg,7,125.0
wgd_39_08,145.0,0.42,"{""Answer"":""145"",""Confidence"":""0.42""}",,39.jpg,8,125.0
wgd_39_09,145.0,0.36,"{""Answer"":""145"",""Confidence"":""0.36""}",,39.jpg,9,125.0
wgd_39_10,155.0,0.52,"{""Answer"":""155"",""Confidence"":""0.52""}",,39.jpg,10,125.0
wgd_39_11,155.0,0.66,"{""Answer"":""155"",""Confidence"":""0.66""}",,39.jpg,11,125.0
wgd_39_12,145.0,0.55,"{""Answer"":""145"",""Confidence"":""0.55""}",,39.jpg,12,125.0
wgd_39_13,145.0,0.62,"{""Answer"":""145"",""Confidence"":""0.62""}",,39.jpg,13,125.0
wgd_39_14,145.0,0.46,"{""Answer"":""145"",""Confidence"":""0.46""}",,39.jpg,14,125.0
wgd_39_15,155.0,0.58,"{""Answer"":""155"",""Confidence"":""0.58""}",,39.jpg,15,125.0
wgd_39_16,150.0,0.58,"{""Answer"":""150"",""Confidence"":""0.58""}",,39.jpg,16,125.0
wgd_39_17,145.0,0.62,"{""Answer"":""145"",""Confidence"":""0.62""}",,39.jpg,17,125.0
wgd_39_18,145.0,0.62,"{""Answer"":""145"",""Confidence"":""0.62""}",,39.jpg,18,125.0
wgd_39_19,145.0,0.58,"{""Answer"":""145"",""Confidence"":""0.58""}",,39.jpg,19,125.0
wgd_39_20,150.0,0.58,"{""Answer"":""150"",""Confidence"":""0.58""}",,39.jpg,20,125.0
wgd_40_01,145.0,0.08,"{""Answer"":""145"",""Confidence"":""0.08""}",,40.jpg,1,135.0
wgd_40_02,135.0,0.28,"{""Answer"":""135"",""Confidence"":""0.28""}",,40.jpg,2,135.0
wgd_40_03,140.0,0.24,"{""Answer"":""140"",""Confidence"":""0.24""}",,40.jpg,3,135.0
wgd_40_04,145.0,0.42,"{""Answer"":""145"",""Confidence"":""0.42""}",,40.jpg,4,135.0
wgd_40_05,145.0,0.42,"{""Answer"":""145"",""Confidence"":""0.42""}",,40.jpg,5,135.0
wgd_40_06,135.0,0.46,"{""Answer"":""135"",""Confidence"":""0.46""}",,40.jpg,6,135.0
wgd_40_07,145.0,0.42,"{""Answer"":""145"",""Confidence"":""0.42""}",,40.jpg,7,135.0
wgd_40_08,140.0,0.58,"{""Answer"":""140"",""Confidence"":""0.58""}",,40.jpg,8,135.0
wgd_40_09,145.0,0.62,"{""Answer"":""145"",""Confidence"":""0.62""}",,40.jpg,9,135.0
wgd_40_10,145.0,0.52,"{""Answer"":""145"",""Confidence"":""0.52""}",,40.jpg,10,135.0
wgd_40_11,135.0,0.56,"{""Answer"":""135"",""Confidence"":""0.56""}",,40.jpg,11,135.0
wgd_40_12,138.0,0.54,"{""Answer"":""138"",""Confidence"":""0.54""}",,40.jpg,12,135.0
wgd_40_13,140.0,0.58,"{""Answer"":""140"",""Confidence"":""0.58""}",,40.jpg,13,135.0
wgd_40_14,140.0,0.56,"{""Answer"":""140"",""Confidence"":""0.56""}",,40.jpg,14,135.0
wgd_40_15,135.0,0.54,"{""Answer"":""135"",""Confidence"":""0.54""}",,40.jpg,15,135.0
wgd_40_16,135.0,0.62,"{""Answer"":""135"",""Confidence"":""0.62""}",,40.jpg,16,135.0
wgd_40_17,145.0,0.66,"{""Answer"":""145"",""Confidence"":""0.66""}",,40.jpg,17,135.0
wgd_40_18,145.0,0.62,"{""Answer"":""145"",""Confidence"":""0.62""}",,40.jpg,18,135.0
wgd_40_19,145.0,0.58,"{""Answer"":""145"",""Confidence"":""0.58""}",,40.jpg,19,135.0
wgd_40_20,140.0,0.71,"{""Answer"":""140"",""Confidence"":""0.71""}",,40.jpg,20,135.0
wgd_41_01,165.0,0.12,"{""Answer"":""165"",""Confidence"":""0.12""}",,41.jpg,1,196.0
wgd_41_02,172.0,0.18,"{""Answer"":""172"",""Confidence"":""0.18""}",,41.jpg,2,196.0
wgd_41_03,165.0,0.27,"{""Answer"":""165"",""Confidence"":""0.27""}",,41.jpg,3,196.0
wgd_41_04,165.0,0.34,"{""Answer"":""165"",""Confidence"":""0.34""}",,41.jpg,4,196.0
wgd_41_05,165.0,0.42,"{""Answer"":""165"",""Confidence"":""0.42""}",,41.jpg,5,196.0
wgd_41_06,170.0,0.34,"{""Answer"":""170"",""Confidence"":""0.34""}",,41.jpg,6,196.0
wgd_41_07,165.0,0.6,"{""Answer"":""165"",""Confidence"":""0.60""}",,41.jpg,7,196.0
wgd_41_08,165.0,0.58,"{""Answer"":""165"",""Confidence"":""0.58""}",,41.jpg,8,196.0
wgd_41_09,165.0,0.72,"{""Answer"":""165"",""Confidence"":""0.72""}",,41.jpg,9,196.0
wgd_41_10,165.0,0.58,"{""Answer"":""165"",""Confidence"":""0.58""}",,41.jpg,10,196.0
wgd_41_11,170.0,0.62,"{""Answer"":""170"",""Confidence"":""0.62""}",,41.jpg,11,196.0
wgd_41_12,155.0,0.61,"{""Answer"":""155"",""Confidence"":""0.61""}",,41.jpg,12,196.0
wgd_41_13,168.0,0.61,"{""Answer"":""168"",""Confidence"":""0.61""}",,41.jpg,13,196.0
wgd_41_14,165.0,0.71,"{""Answer"":""165"",""Confidence"":""0.71""}",,41.jpg,14,196.0
wgd_41_15,175.0,0.62,"{""Answer"":""175"",""Confidence"":""0.62""}",,41.jpg,15,196.0
wgd_41_16,165.0,0.68,"{""Answer"":""165"",""Confidence"":""0.68""}",,41.jpg,16,196.0
wgd_41_17,165.0,0.61,"{""Answer"":""165"",""Confidence"":""0.61""}",,41.jpg,17,196.0
wgd_41_18,165.0,0.66,"{""Answer"":""165"",""Confidence"":""0.66""}",,41.jpg,18,196.0
wgd_41_19,170.0,0.61,"{""Answer"":""170"",""Confidence"":""0.61""}",,41.jpg,19,196.0
wgd_41_20,175.0,0.62,"{""Answer"":""175"",""Confidence"":""0.62""}",,41.jpg,20,196.0
wgd_42_01,125.0,0.08,"{""Answer"":""125"",""Confidence"":""0.08""}",,42.jpg,1,146.0
wgd_42_02,128.0,0.18,"{""Answer"":""128"",""Confidence"":""0.18""}",,42.jpg,2,146.0
wgd_42_03,125.0,0.18,"{""Answer"":""125"",""Confidence"":""0.18""}",,42.jpg,3,146.0
wgd_42_04,122.0,0.23,"{""Answer"":""122"",""Confidence"":""0.23""}",,42.jpg,4,146.0
wgd_42_05,135.0,0.22,"{""Answer"":""135"",""Confidence"":""0.22""}",,42.jpg,5,146.0
wgd_42_06,128.0,0.34,"{""Answer"":""128"",""Confidence"":""0.34""}",,42.jpg,6,146.0
wgd_42_07,128.0,0.36,"{""Answer"":""128"",""Confidence"":""0.36""}",,42.jpg,7,146.0
wgd_42_08,125.0,0.42,"{""Answer"":""125"",""Confidence"":""0.42""}",,42.jpg,8,146.0
wgd_42_09,132.0,0.62,"{""Answer"":""132"",""Confidence"":""0.62""}",,42.jpg,9,146.0
wgd_42_10,132.0,0.34,"{""Answer"":""132"",""Confidence"":""0.34""}",,42.jpg,10,146.0
wgd_42_11,125.0,0.62,"{""Answer"":""125"",""Confidence"":""0.62""}",,42.jpg,11,146.0
wgd_42_12,135.0,0.39,"{""Answer"":""135"",""Confidence"":""0.39""}",,42.jpg,12,146.0
wgd_42_13,130.0,0.46,"{""Answer"":""130"",""Confidence"":""0.46""}",,42.jpg,13,146.0
wgd_42_14,128.0,0.46,"{""Answer"":""128"",""Confidence"":""0.46""}",,42.jpg,14,146.0
wgd_42_15,120.0,0.55,"{""Answer"":""120"",""Confidence"":""0.55""}",,42.jpg,15,146.0
wgd_42_16,135.0,0.44,"{""Answer"":""135"",""Confidence"":""0.44""}",,42.jpg,16,146.0
wgd_42_17,128.0,0.41,"{""Answer"":""128"",""Confidence"":""0.41""}",,42.jpg,17,146.0
wgd_42_18,128.0,0.46,"{""Answer"":""128"",""Confidence"":""0.46""}",,42.jpg,18,146.0
wgd_42_19,128.0,0.52,"{""Answer"":""128"",""Confidence"":""0.52""}",,42.jpg,19,146.0
wgd_42_20,130.0,0.64,"{""Answer"":""130"",""Confidence"":""0.64""}",,42.jpg,20,146.0
wgd_43_01,118.0,0.12,"{""Answer"":""118"",""Confidence"":""0.12""}",,43.jpg,1,106.0
wgd_43_02,125.0,0.18,"{""Answer"":""125"",""Confidence"":""0.18""}",,43.jpg,2,106.0
wgd_43_03,118.0,0.22,"{""Answer"":""118"",""Confidence"":""0.22""}",,43.jpg,3,106.0
wgd_43_04,115.0,0.42,"{""Answer"":""115"",""Confidence"":""0.42""}",,43.jpg,4,106.0
wgd_43_05,110.0,0.39,"{""Answer"":""110"",""Confidence"":""0.39""}",,43.jpg,5,106.0
wgd_43_06,110.0,0.42,"{""Answer"":""110"",""Confidence"":""0.42""}",,43.jpg,6,106.0
wgd_43_07,115.0,0.62,"{""Answer"":""115"",""Confidence"":""0.62""}",,43.jpg,7,106.0
wgd_43_08,120.0,0.62,"{""Answer"":""120"",""Confidence"":""0.62""}",,43.jpg,8,106.0
wgd_43_09,115.0,0.38,"{""Answer"":""115"",""Confidence"":""0.38""}",,43.jpg,9,106.0
wgd_43_10,118.0,0.42,"{""Answer"":""118"",""Confidence"":""0.42""}",,43.jpg,10,106.0
wgd_43_11,122.0,0.58,"{""Answer"":""122"",""Confidence"":""0.58""}",,43.jpg,11,106.0
wgd_43_12,118.0,0.61,"{""Answer"":""118"",""Confidence"":""0.61""}",,43.jpg,12,106.0
wgd_43_13,118.0,0.58,"{""Answer"":""118"",""Confidence"":""0.58""}",,43.jpg,13,106.0
wgd_43_14,115.0,0.58,"{""Answer"":""115"",""Confidence"":""0.58""}",,43.jpg,14,106.0
wgd_43_15,120.0,0.63,"{""Answer"":""120"",""Confidence"":""0.63""}",,43.jpg,15,106.0
wgd_43_16,118.0,0.58,"{""Answer"":""118"",""Confidence"":""0.58""}",,43.jpg,16,106.0
wgd_43_17,120.0,0.71,"{""Answer"":""120"",""Confidence"":""0.71""}",,43.jpg,17,106.0
wgd_43_18,120.0,0.62,"{""Answer"":""120"",""Confidence"":""0.62""}",,43.jpg,18,106.0
wgd_43_19,115.0,0.74,"{""Answer"":""115"",""Confidence"":""0.74""}",,43.jpg,19,106.0
wgd_43_20,118.0,0.63,"{""Answer"":""118"",""Confidence"":""0.63""}",,43.jpg,20,106.0
wgd_44_01,145.0,0.18,"{""Answer"":""145"",""Confidence"":""0.18""}",,44.jpg,1,141.0
wgd_44_02,145.0,0.18,"{""Answer"":""145"",""Confidence"":""0.18""}",,44.jpg,2,141.0
wgd_44_03,145.0,0.32,"{""Answer"":""145"",""Confidence"":""0.32""}",,44.jpg,3,141.0
wgd_44_04,145.0,0.46,"{""Answer"":""145"",""Confidence"":""0.46""}",,44.jpg,4,141.0
wgd_44_05,145.0,0.33,"{""Answer"":""145"",""Confidence"":""0.33""}",,44.jpg,5,141.0
wgd_44_06,145.0,0.52,"{""Answer"":""145"",""Confidence"":""0.52""}",,44.jpg,6,141.0
wgd_44_07,145.0,0.57,"{""Answer"":""145"",""Confidence"":""0.57""}",,44.jpg,7,141.0
wgd_44_08,145.0,0.62,"{""Answer"":""145"",""Confidence"":""0.62""}",,44.jpg,8,141.0
wgd_44_09,145.0,0.62,"{""Answer"":""145"",""Confidence"":""0.62""}",,44.jpg,9,141.0
wgd_44_10,150.0,0.67,"{""Answer"":""150"",""Confidence"":""0.67""}",,44.jpg,10,141.0
wgd_44_11,145.0,0.56,"{""Answer"":""145"",""Confidence"":""0.56""}",,44.jpg,11,141.0
wgd_44_12,145.0,0.72,"{""Answer"":""145"",""Confidence"":""0.72""}",,44.jpg,12,141.0
wgd_44_13,145.0,0.62,"{""Answer"":""145"",""Confidence"":""0.62""}",,44.jpg,13,141.0
wgd_44_14,145.0,0.63,"{""Answer"":""145"",""Confidence"":""0.63""}",,44.jpg,14,141.0
wgd_44_15,145.0,0.62,"{""Answer"":""145"",""Confidence"":""0.62""}",,44.jpg,15,141.0
wgd_44_16,140.0,0.58,"{""Answer"":""140"",""Confidence"":""0.58""}",,44.jpg,16,141.0
wgd_44_17,145.0,0.58,"{""Answer"":""145"",""Confidence"":""0.58""}",,44.jpg,17,141.0
wgd_44_18,145.0,0.71,"{""Answer"":""145"",""Confidence"":""0.71""}",,44.jpg,18,141.0
wgd_44_19,145.0,0.62,"{""Answer"":""145"",""Confidence"":""0.62""}",,44.jpg,19,141.0
wgd_44_20,145.0,0.63,"{""Answer"":""145"",""Confidence"":""0.63""}",,44.jpg,20,141.0
wgd_45_01,135.0,0.03,"{""Answer"":""135"",""Confidence"":""0.03""}",,45.jpg,1,131.0
wgd_45_02,135.0,0.18,"{""Answer"":""135"",""Confidence"":""0.18""}",,45.jpg,2,131.0
wgd_45_03,135.0,0.18,"{""Answer"":""135"",""Confidence"":""0.18""}",,45.jpg,3,131.0
wgd_45_04,145.0,0.28,"{""Answer"":""145"",""Confidence"":""0.28""}",,45.jpg,4,131.0
wgd_45_05,145.0,0.28,"{""Answer"":""145"",""Confidence"":""0.28""}",,45.jpg,5,131.0
wgd_45_06,145.0,0.34,"{""Answer"":""145"",""Confidence"":""0.34""}",,45.jpg,6,131.0
wgd_45_07,125.0,0.34,"{""Answer"":""125"",""Confidence"":""0.34""}",,45.jpg,7,131.0
wgd_45_08,125.0,0.42,"{""Answer"":""125"",""Confidence"":""0.42""}",,45.jpg,8,131.0
wgd_45_09,140.0,0.52,"{""Answer"":""140"",""Confidence"":""0.52""}",,45.jpg,9,131.0
wgd_45_10,135.0,0.36,"{""Answer"":""135"",""Confidence"":""0.36""}",,45.jpg,10,131.0
wgd_45_11,135.0,0.38,"{""Answer"":""135"",""Confidence"":""0.38""}",,45.jpg,11,131.0
wgd_45_12,135.0,0.44,"{""Answer"":""135"",""Confidence"":""0.44""}",,45.jpg,12,131.0
wgd_45_13,135.0,0.42,"{""Answer"":""135"",""Confidence"":""0.42""}",,45.jpg,13,131.0
wgd_45_14,135.0,0.62,"{""Answer"":""135"",""Confidence"":""0.62""}",,45.jpg,14,131.0
wgd_45_15,145.0,0.52,"{""Answer"":""145"",""Confidence"":""0.52""}",,45.jpg,15,131.0
wgd_45_16,135.0,0.58,"{""Answer"":""135"",""Confidence"":""0.58""}",,45.jpg,16,131.0
wgd_45_17,130.0,0.58,"{""Answer"":""130"",""Confidence"":""0.58""}",,45.jpg,17,131.0
wgd_45_18,135.0,0.42,"{""Answer"":""135"",""Confidence"":""0.42""}",,45.jpg,18,131.0
wgd_45_19,135.0,0.42,"{""Answer"":""135"",""Confidence"":""0.42""}",,45.jpg,19,131.0
wgd_45_20,135.0,0.56,"{""Answer"":""135"",""Confidence"":""0.56""}",,45.jpg,20,131.0
wgd_46_01,155.0,0.12,"{""Answer"":""155"",""Confidence"":""0.12""}",,46.jpg,1,162.0
wgd_46_02,170.0,0.18,"{""Answer"":""170"",""Confidence"":""0.18""}",,46.jpg,2,162.0
wgd_46_03,170.0,0.21,"{""Answer"":""170"",""Confidence"":""0.21""}",,46.jpg,3,162.0
wgd_46_04,165.0,0.42,"{""Answer"":""165"",""Confidence"":""0.42""}",,46.jpg,4,162.0
wgd_46_05,170.0,0.43,"{""Answer"":""170"",""Confidence"":""0.43""}",,46.jpg,5,162.0
wgd_46_06,165.0,0.56,"{""Answer"":""165"",""Confidence"":""0.56""}",,46.jpg,6,162.0
wgd_46_07,165.0,0.56,"{""Answer"":""165"",""Confidence"":""0.56""}",,46.jpg,7,162.0
wgd_46_08,165.0,0.62,"{""Answer"":""165"",""Confidence"":""0.62""}",,46.jpg,8,162.0
wgd_46_09,175.0,0.42,"{""Answer"":""175"",""Confidence"":""0.42""}",,46.jpg,9,162.0
wgd_46_10,165.0,0.62,"{""Answer"":""165"",""Confidence"":""0.62""}",,46.jpg,10,162.0
wgd_46_11,165.0,0.58,"{""Answer"":""165"",""Confidence"":""0.58""}",,46.jpg,11,162.0
wgd_46_12,155.0,0.52,"{""Answer"":""155"",""Confidence"":""0.52""}",,46.jpg,12,162.0
wgd_46_13,165.0,0.61,"{""Answer"":""165"",""Confidence"":""0.61""}",,46.jpg,13,162.0
wgd_46_14,155.0,0.67,"{""Answer"":""155"",""Confidence"":""0.67""}",,46.jpg,14,162.0
wgd_46_15,170.0,0.62,"{""Answer"":""170"",""Confidence"":""0.62""}",,46.jpg,15,162.0
wgd_46_16,170.0,0.68,"{""Answer"":""170"",""Confidence"":""0.68""}",,46.jpg,16,162.0
wgd_46_17,165.0,0.64,"{""Answer"":""165"",""Confidence"":""0.64""}",,46.jpg,17,162.0
wgd_46_18,160.0,0.62,"{""Answer"":""160"",""Confidence"":""0.62""}",,46.jpg,18,162.0
wgd_46_19,165.0,0.72,"{""Answer"":""165"",""Confidence"":""0.72""}",,46.jpg,19,162.0
wgd_46_20,170.0,0.62,"{""Answer"":""170"",""Confidence"":""0.62""}",,46.jpg,20,162.0
wgd_47_01,125.0,0.18,"{""Answer"":""125"",""Confidence"":""0.18""}",,47.jpg,1,131.0
wgd_47_02,130.0,0.24,"{""Answer"":""130"",""Confidence"":""0.24""}",,47.jpg,2,131.0
wgd_47_03,130.0,0.34,"{""Answer"":""130"",""Confidence"":""0.34""}",,47.jpg,3,131.0
wgd_47_04,128.0,0.31,"{""Answer"":""128"",""Confidence"":""0.31""}",,47.jpg,4,131.0
wgd_47_05,132.0,0.42,"{""Answer"":""132"",""Confidence"":""0.42""}",,47.jpg,5,131.0
wgd_47_06,128.0,0.55,"{""Answer"":""128"",""Confidence"":""0.55""}",,47.jpg,6,131.0
wgd_47_07,132.0,0.46,"{""Answer"":""132"",""Confidence"":""0.46""}",,47.jpg,7,131.0
wgd_47_08,128.0,0.54,"{""Answer"":""128"",""Confidence"":""0.54""}",,47.jpg,8,131.0
wgd_47_09,128.0,0.74,"{""Answer"":""128"",""Confidence"":""0.74""}",,47.jpg,9,131.0
wgd_47_10,132.0,0.62,"{""Answer"":""132"",""Confidence"":""0.62""}",,47.jpg,10,131.0
wgd_47_11,132.0,0.62,"{""Answer"":""132"",""Confidence"":""0.62""}",,47.jpg,11,131.0
wgd_47_12,128.0,0.63,"{""Answer"":""128"",""Confidence"":""0.63""}",,47.jpg,12,131.0
wgd_47_13,125.0,0.67,"{""Answer"":""125"",""Confidence"":""0.67""}",,47.jpg,13,131.0
wgd_47_14,128.0,0.62,"{""Answer"":""128"",""Confidence"":""0.62""}",,47.jpg,14,131.0
wgd_47_15,130.0,0.72,"{""Answer"":""130"",""Confidence"":""0.72""}",,47.jpg,15,131.0
wgd_47_16,132.0,0.65,"{""Answer"":""132"",""Confidence"":""0.65""}",,47.jpg,16,131.0
wgd_47_17,135.0,0.74,"{""Answer"":""135"",""Confidence"":""0.74""}",,47.jpg,17,131.0
wgd_47_18,128.0,0.74,"{""Answer"":""128"",""Confidence"":""0.74""}",,47.jpg,18,131.0
wgd_47_19,135.0,0.56,"{""Answer"":""135"",""Confidence"":""0.56""}",,47.jpg,19,131.0
wgd_47_20,130.0,0.68,"{""Answer"":""130"",""Confidence"":""0.68""}",,47.jpg,20,131.0
wgd_48_01,130.0,0.12,"{""Answer"":""130"",""Confidence"":""0.12""}",,48.jpg,1,110.0
wgd_48_02,135.0,0.22,"{""Answer"":""135"",""Confidence"":""0.22""}",,48.jpg,2,110.0
wgd_48_03,132.0,0.31,"{""Answer"":""132"",""Confidence"":""0.31""}",,48.jpg,3,110.0
wgd_48_04,122.0,0.27,"{""Answer"":""122"",""Confidence"":""0.27""}",,48.jpg,4,110.0
wgd_48_05,130.0,0.34,"{""Answer"":""130"",""Confidence"":""0.34""}",,48.jpg,5,110.0
wgd_48_06,128.0,0.54,"{""Answer"":""128"",""Confidence"":""0.54""}",,48.jpg,6,110.0
wgd_48_07,128.0,0.42,"{""Answer"":""128"",""Confidence"":""0.42""}",,48.jpg,7,110.0
wgd_48_08,125.0,0.64,"{""Answer"":""125"",""Confidence"":""0.64""}",,48.jpg,8,110.0
wgd_48_09,132.0,0.52,"{""Answer"":""132"",""Confidence"":""0.52""}",,48.jpg,9,110.0
wgd_48_10,130.0,0.42,"{""Answer"":""130"",""Confidence"":""0.42""}",,48.jpg,10,110.0
wgd_48_11,125.0,0.62,"{""Answer"":""125"",""Confidence"":""0.62""}",,48.jpg,11,110.0
wgd_48_12,125.0,0.72,"{""Answer"":""125"",""Confidence"":""0.72""}",,48.jpg,12,110.0
wgd_48_13,125.0,0.61,"{""Answer"":""125"",""Confidence"":""0.61""}",,48.jpg,13,110.0
wgd_48_14,128.0,0.55,"{""Answer"":""128"",""Confidence"":""0.55""}",,48.jpg,14,110.0
wgd_48_15,125.0,0.62,"{""Answer"":""125"",""Confidence"":""0.62""}",,48.jpg,15,110.0
wgd_48_16,120.0,0.58,"{""Answer"":""120"",""Confidence"":""0.58""}",,48.jpg,16,110.0
wgd_48_17,128.0,0.63,"{""Answer"":""128"",""Confidence"":""0.63""}",,48.jpg,17,110.0
wgd_48_18,130.0,0.61,"{""Answer"":""130"",""Confidence"":""0.61""}",,48.jpg,18,110.0
wgd_48_19,130.0,0.56,"{""Answer"":""130"",""Confidence"":""0.56""}",,48.jpg,19,110.0
wgd_48_20,120.0,0.69,"{""Answer"":""120"",""Confidence"":""0.69""}",,48.jpg,20,110.0
wgd_49_01,128.0,0.18,"{""Answer"":""128"",""Confidence"":""0.18""}",,49.jpg,1,132.0
wgd_49_02,125.0,0.27,"{""Answer"":""125"",""Confidence"":""0.27""}",,49.jpg,2,132.0
wgd_49_03,132.0,0.22,"{""Answer"":""132"",""Confidence"":""0.22""}",,49.jpg,3,132.0
wgd_49_04,125.0,0.22,"{""Answer"":""125"",""Confidence"":""0.22""}",,49.jpg,4,132.0
wgd_49_05,128.0,0.56,"{""Answer"":""128"",""Confidence"":""0.56""}",,49.jpg,5,132.0
wgd_49_06,128.0,0.58,"{""Answer"":""128"",""Confidence"":""0.58""}",,49.jpg,6,132.0
wgd_49_07,125.0,0.58,"{""Answer"":""125"",""Confidence"":""0.58""}",,49.jpg,7,132.0
wgd_49_08,125.0,0.42,"{""Answer"":""125"",""Confidence"":""0.42""}",,49.jpg,8,132.0
wgd_49_09,125.0,0.62,"{""Answer"":""125"",""Confidence"":""0.62""}",,49.jpg,9,132.0
wgd_49_10,130.0,0.66,"{""Answer"":""130"",""Confidence"":""0.66""}",,49.jpg,10,132.0
wgd_49_11,125.0,0.62,"{""Answer"":""125"",""Confidence"":""0.62""}",,49.jpg,11,132.0
wgd_49_12,125.0,0.62,"{""Answer"":""125"",""Confidence"":""0.62""}",,49.jpg,12,132.0
wgd_49_13,125.0,0.62,"{""Answer"":""125"",""Confidence"":""0.62""}",,49.jpg,13,132.0
wgd_49_14,122.0,0.62,"{""Answer"":""122"",""Confidence"":""0.62""}",,49.jpg,14,132.0
wgd_49_15,125.0,0.61,"{""Answer"":""125"",""Confidence"":""0.61""}",,49.jpg,15,132.0
wgd_49_16,128.0,0.69,"{""Answer"":""128"",""Confidence"":""0.69""}",,49.jpg,16,132.0
wgd_49_17,123.0,0.66,"{""Answer"":""123"",""Confidence"":""0.66""}",,49.jpg,17,132.0
wgd_49_18,130.0,0.62,"{""Answer"":""130"",""Confidence"":""0.62""}",,49.jpg,18,132.0
wgd_49_19,128.0,0.57,"{""Answer"":""128"",""Confidence"":""0.57""}",,49.jpg,19,132.0
wgd_49_20,130.0,0.63,"{""Answer"":""130"",""Confidence"":""0.63""}",,49.jpg,20,132.0
wgd_50_01,140.0,0.07,"{""Answer"":""140"",""Confidence"":""0.07""}",,50.jpg,1,140.0
wgd_50_02,140.0,0.12,"{""Answer"":""140"",""Confidence"":""0.12""}",,50.jpg,2,140.0
wgd_50_03,138.0,0.24,"{""Answer"":""138"",""Confidence"":""0.24""}",,50.jpg,3,140.0
wgd_50_04,135.0,0.24,"{""Answer"":""135"",""Confidence"":""0.24""}",,50.jpg,4,140.0
wgd_50_05,145.0,0.22,"{""Answer"":""145"",""Confidence"":""0.22""}",,50.jpg,5,140.0
wgd_50_06,140.0,0.54,"{""Answer"":""140"",""Confidence"":""0.54""}",,50.jpg,6,140.0
wgd_50_07,140.0,0.31,"{""Answer"":""140"",""Confidence"":""0.31""}",,50.jpg,7,140.0
wgd_50_08,145.0,0.46,"{""Answer"":""145"",""Confidence"":""0.46""}",,50.jpg,8,140.0
wgd_50_09,145.0,0.48,"{""Answer"":""145"",""Confidence"":""0.48""}",,50.jpg,9,140.0
wgd_50_10,145.0,0.58,"{""Answer"":""145"",""Confidence"":""0.58""}",,50.jpg,10,140.0
wgd_50_11,145.0,0.54,"{""Answer"":""145"",""Confidence"":""0.54""}",,50.jpg,11,140.0
wgd_50_12,145.0,0.52,"{""Answer"":""145"",""Confidence"":""0.52""}",,50.jpg,12,140.0
wgd_50_13,145.0,0.56,"{""Answer"":""145"",""Confidence"":""0.56""}",,50.jpg,13,140.0
wgd_50_14,145.0,0.55,"{""Answer"":""145"",""Confidence"":""0.55""}",,50.jpg,14,140.0
wgd_50_15,145.0,0.64,"{""Answer"":""145"",""Confidence"":""0.64""}",,50.jpg,15,140.0
wgd_50_16,145.0,0.74,"{""Answer"":""145"",""Confidence"":""0.74""}",,50.jpg,16,140.0
wgd_50_17,145.0,0.54,"{""Answer"":""145"",""Confidence"":""0.54""}",,50.jpg,17,140.0
wgd_50_18,145.0,0.56,"{""Answer"":""145"",""Confidence"":""0.56""}",,50.jpg,18,140.0
wgd_50_19,145.0,0.52,"{""Answer"":""145"",""Confidence"":""0.52""}",,50.jpg,19,140.0
wgd_50_20,145.0,0.52,"{""Answer"":""145"",""Confidence"":""0.52""}",,50.jpg,20,140.0
wgd_51_01,145.0,0.02,"{""Answer"":""145"",""Confidence"":""0.02""}",,51.jpg,1,140.0
wgd_51_02,150.0,0.18,"{""Answer"":""150"",""Confidence"":""0.18""}",,51.jpg,2,140.0
wgd_51_03,150.0,0.23,"{""Answer"":""150"",""Confidence"":""0.23""}",,51.jpg,3,140.0
wgd_51_04,150.0,0.38,"{""Answer"":""150"",""Confidence"":""0.38""}",,51.jpg,4,140.0
wgd_51_05,150.0,0.34,"{""Answer"":""150"",""Confidence"":""0.34""}",,51.jpg,5,140.0
wgd_51_06,145.0,0.62,"{""Answer"":""145"",""Confidence"":""0.62""}",,51.jpg,6,140.0
wgd_51_07,145.0,0.41,"{""Answer"":""145"",""Confidence"":""0.41""}",,51.jpg,7,140.0
wgd_51_08,155.0,0.62,"{""Answer"":""155"",""Confidence"":""0.62""}",,51.jpg,8,140.0
wgd_51_09,150.0,0.34,"{""Answer"":""150"",""Confidence"":""0.34""}",,51.jpg,9,140.0
wgd_51_10,145.0,0.58,"{""Answer"":""145"",""Confidence"":""0.58""}",,51.jpg,10,140.0
wgd_51_11,145.0,0.63,"{""Answer"":""145"",""Confidence"":""0.63""}",,51.jpg,11,140.0
wgd_51_12,145.0,0.55,"{""Answer"":""145"",""Confidence"":""0.55""}",,51.jpg,12,140.0
wgd_51_13,145.0,0.58,"{""Answer"":""145"",""Confidence"":""0.58""}",,51.jpg,13,140.0
wgd_51_14,150.0,0.62,"{""Answer"":""150"",""Confidence"":""0.62""}",,51.jpg,14,140.0
wgd_51_15,150.0,0.63,"{""Answer"":""150"",""Confidence"":""0.63""}",,51.jpg,15,140.0
wgd_51_16,145.0,0.62,"{""Answer"":""145"",""Confidence"":""0.62""}",,51.jpg,16,140.0
wgd_51_17,155.0,0.63,"{""Answer"":""155"",""Confidence"":""0.63""}",,51.jpg,17,140.0
wgd_51_18,150.0,0.62,"{""Answer"":""150"",""Confidence"":""0.62""}",,51.jpg,18,140.0
wgd_51_19,150.0,0.61,"{""Answer"":""150"",""Confidence"":""0.61""}",,51.jpg,19,140.0
wgd_51_20,145.0,0.72,"{""Answer"":""145"",""Confidence"":""0.72""}",,51.jpg,20,140.0
wgd_52_01,118.0,0.06,"{""Answer"":""118"",""Confidence"":""0.06""}",,52.jpg,1,128.0
wgd_52_02,125.0,0.18,"{""Answer"":""125"",""Confidence"":""0.18""}",,52.jpg,2,128.0
wgd_52_03,118.0,0.32,"{""Answer"":""118"",""Confidence"":""0.32""}",,52.jpg,3,128.0
wgd_52_04,122.0,0.31,"{""Answer"":""122"",""Confidence"":""0.31""}",,52.jpg,4,128.0
wgd_52_05,112.0,0.42,"{""Answer"":""112"",""Confidence"":""0.42""}",,52.jpg,5,128.0
wgd_52_06,118.0,0.42,"{""Answer"":""118"",""Confidence"":""0.42""}",,52.jpg,6,128.0
wgd_52_07,120.0,0.42,"{""Answer"":""120"",""Confidence"":""0.42""}",,52.jpg,7,128.0
wgd_52_08,118.0,0.39,"{""Answer"":""118"",""Confidence"":""0.39""}",,52.jpg,8,128.0
wgd_52_09,118.0,0.32,"{""Answer"":""118"",""Confidence"":""0.32""}",,52.jpg,9,128.0
wgd_52_10,115.0,0.46,"{""Answer"":""115"",""Confidence"":""0.46""}",,52.jpg,10,128.0
wgd_52_11,118.0,0.32,"{""Answer"":""118"",""Confidence"":""0.32""}",,52.jpg,11,128.0
wgd_52_12,122.0,0.58,"{""Answer"":""122"",""Confidence"":""0.58""}",,52.jpg,12,128.0
wgd_52_13,122.0,0.68,"{""Answer"":""122"",""Confidence"":""0.68""}",,52.jpg,13,128.0
wgd_52_14,118.0,0.34,"{""Answer"":""118"",""Confidence"":""0.34""}",,52.jpg,14,128.0
wgd_52_15,125.0,0.62,"{""Answer"":""125"",""Confidence"":""0.62""}",,52.jpg,15,128.0
wgd_52_16,115.0,0.42,"{""Answer"":""115"",""Confidence"":""0.42""}",,52.jpg,16,128.0
wgd_52_17,125.0,0.54,"{""Answer"":""125"",""Confidence"":""0.54""}",,52.jpg,17,128.0
wgd_52_18,120.0,0.72,"{""Answer"":""120"",""Confidence"":""0.72""}",,52.jpg,18,128.0
wgd_52_19,118.0,0.63,"{""Answer"":""118"",""Confidence"":""0.63""}",,52.jpg,19,128.0
wgd_52_20,120.0,0.62,"{""Answer"":""120"",""Confidence"":""0.62""}",,52.jpg,20,128.0
wgd_53_01,120.0,0.08,"{""Answer"":""120"",""Confidence"":""0.08""}",,53.jpg,1,142.0
wgd_53_02,120.0,0.26,"{""Answer"":""120"",""Confidence"":""0.26""}",,53.jpg,2,142.0
wgd_53_03,125.0,0.18,"{""Answer"":""125"",""Confidence"":""0.18""}",,53.jpg,3,142.0
wgd_53_04,125.0,0.31,"{""Answer"":""125"",""Confidence"":""0.31""}",,53.jpg,4,142.0
wgd_53_05,128.0,0.34,"{""Answer"":""128"",""Confidence"":""0.34""}",,53.jpg,5,142.0
wgd_53_06,122.0,0.32,"{""Answer"":""122"",""Confidence"":""0.32""}",,53.jpg,6,142.0
wgd_53_07,120.0,0.41,"{""Answer"":""120"",""Confidence"":""0.41""}",,53.jpg,7,142.0
wgd_53_08,125.0,0.56,"{""Answer"":""125"",""Confidence"":""0.56""}",,53.jpg,8,142.0
wgd_53_09,122.0,0.42,"{""Answer"":""122"",""Confidence"":""0.42""}",,53.jpg,9,142.0
wgd_53_10,125.0,0.52,"{""Answer"":""125"",""Confidence"":""0.52""}",,53.jpg,10,142.0
wgd_53_11,125.0,0.46,"{""Answer"":""125"",""Confidence"":""0.46""}",,53.jpg,11,142.0
wgd_53_12,130.0,0.62,"{""Answer"":""130"",""Confidence"":""0.62""}",,53.jpg,12,142.0
wgd_53_13,128.0,0.56,"{""Answer"":""128"",""Confidence"":""0.56""}",,53.jpg,13,142.0
wgd_53_14,125.0,0.52,"{""Answer"":""125"",""Confidence"":""0.52""}",,53.jpg,14,142.0
wgd_53_15,120.0,0.61,"{""Answer"":""120"",""Confidence"":""0.61""}",,53.jpg,15,142.0
wgd_53_16,125.0,0.62,"{""Answer"":""125"",""Confidence"":""0.62""}",,53.jpg,16,142.0
wgd_53_17,125.0,0.61,"{""Answer"":""125"",""Confidence"":""0.61""}",,53.jpg,17,142.0
wgd_53_18,128.0,0.63,"{""Answer"":""128"",""Confidence"":""0.63""}",,53.jpg,18,142.0
wgd_53_19,125.0,0.72,"{""Answer"":""125"",""Confidence"":""0.72""}",,53.jpg,19,142.0
wgd_53_20,125.0,0.52,"{""Answer"":""125"",""Confidence"":""0.52""}",,53.jpg,20,142.0
wgd_54_01,145.0,0.08,"{""Answer"":""145"",""Confidence"":""0.08""}",,54.jpg,1,180.0
wgd_54_02,145.0,0.12,"{""Answer"":""145"",""Confidence"":""0.12""}",,54.jpg,2,180.0
wgd_54_03,145.0,0.18,"{""Answer"":""145"",""Confidence"":""0.18""}",,54.jpg,3,180.0
wgd_54_04,145.0,0.34,"{""Answer"":""145"",""Confidence"":""0.34""}",,54.jpg,4,180.0
wgd_54_05,145.0,0.32,"{""Answer"":""145"",""Confidence"":""0.32""}",,54.jpg,5,180.0
wgd_54_06,145.0,0.34,"{""Answer"":""145"",""Confidence"":""0.34""}",,54.jpg,6,180.0
wgd_54_07,155.0,0.34,"{""Answer"":""155"",""Confidence"":""0.34""}",,54.jpg,7,180.0
wgd_54_08,145.0,0.56,"{""Answer"":""145"",""Confidence"":""0.56""}",,54.jpg,8,180.0
wgd_54_09,155.0,0.42,"{""Answer"":""155"",""Confidence"":""0.42""}",,54.jpg,9,180.0
wgd_54_10,145.0,0.38,"{""Answer"":""145"",""Confidence"":""0.38""}",,54.jpg,10,180.0
wgd_54_11,145.0,0.55,"{""Answer"":""145"",""Confidence"":""0.55""}",,54.jpg,11,180.0
wgd_54_12,145.0,0.34,"{""Answer"":""145"",""Confidence"":""0.34""}",,54.jpg,12,180.0
wgd_54_13,145.0,0.58,"{""Answer"":""145"",""Confidence"":""0.58""}",,54.jpg,13,180.0
wgd_54_14,145.0,0.44,"{""Answer"":""145"",""Confidence"":""0.44""}",,54.jpg,14,180.0
wgd_54_15,145.0,0.52,"{""Answer"":""145"",""Confidence"":""0.52""}",,54.jpg,15,180.0
wgd_54_16,145.0,0.43,"{""Answer"":""145"",""Confidence"":""0.43""}",,54.jpg,16,180.0
wgd_54_17,155.0,0.62,"{""Answer"":""155"",""Confidence"":""0.62""}",,54.jpg,17,180.0
wgd_54_18,145.0,0.61,"{""Answer"":""145"",""Confidence"":""0.61""}",,54.jpg,18,180.0
wgd_54_19,140.0,0.62,"{""Answer"":""140"",""Confidence"":""0.62""}",,54.jpg,19,180.0
wgd_54_20,145.0,0.68,"{""Answer"":""145"",""Confidence"":""0.68""}",,54.jpg,20,180.0
wgd_55_01,135.0,0.12,"{""Answer"":""135"",""Confidence"":""0.12""}",,55.jpg,1,120.0
wgd_55_02,125.0,0.18,"{""Answer"":""125"",""Confidence"":""0.18""}",,55.jpg,2,120.0
wgd_55_03,135.0,0.18,"{""Answer"":""135"",""Confidence"":""0.18""}",,55.jpg,3,120.0
wgd_55_04,135.0,0.18,"{""Answer"":""135"",""Confidence"":""0.18""}",,55.jpg,4,120.0
wgd_55_05,135.0,0.22,"{""Answer"":""135"",""Confidence"":""0.22""}",,55.jpg,5,120.0
wgd_55_06,135.0,0.34,"{""Answer"":""135"",""Confidence"":""0.34""}",,55.jpg,6,120.0
wgd_55_07,140.0,0.46,"{""Answer"":""140"",""Confidence"":""0.46""}",,55.jpg,7,120.0
wgd_55_08,135.0,0.41,"{""Answer"":""135"",""Confidence"":""0.41""}",,55.jpg,8,120.0
wgd_55_09,140.0,0.43,"{""Answer"":""140"",""Confidence"":""0.43""}",,55.jpg,9,120.0
wgd_55_10,135.0,0.41,"{""Answer"":""135"",""Confidence"":""0.41""}",,55.jpg,10,120.0
wgd_55_11,135.0,0.33,"{""Answer"":""135"",""Confidence"":""0.33""}",,55.jpg,11,120.0
wgd_55_12,135.0,0.42,"{""Answer"":""135"",""Confidence"":""0.42""}",,55.jpg,12,120.0
wgd_55_13,145.0,0.43,"{""Answer"":""145"",""Confidence"":""0.43""}",,55.jpg,13,120.0
wgd_55_14,135.0,0.42,"{""Answer"":""135"",""Confidence"":""0.42""}",,55.jpg,14,120.0
wgd_55_15,145.0,0.41,"{""Answer"":""145"",""Confidence"":""0.41""}",,55.jpg,15,120.0
wgd_55_16,135.0,0.55,"{""Answer"":""135"",""Confidence"":""0.55""}",,55.jpg,16,120.0
wgd_55_17,135.0,0.63,"{""Answer"":""135"",""Confidence"":""0.63""}",,55.jpg,17,120.0
wgd_55_18,135.0,0.63,"{""Answer"":""135"",""Confidence"":""0.63""}",,55.jpg,18,120.0
wgd_55_19,135.0,0.55,"{""Answer"":""135"",""Confidence"":""0.55""}",,55.jpg,19,120.0
wgd_55_20,135.0,0.52,"{""Answer"":""135"",""Confidence"":""0.52""}",,55.jpg,20,120.0
wgd_56_01,150.0,0.03,"{""Answer"":""150"",""Confidence"":""0.03""}",,56.jpg,1,144.0
wgd_56_02,145.0,0.18,"{""Answer"":""145"",""Confidence"":""0.18""}",,56.jpg,2,144.0
wgd_56_03,155.0,0.24,"{""Answer"":""155"",""Confidence"":""0.24""}",,56.jpg,3,144.0
wgd_56_04,150.0,0.31,"{""Answer"":""150"",""Confidence"":""0.31""}",,56.jpg,4,144.0
wgd_56_05,150.0,0.31,"{""Answer"":""150"",""Confidence"":""0.31""}",,56.jpg,5,144.0
wgd_56_06,155.0,0.31,"{""Answer"":""155"",""Confidence"":""0.31""}",,56.jpg,6,144.0
wgd_56_07,145.0,0.38,"{""Answer"":""145"",""Confidence"":""0.38""}",,56.jpg,7,144.0
wgd_56_08,150.0,0.62,"{""Answer"":""150"",""Confidence"":""0.62""}",,56.jpg,8,144.0
wgd_56_09,145.0,0.42,"{""Answer"":""145"",""Confidence"":""0.42""}",,56.jpg,9,144.0
wgd_56_10,155.0,0.58,"{""Answer"":""155"",""Confidence"":""0.58""}",,56.jpg,10,144.0
wgd_56_11,150.0,0.55,"{""Answer"":""150"",""Confidence"":""0.55""}",,56.jpg,11,144.0
wgd_56_12,145.0,0.72,"{""Answer"":""145"",""Confidence"":""0.72""}",,56.jpg,12,144.0
wgd_56_13,145.0,0.62,"{""Answer"":""145"",""Confidence"":""0.62""}",,56.jpg,13,144.0
wgd_56_14,150.0,0.63,"{""Answer"":""150"",""Confidence"":""0.63""}",,56.jpg,14,144.0
wgd_56_15,150.0,0.61,"{""Answer"":""150"",""Confidence"":""0.61""}",,56.jpg,15,144.0
wgd_56_16,145.0,0.44,"{""Answer"":""145"",""Confidence"":""0.44""}",,56.jpg,16,144.0
wgd_56_17,145.0,0.62,"{""Answer"":""145"",""Confidence"":""0.62""}",,56.jpg,17,144.0
wgd_56_18,155.0,0.62,"{""Answer"":""155"",""Confidence"":""0.62""}",,56.jpg,18,144.0
wgd_56_19,155.0,0.64,"{""Answer"":""155"",""Confidence"":""0.64""}",,56.jpg,19,144.0
wgd_56_20,150.0,0.61,"{""Answer"":""150"",""Confidence"":""0.61""}",,56.jpg,20,144.0
wgd_57_01,165.0,0.12,"{""Answer"":""165"",""Confidence"":""0.12""}",,57.jpg,1,159.0
wgd_57_02,158.0,0.22,"{""Answer"":""158"",""Confidence"":""0.22""}",,57.jpg,2,159.0
wgd_57_03,155.0,0.34,"{""Answer"":""155"",""Confidence"":""0.34""}",,57.jpg,3,159.0
wgd_57_04,165.0,0.34,"{""Answer"":""165"",""Confidence"":""0.34""}",,57.jpg,4,159.0
wgd_57_05,170.0,0.42,"{""Answer"":""170"",""Confidence"":""0.42""}",,57.jpg,5,159.0
wgd_57_06,155.0,0.54,"{""Answer"":""155"",""Confidence"":""0.54""}",,57.jpg,6,159.0
wgd_57_07,165.0,0.35,"{""Answer"":""165"",""Confidence"":""0.35""}",,57.jpg,7,159.0
wgd_57_08,155.0,0.67,"{""Answer"":""155"",""Confidence"":""0.67""}",,57.jpg,8,159.0
wgd_57_09,165.0,0.41,"{""Answer"":""165"",""Confidence"":""0.41""}",,57.jpg,9,159.0
wgd_57_10,165.0,0.43,"{""Answer"":""165"",""Confidence"":""0.43""}",,57.jpg,10,159.0
wgd_57_11,160.0,0.56,"{""Answer"":""160"",""Confidence"":""0.56""}",,57.jpg,11,159.0
wgd_57_12,160.0,0.62,"{""Answer"":""160"",""Confidence"":""0.62""}",,57.jpg,12,159.0
wgd_57_13,165.0,0.62,"{""Answer"":""165"",""Confidence"":""0.62""}",,57.jpg,13,159.0
wgd_57_14,165.0,0.62,"{""Answer"":""165"",""Confidence"":""0.62""}",,57.jpg,14,159.0
wgd_57_15,160.0,0.57,"{""Answer"":""160"",""Confidence"":""0.57""}",,57.jpg,15,159.0
wgd_57_16,165.0,0.72,"{""Answer"":""165"",""Confidence"":""0.72""}",,57.jpg,16,159.0
wgd_57_17,170.0,0.72,"{""Answer"":""170"",""Confidence"":""0.72""}",,57.jpg,17,159.0
wgd_57_18,162.0,0.52,"{""Answer"":""162"",""Confidence"":""0.52""}",,57.jpg,18,159.0
wgd_57_19,165.0,0.62,"{""Answer"":""165"",""Confidence"":""0.62""}",,57.jpg,19,159.0
wgd_57_20,165.0,0.72,"{""Answer"":""165"",""Confidence"":""0.72""}",,57.jpg,20,159.0
wgd_58_01,175.0,0.03,"{""Answer"":""175"",""Confidence"":""0.03""}",,58.jpg,1,165.0
wgd_58_02,175.0,0.18,"{""Answer"":""175"",""Confidence"":""0.18""}",,58.jpg,2,165.0
wgd_58_03,175.0,0.28,"{""Answer"":""175"",""Confidence"":""0.28""}",,58.jpg,3,165.0
wgd_58_04,175.0,0.28,"{""Answer"":""175"",""Confidence"":""0.28""}",,58.jpg,4,165.0
wgd_58_05,175.0,0.34,"{""Answer"":""175"",""Confidence"":""0.34""}",,58.jpg,5,165.0
wgd_58_06,175.0,0.54,"{""Answer"":""175"",""Confidence"":""0.54""}",,58.jpg,6,165.0
wgd_58_07,175.0,0.62,"{""Answer"":""175"",""Confidence"":""0.62""}",,58.jpg,7,165.0
wgd_58_08,170.0,0.42,"{""Answer"":""170"",""Confidence"":""0.42""}",,58.jpg,8,165.0
wgd_58_09,175.0,0.52,"{""Answer"":""175"",""Confidence"":""0.52""}",,58.jpg,9,165.0
wgd_58_10,175.0,0.42,"{""Answer"":""175"",""Confidence"":""0.42""}",,58.jpg,10,165.0
wgd_58_11,175.0,0.61,"{""Answer"":""175"",""Confidence"":""0.61""}",,58.jpg,11,165.0
wgd_58_12,170.0,0.52,"{""Answer"":""170"",""Confidence"":""0.52""}",,58.jpg,12,165.0
wgd_58_13,165.0,0.71,"{""Answer"":""165"",""Confidence"":""0.71""}",,58.jpg,13,165.0
wgd_58_14,175.0,0.63,"{""Answer"":""175"",""Confidence"":""0.63""}",,58.jpg,14,165.0
wgd_58_15,170.0,0.62,"{""Answer"":""170"",""Confidence"":""0.62""}",,58.jpg,15,165.0
wgd_58_16,175.0,0.56,"{""Answer"":""175"",""Confidence"":""0.56""}",,58.jpg,16,165.0
wgd_58_17,185.0,0.41,"{""Answer"":""185"",""Confidence"":""0.41""}",,58.jpg,17,165.0
wgd_58_18,185.0,0.66,"{""Answer"":""185"",""Confidence"":""0.66""}",,58.jpg,18,165.0
wgd_58_19,175.0,0.54,"{""Answer"":""175"",""Confidence"":""0.54""}",,58.jpg,19,165.0
wgd_58_20,170.0,0.64,"{""Answer"":""170"",""Confidence"":""0.64""}",,58.jpg,20,165.0
wgd_59_01,135.0,0.18,"{""Answer"":""135"",""Confidence"":""0.18""}",,59.jpg,1,138.0
wgd_59_02,135.0,0.18,"{""Answer"":""135"",""Confidence"":""0.18""}",,59.jpg,2,138.0
wgd_59_03,135.0,0.32,"{""Answer"":""135"",""Confidence"":""0.32""}",,59.jpg,3,138.0
wgd_59_04,135.0,0.44,"{""Answer"":""135"",""Confidence"":""0.44""}",,59.jpg,4,138.0
wgd_59_05,130.0,0.62,"{""Answer"":""130"",""Confidence"":""0.62""}",,59.jpg,5,138.0
wgd_59_06,135.0,0.56,"{""Answer"":""135"",""Confidence"":""0.56""}",,59.jpg,6,138.0
wgd_59_07,140.0,0.62,"{""Answer"":""140"",""Confidence"":""0.62""}",,59.jpg,7,138.0
wgd_59_08,132.0,0.47,"{""Answer"":""132"",""Confidence"":""0.47""}",,59.jpg,8,138.0
wgd_59_09,135.0,0.42,"{""Answer"":""135"",""Confidence"":""0.42""}",,59.jpg,9,138.0
wgd_59_10,135.0,0.52,"{""Answer"":""135"",""Confidence"":""0.52""}",,59.jpg,10,138.0
wgd_59_11,135.0,0.54,"{""Answer"":""135"",""Confidence"":""0.54""}",,59.jpg,11,138.0
wgd_59_12,135.0,0.62,"{""Answer"":""135"",""Confidence"":""0.62""}",,59.jpg,12,138.0
wgd_59_13,135.0,0.68,"{""Answer"":""135"",""Confidence"":""0.68""}",,59.jpg,13,138.0
wgd_59_14,145.0,0.63,"{""Answer"":""145"",""Confidence"":""0.63""}",,59.jpg,14,138.0
wgd_59_15,135.0,0.63,"{""Answer"":""135"",""Confidence"":""0.63""}",,59.jpg,15,138.0
wgd_59_16,135.0,0.62,"{""Answer"":""135"",""Confidence"":""0.62""}",,59.jpg,16,138.0
wgd_59_17,135.0,0.58,"{""Answer"":""135"",""Confidence"":""0.58""}",,59.jpg,17,138.0
wgd_59_18,135.0,0.62,"{""Answer"":""135"",""Confidence"":""0.62""}",,59.jpg,18,138.0
wgd_59_19,135.0,0.62,"{""Answer"":""135"",""Confidence"":""0.62""}",,59.jpg,19,138.0
wgd_59_20,135.0,0.63,"{""Answer"":""135"",""Confidence"":""0.63""}",,59.jpg,20,138.0
wgd_60_01,120.0,0.07,"{""Answer"":""120"",""Confidence"":""0.07""}",,60.jpg,1,114.0
wgd_60_02,118.0,0.18,"{""Answer"":""118"",""Confidence"":""0.18""}",,60.jpg,2,114.0
wgd_60_03,125.0,0.18,"{""Answer"":""125"",""Confidence"":""0.18""}",,60.jpg,3,114.0
wgd_60_04,120.0,0.22,"{""Answer"":""120"",""Confidence"":""0.22""}",,60.jpg,4,114.0
wgd_60_05,125.0,0.23,"{""Answer"":""125"",""Confidence"":""0.23""}",,60.jpg,5,114.0
wgd_60_06,118.0,0.41,"{""Answer"":""118"",""Confidence"":""0.41""}",,60.jpg,6,114.0
wgd_60_07,120.0,0.34,"{""Answer"":""120"",""Confidence"":""0.34""}",,60.jpg,7,114.0
wgd_60_08,115.0,0.44,"{""Answer"":""115"",""Confidence"":""0.44""}",,60.jpg,8,114.0
wgd_60_09,110.0,0.44,"{""Answer"":""110"",""Confidence"":""0.44""}",,60.jpg,9,114.0
wgd_60_10,118.0,0.42,"{""Answer"":""118"",""Confidence"":""0.42""}",,60.jpg,10,114.0
wgd_60_11,122.0,0.54,"{""Answer"":""122"",""Confidence"":""0.54""}",,60.jpg,11,114.0
wgd_60_12,118.0,0.46,"{""Answer"":""118"",""Confidence"":""0.46""}",,60.jpg,12,114.0
wgd_60_13,120.0,0.42,"{""Answer"":""120"",""Confidence"":""0.42""}",,60.jpg,13,114.0
wgd_60_14,125.0,0.42,"{""Answer"":""125"",""Confidence"":""0.42""}",,60.jpg,14,114.0
wgd_60_15,118.0,0.41,"{""Answer"":""118"",""Confidence"":""0.41""}",,60.jpg,15,114.0
wgd_60_16,125.0,0.38,"{""Answer"":""125"",""Confidence"":""0.38""}",,60.jpg,16,114.0
wgd_60_17,128.0,0.41,"{""Answer"":""128"",""Confidence"":""0.41""}",,60.jpg,17,114.0
wgd_60_18,122.0,0.54,"{""Answer"":""122"",""Confidence"":""0.54""}",,60.jpg,18,114.0
wgd_60_19,112.0,0.45,"{""Answer"":""112"",""Confidence"":""0.45""}",,60.jpg,19,114.0
wgd_60_20,118.0,0.34,"{""Answer"":""118"",""Confidence"":""0.34""}",,60.jpg,20,114.0
wgd_61_01,155.0,0.18,"{""Answer"":""155"",""Confidence"":""0.18""}",,61.jpg,1,125.0
wgd_61_02,160.0,0.24,"{""Answer"":""160"",""Confidence"":""0.24""}",,61.jpg,2,125.0
wgd_61_03,155.0,0.28,"{""Answer"":""155"",""Confidence"":""0.28""}",,61.jpg,3,125.0
wgd_61_04,158.0,0.27,"{""Answer"":""158"",""Confidence"":""0.27""}",,61.jpg,4,125.0
wgd_61_05,155.0,0.32,"{""Answer"":""155"",""Confidence"":""0.32""}",,61.jpg,5,125.0
wgd_61_06,155.0,0.42,"{""Answer"":""155"",""Confidence"":""0.42""}",,61.jpg,6,125.0
wgd_61_07,155.0,0.56,"{""Answer"":""155"",""Confidence"":""0.56""}",,61.jpg,7,125.0
wgd_61_08,155.0,0.54,"{""Answer"":""155"",""Confidence"":""0.54""}",,61.jpg,8,125.0
wgd_61_09,160.0,0.58,"{""Answer"":""160"",""Confidence"":""0.58""}",,61.jpg,9,125.0
wgd_61_10,155.0,0.56,"{""Answer"":""155"",""Confidence"":""0.56""}",,61.jpg,10,125.0
wgd_61_11,165.0,0.62,"{""Answer"":""165"",""Confidence"":""0.62""}",,61.jpg,11,125.0
wgd_61_12,160.0,0.58,"{""Answer"":""160"",""Confidence"":""0.58""}",,61.jpg,12,125.0
wgd_61_13,155.0,0.74,"{""Answer"":""155"",""Confidence"":""0.74""}",,61.jpg,13,125.0
wgd_61_14,155.0,0.63,"{""Answer"":""155"",""Confidence"":""0.63""}",,61.jpg,14,125.0
wgd_61_15,155.0,0.58,"{""Answer"":""155"",""Confidence"":""0.58""}",,61.jpg,15,125.0
wgd_61_16,155.0,0.54,"{""Answer"":""155"",""Confidence"":""0.54""}",,61.jpg,16,125.0
wgd_61_17,155.0,0.52,"{""Answer"":""155"",""Confidence"":""0.52""}",,61.jpg,17,125.0
wgd_61_18,150.0,0.67,"{""Answer"":""150"",""Confidence"":""0.67""}",,61.jpg,18,125.0
wgd_61_19,160.0,0.62,"{""Answer"":""160"",""Confidence"":""0.62""}",,61.jpg,19,125.0
wgd_61_20,155.0,0.62,"{""Answer"":""155"",""Confidence"":""0.62""}",,61.jpg,20,125.0
wgd_62_01,120.0,0.18,"{""Answer"":""120"",""Confidence"":""0.18""}",,62.jpg,1,113.0
wgd_62_02,118.0,0.18,"{""Answer"":""118"",""Confidence"":""0.18""}",,62.jpg,2,113.0
wgd_62_03,118.0,0.22,"{""Answer"":""118"",""Confidence"":""0.22""}",,62.jpg,3,113.0
wgd_62_04,118.0,0.28,"{""Answer"":""118"",""Confidence"":""0.28""}",,62.jpg,4,113.0
wgd_62_05,125.0,0.38,"{""Answer"":""125"",""Confidence"":""0.38""}",,62.jpg,5,113.0
wgd_62_06,120.0,0.56,"{""Answer"":""120"",""Confidence"":""0.56""}",,62.jpg,6,113.0
wgd_62_07,118.0,0.46,"{""Answer"":""118"",""Confidence"":""0.46""}",,62.jpg,7,113.0
wgd_62_08,118.0,0.52,"{""Answer"":""118"",""Confidence"":""0.52""}",,62.jpg,8,113.0
wgd_62_09,120.0,0.55,"{""Answer"":""120"",""Confidence"":""0.55""}",,62.jpg,9,113.0
wgd_62_10,115.0,0.62,"{""Answer"":""115"",""Confidence"":""0.62""}",,62.jpg,10,113.0
wgd_62_11,128.0,0.42,"{""Answer"":""128"",""Confidence"":""0.42""}",,62.jpg,11,113.0
wgd_62_12,120.0,0.66,"{""Answer"":""120"",""Confidence"":""0.66""}",,62.jpg,12,113.0
wgd_62_13,112.0,0.58,"{""Answer"":""112"",""Confidence"":""0.58""}",,62.jpg,13,113.0
wgd_62_14,125.0,0.58,"{""Answer"":""125"",""Confidence"":""0.58""}",,62.jpg,14,113.0
wgd_62_15,120.0,0.72,"{""Answer"":""120"",""Confidence"":""0.72""}",,62.jpg,15,113.0
wgd_62_16,120.0,0.57,"{""Answer"":""120"",""Confidence"":""0.57""}",,62.jpg,16,113.0
wgd_62_17,115.0,0.62,"{""Answer"":""115"",""Confidence"":""0.62""}",,62.jpg,17,113.0
wgd_62_18,118.0,0.62,"{""Answer"":""118"",""Confidence"":""0.62""}",,62.jpg,18,113.0
wgd_62_19,125.0,0.56,"{""Answer"":""125"",""Confidence"":""0.56""}",,62.jpg,19,113.0
wgd_62_20,118.0,0.64,"{""Answer"":""118"",""Confidence"":""0.64""}",,62.jpg,20,113.0
wgd_63_01,125.0,0.04,"{""Answer"":""125"",""Confidence"":""0.04""}",,63.jpg,1,116.0
wgd_63_02,118.0,0.22,"{""Answer"":""118"",""Confidence"":""0.22""}",,63.jpg,2,116.0
wgd_63_03,118.0,0.18,"{""Answer"":""118"",""Confidence"":""0.18""}",,63.jpg,3,116.0
wgd_63_04,115.0,0.42,"{""Answer"":""115"",""Confidence"":""0.42""}",,63.jpg,4,116.0
wgd_63_05,118.0,0.32,"{""Answer"":""118"",""Confidence"":""0.32""}",,63.jpg,5,116.0
wgd_63_06,120.0,0.42,"{""Answer"":""120"",""Confidence"":""0.42""}",,63.jpg,6,116.0
wgd_63_07,128.0,0.42,"{""Answer"":""128"",""Confidence"":""0.42""}",,63.jpg,7,116.0
wgd_63_08,118.0,0.64,"{""Answer"":""118"",""Confidence"":""0.64""}",,63.jpg,8,116.0
wgd_63_09,118.0,0.34,"{""Answer"":""118"",""Confidence"":""0.34""}",,63.jpg,9,116.0
wgd_63_10,125.0,0.63,"{""Answer"":""125"",""Confidence"":""0.63""}",,63.jpg,10,116.0
wgd_63_11,125.0,0.47,"{""Answer"":""125"",""Confidence"":""0.47""}",,63.jpg,11,116.0
wgd_63_12,125.0,0.42,"{""Answer"":""125"",""Confidence"":""0.42""}",,63.jpg,12,116.0
wgd_63_13,125.0,0.62,"{""Answer"":""125"",""Confidence"":""0.62""}",,63.jpg,13,116.0
wgd_63_14,120.0,0.52,"{""Answer"":""120"",""Confidence"":""0.52""}",,63.jpg,14,116.0
wgd_63_15,120.0,0.62,"{""Answer"":""120"",""Confidence"":""0.62""}",,63.jpg,15,116.0
wgd_63_16,128.0,0.62,"{""Answer"":""128"",""Confidence"":""0.62""}",,63.jpg,16,116.0
wgd_63_17,125.0,0.62,"{""Answer"":""125"",""Confidence"":""0.62""}",,63.jpg,17,116.0
wgd_63_18,118.0,0.58,"{""Answer"":""118"",""Confidence"":""0.58""}",,63.jpg,18,116.0
wgd_63_19,120.0,0.42,"{""Answer"":""120"",""Confidence"":""0.42""}",,63.jpg,19,116.0
wgd_63_20,118.0,0.58,"{""Answer"":""118"",""Confidence"":""0.58""}",,63.jpg,20,116.0
wgd_64_01,122.0,0.18,"{""Answer"":""122"",""Confidence"":""0.18""}",,64.jpg,1,125.0
wgd_64_02,128.0,0.18,"{""Answer"":""128"",""Confidence"":""0.18""}",,64.jpg,2,125.0
wgd_64_03,130.0,0.18,"{""Answer"":""130"",""Confidence"":""0.18""}",,64.jpg,3,125.0
wgd_64_04,125.0,0.26,"{""Answer"":""125"",""Confidence"":""0.26""}",,64.jpg,4,125.0
wgd_64_05,125.0,0.41,"{""Answer"":""125"",""Confidence"":""0.41""}",,64.jpg,5,125.0
wgd_64_06,124.0,0.61,"{""Answer"":""124"",""Confidence"":""0.61""}",,64.jpg,6,125.0
wgd_64_07,130.0,0.32,"{""Answer"":""130"",""Confidence"":""0.32""}",,64.jpg,7,125.0
wgd_64_08,125.0,0.55,"{""Answer"":""125"",""Confidence"":""0.55""}",,64.jpg,8,125.0
wgd_64_09,118.0,0.52,"{""Answer"":""118"",""Confidence"":""0.52""}",,64.jpg,9,125.0
wgd_64_10,125.0,0.63,"{""Answer"":""125"",""Confidence"":""0.63""}",,64.jpg,10,125.0
wgd_64_11,125.0,0.52,"{""Answer"": ""125"", ""Confidence"": ""0.52""}",,64.jpg,11,125.0
wgd_64_12,115.0,0.68,"{""Answer"":""115"",""Confidence"":""0.68""}",,64.jpg,12,125.0
wgd_64_13,120.0,0.61,"{""Answer"":""120"",""Confidence"":""0.61""}",,64.jpg,13,125.0
wgd_64_14,128.0,0.62,"{""Answer"":""128"",""Confidence"":""0.62""}",,64.jpg,14,125.0
wgd_64_15,125.0,0.62,"{""Answer"":""125"",""Confidence"":""0.62""}",,64.jpg,15,125.0
wgd_64_16,125.0,0.58,"{""Answer"":""125"",""Confidence"":""0.58""}",,64.jpg,16,125.0
wgd_64_17,125.0,0.63,"{""Answer"":""125"",""Confidence"":""0.63""}",,64.jpg,17,125.0
wgd_64_18,118.0,0.61,"{""Answer"":""118"",""Confidence"":""0.61""}",,64.jpg,18,125.0
wgd_64_19,132.0,0.62,"{""Answer"":""132"",""Confidence"":""0.62""}",,64.jpg,19,125.0
wgd_64_20,130.0,0.62,"{""Answer"":""130"",""Confidence"":""0.62""}",,64.jpg,20,125.0
wgd_65_01,115.0,0.03,"{""Answer"":""115"",""Confidence"":""0.03""}",,65.jpg,1,115.0
wgd_65_02,118.0,0.22,"{""Answer"":""118"",""Confidence"":""0.22""}",,65.jpg,2,115.0
wgd_65_03,118.0,0.28,"{""Answer"":""118"",""Confidence"":""0.28""}",,65.jpg,3,115.0
wgd_65_04,118.0,0.39,"{""Answer"":""118"",""Confidence"":""0.39""}",,65.jpg,4,115.0
wgd_65_05,118.0,0.22,"{""Answer"":""118"",""Confidence"":""0.22""}",,65.jpg,5,115.0
wgd_65_06,112.0,0.28,"{""Answer"":""112"",""Confidence"":""0.28""}",,65.jpg,6,115.0
wgd_65_07,112.0,0.32,"{""Answer"":""112"",""Confidence"":""0.32""}",,65.jpg,7,115.0
wgd_65_08,112.0,0.42,"{""Answer"":""112"",""Confidence"":""0.42""}",,65.jpg,8,115.0
wgd_65_09,118.0,0.42,"{""Answer"":""118"",""Confidence"":""0.42""}",,65.jpg,9,115.0
wgd_65_10,112.0,0.42,"{""Answer"":""112"",""Confidence"":""0.42""}",,65.jpg,10,115.0
wgd_65_11,118.0,0.52,"{""Answer"":""118"",""Confidence"":""0.52""}",,65.jpg,11,115.0
wgd_65_12,115.0,0.62,"{""Answer"":""115"",""Confidence"":""0.62""}",,65.jpg,12,115.0
wgd_65_13,115.0,0.48,"{""Answer"":""115"",""Confidence"":""0.48""}",,65.jpg,13,115.0
wgd_65_14,118.0,0.58,"{""Answer"":""118"",""Confidence"":""0.58""}",,65.jpg,14,115.0
wgd_65_15,120.0,0.52,"{""Answer"":""120"",""Confidence"":""0.52""}",,65.jpg,15,115.0
wgd_65_16,118.0,0.63,"{""Answer"":""118"",""Confidence"":""0.63""}",,65.jpg,16,115.0
wgd_65_17,118.0,0.54,"{""Answer"":""118"",""Confidence"":""0.54""}",,65.jpg,17,115.0
wgd_65_18,118.0,0.42,"{""Answer"":""118"",""Confidence"":""0.42""}",,65.jpg,18,115.0
wgd_65_19,118.0,0.42,"{""Answer"":""118"",""Confidence"":""0.42""}",,65.jpg,19,115.0
wgd_65_20,115.0,0.58,"{""Answer"":""115"",""Confidence"":""0.58""}",,65.jpg,20,115.0
wgd_66_01,150.0,0.18,"{""Answer"":""150"",""Confidence"":""0.18""}",,66.jpg,1,152.0
wgd_66_02,145.0,0.18,"{""Answer"":""145"",""Confidence"":""0.18""}",,66.jpg,2,152.0
wgd_66_03,145.0,0.22,"{""Answer"":""145"",""Confidence"":""0.22""}",,66.jpg,3,152.0
wgd_66_04,145.0,0.41,"{""Answer"":""145"",""Confidence"":""0.41""}",,66.jpg,4,152.0
wgd_66_05,145.0,0.36,"{""Answer"":""145"",""Confidence"":""0.36""}",,66.jpg,5,152.0
wgd_66_06,145.0,0.42,"{""Answer"":""145"",""Confidence"":""0.42""}",,66.jpg,6,152.0
wgd_66_07,145.0,0.42,"{""Answer"":""145"",""Confidence"":""0.42""}",,66.jpg,7,152.0
wgd_66_08,145.0,0.62,"{""Answer"":""145"",""Confidence"":""0.62""}",,66.jpg,8,152.0
wgd_66_09,145.0,0.63,"{""Answer"":""145"",""Confidence"":""0.63""}",,66.jpg,9,152.0
wgd_66_10,155.0,0.63,"{""Answer"":""155"",""Confidence"":""0.63""}",,66.jpg,10,152.0
wgd_66_11,150.0,0.62,"{""Answer"":""150"",""Confidence"":""0.62""}",,66.jpg,11,152.0
wgd_66_12,150.0,0.67,"{""Answer"":""150"",""Confidence"":""0.67""}",,66.jpg,12,152.0
wgd_66_13,150.0,0.68,"{""Answer"":""150"",""Confidence"":""0.68""}",,66.jpg,13,152.0
wgd_66_14,155.0,0.63,"{""Answer"":""155"",""Confidence"":""0.63""}",,66.jpg,14,152.0
wgd_66_15,155.0,0.62,"{""Answer"":""155"",""Confidence"":""0.62""}",,66.jpg,15,152.0
wgd_66_16,145.0,0.71,"{""Answer"":""145"",""Confidence"":""0.71""}",,66.jpg,16,152.0
wgd_66_17,145.0,0.64,"{""Answer"":""145"",""Confidence"":""0.64""}",,66.jpg,17,152.0
wgd_66_18,155.0,0.55,"{""Answer"":""155"",""Confidence"":""0.55""}",,66.jpg,18,152.0
wgd_66_19,145.0,0.7,"{""Answer"":""145"",""Confidence"":""0.70""}",,66.jpg,19,152.0
wgd_66_20,155.0,0.62,"{""Answer"":""155"",""Confidence"":""0.62""}",,66.jpg,20,152.0
wgd_67_01,135.0,0.07,"{""Answer"":""135"",""Confidence"":""0.07""}",,67.jpg,1,120.0
wgd_67_02,128.0,0.14,"{""Answer"":""128"",""Confidence"":""0.14""}",,67.jpg,2,120.0
wgd_67_03,132.0,0.18,"{""Answer"":""132"",""Confidence"":""0.18""}",,67.jpg,3,120.0
wgd_67_04,125.0,0.34,"{""Answer"":""125"",""Confidence"":""0.34""}",,67.jpg,4,120.0
wgd_67_05,128.0,0.22,"{""Answer"":""128"",""Confidence"":""0.22""}",,67.jpg,5,120.0
wgd_67_06,125.0,0.42,"{""Answer"":""125"",""Confidence"":""0.42""}",,67.jpg,6,120.0
wgd_67_07,138.0,0.28,"{""Answer"":""138"",""Confidence"":""0.28""}",,67.jpg,7,120.0
wgd_67_08,132.0,0.32,"{""Answer"":""132"",""Confidence"":""0.32""}",,67.jpg,8,120.0
wgd_67_09,128.0,0.42,"{""Answer"":""128"",""Confidence"":""0.42""}",,67.jpg,9,120.0
wgd_67_10,120.0,0.48,"{""Answer"":""120"",""Confidence"":""0.48""}",,67.jpg,10,120.0
wgd_67_11,135.0,0.62,"{""Answer"":""135"",""Confidence"":""0.62""}",,67.jpg,11,120.0
wgd_67_12,132.0,0.34,"{""Answer"":""132"",""Confidence"":""0.34""}",,67.jpg,12,120.0
wgd_67_13,125.0,0.42,"{""Answer"":""125"",""Confidence"":""0.42""}",,67.jpg,13,120.0
wgd_67_14,124.0,0.62,"{""Answer"":""124"",""Confidence"":""0.62""}",,67.jpg,14,120.0
wgd_67_15,130.0,0.34,"{""Answer"":""130"",""Confidence"":""0.34""}",,67.jpg,15,120.0
wgd_67_16,135.0,0.54,"{""Answer"":""135"",""Confidence"":""0.54""}",,67.jpg,16,120.0
wgd_67_17,132.0,0.58,"{""Answer"":""132"",""Confidence"":""0.58""}",,67.jpg,17,120.0
wgd_67_18,128.0,0.42,"{""Answer"":""128"",""Confidence"":""0.42""}",,67.jpg,18,120.0
wgd_67_19,128.0,0.46,"{""Answer"":""128"",""Confidence"":""0.46""}",,67.jpg,19,120.0
wgd_67_20,132.0,0.43,"{""Answer"":""132"",""Confidence"":""0.43""}",,67.jpg,20,120.0
wgd_68_01,115.0,0.12,"{""Answer"":""115"",""Confidence"":""0.12""}",,68.jpg,1,113.0
wgd_68_02,112.0,0.18,"{""Answer"":""112"",""Confidence"":""0.18""}",,68.jpg,2,113.0
wgd_68_03,115.0,0.22,"{""Answer"":""115"",""Confidence"":""0.22""}",,68.jpg,3,113.0
wgd_68_04,115.0,0.22,"{""Answer"":""115"",""Confidence"":""0.22""}",,68.jpg,4,113.0
wgd_68_05,118.0,0.39,"{""Answer"":""118"",""Confidence"":""0.39""}",,68.jpg,5,113.0
wgd_68_06,115.0,0.42,"{""Answer"":""115"",""Confidence"":""0.42""}",,68.jpg,6,113.0
wgd_68_07,118.0,0.42,"{""Answer"":""118"",""Confidence"":""0.42""}",,68.jpg,7,113.0
wgd_68_08,118.0,0.42,"{""Answer"":""118"",""Confidence"":""0.42""}",,68.jpg,8,113.0
wgd_68_09,118.0,0.56,"{""Answer"":""118"",""Confidence"":""0.56""}",,68.jpg,9,113.0
wgd_68_10,115.0,0.68,"{""Answer"":""115"",""Confidence"":""0.68""}",,68.jpg,10,113.0
wgd_68_11,112.0,0.64,"{""Answer"":""112"",""Confidence"":""0.64""}",,68.jpg,11,113.0
wgd_68_12,118.0,0.55,"{""Answer"":""118"",""Confidence"":""0.55""}",,68.jpg,12,113.0
wgd_68_13,118.0,0.52,"{""Answer"":""118"",""Confidence"":""0.52""}",,68.jpg,13,113.0
wgd_68_14,118.0,0.54,"{""Answer"":""118"",""Confidence"":""0.54""}",,68.jpg,14,113.0
wgd_68_15,115.0,0.62,"{""Answer"":""115"",""Confidence"":""0.62""}",,68.jpg,15,113.0
wgd_68_16,112.0,0.42,"{""Answer"":""112"",""Confidence"":""0.42""}",,68.jpg,16,113.0
wgd_68_17,115.0,0.78,"{""Answer"":""115"",""Confidence"":""0.78""}",,68.jpg,17,113.0
wgd_68_18,110.0,0.62,"{""Answer"":""110"",""Confidence"":""0.62""}",,68.jpg,18,113.0
wgd_68_19,118.0,0.63,"{""Answer"":""118"",""Confidence"":""0.63""}",,68.jpg,19,113.0
wgd_68_20,115.0,0.62,"{""Answer"":""115"",""Confidence"":""0.62""}",,68.jpg,20,113.0
wgd_69_01,140.0,0.14,"{""Answer"":""140"",""Confidence"":""0.14""}",,69.jpg,1,126.0
wgd_69_02,145.0,0.18,"{""Answer"":""145"",""Confidence"":""0.18""}",,69.jpg,2,126.0
wgd_69_03,145.0,0.32,"{""Answer"":""145"",""Confidence"":""0.32""}",,69.jpg,3,126.0
wgd_69_04,145.0,0.42,"{""Answer"":""145"",""Confidence"":""0.42""}",,69.jpg,4,126.0
wgd_69_05,140.0,0.57,"{""Answer"":""140"",""Confidence"":""0.57""}",,69.jpg,5,126.0
wgd_69_06,135.0,0.58,"{""Answer"":""135"",""Confidence"":""0.58""}",,69.jpg,6,126.0
wgd_69_07,145.0,0.42,"{""Answer"":""145"",""Confidence"":""0.42""}",,69.jpg,7,126.0
wgd_69_08,140.0,0.52,"{""Answer"":""140"",""Confidence"":""0.52""}",,69.jpg,8,126.0
wgd_69_09,145.0,0.68,"{""Answer"":""145"",""Confidence"":""0.68""}",,69.jpg,9,126.0
wgd_69_10,140.0,0.64,"{""Answer"":""140"",""Confidence"":""0.64""}",,69.jpg,10,126.0
wgd_69_11,145.0,0.62,"{""Answer"":""145"",""Confidence"":""0.62""}",,69.jpg,11,126.0
wgd_69_12,135.0,0.62,"{""Answer"":""135"",""Confidence"":""0.62""}",,69.jpg,12,126.0
wgd_69_13,145.0,0.62,"{""Answer"":""145"",""Confidence"":""0.62""}",,69.jpg,13,126.0
wgd_69_14,145.0,0.42,"{""Answer"":""145"",""Confidence"":""0.42""}",,69.jpg,14,126.0
wgd_69_15,140.0,0.67,"{""Answer"":""140"",""Confidence"":""0.67""}",,69.jpg,15,126.0
wgd_69_16,145.0,0.61,"{""Answer"":""145"",""Confidence"":""0.61""}",,69.jpg,16,126.0
wgd_69_17,145.0,0.43,"{""Answer"":""145"",""Confidence"":""0.43""}",,69.jpg,17,126.0
wgd_69_18,135.0,0.7,"{""Answer"":""135"",""Confidence"":""0.70""}",,69.jpg,18,126.0
wgd_69_19,145.0,0.62,"{""Answer"":""145"",""Confidence"":""0.62""}",,69.jpg,19,126.0
wgd_69_20,145.0,0.62,"{""Answer"":""145"",""Confidence"":""0.62""}",,69.jpg,20,126.0
wgd_70_01,155.0,0.12,"{""Answer"":""155"",""Confidence"":""0.12""}",,70.jpg,1,120.0
wgd_70_02,155.0,0.18,"{""Answer"":""155"",""Confidence"":""0.18""}",,70.jpg,2,120.0
wgd_70_03,150.0,0.22,"{""Answer"":""150"",""Confidence"":""0.22""}",,70.jpg,3,120.0
wgd_70_04,155.0,0.41,"{""Answer"":""155"",""Confidence"":""0.41""}",,70.jpg,4,120.0
wgd_70_05,155.0,0.42,"{""Answer"":""155"",""Confidence"":""0.42""}",,70.jpg,5,120.0
wgd_70_06,155.0,0.36,"{""Answer"":""155"",""Confidence"":""0.36""}",,70.jpg,6,120.0
wgd_70_07,155.0,0.41,"{""Answer"":""155"",""Confidence"":""0.41""}",,70.jpg,7,120.0
wgd_70_08,155.0,0.62,"{""Answer"":""155"",""Confidence"":""0.62""}",,70.jpg,8,120.0
wgd_70_09,150.0,0.53,"{""Answer"":""150"",""Confidence"":""0.53""}",,70.jpg,9,120.0
wgd_70_10,150.0,0.63,"{""Answer"":""150"",""Confidence"":""0.63""}",,70.jpg,10,120.0
wgd_70_11,150.0,0.64,"{""Answer"":""150"",""Confidence"":""0.64""}",,70.jpg,11,120.0
wgd_70_12,155.0,0.62,"{""Answer"":""155"",""Confidence"":""0.62""}",,70.jpg,12,120.0
wgd_70_13,150.0,0.44,"{""Answer"":""150"",""Confidence"":""0.44""}",,70.jpg,13,120.0
wgd_70_14,155.0,0.58,"{""Answer"":""155"",""Confidence"":""0.58""}",,70.jpg,14,120.0
wgd_70_15,145.0,0.61,"{""Answer"":""145"",""Confidence"":""0.61""}",,70.jpg,15,120.0
wgd_70_16,155.0,0.61,"{""Answer"":""155"",""Confidence"":""0.61""}",,70.jpg,16,120.0
wgd_70_17,150.0,0.63,"{""Answer"":""150"",""Confidence"":""0.63""}",,70.jpg,17,120.0
wgd_70_18,150.0,0.62,"{""Answer"":""150"",""Confidence"":""0.62""}",,70.jpg,18,120.0
wgd_70_19,160.0,0.58,"{""Answer"":""160"",""Confidence"":""0.58""}",,70.jpg,19,120.0
wgd_70_20,150.0,0.63,"{""Answer"":""150"",""Confidence"":""0.63""}",,70.jpg,20,120.0
wgd_71_01,125.0,0.12,"{""Answer"":""125"",""Confidence"":""0.12""}",,71.jpg,1,134.0
wgd_71_02,128.0,0.18,"{""Answer"":""128"",""Confidence"":""0.18""}",,71.jpg,2,134.0
wgd_71_03,125.0,0.32,"{""Answer"":""125"",""Confidence"":""0.32""}",,71.jpg,3,134.0
wgd_71_04,125.0,0.41,"{""Answer"":""125"",""Confidence"":""0.41""}",,71.jpg,4,134.0
wgd_71_05,125.0,0.42,"{""Answer"":""125"",""Confidence"":""0.42""}",,71.jpg,5,134.0
wgd_71_06,122.0,0.41,"{""Answer"":""122"",""Confidence"":""0.41""}",,71.jpg,6,134.0
wgd_71_07,128.0,0.42,"{""Answer"":""128"",""Confidence"":""0.42""}",,71.jpg,7,134.0
wgd_71_08,125.0,0.34,"{""Answer"":""125"",""Confidence"":""0.34""}",,71.jpg,8,134.0
wgd_71_09,125.0,0.62,"{""Answer"":""125"",""Confidence"":""0.62""}",,71.jpg,9,134.0
wgd_71_10,125.0,0.56,"{""Answer"":""125"",""Confidence"":""0.56""}",,71.jpg,10,134.0
wgd_71_11,130.0,0.62,"{""Answer"":""130"",""Confidence"":""0.62""}",,71.jpg,11,134.0
wgd_71_12,128.0,0.62,"{""Answer"":""128"",""Confidence"":""0.62""}",,71.jpg,12,134.0
wgd_71_13,125.0,0.63,"{""Answer"":""125"",""Confidence"":""0.63""}",,71.jpg,13,134.0
wgd_71_14,125.0,0.62,"{""Answer"":""125"",""Confidence"":""0.62""}",,71.jpg,14,134.0
wgd_71_15,125.0,0.62,"{""Answer"":""125"",""Confidence"":""0.62""}",,71.jpg,15,134.0
wgd_71_16,122.0,0.58,"{""Answer"":""122"",""Confidence"":""0.58""}",,71.jpg,16,134.0
wgd_71_17,118.0,0.62,"{""Answer"":""118"",""Confidence"":""0.62""}",,71.jpg,17,134.0
wgd_71_18,125.0,0.62,"{""Answer"":""125"",""Confidence"":""0.62""}",,71.jpg,18,134.0
wgd_71_19,128.0,0.61,"{""Answer"":""128"",""Confidence"":""0.61""}",,71.jpg,19,134.0
wgd_71_20,128.0,0.73,"{""Answer"":""128"",""Confidence"":""0.73""}",,71.jpg,20,134.0
wgd_72_01,150.0,0.06,"{""Answer"":""150"",""Confidence"":""0.06""}",,72.jpg,1,177.0
wgd_72_02,150.0,0.18,"{""Answer"":""150"",""Confidence"":""0.18""}",,72.jpg,2,177.0
wgd_72_03,145.0,0.16,"{""Answer"":""145"",""Confidence"":""0.16""}",,72.jpg,3,177.0
wgd_72_04,150.0,0.22,"{""Answer"":""150"",""Confidence"":""0.22""}",,72.jpg,4,177.0
wgd_72_05,145.0,0.34,"{""Answer"":""145"",""Confidence"":""0.34""}",,72.jpg,5,177.0
wgd_72_06,145.0,0.22,"{""Answer"":""145"",""Confidence"":""0.22""}",,72.jpg,6,177.0
wgd_72_07,145.0,0.42,"{""Answer"":""145"",""Confidence"":""0.42""}",,72.jpg,7,177.0
wgd_72_08,145.0,0.43,"{""Answer"":""145"",""Confidence"":""0.43""}",,72.jpg,8,177.0
wgd_72_09,145.0,0.62,"{""Answer"":""145"",""Confidence"":""0.62""}",,72.jpg,9,177.0
wgd_72_10,145.0,0.56,"{""Answer"":""145"",""Confidence"":""0.56""}",,72.jpg,10,177.0
wgd_72_11,145.0,0.47,"{""Answer"":""145"",""Confidence"":""0.47""}",,72.jpg,11,177.0
wgd_72_12,145.0,0.63,"{""Answer"":""145"",""Confidence"":""0.63""}",,72.jpg,12,177.0
wgd_72_13,145.0,0.54,"{""Answer"":""145"",""Confidence"":""0.54""}",,72.jpg,13,177.0
wgd_72_14,155.0,0.62,"{""Answer"":""155"",""Confidence"":""0.62""}",,72.jpg,14,177.0
wgd_72_15,145.0,0.62,"{""Answer"":""145"",""Confidence"":""0.62""}",,72.jpg,15,177.0
wgd_72_16,150.0,0.62,"{""Answer"":""150"",""Confidence"":""0.62""}",,72.jpg,16,177.0
wgd_72_17,155.0,0.62,"{""Answer"":""155"",""Confidence"":""0.62""}",,72.jpg,17,177.0
wgd_72_18,145.0,0.63,"{""Answer"":""145"",""Confidence"":""0.63""}",,72.jpg,18,177.0
wgd_72_19,145.0,0.55,"{""Answer"":""145"",""Confidence"":""0.55""}",,72.jpg,19,177.0
wgd_72_20,150.0,0.74,"{""Answer"":""150"",""Confidence"":""0.74""}",,72.jpg,20,177.0
wgd_73_01,145.0,0.08,"{""Answer"":""145"",""Confidence"":""0.08""}",,73.jpg,1,138.0
wgd_73_02,145.0,0.18,"{""Answer"":""145"",""Confidence"":""0.18""}",,73.jpg,2,138.0
wgd_73_03,145.0,0.24,"{""Answer"":""145"",""Confidence"":""0.24""}",,73.jpg,3,138.0
wgd_73_04,145.0,0.23,"{""Answer"":""145"",""Confidence"":""0.23""}",,73.jpg,4,138.0
wgd_73_05,145.0,0.54,"{""Answer"":""145"",""Confidence"":""0.54""}",,73.jpg,5,138.0
wgd_73_06,145.0,0.48,"{""Answer"":""145"",""Confidence"":""0.48""}",,73.jpg,6,138.0
wgd_73_07,145.0,0.68,"{""Answer"":""145"",""Confidence"":""0.68""}",,73.jpg,7,138.0
wgd_73_08,150.0,0.62,"{""Answer"":""150"",""Confidence"":""0.62""}",,73.jpg,8,138.0
wgd_73_09,148.0,0.67,"{""Answer"":""148"",""Confidence"":""0.67""}",,73.jpg,9,138.0
wgd_73_10,145.0,0.42,"{""Answer"":""145"",""Confidence"":""0.42""}",,73.jpg,10,138.0
wgd_73_11,145.0,0.63,"{""Answer"":""145"",""Confidence"":""0.63""}",,73.jpg,11,138.0
wgd_73_12,155.0,0.63,"{""Answer"":""155"",""Confidence"":""0.63""}",,73.jpg,12,138.0
wgd_73_13,145.0,0.62,"{""Answer"":""145"",""Confidence"":""0.62""}",,73.jpg,13,138.0
wgd_73_14,145.0,0.62,"{""Answer"":""145"",""Confidence"":""0.62""}",,73.jpg,14,138.0
wgd_73_15,145.0,0.63,"{""Answer"":""145"",""Confidence"":""0.63""}",,73.jpg,15,138.0
wgd_73_16,150.0,0.72,"{""Answer"":""150"",""Confidence"":""0.72""}",,73.jpg,16,138.0
wgd_73_17,150.0,0.54,"{""Answer"":""150"",""Confidence"":""0.54""}",,73.jpg,17,138.0
wgd_73_18,145.0,0.63,"{""Answer"":""145"",""Confidence"":""0.63""}",,73.jpg,18,138.0
wgd_73_19,145.0,0.74,"{""Answer"":""145"",""Confidence"":""0.74""}",,73.jpg,19,138.0
wgd_73_20,145.0,0.72,"{""Answer"":""145"",""Confidence"":""0.72""}",,73.jpg,20,138.0
wgd_74_01,145.0,0.18,"{""Answer"":""145"",""Confidence"":""0.18""}",,74.jpg,1,118.0
wgd_74_02,145.0,0.18,"{""Answer"":""145"",""Confidence"":""0.18""}",,74.jpg,2,118.0
wgd_74_03,145.0,0.22,"{""Answer"":""145"",""Confidence"":""0.22""}",,74.jpg,3,118.0
wgd_74_04,140.0,0.21,"{""Answer"":""140"",""Confidence"":""0.21""}",,74.jpg,4,118.0
wgd_74_05,145.0,0.45,"{""Answer"":""145"",""Confidence"":""0.45""}",,74.jpg,5,118.0
wgd_74_06,145.0,0.34,"{""Answer"":""145"",""Confidence"":""0.34""}",,74.jpg,6,118.0
wgd_74_07,145.0,0.34,"{""Answer"":""145"",""Confidence"":""0.34""}",,74.jpg,7,118.0
wgd_74_08,145.0,0.34,"{""Answer"":""145"",""Confidence"":""0.34""}",,74.jpg,8,118.0
wgd_74_09,145.0,0.41,"{""Answer"":""145"",""Confidence"":""0.41""}",,74.jpg,9,118.0
wgd_74_10,145.0,0.45,"{""Answer"":""145"",""Confidence"":""0.45""}",,74.jpg,10,118.0
wgd_74_11,145.0,0.52,"{""Answer"":""145"",""Confidence"":""0.52""}",,74.jpg,11,118.0
wgd_74_12,145.0,0.68,"{""Answer"":""145"",""Confidence"":""0.68""}",,74.jpg,12,118.0
wgd_74_13,145.0,0.58,"{""Answer"":""145"",""Confidence"":""0.58""}",,74.jpg,13,118.0
wgd_74_14,145.0,0.58,"{""Answer"":""145"",""Confidence"":""0.58""}",,74.jpg,14,118.0
wgd_74_15,145.0,0.62,"{""Answer"":""145"",""Confidence"":""0.62""}",,74.jpg,15,118.0
wgd_74_16,140.0,0.63,"{""Answer"":""140"",""Confidence"":""0.63""}",,74.jpg,16,118.0
wgd_74_17,145.0,0.58,"{""Answer"":""145"",""Confidence"":""0.58""}",,74.jpg,17,118.0
wgd_74_18,150.0,0.48,"{""Answer"":""150"",""Confidence"":""0.48""}",,74.jpg,18,118.0
wgd_74_19,145.0,0.62,"{""Answer"":""145"",""Confidence"":""0.62""}",,74.jpg,19,118.0
wgd_74_20,145.0,0.57,"{""Answer"":""145"",""Confidence"":""0.57""}",,74.jpg,20,118.0
wgd_75_01,110.0,0.12,"{""Answer"":""110"",""Confidence"":""0.12""}",,75.jpg,1,99.0
wgd_75_02,118.0,0.22,"{""Answer"":""118"",""Confidence"":""0.22""}",,75.jpg,2,99.0
wgd_75_03,112.0,0.33,"{""Answer"":""112"",""Confidence"":""0.33""}",,75.jpg,3,99.0
wgd_75_04,120.0,0.42,"{""Answer"":""120"",""Confidence"":""0.42""}",,75.jpg,4,99.0
wgd_75_05,112.0,0.41,"{""Answer"":""112"",""Confidence"":""0.41""}",,75.jpg,5,99.0
wgd_75_06,105.0,0.31,"{""Answer"":""105"",""Confidence"":""0.31""}",,75.jpg,6,99.0
wgd_75_07,112.0,0.54,"{""Answer"":""112"",""Confidence"":""0.54""}",,75.jpg,7,99.0
wgd_75_08,110.0,0.46,"{""Answer"":""110"",""Confidence"":""0.46""}",,75.jpg,8,99.0
wgd_75_09,112.0,0.54,"{""Answer"":""112"",""Confidence"":""0.54""}",,75.jpg,9,99.0
wgd_75_10,108.0,0.38,"{""Answer"":""108"",""Confidence"":""0.38""}",,75.jpg,10,99.0
wgd_75_11,110.0,0.34,"{""Answer"":""110"",""Confidence"":""0.34""}",,75.jpg,11,99.0
wgd_75_12,118.0,0.41,"{""Answer"":""118"",""Confidence"":""0.41""}",,75.jpg,12,99.0
wgd_75_13,115.0,0.62,"{""Answer"":""115"",""Confidence"":""0.62""}",,75.jpg,13,99.0
wgd_75_14,108.0,0.61,"{""Answer"":""108"",""Confidence"":""0.61""}",,75.jpg,14,99.0
wgd_75_15,115.0,0.42,"{""Answer"":""115"",""Confidence"":""0.42""}",,75.jpg,15,99.0
wgd_75_16,112.0,0.52,"{""Answer"":""112"",""Confidence"":""0.52""}",,75.jpg,16,99.0
wgd_75_17,112.0,0.61,"{""Answer"":""112"",""Confidence"":""0.61""}",,75.jpg,17,99.0
wgd_75_18,118.0,0.58,"{""Answer"":""118"",""Confidence"":""0.58""}",,75.jpg,18,99.0
wgd_75_19,110.0,0.46,"{""Answer"":""110"",""Confidence"":""0.46""}",,75.jpg,19,99.0
wgd_75_20,112.0,0.67,"{""Answer"":""112"",""Confidence"":""0.67""}",,75.jpg,20,99.0
wgd_100_01,165.0,0.18,"{""Answer"":""165"",""Confidence"":""0.18""}",,100.jpg,1,177.0
wgd_100_02,165.0,0.18,"{""Answer"":""165"",""Confidence"":""0.18""}",,100.jpg,2,177.0
wgd_100_03,165.0,0.18,"{""Answer"":""165"",""Confidence"":""0.18""}",,100.jpg,3,177.0
wgd_100_04,165.0,0.34,"{""Answer"":""165"",""Confidence"":""0.34""}",,100.jpg,4,177.0
wgd_100_05,165.0,0.24,"{""Answer"":""165"",""Confidence"":""0.24""}",,100.jpg,5,177.0
wgd_100_06,165.0,0.32,"{""Answer"":""165"",""Confidence"":""0.32""}",,100.jpg,6,177.0
wgd_100_07,168.0,0.34,"{""Answer"":""168"",""Confidence"":""0.34""}",,100.jpg,7,177.0
wgd_100_08,165.0,0.39,"{""Answer"":""165"",""Confidence"":""0.39""}",,100.jpg,8,177.0
wgd_100_09,168.0,0.38,"{""Answer"":""168"",""Confidence"":""0.38""}",,100.jpg,9,177.0
wgd_100_10,165.0,0.52,"{""Answer"":""165"",""Confidence"":""0.52""}",,100.jpg,10,177.0
wgd_100_11,165.0,0.42,"{""Answer"":""165"",""Confidence"":""0.42""}",,100.jpg,11,177.0
wgd_100_12,165.0,0.43,"{""Answer"":""165"",""Confidence"":""0.43""}",,100.jpg,12,177.0
wgd_100_13,165.0,0.54,"{""Answer"":""165"",""Confidence"":""0.54""}",,100.jpg,13,177.0
wgd_100_14,165.0,0.62,"{""Answer"":""165"",""Confidence"":""0.62""}",,100.jpg,14,177.0
wgd_100_15,165.0,0.58,"{""Answer"":""165"",""Confidence"":""0.58""}",,100.jpg,15,177.0
wgd_100_16,160.0,0.46,"{""Answer"":""160"",""Confidence"":""0.46""}",,100.jpg,16,177.0
wgd_100_17,165.0,0.63,"{""Answer"":""165"",""Confidence"":""0.63""}",,100.jpg,17,177.0
wgd_100_18,165.0,0.67,"{""Answer"":""165"",""Confidence"":""0.67""}",,100.jpg,18,177.0
wgd_100_19,168.0,0.46,"{""Answer"":""168"",""Confidence"":""0.46""}",,100.jpg,19,177.0
wgd_100_20,165.0,0.63,"{""Answer"":""165"",""Confidence"":""0.63""}",,100.jpg,20,177.0
wgd_101_01,145.0,0.18,"{""Answer"":""145"",""Confidence"":""0.18""}",,101.jpg,1,137.4
wgd_101_02,145.0,0.21,"{""Answer"":""145"",""Confidence"":""0.21""}",,101.jpg,2,137.4
wgd_101_03,145.0,0.32,"{""Answer"":""145"",""Confidence"":""0.32""}",,101.jpg,3,137.4
wgd_101_04,145.0,0.34,"{""Answer"":""145"",""Confidence"":""0.34""}",,101.jpg,4,137.4
wgd_101_05,145.0,0.28,"{""Answer"":""145"",""Confidence"":""0.28""}",,101.jpg,5,137.4
wgd_101_06,140.0,0.52,"{""Answer"":""140"",""Confidence"":""0.52""}",,101.jpg,6,137.4
wgd_101_07,145.0,0.63,"{""Answer"":""145"",""Confidence"":""0.63""}",,101.jpg,7,137.4
wgd_101_08,145.0,0.56,"{""Answer"":""145"",""Confidence"":""0.56""}",,101.jpg,8,137.4
wgd_101_09,145.0,0.55,"{""Answer"":""145"",""Confidence"":""0.55""}",,101.jpg,9,137.4
wgd_101_10,145.0,0.42,"{""Answer"":""145"",""Confidence"":""0.42""}",,101.jpg,10,137.4
wgd_101_11,145.0,0.64,"{""Answer"":""145"",""Confidence"":""0.64""}",,101.jpg,11,137.4
wgd_101_12,145.0,0.62,"{""Answer"":""145"",""Confidence"":""0.62""}",,101.jpg,12,137.4
wgd_101_13,145.0,0.71,"{""Answer"":""145"",""Confidence"":""0.71""}",,101.jpg,13,137.4
wgd_101_14,145.0,0.63,"{""Answer"":""145"",""Confidence"":""0.63""}",,101.jpg,14,137.4
wgd_101_15,145.0,0.62,"{""Answer"":""145"",""Confidence"":""0.62""}",,101.jpg,15,137.4
wgd_101_16,142.0,0.63,"{""Answer"":""142"",""Confidence"":""0.63""}",,101.jpg,16,137.4
wgd_101_17,145.0,0.62,"{""Answer"":""145"",""Confidence"":""0.62""}",,101.jpg,17,137.4
wgd_101_18,145.0,0.63,"{""Answer"":""145"",""Confidence"":""0.63""}",,101.jpg,18,137.4
wgd_101_19,145.0,0.62,"{""Answer"":""145"",""Confidence"":""0.62""}",,101.jpg,19,137.4
wgd_101_20,145.0,0.56,"{""Answer"":""145"",""Confidence"":""0.56""}",,101.jpg,20,137.4
wgd_102_01,165.0,0.08,"{""Answer"":""165"",""Confidence"":""0.08""}",,102.jpg,1,152.4
wgd_102_02,170.0,0.18,"{""Answer"":""170"",""Confidence"":""0.18""}",,102.jpg,2,152.4
wgd_102_03,165.0,0.52,"{""Answer"":""165"",""Confidence"":""0.52""}",,102.jpg,3,152.4
wgd_102_04,168.0,0.34,"{""Answer"":""168"",""Confidence"":""0.34""}",,102.jpg,4,152.4
wgd_102_05,175.0,0.42,"{""Answer"":""175"",""Confidence"":""0.42""}",,102.jpg,5,152.4
wgd_102_06,165.0,0.32,"{""Answer"":""165"",""Confidence"":""0.32""}",,102.jpg,6,152.4
wgd_102_07,165.0,0.48,"{""Answer"":""165"",""Confidence"":""0.48""}",,102.jpg,7,152.4
wgd_102_08,165.0,0.52,"{""Answer"":""165"",""Confidence"":""0.52""}",,102.jpg,8,152.4
wgd_102_09,165.0,0.63,"{""Answer"":""165"",""Confidence"":""0.63""}",,102.jpg,9,152.4
wgd_102_10,165.0,0.62,"{""Answer"":""165"",""Confidence"":""0.62""}",,102.jpg,10,152.4
wgd_102_11,165.0,0.58,"{""Answer"":""165"",""Confidence"":""0.58""}",,102.jpg,11,152.4
wgd_102_12,165.0,0.63,"{""Answer"":""165"",""Confidence"":""0.63""}",,102.jpg,12,152.4
wgd_102_13,170.0,0.63,"{""Answer"":""170"",""Confidence"":""0.63""}",,102.jpg,13,152.4
wgd_102_14,165.0,0.62,"{""Answer"":""165"",""Confidence"":""0.62""}",,102.jpg,14,152.4
wgd_102_15,170.0,0.62,"{""Answer"":""170"",""Confidence"":""0.62""}",,102.jpg,15,152.4
wgd_102_16,165.0,0.68,"{""Answer"":""165"",""Confidence"":""0.68""}",,102.jpg,16,152.4
wgd_102_17,165.0,0.58,"{""Answer"":""165"",""Confidence"":""0.58""}",,102.jpg,17,152.4
wgd_102_18,165.0,0.72,"{""Answer"":""165"",""Confidence"":""0.72""}",,102.jpg,18,152.4
wgd_102_19,170.0,0.62,"{""Answer"":""170"",""Confidence"":""0.62""}",,102.jpg,19,152.4
wgd_102_20,175.0,0.62,"{""Answer"":""175"",""Confidence"":""0.62""}",,102.jpg,20,152.4
wgd_103_01,145.0,0.03,"{""Answer"":""145"",""Confidence"":""0.03""}",,103.jpg,1,122.4
wgd_103_02,145.0,0.18,"{""Answer"":""145"",""Confidence"":""0.18""}",,103.jpg,2,122.4
wgd_103_03,150.0,0.24,"{""Answer"":""150"",""Confidence"":""0.24""}",,103.jpg,3,122.4
wgd_103_04,145.0,0.52,"{""Answer"":""145"",""Confidence"":""0.52""}",,103.jpg,4,122.4
wgd_103_05,150.0,0.62,"{""Answer"":""150"",""Confidence"":""0.62""}",,103.jpg,5,122.4
wgd_103_06,145.0,0.42,"{""Answer"":""145"",""Confidence"":""0.42""}",,103.jpg,6,122.4
wgd_103_07,150.0,0.52,"{""Answer"":""150"",""Confidence"":""0.52""}",,103.jpg,7,122.4
wgd_103_08,145.0,0.63,"{""Answer"":""145"",""Confidence"":""0.63""}",,103.jpg,8,122.4
wgd_103_09,150.0,0.58,"{""Answer"":""150"",""Confidence"":""0.58""}",,103.jpg,9,122.4
wgd_103_10,145.0,0.56,"{""Answer"":""145"",""Confidence"":""0.56""}",,103.jpg,10,122.4
wgd_103_11,145.0,0.62,"{""Answer"":""145"",""Confidence"":""0.62""}",,103.jpg,11,122.4
wgd_103_12,155.0,0.41,"{""Answer"":""155"",""Confidence"":""0.41""}",,103.jpg,12,122.4
wgd_103_13,150.0,0.62,"{""Answer"":""150"",""Confidence"":""0.62""}",,103.jpg,13,122.4
wgd_103_14,155.0,0.55,"{""Answer"":""155"",""Confidence"":""0.55""}",,103.jpg,14,122.4
wgd_103_15,145.0,0.63,"{""Answer"":""145"",""Confidence"":""0.63""}",,103.jpg,15,122.4
wgd_103_16,150.0,0.62,"{""Answer"":""150"",""Confidence"":""0.62""}",,103.jpg,16,122.4
wgd_103_17,155.0,0.44,"{""Answer"":""155"",""Confidence"":""0.44""}",,103.jpg,17,122.4
wgd_103_18,150.0,0.67,"{""Answer"":""150"",""Confidence"":""0.67""}",,103.jpg,18,122.4
wgd_103_19,145.0,0.66,"{""Answer"":""145"",""Confidence"":""0.66""}",,103.jpg,19,122.4
wgd_103_20,150.0,0.62,"{""Answer"":""150"",""Confidence"":""0.62""}",,103.jpg,20,122.4
wgd_104_01,165.0,0.18,"{""Answer"":""165"",""Confidence"":""0.18""}",,104.jpg,1,182.6
wgd_104_02,155.0,0.21,"{""Answer"":""155"",""Confidence"":""0.21""}",,104.jpg,2,182.6
wgd_104_03,175.0,0.42,"{""Answer"":""175"",""Confidence"":""0.42""}",,104.jpg,3,182.6
wgd_104_04,155.0,0.32,"{""Answer"":""155"",""Confidence"":""0.32""}",,104.jpg,4,182.6
wgd_104_05,165.0,0.38,"{""Answer"":""165"",""Confidence"":""0.38""}",,104.jpg,5,182.6
wgd_104_06,175.0,0.55,"{""Answer"":""175"",""Confidence"":""0.55""}",,104.jpg,6,182.6
wgd_104_07,155.0,0.31,"{""Answer"":""155"",""Confidence"":""0.31""}",,104.jpg,7,182.6
wgd_104_08,165.0,0.41,"{""Answer"":""165"",""Confidence"":""0.41""}",,104.jpg,8,182.6
wgd_104_09,155.0,0.62,"{""Answer"":""155"",""Confidence"":""0.62""}",,104.jpg,9,182.6
wgd_104_10,160.0,0.68,"{""Answer"":""160"",""Confidence"":""0.68""}",,104.jpg,10,182.6
wgd_104_11,165.0,0.62,"{""Answer"":""165"",""Confidence"":""0.62""}",,104.jpg,11,182.6
wgd_104_12,165.0,0.72,"{""Answer"":""165"",""Confidence"":""0.72""}",,104.jpg,12,182.6
wgd_104_13,170.0,0.58,"{""Answer"":""170"",""Confidence"":""0.58""}",,104.jpg,13,182.6
wgd_104_14,165.0,0.56,"{""Answer"":""165"",""Confidence"":""0.56""}",,104.jpg,14,182.6
wgd_104_15,170.0,0.63,"{""Answer"":""170"",""Confidence"":""0.63""}",,104.jpg,15,182.6
wgd_104_16,160.0,0.62,"{""Answer"":""160"",""Confidence"":""0.62""}",,104.jpg,16,182.6
wgd_104_17,160.0,0.54,"{""Answer"":""160"",""Confidence"":""0.54""}",,104.jpg,17,182.6
wgd_104_18,170.0,0.72,"{""Answer"":""170"",""Confidence"":""0.72""}",,104.jpg,18,182.6
wgd_104_19,165.0,0.62,"{""Answer"":""165"",""Confidence"":""0.62""}",,104.jpg,19,182.6
wgd_104_20,160.0,0.72,"{""Answer"":""160"",""Confidence"":""0.72""}",,104.jpg,20,182.6
wgd_105_01,175.0,0.08,"{""Answer"":""175"",""Confidence"":""0.08""}",,105.jpg,1,161.6
wgd_105_02,165.0,0.18,"{""Answer"":""165"",""Confidence"":""0.18""}",,105.jpg,2,161.6
wgd_105_03,175.0,0.21,"{""Answer"":""175"",""Confidence"":""0.21""}",,105.jpg,3,161.6
wgd_105_04,168.0,0.38,"{""Answer"":""168"",""Confidence"":""0.38""}",,105.jpg,4,161.6
wgd_105_05,165.0,0.46,"{""Answer"":""165"",""Confidence"":""0.46""}",,105.jpg,5,161.6
wgd_105_06,165.0,0.42,"{""Answer"":""165"",""Confidence"":""0.42""}",,105.jpg,6,161.6
wgd_105_07,165.0,0.42,"{""Answer"":""165"",""Confidence"":""0.42""}",,105.jpg,7,161.6
wgd_105_08,160.0,0.56,"{""Answer"":""160"",""Confidence"":""0.56""}",,105.jpg,8,161.6
wgd_105_09,168.0,0.34,"{""Answer"":""168"",""Confidence"":""0.34""}",,105.jpg,9,161.6
wgd_105_10,165.0,0.72,"{""Answer"":""165"",""Confidence"":""0.72""}",,105.jpg,10,161.6
wgd_105_11,170.0,0.62,"{""Answer"":""170"",""Confidence"":""0.62""}",,105.jpg,11,161.6
wgd_105_12,160.0,0.78,"{""Answer"":""160"",""Confidence"":""0.78""}",,105.jpg,12,161.6
wgd_105_13,175.0,0.62,"{""Answer"":""175"",""Confidence"":""0.62""}",,105.jpg,13,161.6
wgd_105_14,172.0,0.61,"{""Answer"":""172"",""Confidence"":""0.61""}",,105.jpg,14,161.6
wgd_105_15,165.0,0.62,"{""Answer"":""165"",""Confidence"":""0.62""}",,105.jpg,15,161.6
wgd_105_16,170.0,0.62,"{""Answer"":""170"",""Confidence"":""0.62""}",,105.jpg,16,161.6
wgd_105_17,165.0,0.63,"{""Answer"":""165"",""Confidence"":""0.63""}",,105.jpg,17,161.6
wgd_105_18,165.0,0.62,"{""Answer"":""165"",""Confidence"":""0.62""}",,105.jpg,18,161.6
wgd_105_19,165.0,0.67,"{""Answer"":""165"",""Confidence"":""0.67""}",,105.jpg,19,161.6
wgd_105_20,175.0,0.62,"{""Answer"":""175"",""Confidence"":""0.62""}",,105.jpg,20,161.6
wgd_106_01,145.0,0.08,"{""Answer"":""145"",""Confidence"":""0.08""}",,106.jpg,1,173.0
wgd_106_02,140.0,0.18,"{""Answer"":""140"",""Confidence"":""0.18""}",,106.jpg,2,173.0
wgd_106_03,145.0,0.32,"{""Answer"":""145"",""Confidence"":""0.32""}",,106.jpg,3,173.0
wgd_106_04,145.0,0.32,"{""Answer"":""145"",""Confidence"":""0.32""}",,106.jpg,4,173.0
wgd_106_05,145.0,0.52,"{""Answer"":""145"",""Confidence"":""0.52""}",,106.jpg,5,173.0
wgd_106_06,145.0,0.42,"{""Answer"":""145"",""Confidence"":""0.42""}",,106.jpg,6,173.0
wgd_106_07,145.0,0.58,"{""Answer"":""145"",""Confidence"":""0.58""}",,106.jpg,7,173.0
wgd_106_08,145.0,0.42,"{""Answer"":""145"",""Confidence"":""0.42""}",,106.jpg,8,173.0
wgd_106_09,145.0,0.62,"{""Answer"":""145"",""Confidence"":""0.62""}",,106.jpg,9,173.0
wgd_106_10,145.0,0.62,"{""Answer"":""145"",""Confidence"":""0.62""}",,106.jpg,10,173.0
wgd_106_11,145.0,0.52,"{""Answer"":""145"",""Confidence"":""0.52""}",,106.jpg,11,173.0
wgd_106_12,145.0,0.62,"{""Answer"":""145"",""Confidence"":""0.62""}",,106.jpg,12,173.0
wgd_106_13,145.0,0.71,"{""Answer"":""145"",""Confidence"":""0.71""}",,106.jpg,13,173.0
wgd_106_14,145.0,0.64,"{""Answer"":""145"",""Confidence"":""0.64""}",,106.jpg,14,173.0
wgd_106_15,145.0,0.63,"{""Answer"":""145"",""Confidence"":""0.63""}",,106.jpg,15,173.0
wgd_106_16,140.0,0.61,"{""Answer"":""140"",""Confidence"":""0.61""}",,106.jpg,16,173.0
wgd_106_17,145.0,0.62,"{""Answer"":""145"",""Confidence"":""0.62""}",,106.jpg,17,173.0
wgd_106_18,150.0,0.62,"{""Answer"":""150"",""Confidence"":""0.62""}",,106.jpg,18,173.0
wgd_106_19,145.0,0.58,"{""Answer"":""145"",""Confidence"":""0.58""}",,106.jpg,19,173.0
wgd_106_20,145.0,0.77,"{""Answer"":""145"",""Confidence"":""0.77""}",,106.jpg,20,173.0
wgd_107_01,135.0,0.06,"{""Answer"":""135"",""Confidence"":""0.06""}",,107.jpg,1,135.6
wgd_107_02,145.0,0.18,"{""Answer"":""145"",""Confidence"":""0.18""}",,107.jpg,2,135.6
wgd_107_03,145.0,0.33,"{""Answer"":""145"",""Confidence"":""0.33""}",,107.jpg,3,135.6
wgd_107_04,135.0,0.32,"{""Answer"":""135"",""Confidence"":""0.32""}",,107.jpg,4,135.6
wgd_107_05,145.0,0.34,"{""Answer"":""145"",""Confidence"":""0.34""}",,107.jpg,5,135.6
wgd_107_06,145.0,0.48,"{""Answer"":""145"",""Confidence"":""0.48""}",,107.jpg,6,135.6
wgd_107_07,140.0,0.41,"{""Answer"":""140"",""Confidence"":""0.41""}",,107.jpg,7,135.6
wgd_107_08,145.0,0.42,"{""Answer"":""145"",""Confidence"":""0.42""}",,107.jpg,8,135.6
wgd_107_09,145.0,0.43,"{""Answer"":""145"",""Confidence"":""0.43""}",,107.jpg,9,135.6
wgd_107_10,145.0,0.62,"{""Answer"":""145"",""Confidence"":""0.62""}",,107.jpg,10,135.6
wgd_107_11,138.0,0.52,"{""Answer"":""138"",""Confidence"":""0.52""}",,107.jpg,11,135.6
wgd_107_12,135.0,0.42,"{""Answer"":""135"",""Confidence"":""0.42""}",,107.jpg,12,135.6
wgd_107_13,140.0,0.46,"{""Answer"":""140"",""Confidence"":""0.46""}",,107.jpg,13,135.6
wgd_107_14,140.0,0.53,"{""Answer"":""140"",""Confidence"":""0.53""}",,107.jpg,14,135.6
wgd_107_15,145.0,0.64,"{""Answer"":""145"",""Confidence"":""0.64""}",,107.jpg,15,135.6
wgd_107_16,145.0,0.72,"{""Answer"":""145"",""Confidence"":""0.72""}",,107.jpg,16,135.6
wgd_107_17,145.0,0.54,"{""Answer"":""145"",""Confidence"":""0.54""}",,107.jpg,17,135.6
wgd_107_18,145.0,0.43,"{""Answer"":""145"",""Confidence"":""0.43""}",,107.jpg,18,135.6
wgd_107_19,135.0,0.63,"{""Answer"":""135"",""Confidence"":""0.63""}",,107.jpg,19,135.6
wgd_107_20,145.0,0.62,"{""Answer"":""145"",""Confidence"":""0.62""}",,107.jpg,20,135.6
wgd_108_01,125.0,0.12,"{""Answer"":""125"",""Confidence"":""0.12""}",,108.jpg,1,107.4
wgd_108_02,125.0,0.22,"{""Answer"":""125"",""Confidence"":""0.22""}",,108.jpg,2,107.4
wgd_108_03,128.0,0.19,"{""Answer"":""128"",""Confidence"":""0.19""}",,108.jpg,3,107.4
wgd_108_04,132.0,0.32,"{""Answer"":""132"",""Confidence"":""0.32""}",,108.jpg,4,107.4
wgd_108_05,125.0,0.24,"{""Answer"":""125"",""Confidence"":""0.24""}",,108.jpg,5,107.4
wgd_108_06,128.0,0.39,"{""Answer"":""128"",""Confidence"":""0.39""}",,108.jpg,6,107.4
wgd_108_07,128.0,0.54,"{""Answer"":""128"",""Confidence"":""0.54""}",,108.jpg,7,107.4
wgd_108_08,127.0,0.58,"{""Answer"":""127"",""Confidence"":""0.58""}",,108.jpg,8,107.4
wgd_108_09,128.0,0.42,"{""Answer"":""128"",""Confidence"":""0.42""}",,108.jpg,9,107.4
wgd_108_10,125.0,0.62,"{""Answer"":""125"",""Confidence"":""0.62""}",,108.jpg,10,107.4
wgd_108_11,128.0,0.42,"{""Answer"":""128"",""Confidence"":""0.42""}",,108.jpg,11,107.4
wgd_108_12,125.0,0.52,"{""Answer"":""125"",""Confidence"":""0.52""}",,108.jpg,12,107.4
wgd_108_13,125.0,0.62,"{""Answer"":""125"",""Confidence"":""0.62""}",,108.jpg,13,107.4
wgd_108_14,128.0,0.61,"{""Answer"":""128"",""Confidence"":""0.61""}",,108.jpg,14,107.4
wgd_108_15,125.0,0.63,"{""Answer"":""125"",""Confidence"":""0.63""}",,108.jpg,15,107.4
wgd_108_16,128.0,0.58,"{""Answer"":""128"",""Confidence"":""0.58""}",,108.jpg,16,107.4
wgd_108_17,132.0,0.56,"{""Answer"":""132"",""Confidence"":""0.56""}",,108.jpg,17,107.4
wgd_108_18,125.0,0.57,"{""Answer"":""125"",""Confidence"":""0.57""}",,108.jpg,18,107.4
wgd_108_19,130.0,0.67,"{""Answer"":""130"",""Confidence"":""0.67""}",,108.jpg,19,107.4
wgd_108_20,128.0,0.67,"{""Answer"":""128"",""Confidence"":""0.67""}",,108.jpg,20,107.4
wgd_109_01,135.0,0.03,"{""Answer"":""135"",""Confidence"":""0.03""}",,109.jpg,1,120.0
wgd_109_02,118.0,0.18,"{""Answer"":""118"",""Confidence"":""0.18""}",,109.jpg,2,120.0
wgd_109_03,128.0,0.22,"{""Answer"":""128"",""Confidence"":""0.22""}",,109.jpg,3,120.0
wgd_109_04,125.0,0.22,"{""Answer"":""125"",""Confidence"":""0.22""}",,109.jpg,4,120.0
wgd_109_05,125.0,0.32,"{""Answer"":""125"",""Confidence"":""0.32""}",,109.jpg,5,120.0
wgd_109_06,118.0,0.34,"{""Answer"":""118"",""Confidence"":""0.34""}",,109.jpg,6,120.0
wgd_109_07,120.0,0.28,"{""Answer"":""120"",""Confidence"":""0.28""}",,109.jpg,7,120.0
wgd_109_08,125.0,0.38,"{""Answer"":""125"",""Confidence"":""0.38""}",,109.jpg,8,120.0
wgd_109_09,125.0,0.34,"{""Answer"":""125"",""Confidence"":""0.34""}",,109.jpg,9,120.0
wgd_109_10,128.0,0.43,"{""Answer"":""128"",""Confidence"":""0.43""}",,109.jpg,10,120.0
wgd_109_11,125.0,0.34,"{""Answer"":""125"",""Confidence"":""0.34""}",,109.jpg,11,120.0
wgd_109_12,128.0,0.42,"{""Answer"":""128"",""Confidence"":""0.42""}",,109.jpg,12,120.0
wgd_109_13,125.0,0.52,"{""Answer"":""125"",""Confidence"":""0.52""}",,109.jpg,13,120.0
wgd_109_14,125.0,0.42,"{""Answer"":""125"",""Confidence"":""0.42""}",,109.jpg,14,120.0
wgd_109_15,120.0,0.41,"{""Answer"":""120"",""Confidence"":""0.41""}",,109.jpg,15,120.0
wgd_109_16,125.0,0.54,"{""Answer"":""125"",""Confidence"":""0.54""}",,109.jpg,16,120.0
wgd_109_17,128.0,0.36,"{""Answer"":""128"",""Confidence"":""0.36""}",,109.jpg,17,120.0
wgd_109_18,120.0,0.31,"{""Answer"":""120"",""Confidence"":""0.31""}",,109.jpg,18,120.0
wgd_109_19,128.0,0.42,"{""Answer"":""128"",""Confidence"":""0.42""}",,109.jpg,19,120.0
wgd_109_20,125.0,0.41,"{""Answer"":""125"",""Confidence"":""0.41""}",,109.jpg,20,120.0
wgd_110_01,128.0,0.04,"{""Answer"":""128"",""Confidence"":""0.04""}",,110.jpg,1,147.0
wgd_110_02,120.0,0.18,"{""Answer"":""120"",""Confidence"":""0.18""}",,110.jpg,2,147.0
wgd_110_03,128.0,0.18,"{""Answer"":""128"",""Confidence"":""0.18""}",,110.jpg,3,147.0
wgd_110_04,130.0,0.34,"{""Answer"":""130"",""Confidence"":""0.34""}",,110.jpg,4,147.0
wgd_110_05,120.0,0.28,"{""Answer"":""120"",""Confidence"":""0.28""}",,110.jpg,5,147.0
wgd_110_06,132.0,0.24,"{""Answer"":""132"",""Confidence"":""0.24""}",,110.jpg,6,147.0
wgd_110_07,135.0,0.27,"{""Answer"":""135"",""Confidence"":""0.27""}",,110.jpg,7,147.0
wgd_110_08,128.0,0.38,"{""Answer"":""128"",""Confidence"":""0.38""}",,110.jpg,8,147.0
wgd_110_09,118.0,0.34,"{""Answer"":""118"",""Confidence"":""0.34""}",,110.jpg,9,147.0
wgd_110_10,122.0,0.34,"{""Answer"":""122"",""Confidence"":""0.34""}",,110.jpg,10,147.0
wgd_110_11,128.0,0.41,"{""Answer"":""128"",""Confidence"":""0.41""}",,110.jpg,11,147.0
wgd_110_12,125.0,0.36,"{""Answer"":""125"",""Confidence"":""0.36""}",,110.jpg,12,147.0
wgd_110_13,128.0,0.42,"{""Answer"":""128"",""Confidence"":""0.42""}",,110.jpg,13,147.0
wgd_110_14,128.0,0.43,"{""Answer"":""128"",""Confidence"":""0.43""}",,110.jpg,14,147.0
wgd_110_15,128.0,0.41,"{""Answer"":""128"",""Confidence"":""0.41""}",,110.jpg,15,147.0
wgd_110_16,130.0,0.52,"{""Answer"":""130"",""Confidence"":""0.52""}",,110.jpg,16,147.0
wgd_110_17,128.0,0.38,"{""Answer"":""128"",""Confidence"":""0.38""}",,110.jpg,17,147.0
wgd_110_18,124.0,0.34,"{""Answer"":""124"",""Confidence"":""0.34""}",,110.jpg,18,147.0
wgd_110_19,125.0,0.55,"{""Answer"":""125"",""Confidence"":""0.55""}",,110.jpg,19,147.0
wgd_110_20,130.0,0.48,"{""Answer"":""130"",""Confidence"":""0.48""}",,110.jpg,20,147.0
wgd_111_01,165.0,0.05,"{""Answer"":""165"",""Confidence"":""0.05""}",,111.jpg,1,148.0
wgd_111_02,175.0,0.08,"{""Answer"":""175"",""Confidence"":""0.08""}",,111.jpg,2,148.0
wgd_111_03,175.0,0.18,"{""Answer"":""175"",""Confidence"":""0.18""}",,111.jpg,3,148.0
wgd_111_04,165.0,0.24,"{""Answer"":""165"",""Confidence"":""0.24""}",,111.jpg,4,148.0
wgd_111_05,175.0,0.28,"{""Answer"":""175"",""Confidence"":""0.28""}",,111.jpg,5,148.0
wgd_111_06,165.0,0.28,"{""Answer"":""165"",""Confidence"":""0.28""}",,111.jpg,6,148.0
wgd_111_07,165.0,0.31,"{""Answer"":""165"",""Confidence"":""0.31""}",,111.jpg,7,148.0
wgd_111_08,165.0,0.28,"{""Answer"":""165"",""Confidence"":""0.28""}",,111.jpg,8,148.0
wgd_111_09,165.0,0.27,"{""Answer"":""165"",""Confidence"":""0.27""}",,111.jpg,9,148.0
wgd_111_10,165.0,0.42,"{""Answer"":""165"",""Confidence"":""0.42""}",,111.jpg,10,148.0
wgd_111_11,165.0,0.34,"{""Answer"":""165"",""Confidence"":""0.34""}",,111.jpg,11,148.0
wgd_111_12,165.0,0.34,"{""Answer"":""165"",""Confidence"":""0.34""}",,111.jpg,12,148.0
wgd_111_13,175.0,0.34,"{""Answer"":""175"",""Confidence"":""0.34""}",,111.jpg,13,148.0
wgd_111_14,165.0,0.36,"{""Answer"":""165"",""Confidence"":""0.36""}",,111.jpg,14,148.0
wgd_111_15,170.0,0.42,"{""Answer"":""170"",""Confidence"":""0.42""}",,111.jpg,15,148.0
wgd_111_16,170.0,0.45,"{""Answer"":""170"",""Confidence"":""0.45""}",,111.jpg,16,148.0
wgd_111_17,165.0,0.46,"{""Answer"":""165"",""Confidence"":""0.46""}",,111.jpg,17,148.0
wgd_111_18,165.0,0.52,"{""Answer"":""165"",""Confidence"":""0.52""}",,111.jpg,18,148.0
wgd_111_19,165.0,0.56,"{""Answer"":""165"",""Confidence"":""0.56""}",,111.jpg,19,148.0
wgd_111_20,165.0,0.42,"{""Answer"":""165"",""Confidence"":""0.42""}",,111.jpg,20,148.0
wgd_112_01,145.0,0.12,"{""Answer"":""145"",""Confidence"":""0.12""}",,112.jpg,1,147.8
wgd_112_02,145.0,0.18,"{""Answer"":""145"",""Confidence"":""0.18""}",,112.jpg,2,147.8
wgd_112_03,145.0,0.24,"{""Answer"":""145"",""Confidence"":""0.24""}",,112.jpg,3,147.8
wgd_112_04,145.0,0.36,"{""Answer"":""145"",""Confidence"":""0.36""}",,112.jpg,4,147.8
wgd_112_05,145.0,0.62,"{""Answer"":""145"",""Confidence"":""0.62""}",,112.jpg,5,147.8
wgd_112_06,145.0,0.55,"{""Answer"":""145"",""Confidence"":""0.55""}",,112.jpg,6,147.8
wgd_112_07,145.0,0.42,"{""Answer"":""145"",""Confidence"":""0.42""}",,112.jpg,7,147.8
wgd_112_08,145.0,0.68,"{""Answer"":""145"",""Confidence"":""0.68""}",,112.jpg,8,147.8
wgd_112_09,145.0,0.55,"{""Answer"":""145"",""Confidence"":""0.55""}",,112.jpg,9,147.8
wgd_112_10,145.0,0.56,"{""Answer"":""145"",""Confidence"":""0.56""}",,112.jpg,10,147.8
wgd_112_11,150.0,0.62,"{""Answer"":""150"",""Confidence"":""0.62""}",,112.jpg,11,147.8
wgd_112_12,145.0,0.74,"{""Answer"":""145"",""Confidence"":""0.74""}",,112.jpg,12,147.8
wgd_112_13,145.0,0.62,"{""Answer"":""145"",""Confidence"":""0.62""}",,112.jpg,13,147.8
wgd_112_14,145.0,0.58,"{""Answer"":""145"",""Confidence"":""0.58""}",,112.jpg,14,147.8
wgd_112_15,150.0,0.7,"{""Answer"":""150"",""Confidence"":""0.70""}",,112.jpg,15,147.8
wgd_112_16,145.0,0.78,"{""Answer"":""145"",""Confidence"":""0.78""}",,112.jpg,16,147.8
wgd_112_17,150.0,0.66,"{""Answer"":""150"",""Confidence"":""0.66""}",,112.jpg,17,147.8
wgd_112_18,145.0,0.64,"{""Answer"":""145"",""Confidence"":""0.64""}",,112.jpg,18,147.8
wgd_112_19,150.0,0.74,"{""Answer"":""150"",""Confidence"":""0.74""}",,112.jpg,19,147.8
wgd_112_20,145.0,0.74,"{""Answer"":""145"",""Confidence"":""0.74""}",,112.jpg,20,147.8
wgd_114_01,110.0,0.03,"{""Answer"":""110"",""Confidence"":""0.03""}",,114.jpg,1,117.0
wgd_114_02,105.0,0.12,"{""Answer"":""105"",""Confidence"":""0.12""}",,114.jpg,2,117.0
wgd_114_03,108.0,0.24,"{""Answer"":""108"",""Confidence"":""0.24""}",,114.jpg,3,117.0
wgd_114_04,102.0,0.24,"{""Answer"":""102"",""Confidence"":""0.24""}",,114.jpg,4,117.0
wgd_114_05,115.0,0.28,"{""Answer"":""115"",""Confidence"":""0.28""}",,114.jpg,5,117.0
wgd_114_06,108.0,0.34,"{""Answer"":""108"",""Confidence"":""0.34""}",,114.jpg,6,117.0
wgd_114_07,108.0,0.42,"{""Answer"":""108"",""Confidence"":""0.42""}",,114.jpg,7,117.0
wgd_114_08,105.0,0.42,"{""Answer"":""105"",""Confidence"":""0.42""}",,114.jpg,8,117.0
wgd_114_09,108.0,0.46,"{""Answer"":""108"",""Confidence"":""0.46""}",,114.jpg,9,117.0
wgd_114_10,112.0,0.62,"{""Answer"":""112"",""Confidence"":""0.62""}",,114.jpg,10,117.0
wgd_114_11,112.0,0.42,"{""Answer"":""112"",""Confidence"":""0.42""}",,114.jpg,11,117.0
wgd_114_12,113.0,0.42,"{""Answer"":""113"",""Confidence"":""0.42""}",,114.jpg,12,117.0
wgd_114_13,105.0,0.62,"{""Answer"":""105"",""Confidence"":""0.62""}",,114.jpg,13,117.0
wgd_114_14,110.0,0.34,"{""Answer"":""110"",""Confidence"":""0.34""}",,114.jpg,14,117.0
wgd_114_15,112.0,0.55,"{""Answer"":""112"",""Confidence"":""0.55""}",,114.jpg,15,117.0
wgd_114_16,105.0,0.63,"{""Answer"":""105"",""Confidence"":""0.63""}",,114.jpg,16,117.0
wgd_114_17,112.0,0.46,"{""Answer"":""112"",""Confidence"":""0.46""}",,114.jpg,17,117.0
wgd_114_18,112.0,0.62,"{""Answer"":""112"",""Confidence"":""0.62""}",,114.jpg,18,117.0
wgd_114_19,115.0,0.61,"{""Answer"":""115"",""Confidence"":""0.61""}",,114.jpg,19,117.0
wgd_114_20,108.0,0.62,"{""Answer"":""108"",""Confidence"":""0.62""}",,114.jpg,20,117.0
wgd_115_01,125.0,0.08,"{""Answer"":""125"",""Confidence"":""0.08""}",,115.jpg,1,157.0
wgd_115_02,125.0,0.18,"{""Answer"":""125"",""Confidence"":""0.18""}",,115.jpg,2,157.0
wgd_115_03,125.0,0.18,"{""Answer"":""125"",""Confidence"":""0.18""}",,115.jpg,3,157.0
wgd_115_04,128.0,0.28,"{""Answer"":""128"",""Confidence"":""0.28""}",,115.jpg,4,157.0
wgd_115_05,120.0,0.24,"{""Answer"":""120"",""Confidence"":""0.24""}",,115.jpg,5,157.0
wgd_115_06,118.0,0.35,"{""Answer"":""118"",""Confidence"":""0.35""}",,115.jpg,6,157.0
wgd_115_07,128.0,0.44,"{""Answer"":""128"",""Confidence"":""0.44""}",,115.jpg,7,157.0
wgd_115_08,128.0,0.42,"{""Answer"":""128"",""Confidence"":""0.42""}",,115.jpg,8,157.0
wgd_115_09,123.0,0.46,"{""Answer"":""123"",""Confidence"":""0.46""}",,115.jpg,9,157.0
wgd_115_10,118.0,0.38,"{""Answer"":""118"",""Confidence"":""0.38""}",,115.jpg,10,157.0
wgd_115_11,120.0,0.43,"{""Answer"":""120"",""Confidence"":""0.43""}",,115.jpg,11,157.0
wgd_115_12,125.0,0.62,"{""Answer"":""125"",""Confidence"":""0.62""}",,115.jpg,12,157.0
wgd_115_13,122.0,0.58,"{""Answer"":""122"",""Confidence"":""0.58""}",,115.jpg,13,157.0
wgd_115_14,132.0,0.55,"{""Answer"":""132"",""Confidence"":""0.55""}",,115.jpg,14,157.0
wgd_115_15,115.0,0.44,"{""Answer"":""115"",""Confidence"":""0.44""}",,115.jpg,15,157.0
wgd_115_16,128.0,0.58,"{""Answer"":""128"",""Confidence"":""0.58""}",,115.jpg,16,157.0
wgd_115_17,118.0,0.54,"{""Answer"":""118"",""Confidence"":""0.54""}",,115.jpg,17,157.0
wgd_115_18,128.0,0.62,"{""Answer"":""128"",""Confidence"":""0.62""}",,115.jpg,18,157.0
wgd_115_19,125.0,0.52,"{""Answer"":""125"",""Confidence"":""0.52""}",,115.jpg,19,157.0
wgd_115_20,125.0,0.42,"{""Answer"":""125"",""Confidence"":""0.42""}",,115.jpg,20,157.0
wgd_116_01,118.0,0.12,"{""Answer"":""118"",""Confidence"":""0.12""}",,116.jpg,1,122.0
wgd_116_02,118.0,0.18,"{""Answer"":""118"",""Confidence"":""0.18""}",,116.jpg,2,122.0
wgd_116_03,125.0,0.37,"{""Answer"":""125"",""Confidence"":""0.37""}",,116.jpg,3,122.0
wgd_116_04,120.0,0.41,"{""Answer"":""120"",""Confidence"":""0.41""}",,116.jpg,4,122.0
wgd_116_05,120.0,0.28,"{""Answer"":""120"",""Confidence"":""0.28""}",,116.jpg,5,122.0
wgd_116_06,120.0,0.34,"{""Answer"":""120"",""Confidence"":""0.34""}",,116.jpg,6,122.0
wgd_116_07,124.0,0.34,"{""Answer"":""124"",""Confidence"":""0.34""}",,116.jpg,7,122.0
wgd_116_08,118.0,0.34,"{""Answer"":""118"",""Confidence"":""0.34""}",,116.jpg,8,122.0
wgd_116_09,120.0,0.42,"{""Answer"":""120"",""Confidence"":""0.42""}",,116.jpg,9,122.0
wgd_116_10,125.0,0.42,"{""Answer"":""125"",""Confidence"":""0.42""}",,116.jpg,10,122.0
wgd_116_11,118.0,0.52,"{""Answer"":""118"",""Confidence"":""0.52""}",,116.jpg,11,122.0
wgd_116_12,120.0,0.62,"{""Answer"":""120"",""Confidence"":""0.62""}",,116.jpg,12,122.0
wgd_116_13,120.0,0.55,"{""Answer"":""120"",""Confidence"":""0.55""}",,116.jpg,13,122.0
wgd_116_14,120.0,0.62,"{""Answer"":""120"",""Confidence"":""0.62""}",,116.jpg,14,122.0
wgd_116_15,120.0,0.55,"{""Answer"":""120"",""Confidence"":""0.55""}",,116.jpg,15,122.0
wgd_116_16,128.0,0.63,"{""Answer"":""128"",""Confidence"":""0.63""}",,116.jpg,16,122.0
wgd_116_17,120.0,0.54,"{""Answer"":""120"",""Confidence"":""0.54""}",,116.jpg,17,122.0
wgd_116_18,120.0,0.52,"{""Answer"":""120"",""Confidence"":""0.52""}",,116.jpg,18,122.0
wgd_116_19,120.0,0.63,"{""Answer"":""120"",""Confidence"":""0.63""}",,116.jpg,19,122.0
wgd_116_20,118.0,0.52,"{""Answer"":""118"",""Confidence"":""0.52""}",,116.jpg,20,122.0
wgd_117_01,145.0,0.18,"{""Answer"":""145"",""Confidence"":""0.18""}",,117.jpg,1,178.0
wgd_117_02,145.0,0.22,"{""Answer"":""145"",""Confidence"":""0.22""}",,117.jpg,2,178.0
wgd_117_03,140.0,0.21,"{""Answer"":""140"",""Confidence"":""0.21""}",,117.jpg,3,178.0
wgd_117_04,145.0,0.42,"{""Answer"":""145"",""Confidence"":""0.42""}",,117.jpg,4,178.0
wgd_117_05,150.0,0.28,"{""Answer"":""150"",""Confidence"":""0.28""}",,117.jpg,5,178.0
wgd_117_06,145.0,0.42,"{""Answer"":""145"",""Confidence"":""0.42""}",,117.jpg,6,178.0
wgd_117_07,145.0,0.56,"{""Answer"":""145"",""Confidence"":""0.56""}",,117.jpg,7,178.0
wgd_117_08,145.0,0.62,"{""Answer"":""145"",""Confidence"":""0.62""}",,117.jpg,8,178.0
wgd_117_09,145.0,0.42,"{""Answer"":""145"",""Confidence"":""0.42""}",,117.jpg,9,178.0
wgd_117_10,140.0,0.74,"{""Answer"":""140"",""Confidence"":""0.74""}",,117.jpg,10,178.0
wgd_117_11,145.0,0.61,"{""Answer"":""145"",""Confidence"":""0.61""}",,117.jpg,11,178.0
wgd_117_12,145.0,0.56,"{""Answer"":""145"",""Confidence"":""0.56""}",,117.jpg,12,178.0
wgd_117_13,145.0,0.57,"{""Answer"":""145"",""Confidence"":""0.57""}",,117.jpg,13,178.0
wgd_117_14,145.0,0.54,"{""Answer"":""145"",""Confidence"":""0.54""}",,117.jpg,14,178.0
wgd_117_15,145.0,0.62,"{""Answer"":""145"",""Confidence"":""0.62""}",,117.jpg,15,178.0
wgd_117_16,145.0,0.62,"{""Answer"":""145"",""Confidence"":""0.62""}",,117.jpg,16,178.0
wgd_117_17,145.0,0.56,"{""Answer"":""145"",""Confidence"":""0.56""}",,117.jpg,17,178.0
wgd_117_18,145.0,0.62,"{""Answer"":""145"",""Confidence"":""0.62""}",,117.jpg,18,178.0
wgd_117_19,145.0,0.62,"{""Answer"":""145"",""Confidence"":""0.62""}",,117.jpg,19,178.0
wgd_117_20,145.0,0.63,"{""Answer"":""145"",""Confidence"":""0.63""}",,117.jpg,20,178.0
wgd_118_01,150.0,0.18,"{""Answer"":""150"",""Confidence"":""0.18""}",,118.jpg,1,153.0
wgd_118_02,155.0,0.18,"{""Answer"":""155"",""Confidence"":""0.18""}",,118.jpg,2,153.0
wgd_118_03,150.0,0.22,"{""Answer"":""150"",""Confidence"":""0.22""}",,118.jpg,3,153.0
wgd_118_04,155.0,0.32,"{""Answer"":""155"",""Confidence"":""0.32""}",,118.jpg,4,153.0
wgd_118_05,145.0,0.34,"{""Answer"":""145"",""Confidence"":""0.34""}",,118.jpg,5,153.0
wgd_118_06,150.0,0.34,"{""Answer"":""150"",""Confidence"":""0.34""}",,118.jpg,6,153.0
wgd_118_07,150.0,0.38,"{""Answer"":""150"",""Confidence"":""0.38""}",,118.jpg,7,153.0
wgd_118_08,155.0,0.34,"{""Answer"":""155"",""Confidence"":""0.34""}",,118.jpg,8,153.0
wgd_118_09,150.0,0.43,"{""Answer"":""150"",""Confidence"":""0.43""}",,118.jpg,9,153.0
wgd_118_10,155.0,0.54,"{""Answer"":""155"",""Confidence"":""0.54""}",,118.jpg,10,153.0
wgd_118_11,150.0,0.55,"{""Answer"":""150"",""Confidence"":""0.55""}",,118.jpg,11,153.0
wgd_118_12,155.0,0.54,"{""Answer"":""155"",""Confidence"":""0.54""}",,118.jpg,12,153.0
wgd_118_13,145.0,0.57,"{""Answer"":""145"",""Confidence"":""0.57""}",,118.jpg,13,153.0
wgd_118_14,150.0,0.44,"{""Answer"":""150"",""Confidence"":""0.44""}",,118.jpg,14,153.0
wgd_118_15,150.0,0.66,"{""Answer"":""150"",""Confidence"":""0.66""}",,118.jpg,15,153.0
wgd_118_16,155.0,0.48,"{""Answer"":""155"",""Confidence"":""0.48""}",,118.jpg,16,153.0
wgd_118_17,150.0,0.61,"{""Answer"":""150"",""Confidence"":""0.61""}",,118.jpg,17,153.0
wgd_118_18,150.0,0.58,"{""Answer"":""150"",""Confidence"":""0.58""}",,118.jpg,18,153.0
wgd_118_19,150.0,0.62,"{""Answer"":""150"",""Confidence"":""0.62""}",,118.jpg,19,153.0
wgd_118_20,150.0,0.62,"{""Answer"":""150"",""Confidence"":""0.62""}",,118.jpg,20,153.0
wgd_119_01,155.0,0.06,"{""Answer"":""155"",""Confidence"":""0.06""}",,119.jpg,1,144.0
wgd_119_02,165.0,0.18,"{""Answer"":""165"",""Confidence"":""0.18""}",,119.jpg,2,144.0
wgd_119_03,165.0,0.22,"{""Answer"":""165"",""Confidence"":""0.22""}",,119.jpg,3,144.0
wgd_119_04,165.0,0.34,"{""Answer"":""165"",""Confidence"":""0.34""}",,119.jpg,4,144.0
wgd_119_05,165.0,0.34,"{""Answer"":""165"",""Confidence"":""0.34""}",,119.jpg,5,144.0
wgd_119_06,160.0,0.42,"{""Answer"":""160"",""Confidence"":""0.42""}",,119.jpg,6,144.0
wgd_119_07,165.0,0.34,"{""Answer"":""165"",""Confidence"":""0.34""}",,119.jpg,7,144.0
wgd_119_08,165.0,0.41,"{""Answer"":""165"",""Confidence"":""0.41""}",,119.jpg,8,144.0
wgd_119_09,165.0,0.62,"{""Answer"":""165"",""Confidence"":""0.62""}",,119.jpg,9,144.0
wgd_119_10,165.0,0.53,"{""Answer"":""165"",""Confidence"":""0.53""}",,119.jpg,10,144.0
wgd_119_11,165.0,0.62,"{""Answer"":""165"",""Confidence"":""0.62""}",,119.jpg,11,144.0
wgd_119_12,165.0,0.58,"{""Answer"":""165"",""Confidence"":""0.58""}",,119.jpg,12,144.0
wgd_119_13,150.0,0.63,"{""Answer"":""150"",""Confidence"":""0.63""}",,119.jpg,13,144.0
wgd_119_14,165.0,0.72,"{""Answer"":""165"",""Confidence"":""0.72""}",,119.jpg,14,144.0
wgd_119_15,165.0,0.54,"{""Answer"":""165"",""Confidence"":""0.54""}",,119.jpg,15,144.0
wgd_119_16,165.0,0.61,"{""Answer"":""165"",""Confidence"":""0.61""}",,119.jpg,16,144.0
wgd_119_17,160.0,0.58,"{""Answer"":""160"",""Confidence"":""0.58""}",,119.jpg,17,144.0
wgd_119_18,168.0,0.63,"{""Answer"":""168"",""Confidence"":""0.63""}",,119.jpg,18,144.0
wgd_119_19,175.0,0.61,"{""Answer"":""175"",""Confidence"":""0.61""}",,119.jpg,19,144.0
wgd_119_20,165.0,0.62,"{""Answer"":""165"",""Confidence"":""0.62""}",,119.jpg,20,144.0
wgd_120_01,145.0,0.07,"{""Answer"":""145"",""Confidence"":""0.07""}",,120.jpg,1,144.0
wgd_120_02,145.0,0.24,"{""Answer"":""145"",""Confidence"":""0.24""}",,120.jpg,2,144.0
wgd_120_03,145.0,0.34,"{""Answer"":""145"",""Confidence"":""0.34""}",,120.jpg,3,144.0
wgd_120_04,145.0,0.32,"{""Answer"":""145"",""Confidence"":""0.32""}",,120.jpg,4,144.0
wgd_120_05,145.0,0.47,"{""Answer"":""145"",""Confidence"":""0.47""}",,120.jpg,5,144.0
wgd_120_06,145.0,0.46,"{""Answer"":""145"",""Confidence"":""0.46""}",,120.jpg,6,144.0
wgd_120_07,145.0,0.42,"{""Answer"":""145"",""Confidence"":""0.42""}",,120.jpg,7,144.0
wgd_120_08,145.0,0.41,"{""Answer"":""145"",""Confidence"":""0.41""}",,120.jpg,8,144.0
wgd_120_09,148.0,0.58,"{""Answer"":""148"",""Confidence"":""0.58""}",,120.jpg,9,144.0
wgd_120_10,145.0,0.62,"{""Answer"":""145"",""Confidence"":""0.62""}",,120.jpg,10,144.0
wgd_120_11,145.0,0.61,"{""Answer"":""145"",""Confidence"":""0.61""}",,120.jpg,11,144.0
wgd_120_12,145.0,0.63,"{""Answer"":""145"",""Confidence"":""0.63""}",,120.jpg,12,144.0
wgd_120_13,145.0,0.64,"{""Answer"":""145"",""Confidence"":""0.64""}",,120.jpg,13,144.0
wgd_120_14,145.0,0.61,"{""Answer"":""145"",""Confidence"":""0.61""}",,120.jpg,14,144.0
wgd_120_15,145.0,0.62,"{""Answer"":""145"",""Confidence"":""0.62""}",,120.jpg,15,144.0
wgd_120_16,145.0,0.62,"{""Answer"":""145"",""Confidence"":""0.62""}",,120.jpg,16,144.0
wgd_120_17,145.0,0.56,"{""Answer"":""145"",""Confidence"":""0.56""}",,120.jpg,17,144.0
wgd_120_18,145.0,0.62,"{""Answer"":""145"",""Confidence"":""0.62""}",,120.jpg,18,144.0
wgd_120_19,145.0,0.63,"{""Answer"":""145"",""Confidence"":""0.63""}",,120.jpg,19,144.0
wgd_120_20,140.0,0.71,"{""Answer"":""140"",""Confidence"":""0.71""}",,120.jpg,20,144.0
wgd_121_01,150.0,0.03,"{""Answer"":""150"",""Confidence"":""0.03""}",,121.jpg,1,173.0
wgd_121_02,155.0,0.14,"{""Answer"":""155"",""Confidence"":""0.14""}",,121.jpg,2,173.0
wgd_121_03,150.0,0.24,"{""Answer"":""150"",""Confidence"":""0.24""}",,121.jpg,3,173.0
wgd_121_04,150.0,0.18,"{""Answer"":""150"",""Confidence"":""0.18""}",,121.jpg,4,173.0
wgd_121_05,165.0,0.42,"{""Answer"":""165"",""Confidence"":""0.42""}",,121.jpg,5,173.0
wgd_121_06,155.0,0.31,"{""Answer"":""155"",""Confidence"":""0.31""}",,121.jpg,6,173.0
wgd_121_07,155.0,0.43,"{""Answer"":""155"",""Confidence"":""0.43""}",,121.jpg,7,173.0
wgd_121_08,155.0,0.42,"{""Answer"":""155"",""Confidence"":""0.42""}",,121.jpg,8,173.0
wgd_121_09,155.0,0.44,"{""Answer"":""155"",""Confidence"":""0.44""}",,121.jpg,9,173.0
wgd_121_10,155.0,0.42,"{""Answer"":""155"",""Confidence"":""0.42""}",,121.jpg,10,173.0
wgd_121_11,155.0,0.42,"{""Answer"":""155"",""Confidence"":""0.42""}",,121.jpg,11,173.0
wgd_121_12,165.0,0.36,"{""Answer"":""165"",""Confidence"":""0.36""}",,121.jpg,12,173.0
wgd_121_13,155.0,0.46,"{""Answer"":""155"",""Confidence"":""0.46""}",,121.jpg,13,173.0
wgd_121_14,155.0,0.34,"{""Answer"":""155"",""Confidence"":""0.34""}",,121.jpg,14,173.0
wgd_121_15,155.0,0.41,"{""Answer"":""155"",""Confidence"":""0.41""}",,121.jpg,15,173.0
wgd_121_16,150.0,0.46,"{""Answer"":""150"",""Confidence"":""0.46""}",,121.jpg,16,173.0
wgd_121_17,165.0,0.44,"{""Answer"":""165"",""Confidence"":""0.44""}",,121.jpg,17,173.0
wgd_121_18,155.0,0.55,"{""Answer"":""155"",""Confidence"":""0.55""}",,121.jpg,18,173.0
wgd_121_19,165.0,0.52,"{""Answer"":""165"",""Confidence"":""0.52""}",,121.jpg,19,173.0
wgd_121_20,150.0,0.54,"{""Answer"":""150"",""Confidence"":""0.54""}",,121.jpg,20,173.0
wgd_122_01,176.0,0.07,"{""Answer"":""176"",""Confidence"":""0.07""}",,122.jpg,1,147.0
wgd_122_02,178.0,0.18,"{""Answer"":""178"",""Confidence"":""0.18""}",,122.jpg,2,147.0
wgd_122_03,176.0,0.34,"{""Answer"":""176"",""Confidence"":""0.34""}",,122.jpg,3,147.0
wgd_122_04,176.0,0.24,"{""Answer"":""176"",""Confidence"":""0.24""}",,122.jpg,4,147.0
wgd_122_05,180.0,0.43,"{""Answer"":""180"",""Confidence"":""0.43""}",,122.jpg,5,147.0
wgd_122_06,178.0,0.34,"{""Answer"":""178"",""Confidence"":""0.34""}",,122.jpg,6,147.0
wgd_122_07,175.0,0.26,"{""Answer"":""175"",""Confidence"":""0.26""}",,122.jpg,7,147.0
wgd_122_08,185.0,0.34,"{""Answer"":""185"",""Confidence"":""0.34""}",,122.jpg,8,147.0
wgd_122_09,175.0,0.42,"{""Answer"":""175"",""Confidence"":""0.42""}",,122.jpg,9,147.0
wgd_122_10,175.0,0.58,"{""Answer"":""175"",""Confidence"":""0.58""}",,122.jpg,10,147.0
wgd_122_11,182.0,0.52,"{""Answer"":""182"",""Confidence"":""0.52""}",,122.jpg,11,147.0
wgd_122_12,175.0,0.55,"{""Answer"":""175"",""Confidence"":""0.55""}",,122.jpg,12,147.0
wgd_122_13,165.0,0.63,"{""Answer"":""165"",""Confidence"":""0.63""}",,122.jpg,13,147.0
wgd_122_14,178.0,0.55,"{""Answer"":""178"",""Confidence"":""0.55""}",,122.jpg,14,147.0
wgd_122_15,180.0,0.63,"{""Answer"":""180"",""Confidence"":""0.63""}",,122.jpg,15,147.0
wgd_122_16,178.0,0.62,"{""Answer"":""178"",""Confidence"":""0.62""}",,122.jpg,16,147.0
wgd_122_17,180.0,0.58,"{""Answer"":""180"",""Confidence"":""0.58""}",,122.jpg,17,147.0
wgd_122_18,185.0,0.62,"{""Answer"":""185"",""Confidence"":""0.62""}",,122.jpg,18,147.0
wgd_122_19,178.0,0.64,"{""Answer"":""178"",""Confidence"":""0.64""}",,122.jpg,19,147.0
wgd_122_20,180.0,0.61,"{""Answer"":""180"",""Confidence"":""0.61""}",,122.jpg,20,147.0
wgd_123_01,118.0,0.06,"{""Answer"":""118"",""Confidence"":""0.06""}",,123.jpg,1,119.0
wgd_123_02,120.0,0.18,"{""Answer"":""120"",""Confidence"":""0.18""}",,123.jpg,2,119.0
wgd_123_03,112.0,0.18,"{""Answer"":""112"",""Confidence"":""0.18""}",,123.jpg,3,119.0
wgd_123_04,115.0,0.27,"{""Answer"":""115"",""Confidence"":""0.27""}",,123.jpg,4,119.0
wgd_123_05,112.0,0.22,"{""Answer"":""112"",""Confidence"":""0.22""}",,123.jpg,5,119.0
wgd_123_06,118.0,0.22,"{""Answer"":""118"",""Confidence"":""0.22""}",,123.jpg,6,119.0
wgd_123_07,118.0,0.37,"{""Answer"":""118"",""Confidence"":""0.37""}",,123.jpg,7,119.0
wgd_123_08,118.0,0.32,"{""Answer"":""118"",""Confidence"":""0.32""}",,123.jpg,8,119.0
wgd_123_09,112.0,0.28,"{""Answer"":""112"",""Confidence"":""0.28""}",,123.jpg,9,119.0
wgd_123_10,118.0,0.34,"{""Answer"":""118"",""Confidence"":""0.34""}",,123.jpg,10,119.0
wgd_123_11,110.0,0.42,"{""Answer"":""110"",""Confidence"":""0.42""}",,123.jpg,11,119.0
wgd_123_12,112.0,0.46,"{""Answer"":""112"",""Confidence"":""0.46""}",,123.jpg,12,119.0
wgd_123_13,122.0,0.34,"{""Answer"":""122"",""Confidence"":""0.34""}",,123.jpg,13,119.0
wgd_123_14,115.0,0.34,"{""Answer"":""115"",""Confidence"":""0.34""}",,123.jpg,14,119.0
wgd_123_15,110.0,0.52,"{""Answer"":""110"",""Confidence"":""0.52""}",,123.jpg,15,119.0
wgd_123_16,115.0,0.46,"{""Answer"":""115"",""Confidence"":""0.46""}",,123.jpg,16,119.0
wgd_123_17,115.0,0.46,"{""Answer"":""115"",""Confidence"":""0.46""}",,123.jpg,17,119.0
wgd_123_18,120.0,0.36,"{""Answer"":""120"",""Confidence"":""0.36""}",,123.jpg,18,119.0
wgd_123_19,118.0,0.42,"{""Answer"":""118"",""Confidence"":""0.42""}",,123.jpg,19,119.0
wgd_123_20,120.0,0.46,"{""Answer"":""120"",""Confidence"":""0.46""}",,123.jpg,20,119.0
wgd_124_01,155.0,0.18,"{""Answer"":""155"",""Confidence"":""0.18""}",,124.jpg,1,182.0
wgd_124_02,155.0,0.18,"{""Answer"":""155"",""Confidence"":""0.18""}",,124.jpg,2,182.0
wgd_124_03,165.0,0.22,"{""Answer"":""165"",""Confidence"":""0.22""}",,124.jpg,3,182.0
wgd_124_04,158.0,0.36,"{""Answer"":""158"",""Confidence"":""0.36""}",,124.jpg,4,182.0
wgd_124_05,155.0,0.64,"{""Answer"":""155"",""Confidence"":""0.64""}",,124.jpg,5,182.0
wgd_124_06,160.0,0.32,"{""Answer"":""160"",""Confidence"":""0.32""}",,124.jpg,6,182.0
wgd_124_07,155.0,0.62,"{""Answer"":""155"",""Confidence"":""0.62""}",,124.jpg,7,182.0
wgd_124_08,160.0,0.68,"{""Answer"":""160"",""Confidence"":""0.68""}",,124.jpg,8,182.0
wgd_124_09,162.0,0.62,"{""Answer"":""162"",""Confidence"":""0.62""}",,124.jpg,9,182.0
wgd_124_10,155.0,0.62,"{""Answer"":""155"",""Confidence"":""0.62""}",,124.jpg,10,182.0
wgd_124_11,145.0,0.54,"{""Answer"":""145"",""Confidence"":""0.54""}",,124.jpg,11,182.0
wgd_124_12,155.0,0.57,"{""Answer"":""155"",""Confidence"":""0.57""}",,124.jpg,12,182.0
wgd_124_13,160.0,0.74,"{""Answer"":""160"",""Confidence"":""0.74""}",,124.jpg,13,182.0
wgd_124_14,155.0,0.62,"{""Answer"":""155"",""Confidence"":""0.62""}",,124.jpg,14,182.0
wgd_124_15,165.0,0.62,"{""Answer"":""165"",""Confidence"":""0.62""}",,124.jpg,15,182.0
wgd_124_16,150.0,0.74,"{""Answer"":""150"",""Confidence"":""0.74""}",,124.jpg,16,182.0
wgd_124_17,165.0,0.66,"{""Answer"":""165"",""Confidence"":""0.66""}",,124.jpg,17,182.0
wgd_124_18,165.0,0.72,"{""Answer"":""165"",""Confidence"":""0.72""}",,124.jpg,18,182.0
wgd_124_19,155.0,0.62,"{""Answer"":""155"",""Confidence"":""0.62""}",,124.jpg,19,182.0
wgd_124_20,152.0,0.74,"{""Answer"":""152"",""Confidence"":""0.74""}",,124.jpg,20,182.0
wgd_125_01,145.0,0.12,"{""Answer"":""145"",""Confidence"":""0.12""}",,125.jpg,1,170.0
wgd_125_02,135.0,0.22,"{""Answer"":""135"",""Confidence"":""0.22""}",,125.jpg,2,170.0
wgd_125_03,145.0,0.34,"{""Answer"":""145"",""Confidence"":""0.34""}",,125.jpg,3,170.0
wgd_125_04,145.0,0.35,"{""Answer"":""145"",""Confidence"":""0.35""}",,125.jpg,4,170.0
wgd_125_05,145.0,0.58,"{""Answer"":""145"",""Confidence"":""0.58""}",,125.jpg,5,170.0
wgd_125_06,145.0,0.61,"{""Answer"":""145"",""Confidence"":""0.61""}",,125.jpg,6,170.0
wgd_125_07,140.0,0.46,"{""Answer"":""140"",""Confidence"":""0.46""}",,125.jpg,7,170.0
wgd_125_08,140.0,0.61,"{""Answer"":""140"",""Confidence"":""0.61""}",,125.jpg,8,170.0
wgd_125_09,145.0,0.63,"{""Answer"":""145"",""Confidence"":""0.63""}",,125.jpg,9,170.0
wgd_125_10,145.0,0.58,"{""Answer"":""145"",""Confidence"":""0.58""}",,125.jpg,10,170.0
wgd_125_11,142.0,0.63,"{""Answer"":""142"",""Confidence"":""0.63""}",,125.jpg,11,170.0
wgd_125_12,145.0,0.6,"{""Answer"":""145"",""Confidence"":""0.60""}",,125.jpg,12,170.0
wgd_125_13,145.0,0.62,"{""Answer"":""145"",""Confidence"":""0.62""}",,125.jpg,13,170.0
wgd_125_14,145.0,0.62,"{""Answer"":""145"",""Confidence"":""0.62""}",,125.jpg,14,170.0
wgd_125_15,145.0,0.55,"{""Answer"":""145"",""Confidence"":""0.55""}",,125.jpg,15,170.0
wgd_125_16,145.0,0.62,"{""Answer"":""145"",""Confidence"":""0.62""}",,125.jpg,16,170.0
wgd_125_17,145.0,0.62,"{""Answer"":""145"",""Confidence"":""0.62""}",,125.jpg,17,170.0
wgd_125_18,145.0,0.74,"{""Answer"":""145"",""Confidence"":""0.74""}",,125.jpg,18,170.0
wgd_125_19,145.0,0.56,"{""Answer"":""145"",""Confidence"":""0.56""}",,125.jpg,19,170.0
wgd_125_20,145.0,0.72,"{""Answer"":""145"",""Confidence"":""0.72""}",,125.jpg,20,170.0
wgd_126_01,140.0,0.18,"{""Answer"":""140"",""Confidence"":""0.18""}",,126.jpg,1,153.0
wgd_126_02,145.0,0.18,"{""Answer"":""145"",""Confidence"":""0.18""}",,126.jpg,2,153.0
wgd_126_03,145.0,0.18,"{""Answer"":""145"",""Confidence"":""0.18""}",,126.jpg,3,153.0
wgd_126_04,145.0,0.28,"{""Answer"":""145"",""Confidence"":""0.28""}",,126.jpg,4,153.0
wgd_126_05,145.0,0.28,"{""Answer"":""145"",""Confidence"":""0.28""}",,126.jpg,5,153.0
wgd_126_06,145.0,0.32,"{""Answer"":""145"",""Confidence"":""0.32""}",,126.jpg,6,153.0
wgd_126_07,150.0,0.34,"{""Answer"":""150"",""Confidence"":""0.34""}",,126.jpg,7,153.0
wgd_126_08,145.0,0.42,"{""Answer"":""145"",""Confidence"":""0.42""}",,126.jpg,8,153.0
wgd_126_09,145.0,0.42,"{""Answer"":""145"",""Confidence"":""0.42""}",,126.jpg,9,153.0
wgd_126_10,145.0,0.52,"{""Answer"":""145"",""Confidence"":""0.52""}",,126.jpg,10,153.0
wgd_126_11,145.0,0.36,"{""Answer"":""145"",""Confidence"":""0.36""}",,126.jpg,11,153.0
wgd_126_12,145.0,0.52,"{""Answer"":""145"",""Confidence"":""0.52""}",,126.jpg,12,153.0
wgd_126_13,145.0,0.48,"{""Answer"":""145"",""Confidence"":""0.48""}",,126.jpg,13,153.0
wgd_126_14,145.0,0.35,"{""Answer"":""145"",""Confidence"":""0.35""}",,126.jpg,14,153.0
wgd_126_15,145.0,0.56,"{""Answer"":""145"",""Confidence"":""0.56""}",,126.jpg,15,153.0
wgd_126_16,145.0,0.46,"{""Answer"":""145"",""Confidence"":""0.46""}",,126.jpg,16,153.0
wgd_126_17,145.0,0.56,"{""Answer"":""145"",""Confidence"":""0.56""}",,126.jpg,17,153.0
wgd_126_18,145.0,0.55,"{""Answer"":""145"",""Confidence"":""0.55""}",,126.jpg,18,153.0
wgd_126_19,145.0,0.62,"{""Answer"":""145"",""Confidence"":""0.62""}",,126.jpg,19,153.0
wgd_126_20,150.0,0.47,"{""Answer"":""150"",""Confidence"":""0.47""}",,126.jpg,20,153.0
wgd_127_01,145.0,0.03,"{""Answer"":""145"",""Confidence"":""0.03""}",,127.jpg,1,164.0
wgd_127_02,145.0,0.18,"{""Answer"":""145"",""Confidence"":""0.18""}",,127.jpg,2,164.0
wgd_127_03,145.0,0.23,"{""Answer"":""145"",""Confidence"":""0.23""}",,127.jpg,3,164.0
wgd_127_04,150.0,0.28,"{""Answer"":""150"",""Confidence"":""0.28""}",,127.jpg,4,164.0
wgd_127_05,145.0,0.32,"{""Answer"":""145"",""Confidence"":""0.32""}",,127.jpg,5,164.0
wgd_127_06,150.0,0.32,"{""Answer"":""150"",""Confidence"":""0.32""}",,127.jpg,6,164.0
wgd_127_07,150.0,0.34,"{""Answer"":""150"",""Confidence"":""0.34""}",,127.jpg,7,164.0
wgd_127_08,145.0,0.42,"{""Answer"":""145"",""Confidence"":""0.42""}",,127.jpg,8,164.0
wgd_127_09,150.0,0.46,"{""Answer"":""150"",""Confidence"":""0.46""}",,127.jpg,9,164.0
wgd_127_10,145.0,0.36,"{""Answer"":""145"",""Confidence"":""0.36""}",,127.jpg,10,164.0
wgd_127_11,145.0,0.63,"{""Answer"":""145"",""Confidence"":""0.63""}",,127.jpg,11,164.0
wgd_127_12,155.0,0.54,"{""Answer"":""155"",""Confidence"":""0.54""}",,127.jpg,12,164.0
wgd_127_13,145.0,0.46,"{""Answer"":""145"",""Confidence"":""0.46""}",,127.jpg,13,164.0
wgd_127_14,145.0,0.56,"{""Answer"":""145"",""Confidence"":""0.56""}",,127.jpg,14,164.0
wgd_127_15,150.0,0.52,"{""Answer"":""150"",""Confidence"":""0.52""}",,127.jpg,15,164.0
wgd_127_16,145.0,0.62,"{""Answer"":""145"",""Confidence"":""0.62""}",,127.jpg,16,164.0
wgd_127_17,145.0,0.6,"{""Answer"":""145"",""Confidence"":""0.60""}",,127.jpg,17,164.0
wgd_127_18,145.0,0.54,"{""Answer"":""145"",""Confidence"":""0.54""}",,127.jpg,18,164.0
wgd_127_19,155.0,0.44,"{""Answer"":""155"",""Confidence"":""0.44""}",,127.jpg,19,164.0
wgd_127_20,145.0,0.52,"{""Answer"":""145"",""Confidence"":""0.52""}",,127.jpg,20,164.0
wgd_128_01,145.0,0.12,"{""Answer"":""145"",""Confidence"":""0.12""}",,128.jpg,1,179.0
wgd_128_02,145.0,0.18,"{""Answer"":""145"",""Confidence"":""0.18""}",,128.jpg,2,179.0
wgd_128_03,145.0,0.28,"{""Answer"":""145"",""Confidence"":""0.28""}",,128.jpg,3,179.0
wgd_128_04,135.0,0.34,"{""Answer"":""135"",""Confidence"":""0.34""}",,128.jpg,4,179.0
wgd_128_05,140.0,0.28,"{""Answer"":""140"",""Confidence"":""0.28""}",,128.jpg,5,179.0
wgd_128_06,150.0,0.34,"{""Answer"":""150"",""Confidence"":""0.34""}",,128.jpg,6,179.0
wgd_128_07,145.0,0.28,"{""Answer"":""145"",""Confidence"":""0.28""}",,128.jpg,7,179.0
wgd_128_08,145.0,0.28,"{""Answer"":""145"",""Confidence"":""0.28""}",,128.jpg,8,179.0
wgd_128_09,145.0,0.41,"{""Answer"":""145"",""Confidence"":""0.41""}",,128.jpg,9,179.0
wgd_128_10,140.0,0.41,"{""Answer"":""140"",""Confidence"":""0.41""}",,128.jpg,10,179.0
wgd_128_11,145.0,0.34,"{""Answer"":""145"",""Confidence"":""0.34""}",,128.jpg,11,179.0
wgd_128_12,145.0,0.41,"{""Answer"":""145"",""Confidence"":""0.41""}",,128.jpg,12,179.0
wgd_128_13,135.0,0.42,"{""Answer"":""135"",""Confidence"":""0.42""}",,128.jpg,13,179.0
wgd_128_14,135.0,0.43,"{""Answer"":""135"",""Confidence"":""0.43""}",,128.jpg,14,179.0
wgd_128_15,145.0,0.36,"{""Answer"":""145"",""Confidence"":""0.36""}",,128.jpg,15,179.0
wgd_128_16,145.0,0.34,"{""Answer"":""145"",""Confidence"":""0.34""}",,128.jpg,16,179.0
wgd_128_17,140.0,0.46,"{""Answer"":""140"",""Confidence"":""0.46""}",,128.jpg,17,179.0
wgd_128_18,140.0,0.61,"{""Answer"":""140"",""Confidence"":""0.61""}",,128.jpg,18,179.0
wgd_128_19,135.0,0.41,"{""Answer"":""135"",""Confidence"":""0.41""}",,128.jpg,19,179.0
wgd_128_20,145.0,0.53,"{""Answer"":""145"",""Confidence"":""0.53""}",,128.jpg,20,179.0
wgd_129_01,155.0,0.12,"{""Answer"":""155"",""Confidence"":""0.12""}",,129.jpg,1,169.0
wgd_129_02,160.0,0.18,"{""Answer"":""160"",""Confidence"":""0.18""}",,129.jpg,2,169.0
wgd_129_03,165.0,0.34,"{""Answer"":""165"",""Confidence"":""0.34""}",,129.jpg,3,169.0
wgd_129_04,155.0,0.38,"{""Answer"":""155"",""Confidence"":""0.38""}",,129.jpg,4,169.0
wgd_129_05,155.0,0.34,"{""Answer"":""155"",""Confidence"":""0.34""}",,129.jpg,5,169.0
wgd_129_06,165.0,0.35,"{""Answer"":""165"",""Confidence"":""0.35""}",,129.jpg,6,169.0
wgd_129_07,155.0,0.44,"{""Answer"":""155"",""Confidence"":""0.44""}",,129.jpg,7,169.0
wgd_129_08,160.0,0.58,"{""Answer"":""160"",""Confidence"":""0.58""}",,129.jpg,8,169.0
wgd_129_09,155.0,0.45,"{""Answer"":""155"",""Confidence"":""0.45""}",,129.jpg,9,169.0
wgd_129_10,160.0,0.55,"{""Answer"":""160"",""Confidence"":""0.55""}",,129.jpg,10,169.0
wgd_129_11,155.0,0.48,"{""Answer"":""155"",""Confidence"":""0.48""}",,129.jpg,11,169.0
wgd_129_12,155.0,0.46,"{""Answer"":""155"",""Confidence"":""0.46""}",,129.jpg,12,169.0
wgd_129_13,165.0,0.62,"{""Answer"":""165"",""Confidence"":""0.62""}",,129.jpg,13,169.0
wgd_129_14,155.0,0.52,"{""Answer"":""155"",""Confidence"":""0.52""}",,129.jpg,14,169.0
wgd_129_15,155.0,0.54,"{""Answer"":""155"",""Confidence"":""0.54""}",,129.jpg,15,169.0
wgd_129_16,155.0,0.54,"{""Answer"":""155"",""Confidence"":""0.54""}",,129.jpg,16,169.0
wgd_129_17,155.0,0.53,"{""Answer"":""155"",""Confidence"":""0.53""}",,129.jpg,17,169.0
wgd_129_18,150.0,0.54,"{""Answer"":""150"",""Confidence"":""0.54""}",,129.jpg,18,169.0
wgd_129_19,155.0,0.54,"{""Answer"":""155"",""Confidence"":""0.54""}",,129.jpg,19,169.0
wgd_129_20,155.0,0.62,"{""Answer"":""155"",""Confidence"":""0.62""}",,129.jpg,20,169.0
wgd_130_01,135.0,0.18,"{""Answer"":""135"",""Confidence"":""0.18""}",,130.jpg,1,149.0
wgd_130_02,145.0,0.18,"{""Answer"":""145"",""Confidence"":""0.18""}",,130.jpg,2,149.0
wgd_130_03,145.0,0.32,"{""Answer"":""145"",""Confidence"":""0.32""}",,130.jpg,3,149.0
wgd_130_04,145.0,0.26,"{""Answer"":""145"",""Confidence"":""0.26""}",,130.jpg,4,149.0
wgd_130_05,145.0,0.34,"{""Answer"":""145"",""Confidence"":""0.34""}",,130.jpg,5,149.0
wgd_130_06,145.0,0.42,"{""Answer"":""145"",""Confidence"":""0.42""}",,130.jpg,6,149.0
wgd_130_07,145.0,0.34,"{""Answer"":""145"",""Confidence"":""0.34""}",,130.jpg,7,149.0
wgd_130_08,140.0,0.33,"{""Answer"":""140"",""Confidence"":""0.33""}",,130.jpg,8,149.0
wgd_130_09,145.0,0.62,"{""Answer"":""145"",""Confidence"":""0.62""}",,130.jpg,9,149.0
wgd_130_10,145.0,0.53,"{""Answer"":""145"",""Confidence"":""0.53""}",,130.jpg,10,149.0
wgd_130_11,145.0,0.63,"{""Answer"":""145"",""Confidence"":""0.63""}",,130.jpg,11,149.0
wgd_130_12,140.0,0.62,"{""Answer"":""140"",""Confidence"":""0.62""}",,130.jpg,12,149.0
wgd_130_13,145.0,0.62,"{""Answer"":""145"",""Confidence"":""0.62""}",,130.jpg,13,149.0
wgd_130_14,145.0,0.55,"{""Answer"":""145"",""Confidence"":""0.55""}",,130.jpg,14,149.0
wgd_130_15,145.0,0.62,"{""Answer"":""145"",""Confidence"":""0.62""}",,130.jpg,15,149.0
wgd_130_16,145.0,0.52,"{""Answer"":""145"",""Confidence"":""0.52""}",,130.jpg,16,149.0
wgd_130_17,145.0,0.63,"{""Answer"":""145"",""Confidence"":""0.63""}",,130.jpg,17,149.0
wgd_130_18,145.0,0.62,"{""Answer"":""145"",""Confidence"":""0.62""}",,130.jpg,18,149.0
wgd_130_19,145.0,0.58,"{""Answer"":""145"",""Confidence"":""0.58""}",,130.jpg,19,149.0
wgd_130_20,145.0,0.62,"{""Answer"":""145"",""Confidence"":""0.62""}",,130.jpg,20,149.0
wgd_131_01,120.0,0.06,"{""Answer"":""120"",""Confidence"":""0.06""}",,131.jpg,1,132.0
wgd_131_02,120.0,0.18,"{""Answer"":""120"",""Confidence"":""0.18""}",,131.jpg,2,132.0
wgd_131_03,118.0,0.18,"{""Answer"":""118"",""Confidence"":""0.18""}",,131.jpg,3,132.0
wgd_131_04,125.0,0.24,"{""Answer"":""125"",""Confidence"":""0.24""}",,131.jpg,4,132.0
wgd_131_05,120.0,0.21,"{""Answer"":""120"",""Confidence"":""0.21""}",,131.jpg,5,132.0
wgd_131_06,115.0,0.22,"{""Answer"":""115"",""Confidence"":""0.22""}",,131.jpg,6,132.0
wgd_131_07,112.0,0.28,"{""Answer"":""112"",""Confidence"":""0.28""}",,131.jpg,7,132.0
wgd_131_08,115.0,0.27,"{""Answer"":""115"",""Confidence"":""0.27""}",,131.jpg,8,132.0
wgd_131_09,120.0,0.38,"{""Answer"":""120"",""Confidence"":""0.38""}",,131.jpg,9,132.0
wgd_131_10,125.0,0.32,"{""Answer"":""125"",""Confidence"":""0.32""}",,131.jpg,10,132.0
wgd_131_11,120.0,0.58,"{""Answer"":""120"",""Confidence"":""0.58""}",,131.jpg,11,132.0
wgd_131_12,118.0,0.42,"{""Answer"":""118"",""Confidence"":""0.42""}",,131.jpg,12,132.0
wgd_131_13,115.0,0.34,"{""Answer"":""115"",""Confidence"":""0.34""}",,131.jpg,13,132.0
wgd_131_14,120.0,0.46,"{""Answer"":""120"",""Confidence"":""0.46""}",,131.jpg,14,132.0
wgd_131_15,125.0,0.52,"{""Answer"":""125"",""Confidence"":""0.52""}",,131.jpg,15,132.0
wgd_131_16,125.0,0.41,"{""Answer"":""125"",""Confidence"":""0.41""}",,131.jpg,16,132.0
wgd_131_17,115.0,0.41,"{""Answer"":""115"",""Confidence"":""0.41""}",,131.jpg,17,132.0
wgd_131_18,130.0,0.33,"{""Answer"":""130"",""Confidence"":""0.33""}",,131.jpg,18,132.0
wgd_131_19,120.0,0.42,"{""Answer"":""120"",""Confidence"":""0.42""}",,131.jpg,19,132.0
wgd_131_20,125.0,0.46,"{""Answer"":""125"",""Confidence"":""0.46""}",,131.jpg,20,132.0
wgd_132_01,132.0,0.08,"{""Answer"":""132"",""Confidence"":""0.08""}",,132.jpg,1,131.0
wgd_132_02,128.0,0.23,"{""Answer"":""128"",""Confidence"":""0.23""}",,132.jpg,2,131.0
wgd_132_03,123.0,0.34,"{""Answer"":""123"",""Confidence"":""0.34""}",,132.jpg,3,131.0
wgd_132_04,132.0,0.22,"{""Answer"":""132"",""Confidence"":""0.22""}",,132.jpg,4,131.0
wgd_132_05,125.0,0.34,"{""Answer"":""125"",""Confidence"":""0.34""}",,132.jpg,5,131.0
wgd_132_06,124.0,0.55,"{""Answer"":""124"",""Confidence"":""0.55""}",,132.jpg,6,131.0
wgd_132_07,130.0,0.36,"{""Answer"":""130"",""Confidence"":""0.36""}",,132.jpg,7,131.0
wgd_132_08,128.0,0.41,"{""Answer"":""128"",""Confidence"":""0.41""}",,132.jpg,8,131.0
wgd_132_09,135.0,0.49,"{""Answer"":""135"",""Confidence"":""0.49""}",,132.jpg,9,131.0
wgd_132_10,135.0,0.42,"{""Answer"":""135"",""Confidence"":""0.42""}",,132.jpg,10,131.0
wgd_132_11,135.0,0.48,"{""Answer"":""135"",""Confidence"":""0.48""}",,132.jpg,11,131.0
wgd_132_12,128.0,0.63,"{""Answer"":""128"",""Confidence"":""0.63""}",,132.jpg,12,131.0
wgd_132_13,138.0,0.55,"{""Answer"":""138"",""Confidence"":""0.55""}",,132.jpg,13,131.0
wgd_132_14,128.0,0.62,"{""Answer"":""128"",""Confidence"":""0.62""}",,132.jpg,14,131.0
wgd_132_15,130.0,0.62,"{""Answer"":""130"",""Confidence"":""0.62""}",,132.jpg,15,131.0
wgd_132_16,135.0,0.56,"{""Answer"":""135"",""Confidence"":""0.56""}",,132.jpg,16,131.0
wgd_132_17,128.0,0.56,"{""Answer"":""128"",""Confidence"":""0.56""}",,132.jpg,17,131.0
wgd_132_18,132.0,0.6,"{""Answer"":""132"",""Confidence"":""0.60""}",,132.jpg,18,131.0
wgd_132_19,128.0,0.62,"{""Answer"":""128"",""Confidence"":""0.62""}",,132.jpg,19,131.0
wgd_132_20,132.0,0.62,"{""Answer"":""132"",""Confidence"":""0.62""}",,132.jpg,20,131.0
wgd_133_01,160.0,0.08,"{""Answer"":""160"",""Confidence"":""0.08""}",,133.jpg,1,168.0
wgd_133_02,160.0,0.19,"{""Answer"":""160"",""Confidence"":""0.19""}",,133.jpg,2,168.0
wgd_133_03,155.0,0.18,"{""Answer"":""155"",""Confidence"":""0.18""}",,133.jpg,3,168.0
wgd_133_04,165.0,0.42,"{""Answer"":""165"",""Confidence"":""0.42""}",,133.jpg,4,168.0
wgd_133_05,165.0,0.36,"{""Answer"":""165"",""Confidence"":""0.36""}",,133.jpg,5,168.0
wgd_133_06,160.0,0.38,"{""Answer"":""160"",""Confidence"":""0.38""}",,133.jpg,6,168.0
wgd_133_07,165.0,0.34,"{""Answer"":""165"",""Confidence"":""0.34""}",,133.jpg,7,168.0
wgd_133_08,155.0,0.54,"{""Answer"":""155"",""Confidence"":""0.54""}",,133.jpg,8,168.0
wgd_133_09,165.0,0.62,"{""Answer"":""165"",""Confidence"":""0.62""}",,133.jpg,9,168.0
wgd_133_10,165.0,0.56,"{""Answer"":""165"",""Confidence"":""0.56""}",,133.jpg,10,168.0
wgd_133_11,155.0,0.72,"{""Answer"":""155"",""Confidence"":""0.72""}",,133.jpg,11,168.0
wgd_133_12,160.0,0.62,"{""Answer"":""160"",""Confidence"":""0.62""}",,133.jpg,12,168.0
wgd_133_13,155.0,0.62,"{""Answer"":""155"",""Confidence"":""0.62""}",,133.jpg,13,168.0
wgd_133_14,155.0,0.58,"{""Answer"":""155"",""Confidence"":""0.58""}",,133.jpg,14,168.0
wgd_133_15,160.0,0.62,"{""Answer"":""160"",""Confidence"":""0.62""}",,133.jpg,15,168.0
wgd_133_16,165.0,0.61,"{""Answer"":""165"",""Confidence"":""0.61""}",,133.jpg,16,168.0
wgd_133_17,165.0,0.62,"{""Answer"":""165"",""Confidence"":""0.62""}",,133.jpg,17,168.0
wgd_133_18,165.0,0.61,"{""Answer"":""165"",""Confidence"":""0.61""}",,133.jpg,18,168.0
wgd_133_19,165.0,0.72,"{""Answer"":""165"",""Confidence"":""0.72""}",,133.jpg,19,168.0
wgd_133_20,165.0,0.68,"{""Answer"":""165"",""Confidence"":""0.68""}",,133.jpg,20,168.0
wgd_134_01,165.0,0.12,"{""Answer"":""165"",""Confidence"":""0.12""}",,134.jpg,1,190.6
wgd_134_02,160.0,0.22,"{""Answer"":""160"",""Confidence"":""0.22""}",,134.jpg,2,190.6
wgd_134_03,160.0,0.23,"{""Answer"":""160"",""Confidence"":""0.23""}",,134.jpg,3,190.6
wgd_134_04,165.0,0.54,"{""Answer"":""165"",""Confidence"":""0.54""}",,134.jpg,4,190.6
wgd_134_05,165.0,0.42,"{""Answer"":""165"",""Confidence"":""0.42""}",,134.jpg,5,190.6
wgd_134_06,165.0,0.62,"{""Answer"":""165"",""Confidence"":""0.62""}",,134.jpg,6,190.6
wgd_134_07,165.0,0.62,"{""Answer"":""165"",""Confidence"":""0.62""}",,134.jpg,7,190.6
wgd_134_08,165.0,0.63,"{""Answer"":""165"",""Confidence"":""0.63""}",,134.jpg,8,190.6
wgd_134_09,165.0,0.62,"{""Answer"":""165"",""Confidence"":""0.62""}",,134.jpg,9,190.6
wgd_134_10,160.0,0.56,"{""Answer"":""160"",""Confidence"":""0.56""}",,134.jpg,10,190.6
wgd_134_11,165.0,0.45,"{""Answer"":""165"",""Confidence"":""0.45""}",,134.jpg,11,190.6
wgd_134_12,165.0,0.62,"{""Answer"":""165"",""Confidence"":""0.62""}",,134.jpg,12,190.6
wgd_134_13,170.0,0.62,"{""Answer"":""170"",""Confidence"":""0.62""}",,134.jpg,13,190.6
wgd_134_14,155.0,0.72,"{""Answer"":""155"",""Confidence"":""0.72""}",,134.jpg,14,190.6
wgd_134_15,165.0,0.62,"{""Answer"":""165"",""Confidence"":""0.62""}",,134.jpg,15,190.6
wgd_134_16,165.0,0.63,"{""Answer"":""165"",""Confidence"":""0.63""}",,134.jpg,16,190.6
wgd_134_17,165.0,0.52,"{""Answer"":""165"",""Confidence"":""0.52""}",,134.jpg,17,190.6
wgd_134_18,160.0,0.62,"{""Answer"":""160"",""Confidence"":""0.62""}",,134.jpg,18,190.6
wgd_134_19,155.0,0.54,"{""Answer"":""155"",""Confidence"":""0.54""}",,134.jpg,19,190.6
wgd_134_20,165.0,0.67,"{""Answer"":""165"",""Confidence"":""0.67""}",,134.jpg,20,190.6
wgd_135_01,145.0,0.12,"{""Answer"":""145"",""Confidence"":""0.12""}",,135.jpg,1,127.0
wgd_135_02,145.0,0.19,"{""Answer"":""145"",""Confidence"":""0.19""}",,135.jpg,2,127.0
wgd_135_03,145.0,0.34,"{""Answer"":""145"",""Confidence"":""0.34""}",,135.jpg,3,127.0
wgd_135_04,145.0,0.42,"{""Answer"":""145"",""Confidence"":""0.42""}",,135.jpg,4,127.0
wgd_135_05,145.0,0.42,"{""Answer"":""145"",""Confidence"":""0.42""}",,135.jpg,5,127.0
wgd_135_06,145.0,0.62,"{""Answer"":""145"",""Confidence"":""0.62""}",,135.jpg,6,127.0
wgd_135_07,145.0,0.45,"{""Answer"":""145"",""Confidence"":""0.45""}",,135.jpg,7,127.0
wgd_135_08,145.0,0.62,"{""Answer"":""145"",""Confidence"":""0.62""}",,135.jpg,8,127.0
wgd_135_09,145.0,0.62,"{""Answer"":""145"",""Confidence"":""0.62""}",,135.jpg,9,127.0
wgd_135_10,145.0,0.64,"{""Answer"":""145"",""Confidence"":""0.64""}",,135.jpg,10,127.0
wgd_135_11,145.0,0.62,"{""Answer"":""145"",""Confidence"":""0.62""}",,135.jpg,11,127.0
wgd_135_12,145.0,0.78,"{""Answer"":""145"",""Confidence"":""0.78""}",,135.jpg,12,127.0
wgd_135_13,145.0,0.62,"{""Answer"":""145"",""Confidence"":""0.62""}",,135.jpg,13,127.0
wgd_135_14,145.0,0.62,"{""Answer"":""145"",""Confidence"":""0.62""}",,135.jpg,14,127.0
wgd_135_15,145.0,0.62,"{""Answer"":""145"",""Confidence"":""0.62""}",,135.jpg,15,127.0
wgd_135_16,145.0,0.62,"{""Answer"":""145"",""Confidence"":""0.62""}",,135.jpg,16,127.0
wgd_135_17,145.0,0.67,"{""Answer"":""145"",""Confidence"":""0.67""}",,135.jpg,17,127.0
wgd_135_18,145.0,0.72,"{""Answer"":""145"",""Confidence"":""0.72""}",,135.jpg,18,127.0
wgd_135_19,145.0,0.74,"{""Answer"":""145"",""Confidence"":""0.74""}",,135.jpg,19,127.0
wgd_135_20,145.0,0.73,"{""Answer"":""145"",""Confidence"":""0.73""}",,135.jpg,20,127.0
wgd_136_01,118.0,0.12,"{""Answer"":""118"",""Confidence"":""0.12""}",,136.jpg,1,125.0
wgd_136_02,118.0,0.18,"{""Answer"":""118"",""Confidence"":""0.18""}",,136.jpg,2,125.0
wgd_136_03,118.0,0.22,"{""Answer"":""118"",""Confidence"":""0.22""}",,136.jpg,3,125.0
wgd_136_04,118.0,0.41,"{""Answer"":""118"",""Confidence"":""0.41""}",,136.jpg,4,125.0
wgd_136_05,120.0,0.56,"{""Answer"":""120"",""Confidence"":""0.56""}",,136.jpg,5,125.0
wgd_136_06,118.0,0.44,"{""Answer"":""118"",""Confidence"":""0.44""}",,136.jpg,6,125.0
wgd_136_07,118.0,0.41,"{""Answer"":""118"",""Confidence"":""0.41""}",,136.jpg,7,125.0
wgd_136_08,120.0,0.62,"{""Answer"":""120"",""Confidence"":""0.62""}",,136.jpg,8,125.0
wgd_136_09,118.0,0.62,"{""Answer"":""118"",""Confidence"":""0.62""}",,136.jpg,9,125.0
wgd_136_10,118.0,0.62,"{""Answer"":""118"",""Confidence"":""0.62""}",,136.jpg,10,125.0
wgd_136_11,112.0,0.61,"{""Answer"":""112"",""Confidence"":""0.61""}",,136.jpg,11,125.0
wgd_136_12,120.0,0.72,"{""Answer"":""120"",""Confidence"":""0.72""}",,136.jpg,12,125.0
wgd_136_13,118.0,0.72,"{""Answer"":""118"",""Confidence"":""0.72""}",,136.jpg,13,125.0
wgd_136_14,122.0,0.54,"{""Answer"":""122"",""Confidence"":""0.54""}",,136.jpg,14,125.0
wgd_136_15,120.0,0.74,"{""Answer"":""120"",""Confidence"":""0.74""}",,136.jpg,15,125.0
wgd_136_16,118.0,0.63,"{""Answer"":""118"",""Confidence"":""0.63""}",,136.jpg,16,125.0
wgd_136_17,115.0,0.72,"{""Answer"":""115"",""Confidence"":""0.72""}",,136.jpg,17,125.0
wgd_136_18,118.0,0.61,"{""Answer"":""118"",""Confidence"":""0.61""}",,136.jpg,18,125.0
wgd_136_19,122.0,0.54,"{""Answer"":""122"",""Confidence"":""0.54""}",,136.jpg,19,125.0
wgd_136_20,115.0,0.67,"{""Answer"":""115"",""Confidence"":""0.67""}",,136.jpg,20,125.0
wgd_137_01,165.0,0.18,"{""Answer"":""165"",""Confidence"":""0.18""}",,137.jpg,1,195.0
wgd_137_02,165.0,0.21,"{""Answer"":""165"",""Confidence"":""0.21""}",,137.jpg,2,195.0
wgd_137_03,165.0,0.34,"{""Answer"":""165"",""Confidence"":""0.34""}",,137.jpg,3,195.0
wgd_137_04,165.0,0.36,"{""Answer"":""165"",""Confidence"":""0.36""}",,137.jpg,4,195.0
wgd_137_05,165.0,0.62,"{""Answer"":""165"",""Confidence"":""0.62""}",,137.jpg,5,195.0
wgd_137_06,165.0,0.62,"{""Answer"":""165"",""Confidence"":""0.62""}",,137.jpg,6,195.0
wgd_137_07,165.0,0.44,"{""Answer"":""165"",""Confidence"":""0.44""}",,137.jpg,7,195.0
wgd_137_08,170.0,0.52,"{""Answer"":""170"",""Confidence"":""0.52""}",,137.jpg,8,195.0
wgd_137_09,170.0,0.62,"{""Answer"":""170"",""Confidence"":""0.62""}",,137.jpg,9,195.0
wgd_137_10,170.0,0.62,"{""Answer"":""170"",""Confidence"":""0.62""}",,137.jpg,10,195.0
wgd_137_11,165.0,0.58,"{""Answer"":""165"",""Confidence"":""0.58""}",,137.jpg,11,195.0
wgd_137_12,165.0,0.67,"{""Answer"":""165"",""Confidence"":""0.67""}",,137.jpg,12,195.0
wgd_137_13,165.0,0.71,"{""Answer"":""165"",""Confidence"":""0.71""}",,137.jpg,13,195.0
wgd_137_14,160.0,0.63,"{""Answer"":""160"",""Confidence"":""0.63""}",,137.jpg,14,195.0
wgd_137_15,160.0,0.56,"{""Answer"":""160"",""Confidence"":""0.56""}",,137.jpg,15,195.0
wgd_137_16,165.0,0.62,"{""Answer"":""165"",""Confidence"":""0.62""}",,137.jpg,16,195.0
wgd_137_17,160.0,0.61,"{""Answer"":""160"",""Confidence"":""0.61""}",,137.jpg,17,195.0
wgd_137_18,155.0,0.67,"{""Answer"":""155"",""Confidence"":""0.67""}",,137.jpg,18,195.0
wgd_137_19,165.0,0.72,"{""Answer"":""165"",""Confidence"":""0.72""}",,137.jpg,19,195.0
wgd_137_20,170.0,0.67,"{""Answer"":""170"",""Confidence"":""0.67""}",,137.jpg,20,195.0
wgd_138_01,125.0,0.07,"{""Answer"":""125"",""Confidence"":""0.07""}",,138.jpg,1,141.0
wgd_138_02,120.0,0.12,"{""Answer"":""120"",""Confidence"":""0.12""}",,138.jpg,2,141.0
wgd_138_03,125.0,0.28,"{""Answer"":""125"",""Confidence"":""0.28""}",,138.jpg,3,141.0
wgd_138_04,125.0,0.22,"{""Answer"":""125"",""Confidence"":""0.22""}",,138.jpg,4,141.0
wgd_138_05,125.0,0.37,"{""Answer"":""125"",""Confidence"":""0.37""}",,138.jpg,5,141.0
wgd_138_06,125.0,0.62,"{""Answer"":""125"",""Confidence"":""0.62""}",,138.jpg,6,141.0
wgd_138_07,120.0,0.62,"{""Answer"":""120"",""Confidence"":""0.62""}",,138.jpg,7,141.0
wgd_138_08,122.0,0.55,"{""Answer"":""122"",""Confidence"":""0.55""}",,138.jpg,8,141.0
wgd_138_09,122.0,0.42,"{""Answer"":""122"",""Confidence"":""0.42""}",,138.jpg,9,141.0
wgd_138_10,115.0,0.63,"{""Answer"":""115"",""Confidence"":""0.63""}",,138.jpg,10,141.0
wgd_138_11,128.0,0.42,"{""Answer"":""128"",""Confidence"":""0.42""}",,138.jpg,11,141.0
wgd_138_12,125.0,0.41,"{""Answer"":""125"",""Confidence"":""0.41""}",,138.jpg,12,141.0
wgd_138_13,125.0,0.62,"{""Answer"":""125"",""Confidence"":""0.62""}",,138.jpg,13,141.0
wgd_138_14,125.0,0.58,"{""Answer"":""125"",""Confidence"":""0.58""}",,138.jpg,14,141.0
wgd_138_15,122.0,0.63,"{""Answer"":""122"",""Confidence"":""0.63""}",,138.jpg,15,141.0
wgd_138_16,120.0,0.46,"{""Answer"":""120"",""Confidence"":""0.46""}",,138.jpg,16,141.0
wgd_138_17,125.0,0.62,"{""Answer"":""125"",""Confidence"":""0.62""}",,138.jpg,17,141.0
wgd_138_18,122.0,0.62,"{""Answer"":""122"",""Confidence"":""0.62""}",,138.jpg,18,141.0
wgd_138_19,120.0,0.71,"{""Answer"":""120"",""Confidence"":""0.71""}",,138.jpg,19,141.0
wgd_138_20,125.0,0.72,"{""Answer"":""125"",""Confidence"":""0.72""}",,138.jpg,20,141.0
wgd_139_01,135.0,0.06,"{""Answer"":""135"",""Confidence"":""0.06""}",,139.jpg,1,140.0
wgd_139_02,140.0,0.18,"{""Answer"":""140"",""Confidence"":""0.18""}",,139.jpg,2,140.0
wgd_139_03,135.0,0.24,"{""Answer"":""135"",""Confidence"":""0.24""}",,139.jpg,3,140.0
wgd_139_04,132.0,0.32,"{""Answer"":""132"",""Confidence"":""0.32""}",,139.jpg,4,140.0
wgd_139_05,135.0,0.42,"{""Answer"":""135"",""Confidence"":""0.42""}",,139.jpg,5,140.0
wgd_139_06,128.0,0.34,"{""Answer"":""128"",""Confidence"":""0.34""}",,139.jpg,6,140.0
wgd_139_07,135.0,0.38,"{""Answer"":""135"",""Confidence"":""0.38""}",,139.jpg,7,140.0
wgd_139_08,135.0,0.57,"{""Answer"":""135"",""Confidence"":""0.57""}",,139.jpg,8,140.0
wgd_139_09,140.0,0.38,"{""Answer"":""140"",""Confidence"":""0.38""}",,139.jpg,9,140.0
wgd_139_10,130.0,0.62,"{""Answer"":""130"",""Confidence"":""0.62""}",,139.jpg,10,140.0
wgd_139_11,135.0,0.43,"{""Answer"":""135"",""Confidence"":""0.43""}",,139.jpg,11,140.0
wgd_139_12,135.0,0.68,"{""Answer"":""135"",""Confidence"":""0.68""}",,139.jpg,12,140.0
wgd_139_13,135.0,0.38,"{""Answer"":""135"",""Confidence"":""0.38""}",,139.jpg,13,140.0
wgd_139_14,135.0,0.62,"{""Answer"":""135"",""Confidence"":""0.62""}",,139.jpg,14,140.0
wgd_139_15,135.0,0.62,"{""Answer"":""135"",""Confidence"":""0.62""}",,139.jpg,15,140.0
wgd_139_16,135.0,0.58,"{""Answer"":""135"",""Confidence"":""0.58""}",,139.jpg,16,140.0
wgd_139_17,140.0,0.55,"{""Answer"":""140"",""Confidence"":""0.55""}",,139.jpg,17,140.0
wgd_139_18,135.0,0.56,"{""Answer"":""135"",""Confidence"":""0.56""}",,139.jpg,18,140.0
wgd_139_19,135.0,0.63,"{""Answer"":""135"",""Confidence"":""0.63""}",,139.jpg,19,140.0
wgd_139_20,130.0,0.66,"{""Answer"":""130"",""Confidence"":""0.66""}",,139.jpg,20,140.0
wgd_140_01,150.0,0.07,"{""Answer"":""150"",""Confidence"":""0.07""}",,140.jpg,1,190.0
wgd_140_02,155.0,0.18,"{""Answer"":""155"",""Confidence"":""0.18""}",,140.jpg,2,190.0
wgd_140_03,150.0,0.42,"{""Answer"":""150"",""Confidence"":""0.42""}",,140.jpg,3,190.0
wgd_140_04,155.0,0.78,"{""Answer"":""155"",""Confidence"":""0.78""}",,140.jpg,4,190.0
wgd_140_05,145.0,0.62,"{""Answer"":""145"",""Confidence"":""0.62""}",,140.jpg,5,190.0
wgd_140_06,155.0,0.58,"{""Answer"":""155"",""Confidence"":""0.58""}",,140.jpg,6,190.0
wgd_140_07,155.0,0.56,"{""Answer"":""155"",""Confidence"":""0.56""}",,140.jpg,7,190.0
wgd_140_08,145.0,0.42,"{""Answer"":""145"",""Confidence"":""0.42""}",,140.jpg,8,190.0
wgd_140_09,145.0,0.67,"{""Answer"":""145"",""Confidence"":""0.67""}",,140.jpg,9,190.0
wgd_140_10,150.0,0.62,"{""Answer"":""150"",""Confidence"":""0.62""}",,140.jpg,10,190.0
wgd_140_11,150.0,0.68,"{""Answer"":""150"",""Confidence"":""0.68""}",,140.jpg,11,190.0
wgd_140_12,150.0,0.68,"{""Answer"":""150"",""Confidence"":""0.68""}",,140.jpg,12,190.0
wgd_140_13,155.0,0.61,"{""Answer"":""155"",""Confidence"":""0.61""}",,140.jpg,13,190.0
wgd_140_14,145.0,0.67,"{""Answer"":""145"",""Confidence"":""0.67""}",,140.jpg,14,190.0
wgd_140_15,145.0,0.72,"{""Answer"":""145"",""Confidence"":""0.72""}",,140.jpg,15,190.0
wgd_140_16,145.0,0.78,"{""Answer"":""145"",""Confidence"":""0.78""}",,140.jpg,16,190.0
wgd_140_17,150.0,0.74,"{""Answer"":""150"",""Confidence"":""0.74""}",,140.jpg,17,190.0
wgd_140_18,150.0,0.74,"{""Answer"":""150"",""Confidence"":""0.74""}",,140.jpg,18,190.0
wgd_140_19,145.0,0.72,"{""Answer"":""145"",""Confidence"":""0.72""}",,140.jpg,19,190.0
wgd_140_20,150.0,0.72,"{""Answer"":""150"",""Confidence"":""0.72""}",,140.jpg,20,190.0
wgd_141_01,145.0,0.18,"{""Answer"":""145"",""Confidence"":""0.18""}",,141.jpg,1,147.8
wgd_141_02,135.0,0.18,"{""Answer"":""135"",""Confidence"":""0.18""}",,141.jpg,2,147.8
wgd_141_03,150.0,0.22,"{""Answer"":""150"",""Confidence"":""0.22""}",,141.jpg,3,147.8
wgd_141_04,145.0,0.28,"{""Answer"":""145"",""Confidence"":""0.28""}",,141.jpg,4,147.8
wgd_141_05,145.0,0.43,"{""Answer"":""145"",""Confidence"":""0.43""}",,141.jpg,5,147.8
wgd_141_06,145.0,0.56,"{""Answer"":""145"",""Confidence"":""0.56""}",,141.jpg,6,147.8
wgd_141_07,145.0,0.52,"{""Answer"":""145"",""Confidence"":""0.52""}",,141.jpg,7,147.8
wgd_141_08,145.0,0.62,"{""Answer"":""145"",""Confidence"":""0.62""}",,141.jpg,8,147.8
wgd_141_09,145.0,0.54,"{""Answer"":""145"",""Confidence"":""0.54""}",,141.jpg,9,147.8
wgd_141_10,145.0,0.62,"{""Answer"":""145"",""Confidence"":""0.62""}",,141.jpg,10,147.8
wgd_141_11,145.0,0.62,"{""Answer"":""145"",""Confidence"":""0.62""}",,141.jpg,11,147.8
wgd_141_12,138.0,0.42,"{""Answer"":""138"",""Confidence"":""0.42""}",,141.jpg,12,147.8
wgd_141_13,145.0,0.63,"{""Answer"":""145"",""Confidence"":""0.63""}",,141.jpg,13,147.8
wgd_141_14,145.0,0.62,"{""Answer"":""145"",""Confidence"":""0.62""}",,141.jpg,14,147.8
wgd_141_15,145.0,0.62,"{""Answer"":""145"",""Confidence"":""0.62""}",,141.jpg,15,147.8
wgd_141_16,140.0,0.78,"{""Answer"":""140"",""Confidence"":""0.78""}",,141.jpg,16,147.8
wgd_141_17,145.0,0.71,"{""Answer"":""145"",""Confidence"":""0.71""}",,141.jpg,17,147.8
wgd_141_18,145.0,0.62,"{""Answer"":""145"",""Confidence"":""0.62""}",,141.jpg,18,147.8
wgd_141_19,145.0,0.63,"{""Answer"":""145"",""Confidence"":""0.63""}",,141.jpg,19,147.8
wgd_141_20,145.0,0.62,"{""Answer"":""145"",""Confidence"":""0.62""}",,141.jpg,20,147.8
wgd_142_01,112.0,0.09,"{""Answer"":""112"",""Confidence"":""0.09""}",,142.jpg,1,128.8
wgd_142_02,112.0,0.18,"{""Answer"":""112"",""Confidence"":""0.18""}",,142.jpg,2,128.8
wgd_142_03,120.0,0.41,"{""Answer"":""120"",""Confidence"":""0.41""}",,142.jpg,3,128.8
wgd_142_04,112.0,0.42,"{""Answer"":""112"",""Confidence"":""0.42""}",,142.jpg,4,128.8
wgd_142_05,112.0,0.58,"{""Answer"":""112"",""Confidence"":""0.58""}",,142.jpg,5,128.8
wgd_142_06,118.0,0.52,"{""Answer"":""118"",""Confidence"":""0.52""}",,142.jpg,6,128.8
wgd_142_07,118.0,0.62,"{""Answer"":""118"",""Confidence"":""0.62""}",,142.jpg,7,128.8
wgd_142_08,118.0,0.62,"{""Answer"":""118"",""Confidence"":""0.62""}",,142.jpg,8,128.8
wgd_142_09,118.0,0.61,"{""Answer"":""118"",""Confidence"":""0.61""}",,142.jpg,9,128.8
wgd_142_10,115.0,0.74,"{""Answer"":""115"",""Confidence"":""0.74""}",,142.jpg,10,128.8
wgd_142_11,117.0,0.71,"{""Answer"":""117"",""Confidence"":""0.71""}",,142.jpg,11,128.8
wgd_142_12,108.0,0.58,"{""Answer"":""108"",""Confidence"":""0.58""}",,142.jpg,12,128.8
wgd_142_13,118.0,0.74,"{""Answer"":""118"",""Confidence"":""0.74""}",,142.jpg,13,128.8
wgd_142_14,118.0,0.68,"{""Answer"":""118"",""Confidence"":""0.68""}",,142.jpg,14,128.8
wgd_142_15,112.0,0.61,"{""Answer"":""112"",""Confidence"":""0.61""}",,142.jpg,15,128.8
wgd_142_16,118.0,0.67,"{""Answer"":""118"",""Confidence"":""0.67""}",,142.jpg,16,128.8
wgd_142_17,115.0,0.74,"{""Answer"":""115"",""Confidence"":""0.74""}",,142.jpg,17,128.8
wgd_142_18,118.0,0.58,"{""Answer"":""118"",""Confidence"":""0.58""}",,142.jpg,18,128.8
wgd_142_19,118.0,0.74,"{""Answer"":""118"",""Confidence"":""0.74""}",,142.jpg,19,128.8
wgd_142_20,118.0,0.72,"{""Answer"":""118"",""Confidence"":""0.72""}",,142.jpg,20,128.8
wgd_143_01,155.0,0.06,"{""Answer"":""155"",""Confidence"":""0.06""}",,143.jpg,1,191.0
wgd_143_02,165.0,0.18,"{""Answer"":""165"",""Confidence"":""0.18""}",,143.jpg,2,191.0
wgd_143_03,170.0,0.18,"{""Answer"":""170"",""Confidence"":""0.18""}",,143.jpg,3,191.0
wgd_143_04,155.0,0.28,"{""Answer"":""155"",""Confidence"":""0.28""}",,143.jpg,4,191.0
wgd_143_05,165.0,0.33,"{""Answer"":""165"",""Confidence"":""0.33""}",,143.jpg,5,191.0
wgd_143_06,165.0,0.46,"{""Answer"":""165"",""Confidence"":""0.46""}",,143.jpg,6,191.0
wgd_143_07,158.0,0.34,"{""Answer"":""158"",""Confidence"":""0.34""}",,143.jpg,7,191.0
wgd_143_08,170.0,0.28,"{""Answer"":""170"",""Confidence"":""0.28""}",,143.jpg,8,191.0
wgd_143_09,165.0,0.58,"{""Answer"":""165"",""Confidence"":""0.58""}",,143.jpg,9,191.0
wgd_143_10,165.0,0.42,"{""Answer"":""165"",""Confidence"":""0.42""}",,143.jpg,10,191.0
wgd_143_11,175.0,0.54,"{""Answer"":""175"",""Confidence"":""0.54""}",,143.jpg,11,191.0
wgd_143_12,165.0,0.42,"{""Answer"":""165"",""Confidence"":""0.42""}",,143.jpg,12,191.0
wgd_143_13,158.0,0.42,"{""Answer"":""158"",""Confidence"":""0.42""}",,143.jpg,13,191.0
wgd_143_14,155.0,0.34,"{""Answer"":""155"",""Confidence"":""0.34""}",,143.jpg,14,191.0
wgd_143_15,145.0,0.41,"{""Answer"":""145"",""Confidence"":""0.41""}",,143.jpg,15,191.0
wgd_143_16,170.0,0.42,"{""Answer"":""170"",""Confidence"":""0.42""}",,143.jpg,16,191.0
wgd_143_17,155.0,0.57,"{""Answer"":""155"",""Confidence"":""0.57""}",,143.jpg,17,191.0
wgd_143_18,160.0,0.56,"{""Answer"":""160"",""Confidence"":""0.56""}",,143.jpg,18,191.0
wgd_143_19,165.0,0.56,"{""Answer"":""165"",""Confidence"":""0.56""}",,143.jpg,19,191.0
wgd_143_20,160.0,0.42,"{""Answer"":""160"",""Confidence"":""0.42""}",,143.jpg,20,191.0
wgd_144_01,112.0,0.07,"{""Answer"":""112"",""Confidence"":""0.07""}",,144.jpg,1,118.6
wgd_144_02,125.0,0.18,"{""Answer"":""125"",""Confidence"":""0.18""}",,144.jpg,2,118.6
wgd_144_03,122.0,0.24,"{""Answer"":""122"",""Confidence"":""0.24""}",,144.jpg,3,118.6
wgd_144_04,128.0,0.42,"{""Answer"":""128"",""Confidence"":""0.42""}",,144.jpg,4,118.6
wgd_144_05,135.0,0.42,"{""Answer"":""135"",""Confidence"":""0.42""}",,144.jpg,5,118.6
wgd_144_06,118.0,0.34,"{""Answer"":""118"",""Confidence"":""0.34""}",,144.jpg,6,118.6
wgd_144_07,122.0,0.34,"{""Answer"":""122"",""Confidence"":""0.34""}",,144.jpg,7,118.6
wgd_144_08,118.0,0.41,"{""Answer"":""118"",""Confidence"":""0.41""}",,144.jpg,8,118.6
wgd_144_09,118.0,0.42,"{""Answer"":""118"",""Confidence"":""0.42""}",,144.jpg,9,118.6
wgd_144_10,128.0,0.33,"{""Answer"":""128"",""Confidence"":""0.33""}",,144.jpg,10,118.6
wgd_144_11,125.0,0.34,"{""Answer"":""125"",""Confidence"":""0.34""}",,144.jpg,11,118.6
wgd_144_12,135.0,0.52,"{""Answer"":""135"",""Confidence"":""0.52""}",,144.jpg,12,118.6
wgd_144_13,125.0,0.54,"{""Answer"":""125"",""Confidence"":""0.54""}",,144.jpg,13,118.6
wgd_144_14,125.0,0.55,"{""Answer"":""125"",""Confidence"":""0.55""}",,144.jpg,14,118.6
wgd_144_15,125.0,0.56,"{""Answer"":""125"",""Confidence"":""0.56""}",,144.jpg,15,118.6
wgd_144_16,128.0,0.36,"{""Answer"":""128"",""Confidence"":""0.36""}",,144.jpg,16,118.6
wgd_144_17,135.0,0.48,"{""Answer"":""135"",""Confidence"":""0.48""}",,144.jpg,17,118.6
wgd_144_18,128.0,0.41,"{""Answer"":""128"",""Confidence"":""0.41""}",,144.jpg,18,118.6
wgd_144_19,128.0,0.53,"{""Answer"":""128"",""Confidence"":""0.53""}",,144.jpg,19,118.6
wgd_144_20,125.0,0.54,"{""Answer"":""125"",""Confidence"":""0.54""}",,144.jpg,20,118.6
wgd_145_01,125.0,0.18,"{""Answer"":""125"",""Confidence"":""0.18""}",,145.jpg,1,101.8
wgd_145_02,118.0,0.22,"{""Answer"":""118"",""Confidence"":""0.22""}",,145.jpg,2,101.8
wgd_145_03,118.0,0.18,"{""Answer"":""118"",""Confidence"":""0.18""}",,145.jpg,3,101.8
wgd_145_04,128.0,0.34,"{""Answer"":""128"",""Confidence"":""0.34""}",,145.jpg,4,101.8
wgd_145_05,120.0,0.36,"{""Answer"":""120"",""Confidence"":""0.36""}",,145.jpg,5,101.8
wgd_145_06,118.0,0.42,"{""Answer"":""118"",""Confidence"":""0.42""}",,145.jpg,6,101.8
wgd_145_07,125.0,0.42,"{""Answer"":""125"",""Confidence"":""0.42""}",,145.jpg,7,101.8
wgd_145_08,128.0,0.42,"{""Answer"":""128"",""Confidence"":""0.42""}",,145.jpg,8,101.8
wgd_145_09,128.0,0.36,"{""Answer"":""128"",""Confidence"":""0.36""}",,145.jpg,9,101.8
wgd_145_10,120.0,0.42,"{""Answer"":""120"",""Confidence"":""0.42""}",,145.jpg,10,101.8
wgd_145_11,125.0,0.43,"{""Answer"":""125"",""Confidence"":""0.43""}",,145.jpg,11,101.8
wgd_145_12,120.0,0.52,"{""Answer"":""120"",""Confidence"":""0.52""}",,145.jpg,12,101.8
wgd_145_13,128.0,0.37,"{""Answer"":""128"",""Confidence"":""0.37""}",,145.jpg,13,101.8
wgd_145_14,118.0,0.52,"{""Answer"":""118"",""Confidence"":""0.52""}",,145.jpg,14,101.8
wgd_145_15,125.0,0.34,"{""Answer"":""125"",""Confidence"":""0.34""}",,145.jpg,15,101.8
wgd_145_16,130.0,0.36,"{""Answer"":""130"",""Confidence"":""0.36""}",,145.jpg,16,101.8
wgd_145_17,128.0,0.46,"{""Answer"":""128"",""Confidence"":""0.46""}",,145.jpg,17,101.8
wgd_145_18,125.0,0.42,"{""Answer"":""125"",""Confidence"":""0.42""}",,145.jpg,18,101.8
wgd_145_19,125.0,0.42,"{""Answer"":""125"",""Confidence"":""0.42""}",,145.jpg,19,101.8
wgd_145_20,128.0,0.52,"{""Answer"":""128"",""Confidence"":""0.52""}",,145.jpg,20,101.8
wgd_146_01,165.0,0.08,"{""Answer"":""165"",""Confidence"":""0.08""}",,146.jpg,1,171.8
wgd_146_02,150.0,0.18,"{""Answer"":""150"",""Confidence"":""0.18""}",,146.jpg,2,171.8
wgd_146_03,155.0,0.18,"{""Answer"":""155"",""Confidence"":""0.18""}",,146.jpg,3,171.8
wgd_146_04,155.0,0.38,"{""Answer"":""155"",""Confidence"":""0.38""}",,146.jpg,4,171.8
wgd_146_05,160.0,0.33,"{""Answer"":""160"",""Confidence"":""0.33""}",,146.jpg,5,171.8
wgd_146_06,150.0,0.34,"{""Answer"":""150"",""Confidence"":""0.34""}",,146.jpg,6,171.8
wgd_146_07,155.0,0.28,"{""Answer"":""155"",""Confidence"":""0.28""}",,146.jpg,7,171.8
wgd_146_08,165.0,0.34,"{""Answer"":""165"",""Confidence"":""0.34""}",,146.jpg,8,171.8
wgd_146_09,155.0,0.42,"{""Answer"":""155"",""Confidence"":""0.42""}",,146.jpg,9,171.8
wgd_146_10,150.0,0.32,"{""Answer"":""150"",""Confidence"":""0.32""}",,146.jpg,10,171.8
wgd_146_11,160.0,0.42,"{""Answer"":""160"",""Confidence"":""0.42""}",,146.jpg,11,171.8
wgd_146_12,165.0,0.36,"{""Answer"":""165"",""Confidence"":""0.36""}",,146.jpg,12,171.8
wgd_146_13,165.0,0.42,"{""Answer"":""165"",""Confidence"":""0.42""}",,146.jpg,13,171.8
wgd_146_14,165.0,0.42,"{""Answer"":""165"",""Confidence"":""0.42""}",,146.jpg,14,171.8
wgd_146_15,155.0,0.42,"{""Answer"":""155"",""Confidence"":""0.42""}",,146.jpg,15,171.8
wgd_146_16,160.0,0.52,"{""Answer"":""160"",""Confidence"":""0.52""}",,146.jpg,16,171.8
wgd_146_17,155.0,0.41,"{""Answer"":""155"",""Confidence"":""0.41""}",,146.jpg,17,171.8
wgd_146_18,160.0,0.36,"{""Answer"":""160"",""Confidence"":""0.36""}",,146.jpg,18,171.8
wgd_146_19,155.0,0.55,"{""Answer"":""155"",""Confidence"":""0.55""}",,146.jpg,19,171.8
wgd_146_20,160.0,0.58,"{""Answer"":""160"",""Confidence"":""0.58""}",,146.jpg,20,171.8
wgd_147_01,125.0,0.08,"{""Answer"":""125"",""Confidence"":""0.08""}",,147.jpg,1,134.0
wgd_147_02,130.0,0.18,"{""Answer"":""130"",""Confidence"":""0.18""}",,147.jpg,2,134.0
wgd_147_03,132.0,0.27,"{""Answer"":""132"",""Confidence"":""0.27""}",,147.jpg,3,134.0
wgd_147_04,122.0,0.28,"{""Answer"":""122"",""Confidence"":""0.28""}",,147.jpg,4,134.0
wgd_147_05,135.0,0.42,"{""Answer"":""135"",""Confidence"":""0.42""}",,147.jpg,5,134.0
wgd_147_06,128.0,0.34,"{""Answer"":""128"",""Confidence"":""0.34""}",,147.jpg,6,134.0
wgd_147_07,130.0,0.34,"{""Answer"":""130"",""Confidence"":""0.34""}",,147.jpg,7,134.0
wgd_147_08,125.0,0.54,"{""Answer"":""125"",""Confidence"":""0.54""}",,147.jpg,8,134.0
wgd_147_09,125.0,0.58,"{""Answer"":""125"",""Confidence"":""0.58""}",,147.jpg,9,134.0
wgd_147_10,125.0,0.41,"{""Answer"":""125"",""Confidence"":""0.41""}",,147.jpg,10,134.0
wgd_147_11,125.0,0.44,"{""Answer"":""125"",""Confidence"":""0.44""}",,147.jpg,11,134.0
wgd_147_12,140.0,0.34,"{""Answer"":""140"",""Confidence"":""0.34""}",,147.jpg,12,134.0
wgd_147_13,132.0,0.44,"{""Answer"":""132"",""Confidence"":""0.44""}",,147.jpg,13,134.0
wgd_147_14,132.0,0.57,"{""Answer"":""132"",""Confidence"":""0.57""}",,147.jpg,14,134.0
wgd_147_15,125.0,0.62,"{""Answer"":""125"",""Confidence"":""0.62""}",,147.jpg,15,134.0
wgd_147_16,130.0,0.58,"{""Answer"":""130"",""Confidence"":""0.58""}",,147.jpg,16,134.0
wgd_147_17,128.0,0.62,"{""Answer"":""128"",""Confidence"":""0.62""}",,147.jpg,17,134.0
wgd_147_18,135.0,0.54,"{""Answer"":""135"",""Confidence"":""0.54""}",,147.jpg,18,134.0
wgd_147_19,132.0,0.41,"{""Answer"":""132"",""Confidence"":""0.41""}",,147.jpg,19,134.0
wgd_147_20,132.0,0.52,"{""Answer"":""132"",""Confidence"":""0.52""}",,147.jpg,20,134.0
wgd_148_01,120.0,0.08,"{""Answer"":""120"",""Confidence"":""0.08""}",,148.jpg,1,132.0
wgd_148_02,122.0,0.21,"{""Answer"":""122"",""Confidence"":""0.21""}",,148.jpg,2,132.0
wgd_148_03,118.0,0.22,"{""Answer"":""118"",""Confidence"":""0.22""}",,148.jpg,3,132.0
wgd_148_04,125.0,0.34,"{""Answer"":""125"",""Confidence"":""0.34""}",,148.jpg,4,132.0
wgd_148_05,115.0,0.28,"{""Answer"":""115"",""Confidence"":""0.28""}",,148.jpg,5,132.0
wgd_148_06,120.0,0.36,"{""Answer"":""120"",""Confidence"":""0.36""}",,148.jpg,6,132.0
wgd_148_07,120.0,0.27,"{""Answer"":""120"",""Confidence"":""0.27""}",,148.jpg,7,132.0
wgd_148_08,125.0,0.38,"{""Answer"":""125"",""Confidence"":""0.38""}",,148.jpg,8,132.0
wgd_148_09,115.0,0.32,"{""Answer"":""115"",""Confidence"":""0.32""}",,148.jpg,9,132.0
wgd_148_10,120.0,0.36,"{""Answer"":""120"",""Confidence"":""0.36""}",,148.jpg,10,132.0
wgd_148_11,120.0,0.34,"{""Answer"":""120"",""Confidence"":""0.34""}",,148.jpg,11,132.0
wgd_148_12,115.0,0.38,"{""Answer"":""115"",""Confidence"":""0.38""}",,148.jpg,12,132.0
wgd_148_13,115.0,0.41,"{""Answer"":""115"",""Confidence"":""0.41""}",,148.jpg,13,132.0
wgd_148_14,115.0,0.32,"{""Answer"":""115"",""Confidence"":""0.32""}",,148.jpg,14,132.0
wgd_148_15,115.0,0.33,"{""Answer"":""115"",""Confidence"":""0.33""}",,148.jpg,15,132.0
wgd_148_16,120.0,0.42,"{""Answer"":""120"",""Confidence"":""0.42""}",,148.jpg,16,132.0
wgd_148_17,125.0,0.42,"{""Answer"":""125"",""Confidence"":""0.42""}",,148.jpg,17,132.0
wgd_148_18,125.0,0.34,"{""Answer"":""125"",""Confidence"":""0.34""}",,148.jpg,18,132.0
wgd_148_19,125.0,0.33,"{""Answer"":""125"",""Confidence"":""0.33""}",,148.jpg,19,132.0
wgd_148_20,120.0,0.31,"{""Answer"":""120"",""Confidence"":""0.31""}",,148.jpg,20,132.0
wgd_149_01,145.0,0.18,"{""Answer"":""145"",""Confidence"":""0.18""}",,149.jpg,1,148.0
wgd_149_02,145.0,0.28,"{""Answer"":""145"",""Confidence"":""0.28""}",,149.jpg,2,148.0
wgd_149_03,145.0,0.32,"{""Answer"":""145"",""Confidence"":""0.32""}",,149.jpg,3,148.0
wgd_149_04,145.0,0.22,"{""Answer"":""145"",""Confidence"":""0.22""}",,149.jpg,4,148.0
wgd_149_05,150.0,0.34,"{""Answer"":""150"",""Confidence"":""0.34""}",,149.jpg,5,148.0
wgd_149_06,140.0,0.36,"{""Answer"":""140"",""Confidence"":""0.36""}",,149.jpg,6,148.0
wgd_149_07,135.0,0.42,"{""Answer"":""135"",""Confidence"":""0.42""}",,149.jpg,7,148.0
wgd_149_08,145.0,0.36,"{""Answer"":""145"",""Confidence"":""0.36""}",,149.jpg,8,148.0
wgd_149_09,145.0,0.44,"{""Answer"":""145"",""Confidence"":""0.44""}",,149.jpg,9,148.0
wgd_149_10,145.0,0.44,"{""Answer"":""145"",""Confidence"":""0.44""}",,149.jpg,10,148.0
wgd_149_11,145.0,0.43,"{""Answer"":""145"",""Confidence"":""0.43""}",,149.jpg,11,148.0
wgd_149_12,145.0,0.54,"{""Answer"":""145"",""Confidence"":""0.54""}",,149.jpg,12,148.0
wgd_149_13,150.0,0.43,"{""Answer"":""150"",""Confidence"":""0.43""}",,149.jpg,13,148.0
wgd_149_14,145.0,0.42,"{""Answer"":""145"",""Confidence"":""0.42""}",,149.jpg,14,148.0
wgd_149_15,145.0,0.42,"{""Answer"":""145"",""Confidence"":""0.42""}",,149.jpg,15,148.0
wgd_149_16,140.0,0.43,"{""Answer"":""140"",""Confidence"":""0.43""}",,149.jpg,16,148.0
wgd_149_17,145.0,0.43,"{""Answer"":""145"",""Confidence"":""0.43""}",,149.jpg,17,148.0
wgd_149_18,155.0,0.44,"{""Answer"":""155"",""Confidence"":""0.44""}",,149.jpg,18,148.0
wgd_149_19,150.0,0.38,"{""Answer"":""150"",""Confidence"":""0.38""}",,149.jpg,19,148.0
wgd_149_20,145.0,0.42,"{""Answer"":""145"",""Confidence"":""0.42""}",,149.jpg,20,148.0
wgd_150_01,120.0,0.1,"{""Answer"":""120"",""Confidence"":""0.10""}",,150.jpg,1,96.0
wgd_150_02,118.0,0.14,"{""Answer"":""118"",""Confidence"":""0.14""}",,150.jpg,2,96.0
wgd_150_03,110.0,0.28,"{""Answer"":""110"",""Confidence"":""0.28""}",,150.jpg,3,96.0
wgd_150_04,115.0,0.34,"{""Answer"":""115"",""Confidence"":""0.34""}",,150.jpg,4,96.0
wgd_150_05,125.0,0.32,"{""Answer"":""125"",""Confidence"":""0.32""}",,150.jpg,5,96.0
wgd_150_06,118.0,0.34,"{""Answer"":""118"",""Confidence"":""0.34""}",,150.jpg,6,96.0
wgd_150_07,118.0,0.28,"{""Answer"":""118"",""Confidence"":""0.28""}",,150.jpg,7,96.0
wgd_150_08,115.0,0.34,"{""Answer"":""115"",""Confidence"":""0.34""}",,150.jpg,8,96.0
wgd_150_09,115.0,0.46,"{""Answer"":""115"",""Confidence"":""0.46""}",,150.jpg,9,96.0
wgd_150_10,112.0,0.34,"{""Answer"":""112"",""Confidence"":""0.34""}",,150.jpg,10,96.0
wgd_150_11,115.0,0.42,"{""Answer"":""115"",""Confidence"":""0.42""}",,150.jpg,11,96.0
wgd_150_12,125.0,0.44,"{""Answer"":""125"",""Confidence"":""0.44""}",,150.jpg,12,96.0
wgd_150_13,118.0,0.42,"{""Answer"":""118"",""Confidence"":""0.42""}",,150.jpg,13,96.0
wgd_150_14,118.0,0.42,"{""Answer"":""118"",""Confidence"":""0.42""}",,150.jpg,14,96.0
wgd_150_15,115.0,0.42,"{""Answer"":""115"",""Confidence"":""0.42""}",,150.jpg,15,96.0
wgd_150_16,118.0,0.42,"{""Answer"":""118"",""Confidence"":""0.42""}",,150.jpg,16,96.0
wgd_150_17,112.0,0.34,"{""Answer"":""112"",""Confidence"":""0.34""}",,150.jpg,17,96.0
wgd_150_18,118.0,0.41,"{""Answer"":""118"",""Confidence"":""0.41""}",,150.jpg,18,96.0
wgd_150_19,105.0,0.24,"{""Answer"":""105"",""Confidence"":""0.24""}",,150.jpg,19,96.0
wgd_150_20,118.0,0.42,"{""Answer"":""118"",""Confidence"":""0.42""}",,150.jpg,20,96.0
wgd_151_01,145.0,0.12,"{""Answer"":""145"",""Confidence"":""0.12""}",,151.jpg,1,141.8
wgd_151_02,150.0,0.18,"{""Answer"":""150"",""Confidence"":""0.18""}",,151.jpg,2,141.8
wgd_151_03,145.0,0.34,"{""Answer"":""145"",""Confidence"":""0.34""}",,151.jpg,3,141.8
wgd_151_04,145.0,0.28,"{""Answer"":""145"",""Confidence"":""0.28""}",,151.jpg,4,141.8
wgd_151_05,150.0,0.42,"{""Answer"":""150"",""Confidence"":""0.42""}",,151.jpg,5,141.8
wgd_151_06,145.0,0.32,"{""Answer"":""145"",""Confidence"":""0.32""}",,151.jpg,6,141.8
wgd_151_07,145.0,0.32,"{""Answer"":""145"",""Confidence"":""0.32""}",,151.jpg,7,141.8
wgd_151_08,145.0,0.42,"{""Answer"":""145"",""Confidence"":""0.42""}",,151.jpg,8,141.8
wgd_151_09,145.0,0.46,"{""Answer"":""145"",""Confidence"":""0.46""}",,151.jpg,9,141.8
wgd_151_10,140.0,0.42,"{""Answer"":""140"",""Confidence"":""0.42""}",,151.jpg,10,141.8
wgd_151_11,145.0,0.46,"{""Answer"":""145"",""Confidence"":""0.46""}",,151.jpg,11,141.8
wgd_151_12,145.0,0.54,"{""Answer"":""145"",""Confidence"":""0.54""}",,151.jpg,12,141.8
wgd_151_13,145.0,0.52,"{""Answer"":""145"",""Confidence"":""0.52""}",,151.jpg,13,141.8
wgd_151_14,145.0,0.52,"{""Answer"":""145"",""Confidence"":""0.52""}",,151.jpg,14,141.8
wgd_151_15,135.0,0.42,"{""Answer"":""135"",""Confidence"":""0.42""}",,151.jpg,15,141.8
wgd_151_16,145.0,0.56,"{""Answer"":""145"",""Confidence"":""0.56""}",,151.jpg,16,141.8
wgd_151_17,145.0,0.34,"{""Answer"":""145"",""Confidence"":""0.34""}",,151.jpg,17,141.8
wgd_151_18,145.0,0.54,"{""Answer"":""145"",""Confidence"":""0.54""}",,151.jpg,18,141.8
wgd_151_19,140.0,0.46,"{""Answer"":""140"",""Confidence"":""0.46""}",,151.jpg,19,141.8
wgd_151_20,145.0,0.61,"{""Answer"":""145"",""Confidence"":""0.61""}",,151.jpg,20,141.8
wgd_152_01,135.0,0.06,"{""Answer"":""135"",""Confidence"":""0.06""}",,152.jpg,1,157.8
wgd_152_02,145.0,0.28,"{""Answer"":""145"",""Confidence"":""0.28""}",,152.jpg,2,157.8
wgd_152_03,145.0,0.18,"{""Answer"":""145"",""Confidence"":""0.18""}",,152.jpg,3,157.8
wgd_152_04,145.0,0.32,"{""Answer"":""145"",""Confidence"":""0.32""}",,152.jpg,4,157.8
wgd_152_05,145.0,0.38,"{""Answer"":""145"",""Confidence"":""0.38""}",,152.jpg,5,157.8
wgd_152_06,145.0,0.41,"{""Answer"":""145"",""Confidence"":""0.41""}",,152.jpg,6,157.8
wgd_152_07,145.0,0.42,"{""Answer"":""145"",""Confidence"":""0.42""}",,152.jpg,7,157.8
wgd_152_08,145.0,0.38,"{""Answer"":""145"",""Confidence"":""0.38""}",,152.jpg,8,157.8
wgd_152_09,145.0,0.34,"{""Answer"":""145"",""Confidence"":""0.34""}",,152.jpg,9,157.8
wgd_152_10,145.0,0.33,"{""Answer"":""145"",""Confidence"":""0.33""}",,152.jpg,10,157.8
wgd_152_11,145.0,0.43,"{""Answer"":""145"",""Confidence"":""0.43""}",,152.jpg,11,157.8
wgd_152_12,145.0,0.52,"{""Answer"":""145"",""Confidence"":""0.52""}",,152.jpg,12,157.8
wgd_152_13,145.0,0.39,"{""Answer"":""145"",""Confidence"":""0.39""}",,152.jpg,13,157.8
wgd_152_14,145.0,0.34,"{""Answer"":""145"",""Confidence"":""0.34""}",,152.jpg,14,157.8
wgd_152_15,145.0,0.32,"{""Answer"":""145"",""Confidence"":""0.32""}",,152.jpg,15,157.8
wgd_152_16,145.0,0.58,"{""Answer"":""145"",""Confidence"":""0.58""}",,152.jpg,16,157.8
wgd_152_17,145.0,0.52,"{""Answer"":""145"",""Confidence"":""0.52""}",,152.jpg,17,157.8
wgd_152_18,145.0,0.42,"{""Answer"":""145"",""Confidence"":""0.42""}",,152.jpg,18,157.8
wgd_152_19,140.0,0.58,"{""Answer"":""140"",""Confidence"":""0.58""}",,152.jpg,19,157.8
wgd_152_20,140.0,0.62,"{""Answer"":""140"",""Confidence"":""0.62""}",,152.jpg,20,157.8
wgd_153_01,135.0,0.12,"{""Answer"":""135"",""Confidence"":""0.12""}",,153.jpg,1,117.0
wgd_153_02,130.0,0.18,"{""Answer"":""130"",""Confidence"":""0.18""}",,153.jpg,2,117.0
wgd_153_03,128.0,0.23,"{""Answer"":""128"",""Confidence"":""0.23""}",,153.jpg,3,117.0
wgd_153_04,130.0,0.32,"{""Answer"":""130"",""Confidence"":""0.32""}",,153.jpg,4,117.0
wgd_153_05,135.0,0.34,"{""Answer"":""135"",""Confidence"":""0.34""}",,153.jpg,5,117.0
wgd_153_06,135.0,0.28,"{""Answer"":""135"",""Confidence"":""0.28""}",,153.jpg,6,117.0
wgd_153_07,132.0,0.28,"{""Answer"":""132"",""Confidence"":""0.28""}",,153.jpg,7,117.0
wgd_153_08,135.0,0.46,"{""Answer"":""135"",""Confidence"":""0.46""}",,153.jpg,8,117.0
wgd_153_09,135.0,0.34,"{""Answer"":""135"",""Confidence"":""0.34""}",,153.jpg,9,117.0
wgd_153_10,130.0,0.36,"{""Answer"":""130"",""Confidence"":""0.36""}",,153.jpg,10,117.0
wgd_153_11,132.0,0.34,"{""Answer"":""132"",""Confidence"":""0.34""}",,153.jpg,11,117.0
wgd_153_12,135.0,0.34,"{""Answer"":""135"",""Confidence"":""0.34""}",,153.jpg,12,117.0
wgd_153_13,135.0,0.34,"{""Answer"":""135"",""Confidence"":""0.34""}",,153.jpg,13,117.0
wgd_153_14,128.0,0.34,"{""Answer"":""128"",""Confidence"":""0.34""}",,153.jpg,14,117.0
wgd_153_15,135.0,0.42,"{""Answer"":""135"",""Confidence"":""0.42""}",,153.jpg,15,117.0
wgd_153_16,130.0,0.42,"{""Answer"":""130"",""Confidence"":""0.42""}",,153.jpg,16,117.0
wgd_153_17,145.0,0.37,"{""Answer"":""145"",""Confidence"":""0.37""}",,153.jpg,17,117.0
wgd_153_18,132.0,0.34,"{""Answer"":""132"",""Confidence"":""0.34""}",,153.jpg,18,117.0
wgd_153_19,125.0,0.42,"{""Answer"":""125"",""Confidence"":""0.42""}",,153.jpg,19,117.0
wgd_153_20,135.0,0.45,"{""Answer"":""135"",""Confidence"":""0.45""}",,153.jpg,20,117.0
wgd_154_01,125.0,0.03,"{""Answer"":""125"",""Confidence"":""0.03""}",,154.jpg,1,127.2
wgd_154_02,128.0,0.18,"{""Answer"":""128"",""Confidence"":""0.18""}",,154.jpg,2,127.2
wgd_154_03,135.0,0.22,"{""Answer"":""135"",""Confidence"":""0.22""}",,154.jpg,3,127.2
wgd_154_04,125.0,0.18,"{""Answer"":""125"",""Confidence"":""0.18""}",,154.jpg,4,127.2
wgd_154_05,122.0,0.32,"{""Answer"":""122"",""Confidence"":""0.32""}",,154.jpg,5,127.2
wgd_154_06,132.0,0.34,"{""Answer"":""132"",""Confidence"":""0.34""}",,154.jpg,6,127.2
wgd_154_07,130.0,0.32,"{""Answer"":""130"",""Confidence"":""0.32""}",,154.jpg,7,127.2
wgd_154_08,125.0,0.42,"{""Answer"":""125"",""Confidence"":""0.42""}",,154.jpg,8,127.2
wgd_154_09,125.0,0.62,"{""Answer"":""125"",""Confidence"":""0.62""}",,154.jpg,9,127.2
wgd_154_10,122.0,0.54,"{""Answer"":""122"",""Confidence"":""0.54""}",,154.jpg,10,127.2
wgd_154_11,120.0,0.62,"{""Answer"":""120"",""Confidence"":""0.62""}",,154.jpg,11,127.2
wgd_154_12,125.0,0.42,"{""Answer"":""125"",""Confidence"":""0.42""}",,154.jpg,12,127.2
wgd_154_13,120.0,0.42,"{""Answer"":""120"",""Confidence"":""0.42""}",,154.jpg,13,127.2
wgd_154_14,132.0,0.42,"{""Answer"":""132"",""Confidence"":""0.42""}",,154.jpg,14,127.2
wgd_154_15,120.0,0.46,"{""Answer"":""120"",""Confidence"":""0.46""}",,154.jpg,15,127.2
wgd_154_16,132.0,0.42,"{""Answer"":""132"",""Confidence"":""0.42""}",,154.jpg,16,127.2
wgd_154_17,122.0,0.41,"{""Answer"":""122"",""Confidence"":""0.41""}",,154.jpg,17,127.2
wgd_154_18,120.0,0.58,"{""Answer"":""120"",""Confidence"":""0.58""}",,154.jpg,18,127.2
wgd_154_19,125.0,0.58,"{""Answer"":""125"",""Confidence"":""0.58""}",,154.jpg,19,127.2
wgd_154_20,125.0,0.62,"{""Answer"":""125"",""Confidence"":""0.62""}",,154.jpg,20,127.2
wgd_155_01,155.0,0.18,"{""Answer"":""155"",""Confidence"":""0.18""}",,155.jpg,1,179.6
wgd_155_02,165.0,0.18,"{""Answer"":""165"",""Confidence"":""0.18""}",,155.jpg,2,179.6
wgd_155_03,165.0,0.23,"{""Answer"":""165"",""Confidence"":""0.23""}",,155.jpg,3,179.6
wgd_155_04,165.0,0.28,"{""Answer"":""165"",""Confidence"":""0.28""}",,155.jpg,4,179.6
wgd_155_05,165.0,0.28,"{""Answer"":""165"",""Confidence"":""0.28""}",,155.jpg,5,179.6
wgd_155_06,165.0,0.32,"{""Answer"":""165"",""Confidence"":""0.32""}",,155.jpg,6,179.6
wgd_155_07,165.0,0.42,"{""Answer"":""165"",""Confidence"":""0.42""}",,155.jpg,7,179.6
wgd_155_08,175.0,0.32,"{""Answer"":""175"",""Confidence"":""0.32""}",,155.jpg,8,179.6
wgd_155_09,165.0,0.42,"{""Answer"":""165"",""Confidence"":""0.42""}",,155.jpg,9,179.6
wgd_155_10,165.0,0.34,"{""Answer"":""165"",""Confidence"":""0.34""}",,155.jpg,10,179.6
wgd_155_11,155.0,0.62,"{""Answer"":""155"",""Confidence"":""0.62""}",,155.jpg,11,179.6
wgd_155_12,155.0,0.35,"{""Answer"":""155"",""Confidence"":""0.35""}",,155.jpg,12,179.6
wgd_155_13,165.0,0.42,"{""Answer"":""165"",""Confidence"":""0.42""}",,155.jpg,13,179.6
wgd_155_14,175.0,0.42,"{""Answer"":""175"",""Confidence"":""0.42""}",,155.jpg,14,179.6
wgd_155_15,170.0,0.62,"{""Answer"":""170"",""Confidence"":""0.62""}",,155.jpg,15,179.6
wgd_155_16,155.0,0.42,"{""Answer"":""155"",""Confidence"":""0.42""}",,155.jpg,16,179.6
wgd_155_17,170.0,0.62,"{""Answer"":""170"",""Confidence"":""0.62""}",,155.jpg,17,179.6
wgd_155_18,165.0,0.63,"{""Answer"":""165"",""Confidence"":""0.63""}",,155.jpg,18,179.6
wgd_155_19,170.0,0.34,"{""Answer"":""170"",""Confidence"":""0.34""}",,155.jpg,19,179.6
wgd_155_20,165.0,0.53,"{""Answer"":""165"",""Confidence"":""0.53""}",,155.jpg,20,179.6
wgd_200_01,170.0,0.08,"{""Answer"":""170"",""Confidence"":""0.08""}",,200.jpg,1,218.0
wgd_200_02,175.0,0.18,"{""Answer"":""175"",""Confidence"":""0.18""}",,200.jpg,2,218.0
wgd_200_03,175.0,0.22,"{""Answer"":""175"",""Confidence"":""0.22""}",,200.jpg,3,218.0
wgd_200_04,185.0,0.38,"{""Answer"":""185"",""Confidence"":""0.38""}",,200.jpg,4,218.0
wgd_200_05,178.0,0.41,"{""Answer"":""178"",""Confidence"":""0.41""}",,200.jpg,5,218.0
wgd_200_06,175.0,0.41,"{""Answer"":""175"",""Confidence"":""0.41""}",,200.jpg,6,218.0
wgd_200_07,178.0,0.34,"{""Answer"":""178"",""Confidence"":""0.34""}",,200.jpg,7,218.0
wgd_200_08,175.0,0.63,"{""Answer"":""175"",""Confidence"":""0.63""}",,200.jpg,8,218.0
wgd_200_09,185.0,0.68,"{""Answer"":""185"",""Confidence"":""0.68""}",,200.jpg,9,218.0
wgd_200_10,178.0,0.54,"{""Answer"":""178"",""Confidence"":""0.54""}",,200.jpg,10,218.0
wgd_200_11,185.0,0.61,"{""Answer"":""185"",""Confidence"":""0.61""}",,200.jpg,11,218.0
wgd_200_12,175.0,0.44,"{""Answer"":""175"",""Confidence"":""0.44""}",,200.jpg,12,218.0
wgd_200_13,185.0,0.58,"{""Answer"":""185"",""Confidence"":""0.58""}",,200.jpg,13,218.0
wgd_200_14,175.0,0.62,"{""Answer"":""175"",""Confidence"":""0.62""}",,200.jpg,14,218.0
wgd_200_15,175.0,0.63,"{""Answer"":""175"",""Confidence"":""0.63""}",,200.jpg,15,218.0
wgd_200_16,175.0,0.58,"{""Answer"":""175"",""Confidence"":""0.58""}",,200.jpg,16,218.0
wgd_200_17,190.0,0.47,"{""Answer"":""190"",""Confidence"":""0.47""}",,200.jpg,17,218.0
wgd_200_18,165.0,0.62,"{""Answer"":""165"",""Confidence"":""0.62""}",,200.jpg,18,218.0
wgd_200_19,190.0,0.67,"{""Answer"":""190"",""Confidence"":""0.67""}",,200.jpg,19,218.0
wgd_200_20,175.0,0.56,"{""Answer"":""175"",""Confidence"":""0.56""}",,200.jpg,20,218.0
wgd_201_01,145.0,0.07,"{""Answer"":""145"",""Confidence"":""0.07""}",,201.jpg,1,162.0
wgd_201_02,145.0,0.18,"{""Answer"":""145"",""Confidence"":""0.18""}",,201.jpg,2,162.0
wgd_201_03,138.0,0.18,"{""Answer"":""138"",""Confidence"":""0.18""}",,201.jpg,3,162.0
wgd_201_04,155.0,0.22,"{""Answer"":""155"",""Confidence"":""0.22""}",,201.jpg,4,162.0
wgd_201_05,145.0,0.54,"{""Answer"":""145"",""Confidence"":""0.54""}",,201.jpg,5,162.0
wgd_201_06,145.0,0.33,"{""Answer"":""145"",""Confidence"":""0.33""}",,201.jpg,6,162.0
wgd_201_07,135.0,0.42,"{""Answer"":""135"",""Confidence"":""0.42""}",,201.jpg,7,162.0
wgd_201_08,138.0,0.42,"{""Answer"":""138"",""Confidence"":""0.42""}",,201.jpg,8,162.0
wgd_201_09,140.0,0.56,"{""Answer"":""140"",""Confidence"":""0.56""}",,201.jpg,9,162.0
wgd_201_10,145.0,0.52,"{""Answer"":""145"",""Confidence"":""0.52""}",,201.jpg,10,162.0
wgd_201_11,135.0,0.42,"{""Answer"":""135"",""Confidence"":""0.42""}",,201.jpg,11,162.0
wgd_201_12,135.0,0.42,"{""Answer"":""135"",""Confidence"":""0.42""}",,201.jpg,12,162.0
wgd_201_13,145.0,0.41,"{""Answer"":""145"",""Confidence"":""0.41""}",,201.jpg,13,162.0
wgd_201_14,145.0,0.63,"{""Answer"":""145"",""Confidence"":""0.63""}",,201.jpg,14,162.0
wgd_201_15,145.0,0.62,"{""Answer"":""145"",""Confidence"":""0.62""}",,201.jpg,15,162.0
wgd_201_16,145.0,0.58,"{""Answer"":""145"",""Confidence"":""0.58""}",,201.jpg,16,162.0
wgd_201_17,155.0,0.62,"{""Answer"":""155"",""Confidence"":""0.62""}",,201.jpg,17,162.0
wgd_201_18,150.0,0.42,"{""Answer"":""150"",""Confidence"":""0.42""}",,201.jpg,18,162.0
wgd_201_19,145.0,0.42,"{""Answer"":""145"",""Confidence"":""0.42""}",,201.jpg,19,162.0
wgd_201_20,145.0,0.61,"{""Answer"":""145"",""Confidence"":""0.61""}",,201.jpg,20,162.0
wgd_202_01,165.0,0.07,"{""Answer"":""165"",""Confidence"":""0.07""}",,202.jpg,1,139.0
wgd_202_02,155.0,0.18,"{""Answer"":""155"",""Confidence"":""0.18""}",,202.jpg,2,139.0
wgd_202_03,165.0,0.24,"{""Answer"":""165"",""Confidence"":""0.24""}",,202.jpg,3,139.0
wgd_202_04,162.0,0.32,"{""Answer"":""162"",""Confidence"":""0.32""}",,202.jpg,4,139.0
wgd_202_05,165.0,0.41,"{""Answer"":""165"",""Confidence"":""0.41""}",,202.jpg,5,139.0
wgd_202_06,168.0,0.41,"{""Answer"":""168"",""Confidence"":""0.41""}",,202.jpg,6,139.0
wgd_202_07,155.0,0.64,"{""Answer"":""155"",""Confidence"":""0.64""}",,202.jpg,7,139.0
wgd_202_08,158.0,0.58,"{""Answer"":""158"",""Confidence"":""0.58""}",,202.jpg,8,139.0
wgd_202_09,160.0,0.42,"{""Answer"":""160"",""Confidence"":""0.42""}",,202.jpg,9,139.0
wgd_202_10,168.0,0.58,"{""Answer"":""168"",""Confidence"":""0.58""}",,202.jpg,10,139.0
wgd_202_11,165.0,0.58,"{""Answer"":""165"",""Confidence"":""0.58""}",,202.jpg,11,139.0
wgd_202_12,165.0,0.63,"{""Answer"":""165"",""Confidence"":""0.63""}",,202.jpg,12,139.0
wgd_202_13,165.0,0.62,"{""Answer"":""165"",""Confidence"":""0.62""}",,202.jpg,13,139.0
wgd_202_14,160.0,0.63,"{""Answer"":""160"",""Confidence"":""0.63""}",,202.jpg,14,139.0
wgd_202_15,155.0,0.62,"{""Answer"":""155"",""Confidence"":""0.62""}",,202.jpg,15,139.0
wgd_202_16,165.0,0.58,"{""Answer"":""165"",""Confidence"":""0.58""}",,202.jpg,16,139.0
wgd_202_17,155.0,0.71,"{""Answer"":""155"",""Confidence"":""0.71""}",,202.jpg,17,139.0
wgd_202_18,165.0,0.58,"{""Answer"":""165"",""Confidence"":""0.58""}",,202.jpg,18,139.0
wgd_202_19,165.0,0.72,"{""Answer"":""165"",""Confidence"":""0.72""}",,202.jpg,19,139.0
wgd_202_20,165.0,0.61,"{""Answer"":""165"",""Confidence"":""0.61""}",,202.jpg,20,139.0
wgd_203_01,125.0,0.06,"{""Answer"":""125"",""Confidence"":""0.06""}",,203.jpg,1,132.0
wgd_203_02,125.0,0.18,"{""Answer"":""125"",""Confidence"":""0.18""}",,203.jpg,2,132.0
wgd_203_03,132.0,0.18,"{""Answer"":""132"",""Confidence"":""0.18""}",,203.jpg,3,132.0
wgd_203_04,132.0,0.24,"{""Answer"":""132"",""Confidence"":""0.24""}",,203.jpg,4,132.0
wgd_203_05,125.0,0.38,"{""Answer"":""125"",""Confidence"":""0.38""}",,203.jpg,5,132.0
wgd_203_06,135.0,0.38,"{""Answer"":""135"",""Confidence"":""0.38""}",,203.jpg,6,132.0
wgd_203_07,130.0,0.44,"{""Answer"":""130"",""Confidence"":""0.44""}",,203.jpg,7,132.0
wgd_203_08,132.0,0.54,"{""Answer"":""132"",""Confidence"":""0.54""}",,203.jpg,8,132.0
wgd_203_09,130.0,0.42,"{""Answer"":""130"",""Confidence"":""0.42""}",,203.jpg,9,132.0
wgd_203_10,135.0,0.42,"{""Answer"":""135"",""Confidence"":""0.42""}",,203.jpg,10,132.0
wgd_203_11,125.0,0.28,"{""Answer"":""125"",""Confidence"":""0.28""}",,203.jpg,11,132.0
wgd_203_12,132.0,0.33,"{""Answer"":""132"",""Confidence"":""0.33""}",,203.jpg,12,132.0
wgd_203_13,130.0,0.42,"{""Answer"":""130"",""Confidence"":""0.42""}",,203.jpg,13,132.0
wgd_203_14,125.0,0.41,"{""Answer"":""125"",""Confidence"":""0.41""}",,203.jpg,14,132.0
wgd_203_15,135.0,0.55,"{""Answer"":""135"",""Confidence"":""0.55""}",,203.jpg,15,132.0
wgd_203_16,128.0,0.42,"{""Answer"":""128"",""Confidence"":""0.42""}",,203.jpg,16,132.0
wgd_203_17,125.0,0.38,"{""Answer"":""125"",""Confidence"":""0.38""}",,203.jpg,17,132.0
wgd_203_18,145.0,0.57,"{""Answer"":""145"",""Confidence"":""0.57""}",,203.jpg,18,132.0
wgd_203_19,132.0,0.42,"{""Answer"":""132"",""Confidence"":""0.42""}",,203.jpg,19,132.0
wgd_203_20,135.0,0.58,"{""Answer"":""135"",""Confidence"":""0.58""}",,203.jpg,20,132.0
wgd_204_01,128.0,0.06,"{""Answer"":""128"",""Confidence"":""0.06""}",,204.jpg,1,142.0
wgd_204_02,125.0,0.18,"{""Answer"":""125"",""Confidence"":""0.18""}",,204.jpg,2,142.0
wgd_204_03,128.0,0.19,"{""Answer"":""128"",""Confidence"":""0.19""}",,204.jpg,3,142.0
wgd_204_04,125.0,0.28,"{""Answer"":""125"",""Confidence"":""0.28""}",,204.jpg,4,142.0
wgd_204_05,128.0,0.34,"{""Answer"":""128"",""Confidence"":""0.34""}",,204.jpg,5,142.0
wgd_204_06,128.0,0.34,"{""Answer"":""128"",""Confidence"":""0.34""}",,204.jpg,6,142.0
wgd_204_07,128.0,0.3,"{""Answer"":""128"",""Confidence"":""0.30""}",,204.jpg,7,142.0
wgd_204_08,128.0,0.36,"{""Answer"":""128"",""Confidence"":""0.36""}",,204.jpg,8,142.0
wgd_204_09,128.0,0.41,"{""Answer"":""128"",""Confidence"":""0.41""}",,204.jpg,9,142.0
wgd_204_10,125.0,0.42,"{""Answer"":""125"",""Confidence"":""0.42""}",,204.jpg,10,142.0
wgd_204_11,128.0,0.44,"{""Answer"":""128"",""Confidence"":""0.44""}",,204.jpg,11,142.0
wgd_204_12,132.0,0.42,"{""Answer"":""132"",""Confidence"":""0.42""}",,204.jpg,12,142.0
wgd_204_13,128.0,0.38,"{""Answer"":""128"",""Confidence"":""0.38""}",,204.jpg,13,142.0
wgd_204_14,128.0,0.56,"{""Answer"":""128"",""Confidence"":""0.56""}",,204.jpg,14,142.0
wgd_204_15,128.0,0.53,"{""Answer"":""128"",""Confidence"":""0.53""}",,204.jpg,15,142.0
wgd_204_16,128.0,0.42,"{""Answer"":""128"",""Confidence"":""0.42""}",,204.jpg,16,142.0
wgd_204_17,130.0,0.43,"{""Answer"":""130"",""Confidence"":""0.43""}",,204.jpg,17,142.0
wgd_204_18,128.0,0.42,"{""Answer"":""128"",""Confidence"":""0.42""}",,204.jpg,18,142.0
wgd_204_19,130.0,0.44,"{""Answer"":""130"",""Confidence"":""0.44""}",,204.jpg,19,142.0
wgd_204_20,132.0,0.62,"{""Answer"":""132"",""Confidence"":""0.62""}",,204.jpg,20,142.0
wgd_205_01,130.0,0.18,"{""Answer"":""130"",""Confidence"":""0.18""}",,205.jpg,1,108.0
wgd_205_02,130.0,0.18,"{""Answer"":""130"",""Confidence"":""0.18""}",,205.jpg,2,108.0
wgd_205_03,125.0,0.28,"{""Answer"":""125"",""Confidence"":""0.28""}",,205.jpg,3,108.0
wgd_205_04,120.0,0.28,"{""Answer"":""120"",""Confidence"":""0.28""}",,205.jpg,4,108.0
wgd_205_05,130.0,0.34,"{""Answer"":""130"",""Confidence"":""0.34""}",,205.jpg,5,108.0
wgd_205_06,123.0,0.34,"{""Answer"":""123"",""Confidence"":""0.34""}",,205.jpg,6,108.0
wgd_205_07,125.0,0.28,"{""Answer"":""125"",""Confidence"":""0.28""}",,205.jpg,7,108.0
wgd_205_08,130.0,0.34,"{""Answer"":""130"",""Confidence"":""0.34""}",,205.jpg,8,108.0
wgd_205_09,130.0,0.42,"{""Answer"":""130"",""Confidence"":""0.42""}",,205.jpg,9,108.0
wgd_205_10,128.0,0.58,"{""Answer"":""128"",""Confidence"":""0.58""}",,205.jpg,10,108.0
wgd_205_11,128.0,0.43,"{""Answer"":""128"",""Confidence"":""0.43""}",,205.jpg,11,108.0
wgd_205_12,125.0,0.32,"{""Answer"":""125"",""Confidence"":""0.32""}",,205.jpg,12,108.0
wgd_205_13,120.0,0.62,"{""Answer"":""120"",""Confidence"":""0.62""}",,205.jpg,13,108.0
wgd_205_14,125.0,0.43,"{""Answer"":""125"",""Confidence"":""0.43""}",,205.jpg,14,108.0
wgd_205_15,135.0,0.54,"{""Answer"":""135"",""Confidence"":""0.54""}",,205.jpg,15,108.0
wgd_205_16,128.0,0.32,"{""Answer"":""128"",""Confidence"":""0.32""}",,205.jpg,16,108.0
wgd_205_17,125.0,0.46,"{""Answer"":""125"",""Confidence"":""0.46""}",,205.jpg,17,108.0
wgd_205_18,128.0,0.44,"{""Answer"":""128"",""Confidence"":""0.44""}",,205.jpg,18,108.0
wgd_205_19,125.0,0.55,"{""Answer"":""125"",""Confidence"":""0.55""}",,205.jpg,19,108.0
wgd_205_20,125.0,0.58,"{""Answer"":""125"",""Confidence"":""0.58""}",,205.jpg,20,108.0
wgd_206_01,150.0,0.1,"{""Answer"":""150"",""Confidence"":""0.10""}",,206.jpg,1,169.0
wgd_206_02,155.0,0.18,"{""Answer"":""155"",""Confidence"":""0.18""}",,206.jpg,2,169.0
wgd_206_03,155.0,0.18,"{""Answer"":""155"",""Confidence"":""0.18""}",,206.jpg,3,169.0
wgd_206_04,155.0,0.42,"{""Answer"":""155"",""Confidence"":""0.42""}",,206.jpg,4,169.0
wgd_206_05,155.0,0.43,"{""Answer"":""155"",""Confidence"":""0.43""}",,206.jpg,5,169.0
wgd_206_06,155.0,0.67,"{""Answer"":""155"",""Confidence"":""0.67""}",,206.jpg,6,169.0
wgd_206_07,155.0,0.46,"{""Answer"":""155"",""Confidence"":""0.46""}",,206.jpg,7,169.0
wgd_206_08,155.0,0.46,"{""Answer"":""155"",""Confidence"":""0.46""}",,206.jpg,8,169.0
wgd_206_09,150.0,0.61,"{""Answer"":""150"",""Confidence"":""0.61""}",,206.jpg,9,169.0
wgd_206_10,155.0,0.54,"{""Answer"":""155"",""Confidence"":""0.54""}",,206.jpg,10,169.0
wgd_206_11,155.0,0.63,"{""Answer"":""155"",""Confidence"":""0.63""}",,206.jpg,11,169.0
wgd_206_12,155.0,0.62,"{""Answer"":""155"",""Confidence"":""0.62""}",,206.jpg,12,169.0
wgd_206_13,155.0,0.68,"{""Answer"":""155"",""Confidence"":""0.68""}",,206.jpg,13,169.0
wgd_206_14,155.0,0.72,"{""Answer"":""155"",""Confidence"":""0.72""}",,206.jpg,14,169.0
wgd_206_15,155.0,0.74,"{""Answer"":""155"",""Confidence"":""0.74""}",,206.jpg,15,169.0
wgd_206_16,158.0,0.66,"{""Answer"":""158"",""Confidence"":""0.66""}",,206.jpg,16,169.0
wgd_206_17,155.0,0.68,"{""Answer"":""155"",""Confidence"":""0.68""}",,206.jpg,17,169.0
wgd_206_18,150.0,0.78,"{""Answer"":""150"",""Confidence"":""0.78""}",,206.jpg,18,169.0
wgd_206_19,155.0,0.74,"{""Answer"":""155"",""Confidence"":""0.74""}",,206.jpg,19,169.0
wgd_206_20,155.0,0.68,"{""Answer"":""155"",""Confidence"":""0.68""}",,206.jpg,20,169.0
wgd_207_01,108.0,0.03,"{""Answer"":""108"",""Confidence"":""0.03""}",,207.jpg,1,101.0
wgd_207_02,105.0,0.18,"{""Answer"":""105"",""Confidence"":""0.18""}",,207.jpg,2,101.0
wgd_207_03,105.0,0.18,"{""Answer"":""105"",""Confidence"":""0.18""}",,207.jpg,3,101.0
wgd_207_04,102.0,0.27,"{""Answer"":""102"",""Confidence"":""0.27""}",,207.jpg,4,101.0
wgd_207_05,105.0,0.18,"{""Answer"":""105"",""Confidence"":""0.18""}",,207.jpg,5,101.0
wgd_207_06,100.0,0.41,"{""Answer"":""100"",""Confidence"":""0.41""}",,207.jpg,6,101.0
wgd_207_07,105.0,0.28,"{""Answer"":""105"",""Confidence"":""0.28""}",,207.jpg,7,101.0
wgd_207_08,103.0,0.34,"{""Answer"":""103"",""Confidence"":""0.34""}",,207.jpg,8,101.0
wgd_207_09,100.0,0.41,"{""Answer"":""100"",""Confidence"":""0.41""}",,207.jpg,9,101.0
wgd_207_10,98.0,0.43,"{""Answer"":""98"",""Confidence"":""0.43""}",,207.jpg,10,101.0
wgd_207_11,98.0,0.42,"{""Answer"":""98"",""Confidence"":""0.42""}",,207.jpg,11,101.0
wgd_207_12,105.0,0.47,"{""Answer"":""105"",""Confidence"":""0.47""}",,207.jpg,12,101.0
wgd_207_13,110.0,0.44,"{""Answer"":""110"",""Confidence"":""0.44""}",,207.jpg,13,101.0
wgd_207_14,105.0,0.48,"{""Answer"":""105"",""Confidence"":""0.48""}",,207.jpg,14,101.0
wgd_207_15,100.0,0.58,"{""Answer"":""100"",""Confidence"":""0.58""}",,207.jpg,15,101.0
wgd_207_16,105.0,0.52,"{""Answer"":""105"",""Confidence"":""0.52""}",,207.jpg,16,101.0
wgd_207_17,102.0,0.41,"{""Answer"":""102"",""Confidence"":""0.41""}",,207.jpg,17,101.0
wgd_207_18,100.0,0.42,"{""Answer"":""100"",""Confidence"":""0.42""}",,207.jpg,18,101.0
wgd_207_19,100.0,0.54,"{""Answer"":""100"",""Confidence"":""0.54""}",,207.jpg,19,101.0
wgd_207_20,105.0,0.62,"{""Answer"":""105"",""Confidence"":""0.62""}",,207.jpg,20,101.0
wgd_208_01,135.0,0.07,"{""Answer"":""135"",""Confidence"":""0.07""}",,208.jpg,1,143.0
wgd_208_02,145.0,0.23,"{""Answer"":""145"",""Confidence"":""0.23""}",,208.jpg,2,143.0
wgd_208_03,145.0,0.23,"{""Answer"":""145"",""Confidence"":""0.23""}",,208.jpg,3,143.0
wgd_208_04,145.0,0.41,"{""Answer"":""145"",""Confidence"":""0.41""}",,208.jpg,4,143.0
wgd_208_05,145.0,0.34,"{""Answer"":""145"",""Confidence"":""0.34""}",,208.jpg,5,143.0
wgd_208_06,145.0,0.63,"{""Answer"":""145"",""Confidence"":""0.63""}",,208.jpg,6,143.0
wgd_208_07,145.0,0.36,"{""Answer"":""145"",""Confidence"":""0.36""}",,208.jpg,7,143.0
wgd_208_08,140.0,0.42,"{""Answer"":""140"",""Confidence"":""0.42""}",,208.jpg,8,143.0
wgd_208_09,145.0,0.56,"{""Answer"":""145"",""Confidence"":""0.56""}",,208.jpg,9,143.0
wgd_208_10,145.0,0.62,"{""Answer"":""145"",""Confidence"":""0.62""}",,208.jpg,10,143.0
wgd_208_11,145.0,0.46,"{""Answer"":""145"",""Confidence"":""0.46""}",,208.jpg,11,143.0
wgd_208_12,145.0,0.62,"{""Answer"":""145"",""Confidence"":""0.62""}",,208.jpg,12,143.0
wgd_208_13,145.0,0.67,"{""Answer"":""145"",""Confidence"":""0.67""}",,208.jpg,13,143.0
wgd_208_14,145.0,0.53,"{""Answer"":""145"",""Confidence"":""0.53""}",,208.jpg,14,143.0
wgd_208_15,145.0,0.44,"{""Answer"":""145"",""Confidence"":""0.44""}",,208.jpg,15,143.0
wgd_208_16,145.0,0.52,"{""Answer"":""145"",""Confidence"":""0.52""}",,208.jpg,16,143.0
wgd_208_17,145.0,0.61,"{""Answer"":""145"",""Confidence"":""0.61""}",,208.jpg,17,143.0
wgd_208_18,135.0,0.68,"{""Answer"":""135"",""Confidence"":""0.68""}",,208.jpg,18,143.0
wgd_208_19,145.0,0.71,"{""Answer"":""145"",""Confidence"":""0.71""}",,208.jpg,19,143.0
wgd_208_20,140.0,0.62,"{""Answer"":""140"",""Confidence"":""0.62""}",,208.jpg,20,143.0
wgd_209_01,145.0,0.08,"{""Answer"":""145"",""Confidence"":""0.08""}",,209.jpg,1,140.0
wgd_209_02,145.0,0.18,"{""Answer"":""145"",""Confidence"":""0.18""}",,209.jpg,2,140.0
wgd_209_03,145.0,0.24,"{""Answer"":""145"",""Confidence"":""0.24""}",,209.jpg,3,140.0
wgd_209_04,150.0,0.28,"{""Answer"":""150"",""Confidence"":""0.28""}",,209.jpg,4,140.0
wgd_209_05,150.0,0.32,"{""Answer"":""150"",""Confidence"":""0.32""}",,209.jpg,5,140.0
wgd_209_06,145.0,0.42,"{""Answer"":""145"",""Confidence"":""0.42""}",,209.jpg,6,140.0
wgd_209_07,145.0,0.44,"{""Answer"":""145"",""Confidence"":""0.44""}",,209.jpg,7,140.0
wgd_209_08,145.0,0.32,"{""Answer"":""145"",""Confidence"":""0.32""}",,209.jpg,8,140.0
wgd_209_09,145.0,0.28,"{""Answer"":""145"",""Confidence"":""0.28""}",,209.jpg,9,140.0
wgd_209_10,145.0,0.41,"{""Answer"":""145"",""Confidence"":""0.41""}",,209.jpg,10,140.0
wgd_209_11,145.0,0.55,"{""Answer"":""145"",""Confidence"":""0.55""}",,209.jpg,11,140.0
wgd_209_12,145.0,0.42,"{""Answer"":""145"",""Confidence"":""0.42""}",,209.jpg,12,140.0
wgd_209_13,145.0,0.42,"{""Answer"":""145"",""Confidence"":""0.42""}",,209.jpg,13,140.0
wgd_209_14,145.0,0.42,"{""Answer"":""145"",""Confidence"":""0.42""}",,209.jpg,14,140.0
wgd_209_15,145.0,0.52,"{""Answer"":""145"",""Confidence"":""0.52""}",,209.jpg,15,140.0
wgd_209_16,145.0,0.34,"{""Answer"":""145"",""Confidence"":""0.34""}",,209.jpg,16,140.0
wgd_209_17,145.0,0.52,"{""Answer"":""145"",""Confidence"":""0.52""}",,209.jpg,17,140.0
wgd_209_18,145.0,0.66,"{""Answer"":""145"",""Confidence"":""0.66""}",,209.jpg,18,140.0
wgd_209_19,145.0,0.54,"{""Answer"":""145"",""Confidence"":""0.54""}",,209.jpg,19,140.0
wgd_209_20,150.0,0.61,"{""Answer"":""150"",""Confidence"":""0.61""}",,209.jpg,20,140.0
wgd_210_01,155.0,0.12,"{""Answer"":""155"",""Confidence"":""0.12""}",,210.jpg,1,171.0
wgd_210_02,155.0,0.18,"{""Answer"":""155"",""Confidence"":""0.18""}",,210.jpg,2,171.0
wgd_210_03,150.0,0.22,"{""Answer"":""150"",""Confidence"":""0.22""}",,210.jpg,3,171.0
wgd_210_04,155.0,0.24,"{""Answer"":""155"",""Confidence"":""0.24""}",,210.jpg,4,171.0
wgd_210_05,145.0,0.43,"{""Answer"":""145"",""Confidence"":""0.43""}",,210.jpg,5,171.0
wgd_210_06,145.0,0.42,"{""Answer"":""145"",""Confidence"":""0.42""}",,210.jpg,6,171.0
wgd_210_07,145.0,0.36,"{""Answer"":""145"",""Confidence"":""0.36""}",,210.jpg,7,171.0
wgd_210_08,150.0,0.55,"{""Answer"":""150"",""Confidence"":""0.55""}",,210.jpg,8,171.0
wgd_210_09,155.0,0.54,"{""Answer"":""155"",""Confidence"":""0.54""}",,210.jpg,9,171.0
wgd_210_10,150.0,0.64,"{""Answer"":""150"",""Confidence"":""0.64""}",,210.jpg,10,171.0
wgd_210_11,155.0,0.46,"{""Answer"":""155"",""Confidence"":""0.46""}",,210.jpg,11,171.0
wgd_210_12,155.0,0.61,"{""Answer"":""155"",""Confidence"":""0.61""}",,210.jpg,12,171.0
wgd_210_13,155.0,0.56,"{""Answer"":""155"",""Confidence"":""0.56""}",,210.jpg,13,171.0
wgd_210_14,150.0,0.63,"{""Answer"":""150"",""Confidence"":""0.63""}",,210.jpg,14,171.0
wgd_210_15,150.0,0.63,"{""Answer"":""150"",""Confidence"":""0.63""}",,210.jpg,15,171.0
wgd_210_16,155.0,0.7,"{""Answer"":""155"",""Confidence"":""0.70""}",,210.jpg,16,171.0
wgd_210_17,160.0,0.43,"{""Answer"":""160"",""Confidence"":""0.43""}",,210.jpg,17,171.0
wgd_210_18,155.0,0.56,"{""Answer"":""155"",""Confidence"":""0.56""}",,210.jpg,18,171.0
wgd_210_19,150.0,0.62,"{""Answer"":""150"",""Confidence"":""0.62""}",,210.jpg,19,171.0
wgd_210_20,165.0,0.46,"{""Answer"":""165"",""Confidence"":""0.46""}",,210.jpg,20,171.0
wgd_211_01,150.0,0.06,"{""Answer"":""150"",""Confidence"":""0.06""}",,211.jpg,1,150.0
wgd_211_02,155.0,0.18,"{""Answer"":""155"",""Confidence"":""0.18""}",,211.jpg,2,150.0
wgd_211_03,145.0,0.22,"{""Answer"":""145"",""Confidence"":""0.22""}",,211.jpg,3,150.0
wgd_211_04,158.0,0.38,"{""Answer"":""158"",""Confidence"":""0.38""}",,211.jpg,4,150.0
wgd_211_05,155.0,0.54,"{""Answer"":""155"",""Confidence"":""0.54""}",,211.jpg,5,150.0
wgd_211_06,152.0,0.29,"{""Answer"":""152"",""Confidence"":""0.29""}",,211.jpg,6,150.0
wgd_211_07,152.0,0.42,"{""Answer"":""152"",""Confidence"":""0.42""}",,211.jpg,7,150.0
wgd_211_08,150.0,0.53,"{""Answer"":""150"",""Confidence"":""0.53""}",,211.jpg,8,150.0
wgd_211_09,150.0,0.52,"{""Answer"":""150"",""Confidence"":""0.52""}",,211.jpg,9,150.0
wgd_211_10,150.0,0.62,"{""Answer"":""150"",""Confidence"":""0.62""}",,211.jpg,10,150.0
wgd_211_11,150.0,0.62,"{""Answer"":""150"",""Confidence"":""0.62""}",,211.jpg,11,150.0
wgd_211_12,150.0,0.57,"{""Answer"":""150"",""Confidence"":""0.57""}",,211.jpg,12,150.0
wgd_211_13,155.0,0.61,"{""Answer"":""155"",""Confidence"":""0.61""}",,211.jpg,13,150.0
wgd_211_14,150.0,0.71,"{""Answer"":""150"",""Confidence"":""0.71""}",,211.jpg,14,150.0
wgd_211_15,145.0,0.63,"{""Answer"":""145"",""Confidence"":""0.63""}",,211.jpg,15,150.0
wgd_211_16,148.0,0.63,"{""Answer"":""148"",""Confidence"":""0.63""}",,211.jpg,16,150.0
wgd_211_17,145.0,0.58,"{""Answer"":""145"",""Confidence"":""0.58""}",,211.jpg,17,150.0
wgd_211_18,155.0,0.63,"{""Answer"":""155"",""Confidence"":""0.63""}",,211.jpg,18,150.0
wgd_211_19,152.0,0.61,"{""Answer"":""152"",""Confidence"":""0.61""}",,211.jpg,19,150.0
wgd_211_20,145.0,0.62,"{""Answer"":""145"",""Confidence"":""0.62""}",,211.jpg,20,150.0
wgd_212_01,125.0,0.1,"{""Answer"":""125"",""Confidence"":""0.10""}",,212.jpg,1,151.0
wgd_212_02,123.0,0.18,"{""Answer"":""123"",""Confidence"":""0.18""}",,212.jpg,2,151.0
wgd_212_03,128.0,0.22,"{""Answer"":""128"",""Confidence"":""0.22""}",,212.jpg,3,151.0
wgd_212_04,118.0,0.42,"{""Answer"":""118"",""Confidence"":""0.42""}",,212.jpg,4,151.0
wgd_212_05,130.0,0.42,"{""Answer"":""130"",""Confidence"":""0.42""}",,212.jpg,5,151.0
wgd_212_06,128.0,0.37,"{""Answer"":""128"",""Confidence"":""0.37""}",,212.jpg,6,151.0
wgd_212_07,125.0,0.41,"{""Answer"":""125"",""Confidence"":""0.41""}",,212.jpg,7,151.0
wgd_212_08,128.0,0.56,"{""Answer"":""128"",""Confidence"":""0.56""}",,212.jpg,8,151.0
wgd_212_09,125.0,0.58,"{""Answer"":""125"",""Confidence"":""0.58""}",,212.jpg,9,151.0
wgd_212_10,125.0,0.63,"{""Answer"":""125"",""Confidence"":""0.63""}",,212.jpg,10,151.0
wgd_212_11,125.0,0.56,"{""Answer"":""125"",""Confidence"":""0.56""}",,212.jpg,11,151.0
wgd_212_12,128.0,0.52,"{""Answer"":""128"",""Confidence"":""0.52""}",,212.jpg,12,151.0
wgd_212_13,125.0,0.66,"{""Answer"":""125"",""Confidence"":""0.66""}",,212.jpg,13,151.0
wgd_212_14,128.0,0.31,"{""Answer"":""128"",""Confidence"":""0.31""}",,212.jpg,14,151.0
wgd_212_15,125.0,0.63,"{""Answer"":""125"",""Confidence"":""0.63""}",,212.jpg,15,151.0
wgd_212_16,120.0,0.63,"{""Answer"":""120"",""Confidence"":""0.63""}",,212.jpg,16,151.0
wgd_212_17,128.0,0.38,"{""Answer"":""128"",""Confidence"":""0.38""}",,212.jpg,17,151.0
wgd_212_18,125.0,0.63,"{""Answer"":""125"",""Confidence"":""0.63""}",,212.jpg,18,151.0
wgd_212_19,125.0,0.78,"{""Answer"":""125"",""Confidence"":""0.78""}",,212.jpg,19,151.0
wgd_212_20,125.0,0.61,"{""Answer"":""125"",""Confidence"":""0.61""}",,212.jpg,20,151.0
wgd_213_01,155.0,0.12,"{""Answer"":""155"",""Confidence"":""0.12""}",,213.jpg,1,178.0
wgd_213_02,165.0,0.24,"{""Answer"":""165"",""Confidence"":""0.24""}",,213.jpg,2,178.0
wgd_213_03,160.0,0.34,"{""Answer"":""160"",""Confidence"":""0.34""}",,213.jpg,3,178.0
wgd_213_04,160.0,0.19,"{""Answer"":""160"",""Confidence"":""0.19""}",,213.jpg,4,178.0
wgd_213_05,155.0,0.54,"{""Answer"":""155"",""Confidence"":""0.54""}",,213.jpg,5,178.0
wgd_213_06,155.0,0.62,"{""Answer"":""155"",""Confidence"":""0.62""}",,213.jpg,6,178.0
wgd_213_07,165.0,0.36,"{""Answer"":""165"",""Confidence"":""0.36""}",,213.jpg,7,178.0
wgd_213_08,160.0,0.58,"{""Answer"":""160"",""Confidence"":""0.58""}",,213.jpg,8,178.0
wgd_213_09,155.0,0.63,"{""Answer"":""155"",""Confidence"":""0.63""}",,213.jpg,9,178.0
wgd_213_10,155.0,0.54,"{""Answer"":""155"",""Confidence"":""0.54""}",,213.jpg,10,178.0
wgd_213_11,158.0,0.52,"{""Answer"":""158"",""Confidence"":""0.52""}",,213.jpg,11,178.0
wgd_213_12,160.0,0.58,"{""Answer"":""160"",""Confidence"":""0.58""}",,213.jpg,12,178.0
wgd_213_13,160.0,0.34,"{""Answer"":""160"",""Confidence"":""0.34""}",,213.jpg,13,178.0
wgd_213_14,155.0,0.63,"{""Answer"":""155"",""Confidence"":""0.63""}",,213.jpg,14,178.0
wgd_213_15,160.0,0.71,"{""Answer"":""160"",""Confidence"":""0.71""}",,213.jpg,15,178.0
wgd_213_16,165.0,0.63,"{""Answer"":""165"",""Confidence"":""0.63""}",,213.jpg,16,178.0
wgd_213_17,165.0,0.62,"{""Answer"":""165"",""Confidence"":""0.62""}",,213.jpg,17,178.0
wgd_213_18,160.0,0.66,"{""Answer"":""160"",""Confidence"":""0.66""}",,213.jpg,18,178.0
wgd_213_19,155.0,0.64,"{""Answer"":""155"",""Confidence"":""0.64""}",,213.jpg,19,178.0
wgd_213_20,155.0,0.62,"{""Answer"":""155"",""Confidence"":""0.62""}",,213.jpg,20,178.0
wgd_214_01,150.0,0.12,"{""Answer"":""150"",""Confidence"":""0.12""}",,214.jpg,1,191.0
wgd_214_02,145.0,0.22,"{""Answer"":""145"",""Confidence"":""0.22""}",,214.jpg,2,191.0
wgd_214_03,148.0,0.24,"{""Answer"":""148"",""Confidence"":""0.24""}",,214.jpg,3,191.0
wgd_214_04,150.0,0.32,"{""Answer"":""150"",""Confidence"":""0.32""}",,214.jpg,4,191.0
wgd_214_05,155.0,0.39,"{""Answer"":""155"",""Confidence"":""0.39""}",,214.jpg,5,191.0
wgd_214_06,152.0,0.24,"{""Answer"":""152"",""Confidence"":""0.24""}",,214.jpg,6,191.0
wgd_214_07,150.0,0.28,"{""Answer"":""150"",""Confidence"":""0.28""}",,214.jpg,7,191.0
wgd_214_08,155.0,0.39,"{""Answer"":""155"",""Confidence"":""0.39""}",,214.jpg,8,191.0
wgd_214_09,155.0,0.61,"{""Answer"":""155"",""Confidence"":""0.61""}",,214.jpg,9,191.0
wgd_214_10,155.0,0.62,"{""Answer"":""155"",""Confidence"":""0.62""}",,214.jpg,10,191.0
wgd_214_11,155.0,0.64,"{""Answer"":""155"",""Confidence"":""0.64""}",,214.jpg,11,191.0
wgd_214_12,155.0,0.62,"{""Answer"":""155"",""Confidence"":""0.62""}",,214.jpg,12,191.0
wgd_214_13,150.0,0.69,"{""Answer"":""150"",""Confidence"":""0.69""}",,214.jpg,13,191.0
wgd_214_14,150.0,0.43,"{""Answer"":""150"",""Confidence"":""0.43""}",,214.jpg,14,191.0
wgd_214_15,150.0,0.62,"{""Answer"":""150"",""Confidence"":""0.62""}",,214.jpg,15,191.0
wgd_214_16,150.0,0.62,"{""Answer"":""150"",""Confidence"":""0.62""}",,214.jpg,16,191.0
wgd_214_17,152.0,0.58,"{""Answer"":""152"",""Confidence"":""0.58""}",,214.jpg,17,191.0
wgd_214_18,155.0,0.52,"{""Answer"":""155"",""Confidence"":""0.52""}",,214.jpg,18,191.0
wgd_214_19,150.0,0.62,"{""Answer"":""150"",""Confidence"":""0.62""}",,214.jpg,19,191.0
wgd_214_20,150.0,0.66,"{""Answer"":""150"",""Confidence"":""0.66""}",,214.jpg,20,191.0
wgd_215_01,130.0,0.03,"{""Answer"":""130"",""Confidence"":""0.03""}",,215.jpg,1,158.0
wgd_215_02,128.0,0.18,"{""Answer"":""128"",""Confidence"":""0.18""}",,215.jpg,2,158.0
wgd_215_03,132.0,0.18,"{""Answer"":""132"",""Confidence"":""0.18""}",,215.jpg,3,158.0
wgd_215_04,130.0,0.19,"{""Answer"":""130"",""Confidence"":""0.19""}",,215.jpg,4,158.0
wgd_215_05,135.0,0.38,"{""Answer"":""135"",""Confidence"":""0.38""}",,215.jpg,5,158.0
wgd_215_06,128.0,0.34,"{""Answer"":""128"",""Confidence"":""0.34""}",,215.jpg,6,158.0
wgd_215_07,132.0,0.46,"{""Answer"":""132"",""Confidence"":""0.46""}",,215.jpg,7,158.0
wgd_215_08,125.0,0.41,"{""Answer"":""125"",""Confidence"":""0.41""}",,215.jpg,8,158.0
wgd_215_09,132.0,0.32,"{""Answer"":""132"",""Confidence"":""0.32""}",,215.jpg,9,158.0
wgd_215_10,130.0,0.42,"{""Answer"":""130"",""Confidence"":""0.42""}",,215.jpg,10,158.0
wgd_215_11,125.0,0.42,"{""Answer"":""125"",""Confidence"":""0.42""}",,215.jpg,11,158.0
wgd_215_12,128.0,0.56,"{""Answer"":""128"",""Confidence"":""0.56""}",,215.jpg,12,158.0
wgd_215_13,125.0,0.74,"{""Answer"":""125"",""Confidence"":""0.74""}",,215.jpg,13,158.0
wgd_215_14,130.0,0.38,"{""Answer"":""130"",""Confidence"":""0.38""}",,215.jpg,14,158.0
wgd_215_15,128.0,0.57,"{""Answer"":""128"",""Confidence"":""0.57""}",,215.jpg,15,158.0
wgd_215_16,128.0,0.42,"{""Answer"":""128"",""Confidence"":""0.42""}",,215.jpg,16,158.0
wgd_215_17,125.0,0.64,"{""Answer"":""125"",""Confidence"":""0.64""}",,215.jpg,17,158.0
wgd_215_18,125.0,0.64,"{""Answer"":""125"",""Confidence"":""0.64""}",,215.jpg,18,158.0
wgd_215_19,135.0,0.43,"{""Answer"":""135"",""Confidence"":""0.43""}",,215.jpg,19,158.0
wgd_215_20,130.0,0.62,"{""Answer"":""130"",""Confidence"":""0.62""}",,215.jpg,20,158.0
wgd_216_01,185.0,0.18,"{""Answer"":""185"",""Confidence"":""0.18""}",,216.jpg,1,184.0
wgd_216_02,175.0,0.18,"{""Answer"":""175"",""Confidence"":""0.18""}",,216.jpg,2,184.0
wgd_216_03,175.0,0.22,"{""Answer"":""175"",""Confidence"":""0.22""}",,216.jpg,3,184.0
wgd_216_04,185.0,0.26,"{""Answer"":""185"",""Confidence"":""0.26""}",,216.jpg,4,184.0
wgd_216_05,175.0,0.34,"{""Answer"":""175"",""Confidence"":""0.34""}",,216.jpg,5,184.0
wgd_216_06,175.0,0.27,"{""Answer"":""175"",""Confidence"":""0.27""}",,216.jpg,6,184.0
wgd_216_07,170.0,0.39,"{""Answer"":""170"",""Confidence"":""0.39""}",,216.jpg,7,184.0
wgd_216_08,175.0,0.34,"{""Answer"":""175"",""Confidence"":""0.34""}",,216.jpg,8,184.0
wgd_216_09,180.0,0.62,"{""Answer"":""180"",""Confidence"":""0.62""}",,216.jpg,9,184.0
wgd_216_10,175.0,0.64,"{""Answer"":""175"",""Confidence"":""0.64""}",,216.jpg,10,184.0
wgd_216_11,185.0,0.41,"{""Answer"":""185"",""Confidence"":""0.41""}",,216.jpg,11,184.0
wgd_216_12,175.0,0.62,"{""Answer"":""175"",""Confidence"":""0.62""}",,216.jpg,12,184.0
wgd_216_13,175.0,0.41,"{""Answer"":""175"",""Confidence"":""0.41""}",,216.jpg,13,184.0
wgd_216_14,175.0,0.62,"{""Answer"":""175"",""Confidence"":""0.62""}",,216.jpg,14,184.0
wgd_216_15,180.0,0.48,"{""Answer"":""180"",""Confidence"":""0.48""}",,216.jpg,15,184.0
wgd_216_16,185.0,0.62,"{""Answer"":""185"",""Confidence"":""0.62""}",,216.jpg,16,184.0
wgd_216_17,195.0,0.54,"{""Answer"":""195"",""Confidence"":""0.54""}",,216.jpg,17,184.0
wgd_216_18,185.0,0.64,"{""Answer"":""185"",""Confidence"":""0.64""}",,216.jpg,18,184.0
wgd_216_19,175.0,0.61,"{""Answer"":""175"",""Confidence"":""0.61""}",,216.jpg,19,184.0
wgd_216_20,175.0,0.56,"{""Answer"":""175"",""Confidence"":""0.56""}",,216.jpg,20,184.0
wgd_217_01,110.0,0.08,"{""Answer"":""110"",""Confidence"":""0.08""}",,217.jpg,1,120.0
wgd_217_02,108.0,0.17,"{""Answer"":""108"",""Confidence"":""0.17""}",,217.jpg,2,120.0
wgd_217_03,120.0,0.22,"{""Answer"":""120"",""Confidence"":""0.22""}",,217.jpg,3,120.0
wgd_217_04,112.0,0.18,"{""Answer"":""112"",""Confidence"":""0.18""}",,217.jpg,4,120.0
wgd_217_05,125.0,0.26,"{""Answer"":""125"",""Confidence"":""0.26""}",,217.jpg,5,120.0
wgd_217_06,120.0,0.32,"{""Answer"":""120"",""Confidence"":""0.32""}",,217.jpg,6,120.0
wgd_217_07,110.0,0.36,"{""Answer"":""110"",""Confidence"":""0.36""}",,217.jpg,7,120.0
wgd_217_08,115.0,0.42,"{""Answer"":""115"",""Confidence"":""0.42""}",,217.jpg,8,120.0
wgd_217_09,115.0,0.52,"{""Answer"":""115"",""Confidence"":""0.52""}",,217.jpg,9,120.0
wgd_217_10,120.0,0.43,"{""Answer"":""120"",""Confidence"":""0.43""}",,217.jpg,10,120.0
wgd_217_11,115.0,0.63,"{""Answer"":""115"",""Confidence"":""0.63""}",,217.jpg,11,120.0
wgd_217_12,115.0,0.41,"{""Answer"":""115"",""Confidence"":""0.41""}",,217.jpg,12,120.0
wgd_217_13,115.0,0.52,"{""Answer"":""115"",""Confidence"":""0.52""}",,217.jpg,13,120.0
wgd_217_14,115.0,0.42,"{""Answer"":""115"",""Confidence"":""0.42""}",,217.jpg,14,120.0
wgd_217_15,118.0,0.61,"{""Answer"":""118"",""Confidence"":""0.61""}",,217.jpg,15,120.0
wgd_217_16,115.0,0.72,"{""Answer"":""115"",""Confidence"":""0.72""}",,217.jpg,16,120.0
wgd_217_17,120.0,0.62,"{""Answer"":""120"",""Confidence"":""0.62""}",,217.jpg,17,120.0
wgd_217_18,120.0,0.57,"{""Answer"":""120"",""Confidence"":""0.57""}",,217.jpg,18,120.0
wgd_217_19,110.0,0.41,"{""Answer"":""110"",""Confidence"":""0.41""}",,217.jpg,19,120.0
wgd_217_20,120.0,0.42,"{""Answer"":""120"",""Confidence"":""0.42""}",,217.jpg,20,120.0
wgd_218_01,165.0,0.08,"{""Answer"":""165"",""Confidence"":""0.08""}",,218.jpg,1,169.0
wgd_218_02,155.0,0.18,"{""Answer"":""155"",""Confidence"":""0.18""}",,218.jpg,2,169.0
wgd_218_03,165.0,0.19,"{""Answer"":""165"",""Confidence"":""0.19""}",,218.jpg,3,169.0
wgd_218_04,165.0,0.28,"{""Answer"":""165"",""Confidence"":""0.28""}",,218.jpg,4,169.0
wgd_218_05,165.0,0.41,"{""Answer"":""165"",""Confidence"":""0.41""}",,218.jpg,5,169.0
wgd_218_06,155.0,0.62,"{""Answer"":""155"",""Confidence"":""0.62""}",,218.jpg,6,169.0
wgd_218_07,155.0,0.47,"{""Answer"":""155"",""Confidence"":""0.47""}",,218.jpg,7,169.0
wgd_218_08,165.0,0.46,"{""Answer"":""165"",""Confidence"":""0.46""}",,218.jpg,8,169.0
wgd_218_09,165.0,0.63,"{""Answer"":""165"",""Confidence"":""0.63""}",,218.jpg,9,169.0
wgd_218_10,165.0,0.62,"{""Answer"":""165"",""Confidence"":""0.62""}",,218.jpg,10,169.0
wgd_218_11,160.0,0.61,"{""Answer"":""160"",""Confidence"":""0.61""}",,218.jpg,11,169.0
wgd_218_12,155.0,0.63,"{""Answer"":""155"",""Confidence"":""0.63""}",,218.jpg,12,169.0
wgd_218_13,170.0,0.62,"{""Answer"":""170"",""Confidence"":""0.62""}",,218.jpg,13,169.0
wgd_218_14,160.0,0.71,"{""Answer"":""160"",""Confidence"":""0.71""}",,218.jpg,14,169.0
wgd_218_15,165.0,0.72,"{""Answer"":""165"",""Confidence"":""0.72""}",,218.jpg,15,169.0
wgd_218_16,165.0,0.64,"{""Answer"":""165"",""Confidence"":""0.64""}",,218.jpg,16,169.0
wgd_218_17,155.0,0.54,"{""Answer"":""155"",""Confidence"":""0.54""}",,218.jpg,17,169.0
wgd_218_18,165.0,0.68,"{""Answer"":""165"",""Confidence"":""0.68""}",,218.jpg,18,169.0
wgd_218_19,165.0,0.74,"{""Answer"":""165"",""Confidence"":""0.74""}",,218.jpg,19,169.0
wgd_218_20,155.0,0.74,"{""Answer"":""155"",""Confidence"":""0.74""}",,218.jpg,20,169.0
wgd_219_01,155.0,0.12,"{""Answer"":""155"",""Confidence"":""0.12""}",,219.jpg,1,127.0
wgd_219_02,145.0,0.18,"{""Answer"":""145"",""Confidence"":""0.18""}",,219.jpg,2,127.0
wgd_219_03,155.0,0.42,"{""Answer"":""155"",""Confidence"":""0.42""}",,219.jpg,3,127.0
wgd_219_04,150.0,0.34,"{""Answer"":""150"",""Confidence"":""0.34""}",,219.jpg,4,127.0
wgd_219_05,150.0,0.54,"{""Answer"":""150"",""Confidence"":""0.54""}",,219.jpg,5,127.0
wgd_219_06,155.0,0.34,"{""Answer"":""155"",""Confidence"":""0.34""}",,219.jpg,6,127.0
wgd_219_07,148.0,0.56,"{""Answer"":""148"",""Confidence"":""0.56""}",,219.jpg,7,127.0
wgd_219_08,155.0,0.54,"{""Answer"":""155"",""Confidence"":""0.54""}",,219.jpg,8,127.0
wgd_219_09,148.0,0.58,"{""Answer"":""148"",""Confidence"":""0.58""}",,219.jpg,9,127.0
wgd_219_10,155.0,0.42,"{""Answer"":""155"",""Confidence"":""0.42""}",,219.jpg,10,127.0
wgd_219_11,145.0,0.74,"{""Answer"":""145"",""Confidence"":""0.74""}",,219.jpg,11,127.0
wgd_219_12,155.0,0.62,"{""Answer"":""155"",""Confidence"":""0.62""}",,219.jpg,12,127.0
wgd_219_13,150.0,0.62,"{""Answer"":""150"",""Confidence"":""0.62""}",,219.jpg,13,127.0
wgd_219_14,150.0,0.63,"{""Answer"":""150"",""Confidence"":""0.63""}",,219.jpg,14,127.0
wgd_219_15,150.0,0.62,"{""Answer"":""150"",""Confidence"":""0.62""}",,219.jpg,15,127.0
wgd_219_16,155.0,0.62,"{""Answer"":""155"",""Confidence"":""0.62""}",,219.jpg,16,127.0
wgd_219_17,145.0,0.67,"{""Answer"":""145"",""Confidence"":""0.67""}",,219.jpg,17,127.0
wgd_219_18,150.0,0.72,"{""Answer"":""150"",""Confidence"":""0.72""}",,219.jpg,18,127.0
wgd_219_19,150.0,0.62,"{""Answer"":""150"",""Confidence"":""0.62""}",,219.jpg,19,127.0
wgd_219_20,150.0,0.54,"{""Answer"":""150"",""Confidence"":""0.54""}",,219.jpg,20,127.0
wgd_220_01,155.0,0.18,"{""Answer"":""155"",""Confidence"":""0.18""}",,220.jpg,1,153.0
wgd_220_02,145.0,0.18,"{""Answer"":""145"",""Confidence"":""0.18""}",,220.jpg,2,153.0
wgd_220_03,148.0,0.24,"{""Answer"":""148"",""Confidence"":""0.24""}",,220.jpg,3,153.0
wgd_220_04,150.0,0.58,"{""Answer"":""150"",""Confidence"":""0.58""}",,220.jpg,4,153.0
wgd_220_05,150.0,0.38,"{""Answer"":""150"",""Confidence"":""0.38""}",,220.jpg,5,153.0
wgd_220_06,150.0,0.48,"{""Answer"":""150"",""Confidence"":""0.48""}",,220.jpg,6,153.0
wgd_220_07,155.0,0.56,"{""Answer"":""155"",""Confidence"":""0.56""}",,220.jpg,7,153.0
wgd_220_08,152.0,0.38,"{""Answer"":""152"",""Confidence"":""0.38""}",,220.jpg,8,153.0
wgd_220_09,155.0,0.54,"{""Answer"":""155"",""Confidence"":""0.54""}",,220.jpg,9,153.0
wgd_220_10,155.0,0.38,"{""Answer"":""155"",""Confidence"":""0.38""}",,220.jpg,10,153.0
wgd_220_11,145.0,0.56,"{""Answer"":""145"",""Confidence"":""0.56""}",,220.jpg,11,153.0
wgd_220_12,155.0,0.62,"{""Answer"":""155"",""Confidence"":""0.62""}",,220.jpg,12,153.0
wgd_220_13,150.0,0.62,"{""Answer"":""150"",""Confidence"":""0.62""}",,220.jpg,13,153.0
wgd_220_14,145.0,0.62,"{""Answer"":""145"",""Confidence"":""0.62""}",,220.jpg,14,153.0
wgd_220_15,155.0,0.64,"{""Answer"":""155"",""Confidence"":""0.64""}",,220.jpg,15,153.0
wgd_220_16,155.0,0.68,"{""Answer"":""155"",""Confidence"":""0.68""}",,220.jpg,16,153.0
wgd_220_17,150.0,0.62,"{""Answer"":""150"",""Confidence"":""0.62""}",,220.jpg,17,153.0
wgd_220_18,155.0,0.68,"{""Answer"":""155"",""Confidence"":""0.68""}",,220.jpg,18,153.0
wgd_220_19,155.0,0.63,"{""Answer"":""155"",""Confidence"":""0.63""}",,220.jpg,19,153.0
wgd_220_20,145.0,0.62,"{""Answer"":""145"",""Confidence"":""0.62""}",,220.jpg,20,153.0
wgd_221_01,118.0,0.12,"{""Answer"":""118"",""Confidence"":""0.12""}",,221.jpg,1,116.0
wgd_221_02,118.0,0.18,"{""Answer"":""118"",""Confidence"":""0.18""}",,221.jpg,2,116.0
wgd_221_03,115.0,0.18,"{""Answer"":""115"",""Confidence"":""0.18""}",,221.jpg,3,116.0
wgd_221_04,125.0,0.34,"{""Answer"":""125"",""Confidence"":""0.34""}",,221.jpg,4,116.0
wgd_221_05,120.0,0.44,"{""Answer"":""120"",""Confidence"":""0.44""}",,221.jpg,5,116.0
wgd_221_06,112.0,0.57,"{""Answer"":""112"",""Confidence"":""0.57""}",,221.jpg,6,116.0
wgd_221_07,115.0,0.34,"{""Answer"":""115"",""Confidence"":""0.34""}",,221.jpg,7,116.0
wgd_221_08,115.0,0.58,"{""Answer"":""115"",""Confidence"":""0.58""}",,221.jpg,8,116.0
wgd_221_09,115.0,0.42,"{""Answer"":""115"",""Confidence"":""0.42""}",,221.jpg,9,116.0
wgd_221_10,115.0,0.44,"{""Answer"":""115"",""Confidence"":""0.44""}",,221.jpg,10,116.0
wgd_221_11,118.0,0.64,"{""Answer"":""118"",""Confidence"":""0.64""}",,221.jpg,11,116.0
wgd_221_12,120.0,0.56,"{""Answer"":""120"",""Confidence"":""0.56""}",,221.jpg,12,116.0
wgd_221_13,115.0,0.42,"{""Answer"":""115"",""Confidence"":""0.42""}",,221.jpg,13,116.0
wgd_221_14,120.0,0.63,"{""Answer"":""120"",""Confidence"":""0.63""}",,221.jpg,14,116.0
wgd_221_15,115.0,0.56,"{""Answer"":""115"",""Confidence"":""0.56""}",,221.jpg,15,116.0
wgd_221_16,118.0,0.52,"{""Answer"":""118"",""Confidence"":""0.52""}",,221.jpg,16,116.0
wgd_221_17,120.0,0.54,"{""Answer"":""120"",""Confidence"":""0.54""}",,221.jpg,17,116.0
wgd_221_18,115.0,0.56,"{""Answer"":""115"",""Confidence"":""0.56""}",,221.jpg,18,116.0
wgd_221_19,118.0,0.46,"{""Answer"":""118"",""Confidence"":""0.46""}",,221.jpg,19,116.0
wgd_221_20,115.0,0.62,"{""Answer"":""115"",""Confidence"":""0.62""}",,221.jpg,20,116.0
wgd_222_01,135.0,0.12,"{""Answer"":""135"",""Confidence"":""0.12""}",,222.jpg,1,119.0
wgd_222_02,135.0,0.18,"{""Answer"":""135"",""Confidence"":""0.18""}",,222.jpg,2,119.0
wgd_222_03,135.0,0.18,"{""Answer"":""135"",""Confidence"":""0.18""}",,222.jpg,3,119.0
wgd_222_04,135.0,0.18,"{""Answer"":""135"",""Confidence"":""0.18""}",,222.jpg,4,119.0
wgd_222_05,140.0,0.32,"{""Answer"":""140"",""Confidence"":""0.32""}",,222.jpg,5,119.0
wgd_222_06,125.0,0.44,"{""Answer"":""125"",""Confidence"":""0.44""}",,222.jpg,6,119.0
wgd_222_07,135.0,0.31,"{""Answer"":""135"",""Confidence"":""0.31""}",,222.jpg,7,119.0
wgd_222_08,135.0,0.41,"{""Answer"":""135"",""Confidence"":""0.41""}",,222.jpg,8,119.0
wgd_222_09,135.0,0.42,"{""Answer"":""135"",""Confidence"":""0.42""}",,222.jpg,9,119.0
wgd_222_10,135.0,0.44,"{""Answer"":""135"",""Confidence"":""0.44""}",,222.jpg,10,119.0
wgd_222_11,135.0,0.68,"{""Answer"":""135"",""Confidence"":""0.68""}",,222.jpg,11,119.0
wgd_222_12,128.0,0.63,"{""Answer"":""128"",""Confidence"":""0.63""}",,222.jpg,12,119.0
wgd_222_13,130.0,0.63,"{""Answer"":""130"",""Confidence"":""0.63""}",,222.jpg,13,119.0
wgd_222_14,145.0,0.58,"{""Answer"":""145"",""Confidence"":""0.58""}",,222.jpg,14,119.0
wgd_222_15,135.0,0.61,"{""Answer"":""135"",""Confidence"":""0.61""}",,222.jpg,15,119.0
wgd_222_16,125.0,0.52,"{""Answer"":""125"",""Confidence"":""0.52""}",,222.jpg,16,119.0
wgd_222_17,138.0,0.57,"{""Answer"":""138"",""Confidence"":""0.57""}",,222.jpg,17,119.0
wgd_222_18,140.0,0.58,"{""Answer"":""140"",""Confidence"":""0.58""}",,222.jpg,18,119.0
wgd_222_19,135.0,0.62,"{""Answer"":""135"",""Confidence"":""0.62""}",,222.jpg,19,119.0
wgd_222_20,135.0,0.52,"{""Answer"":""135"",""Confidence"":""0.52""}",,222.jpg,20,119.0
wgd_223_01,184.0,0.04,"{""Answer"":""184"",""Confidence"":""0.04""}",,223.jpg,1,187.0
wgd_223_02,180.0,0.18,"{""Answer"":""180"",""Confidence"":""0.18""}",,223.jpg,2,187.0
wgd_223_03,178.0,0.18,"{""Answer"":""178"",""Confidence"":""0.18""}",,223.jpg,3,187.0
wgd_223_04,185.0,0.42,"{""Answer"":""185"",""Confidence"":""0.42""}",,223.jpg,4,187.0
wgd_223_05,182.0,0.41,"{""Answer"":""182"",""Confidence"":""0.41""}",,223.jpg,5,187.0
wgd_223_06,185.0,0.39,"{""Answer"":""185"",""Confidence"":""0.39""}",,223.jpg,6,187.0
wgd_223_07,178.0,0.58,"{""Answer"":""178"",""Confidence"":""0.58""}",,223.jpg,7,187.0
wgd_223_08,182.0,0.53,"{""Answer"":""182"",""Confidence"":""0.53""}",,223.jpg,8,187.0
wgd_223_09,185.0,0.62,"{""Answer"":""185"",""Confidence"":""0.62""}",,223.jpg,9,187.0
wgd_223_10,185.0,0.62,"{""Answer"":""185"",""Confidence"":""0.62""}",,223.jpg,10,187.0
wgd_223_11,175.0,0.67,"{""Answer"":""175"",""Confidence"":""0.67""}",,223.jpg,11,187.0
wgd_223_12,175.0,0.62,"{""Answer"":""175"",""Confidence"":""0.62""}",,223.jpg,12,187.0
wgd_223_13,185.0,0.66,"{""Answer"":""185"",""Confidence"":""0.66""}",,223.jpg,13,187.0
wgd_223_14,178.0,0.74,"{""Answer"":""178"",""Confidence"":""0.74""}",,223.jpg,14,187.0
wgd_223_15,185.0,0.61,"{""Answer"":""185"",""Confidence"":""0.61""}",,223.jpg,15,187.0
wgd_223_16,178.0,0.74,"{""Answer"":""178"",""Confidence"":""0.74""}",,223.jpg,16,187.0
wgd_223_17,180.0,0.62,"{""Answer"":""180"",""Confidence"":""0.62""}",,223.jpg,17,187.0
wgd_223_18,185.0,0.64,"{""Answer"":""185"",""Confidence"":""0.64""}",,223.jpg,18,187.0
wgd_223_19,185.0,0.62,"{""Answer"":""185"",""Confidence"":""0.62""}",,223.jpg,19,187.0
wgd_223_20,185.0,0.62,"{""Answer"":""185"",""Confidence"":""0.62""}",,223.jpg,20,187.0
wgd_224_01,120.0,0.08,"{""Answer"":""120"",""Confidence"":""0.08""}",,224.jpg,1,110.0
wgd_224_02,118.0,0.22,"{""Answer"":""118"",""Confidence"":""0.22""}",,224.jpg,2,110.0
wgd_224_03,118.0,0.28,"{""Answer"":""118"",""Confidence"":""0.28""}",,224.jpg,3,110.0
wgd_224_04,120.0,0.28,"{""Answer"":""120"",""Confidence"":""0.28""}",,224.jpg,4,110.0
wgd_224_05,120.0,0.52,"{""Answer"":""120"",""Confidence"":""0.52""}",,224.jpg,5,110.0
wgd_224_06,120.0,0.28,"{""Answer"":""120"",""Confidence"":""0.28""}",,224.jpg,6,110.0
wgd_224_07,125.0,0.41,"{""Answer"":""125"",""Confidence"":""0.41""}",,224.jpg,7,110.0
wgd_224_08,118.0,0.44,"{""Answer"":""118"",""Confidence"":""0.44""}",,224.jpg,8,110.0
wgd_224_09,115.0,0.63,"{""Answer"":""115"",""Confidence"":""0.63""}",,224.jpg,9,110.0
wgd_224_10,120.0,0.46,"{""Answer"":""120"",""Confidence"":""0.46""}",,224.jpg,10,110.0
wgd_224_11,120.0,0.58,"{""Answer"":""120"",""Confidence"":""0.58""}",,224.jpg,11,110.0
wgd_224_12,118.0,0.58,"{""Answer"":""118"",""Confidence"":""0.58""}",,224.jpg,12,110.0
wgd_224_13,118.0,0.56,"{""Answer"":""118"",""Confidence"":""0.56""}",,224.jpg,13,110.0
wgd_224_14,118.0,0.62,"{""Answer"":""118"",""Confidence"":""0.62""}",,224.jpg,14,110.0
wgd_224_15,120.0,0.62,"{""Answer"":""120"",""Confidence"":""0.62""}",,224.jpg,15,110.0
wgd_224_16,118.0,0.62,"{""Answer"":""118"",""Confidence"":""0.62""}",,224.jpg,16,110.0
wgd_224_17,118.0,0.62,"{""Answer"":""118"",""Confidence"":""0.62""}",,224.jpg,17,110.0
wgd_224_18,118.0,0.63,"{""Answer"":""118"",""Confidence"":""0.63""}",,224.jpg,18,110.0
wgd_224_19,118.0,0.68,"{""Answer"":""118"",""Confidence"":""0.68""}",,224.jpg,19,110.0
wgd_224_20,120.0,0.62,"{""Answer"":""120"",""Confidence"":""0.62""}",,224.jpg,20,110.0
wgd_225_01,125.0,0.12,"{""Answer"":""125"",""Confidence"":""0.12""}",,225.jpg,1,125.0
wgd_225_02,122.0,0.18,"{""Answer"":""122"",""Confidence"":""0.18""}",,225.jpg,2,125.0
wgd_225_03,115.0,0.28,"{""Answer"":""115"",""Confidence"":""0.28""}",,225.jpg,3,125.0
wgd_225_04,122.0,0.32,"{""Answer"":""122"",""Confidence"":""0.32""}",,225.jpg,4,125.0
wgd_225_05,123.0,0.32,"{""Answer"":""123"",""Confidence"":""0.32""}",,225.jpg,5,125.0
wgd_225_06,120.0,0.54,"{""Answer"":""120"",""Confidence"":""0.54""}",,225.jpg,6,125.0
wgd_225_07,118.0,0.36,"{""Answer"":""118"",""Confidence"":""0.36""}",,225.jpg,7,125.0
wgd_225_08,118.0,0.63,"{""Answer"":""118"",""Confidence"":""0.63""}",,225.jpg,8,125.0
wgd_225_09,120.0,0.41,"{""Answer"":""120"",""Confidence"":""0.41""}",,225.jpg,9,125.0
wgd_225_10,125.0,0.62,"{""Answer"":""125"",""Confidence"":""0.62""}",,225.jpg,10,125.0
wgd_225_11,125.0,0.38,"{""Answer"":""125"",""Confidence"":""0.38""}",,225.jpg,11,125.0
wgd_225_12,118.0,0.46,"{""Answer"":""118"",""Confidence"":""0.46""}",,225.jpg,12,125.0
wgd_225_13,118.0,0.63,"{""Answer"":""118"",""Confidence"":""0.63""}",,225.jpg,13,125.0
wgd_225_14,125.0,0.58,"{""Answer"":""125"",""Confidence"":""0.58""}",,225.jpg,14,125.0
wgd_225_15,120.0,0.45,"{""Answer"":""120"",""Confidence"":""0.45""}",,225.jpg,15,125.0
wgd_225_16,120.0,0.61,"{""Answer"":""120"",""Confidence"":""0.61""}",,225.jpg,16,125.0
wgd_225_17,118.0,0.63,"{""Answer"":""118"",""Confidence"":""0.63""}",,225.jpg,17,125.0
wgd_225_18,120.0,0.42,"{""Answer"":""120"",""Confidence"":""0.42""}",,225.jpg,18,125.0
wgd_225_19,122.0,0.62,"{""Answer"":""122"",""Confidence"":""0.62""}",,225.jpg,19,125.0
wgd_225_20,118.0,0.62,"{""Answer"":""118"",""Confidence"":""0.62""}",,225.jpg,20,125.0
wgd_226_01,120.0,0.08,"{""Answer"":""120"",""Confidence"":""0.08""}",,226.jpg,1,144.0
wgd_226_02,122.0,0.18,"{""Answer"":""122"",""Confidence"":""0.18""}",,226.jpg,2,144.0
wgd_226_03,130.0,0.28,"{""Answer"":""130"",""Confidence"":""0.28""}",,226.jpg,3,144.0
wgd_226_04,125.0,0.24,"{""Answer"":""125"",""Confidence"":""0.24""}",,226.jpg,4,144.0
wgd_226_05,120.0,0.34,"{""Answer"":""120"",""Confidence"":""0.34""}",,226.jpg,5,144.0
wgd_226_06,130.0,0.28,"{""Answer"":""130"",""Confidence"":""0.28""}",,226.jpg,6,144.0
wgd_226_07,128.0,0.34,"{""Answer"":""128"",""Confidence"":""0.34""}",,226.jpg,7,144.0
wgd_226_08,122.0,0.41,"{""Answer"":""122"",""Confidence"":""0.41""}",,226.jpg,8,144.0
wgd_226_09,130.0,0.37,"{""Answer"":""130"",""Confidence"":""0.37""}",,226.jpg,9,144.0
wgd_226_10,125.0,0.62,"{""Answer"":""125"",""Confidence"":""0.62""}",,226.jpg,10,144.0
wgd_226_11,125.0,0.62,"{""Answer"":""125"",""Confidence"":""0.62""}",,226.jpg,11,144.0
wgd_226_12,128.0,0.28,"{""Answer"":""128"",""Confidence"":""0.28""}",,226.jpg,12,144.0
wgd_226_13,118.0,0.34,"{""Answer"":""118"",""Confidence"":""0.34""}",,226.jpg,13,144.0
wgd_226_14,120.0,0.32,"{""Answer"":""120"",""Confidence"":""0.32""}",,226.jpg,14,144.0
wgd_226_15,130.0,0.44,"{""Answer"":""130"",""Confidence"":""0.44""}",,226.jpg,15,144.0
wgd_226_16,125.0,0.41,"{""Answer"":""125"",""Confidence"":""0.41""}",,226.jpg,16,144.0
wgd_226_17,118.0,0.42,"{""Answer"":""118"",""Confidence"":""0.42""}",,226.jpg,17,144.0
wgd_226_18,128.0,0.36,"{""Answer"":""128"",""Confidence"":""0.36""}",,226.jpg,18,144.0
wgd_226_19,118.0,0.42,"{""Answer"":""118"",""Confidence"":""0.42""}",,226.jpg,19,144.0
wgd_226_20,130.0,0.42,"{""Answer"":""130"",""Confidence"":""0.42""}",,226.jpg,20,144.0
wgd_227_01,175.0,0.12,"{""Answer"":""175"",""Confidence"":""0.12""}",,227.jpg,1,184.0
wgd_227_02,165.0,0.18,"{""Answer"":""165"",""Confidence"":""0.18""}",,227.jpg,2,184.0
wgd_227_03,175.0,0.24,"{""Answer"":""175"",""Confidence"":""0.24""}",,227.jpg,3,184.0
wgd_227_04,178.0,0.22,"{""Answer"":""178"",""Confidence"":""0.22""}",,227.jpg,4,184.0
wgd_227_05,175.0,0.24,"{""Answer"":""175"",""Confidence"":""0.24""}",,227.jpg,5,184.0
wgd_227_06,170.0,0.54,"{""Answer"":""170"",""Confidence"":""0.54""}",,227.jpg,6,184.0
wgd_227_07,175.0,0.52,"{""Answer"":""175"",""Confidence"":""0.52""}",,227.jpg,7,184.0
wgd_227_08,175.0,0.41,"{""Answer"":""175"",""Confidence"":""0.41""}",,227.jpg,8,184.0
wgd_227_09,175.0,0.42,"{""Answer"":""175"",""Confidence"":""0.42""}",,227.jpg,9,184.0
wgd_227_10,175.0,0.46,"{""Answer"":""175"",""Confidence"":""0.46""}",,227.jpg,10,184.0
wgd_227_11,178.0,0.46,"{""Answer"":""178"",""Confidence"":""0.46""}",,227.jpg,11,184.0
wgd_227_12,175.0,0.56,"{""Answer"":""175"",""Confidence"":""0.56""}",,227.jpg,12,184.0
wgd_227_13,175.0,0.58,"{""Answer"":""175"",""Confidence"":""0.58""}",,227.jpg,13,184.0
wgd_227_14,170.0,0.63,"{""Answer"":""170"",""Confidence"":""0.63""}",,227.jpg,14,184.0
wgd_227_15,175.0,0.62,"{""Answer"":""175"",""Confidence"":""0.62""}",,227.jpg,15,184.0
wgd_227_16,175.0,0.62,"{""Answer"":""175"",""Confidence"":""0.62""}",,227.jpg,16,184.0
wgd_227_17,175.0,0.61,"{""Answer"":""175"",""Confidence"":""0.61""}",,227.jpg,17,184.0
wgd_227_18,175.0,0.62,"{""Answer"":""175"",""Confidence"":""0.62""}",,227.jpg,18,184.0
wgd_227_19,175.0,0.63,"{""Answer"":""175"",""Confidence"":""0.63""}",,227.jpg,19,184.0
wgd_227_20,175.0,0.58,"{""Answer"":""175"",""Confidence"":""0.58""}",,227.jpg,20,184.0
wgd_228_01,130.0,0.12,"{""Answer"":""130"",""Confidence"":""0.12""}",,228.jpg,1,139.0
wgd_228_02,135.0,0.18,"{""Answer"":""135"",""Confidence"":""0.18""}",,228.jpg,2,139.0
wgd_228_03,128.0,0.18,"{""Answer"":""128"",""Confidence"":""0.18""}",,228.jpg,3,139.0
wgd_228_04,132.0,0.22,"{""Answer"":""132"",""Confidence"":""0.22""}",,228.jpg,4,139.0
wgd_228_05,135.0,0.18,"{""Answer"":""135"",""Confidence"":""0.18""}",,228.jpg,5,139.0
wgd_228_06,128.0,0.42,"{""Answer"":""128"",""Confidence"":""0.42""}",,228.jpg,6,139.0
wgd_228_07,135.0,0.34,"{""Answer"":""135"",""Confidence"":""0.34""}",,228.jpg,7,139.0
wgd_228_08,128.0,0.33,"{""Answer"":""128"",""Confidence"":""0.33""}",,228.jpg,8,139.0
wgd_228_09,135.0,0.44,"{""Answer"":""135"",""Confidence"":""0.44""}",,228.jpg,9,139.0
wgd_228_10,135.0,0.36,"{""Answer"":""135"",""Confidence"":""0.36""}",,228.jpg,10,139.0
wgd_228_11,128.0,0.42,"{""Answer"":""128"",""Confidence"":""0.42""}",,228.jpg,11,139.0
wgd_228_12,130.0,0.42,"{""Answer"":""130"",""Confidence"":""0.42""}",,228.jpg,12,139.0
wgd_228_13,135.0,0.42,"{""Answer"":""135"",""Confidence"":""0.42""}",,228.jpg,13,139.0
wgd_228_14,135.0,0.47,"{""Answer"":""135"",""Confidence"":""0.47""}",,228.jpg,14,139.0
wgd_228_15,132.0,0.46,"{""Answer"":""132"",""Confidence"":""0.46""}",,228.jpg,15,139.0
wgd_228_16,130.0,0.58,"{""Answer"":""130"",""Confidence"":""0.58""}",,228.jpg,16,139.0
wgd_228_17,128.0,0.62,"{""Answer"":""128"",""Confidence"":""0.62""}",,228.jpg,17,139.0
wgd_228_18,135.0,0.44,"{""Answer"":""135"",""Confidence"":""0.44""}",,228.jpg,18,139.0
wgd_228_19,135.0,0.52,"{""Answer"":""135"",""Confidence"":""0.52""}",,228.jpg,19,139.0
wgd_228_20,135.0,0.52,"{""Answer"":""135"",""Confidence"":""0.52""}",,228.jpg,20,139.0
wgd_229_01,128.0,0.07,"{""Answer"":""128"",""Confidence"":""0.07""}",,229.jpg,1,131.0
wgd_229_02,125.0,0.18,"{""Answer"":""125"",""Confidence"":""0.18""}",,229.jpg,2,131.0
wgd_229_03,128.0,0.34,"{""Answer"":""128"",""Confidence"":""0.34""}",,229.jpg,3,131.0
wgd_229_04,125.0,0.41,"{""Answer"":""125"",""Confidence"":""0.41""}",,229.jpg,4,131.0
wgd_229_05,128.0,0.34,"{""Answer"":""128"",""Confidence"":""0.34""}",,229.jpg,5,131.0
wgd_229_06,125.0,0.63,"{""Answer"":""125"",""Confidence"":""0.63""}",,229.jpg,6,131.0
wgd_229_07,125.0,0.41,"{""Answer"":""125"",""Confidence"":""0.41""}",,229.jpg,7,131.0
wgd_229_08,128.0,0.58,"{""Answer"":""128"",""Confidence"":""0.58""}",,229.jpg,8,131.0
wgd_229_09,125.0,0.47,"{""Answer"":""125"",""Confidence"":""0.47""}",,229.jpg,9,131.0
wgd_229_10,130.0,0.62,"{""Answer"":""130"",""Confidence"":""0.62""}",,229.jpg,10,131.0
wgd_229_11,125.0,0.62,"{""Answer"":""125"",""Confidence"":""0.62""}",,229.jpg,11,131.0
wgd_229_12,130.0,0.63,"{""Answer"":""130"",""Confidence"":""0.63""}",,229.jpg,12,131.0
wgd_229_13,128.0,0.52,"{""Answer"":""128"",""Confidence"":""0.52""}",,229.jpg,13,131.0
wgd_229_14,125.0,0.63,"{""Answer"":""125"",""Confidence"":""0.63""}",,229.jpg,14,131.0
wgd_229_15,120.0,0.62,"{""Answer"":""120"",""Confidence"":""0.62""}",,229.jpg,15,131.0
wgd_229_16,125.0,0.62,"{""Answer"":""125"",""Confidence"":""0.62""}",,229.jpg,16,131.0
wgd_229_17,125.0,0.74,"{""Answer"":""125"",""Confidence"":""0.74""}",,229.jpg,17,131.0
wgd_229_18,125.0,0.74,"{""Answer"":""125"",""Confidence"":""0.74""}",,229.jpg,18,131.0
wgd_229_19,132.0,0.63,"{""Answer"":""132"",""Confidence"":""0.63""}",,229.jpg,19,131.0
wgd_229_20,125.0,0.62,"{""Answer"":""125"",""Confidence"":""0.62""}",,229.jpg,20,131.0
wgd_230_01,108.0,0.18,"{""Answer"":""108"",""Confidence"":""0.18""}",,230.jpg,1,109.0
wgd_230_02,112.0,0.18,"{""Answer"":""112"",""Confidence"":""0.18""}",,230.jpg,2,109.0
wgd_230_03,118.0,0.24,"{""Answer"":""118"",""Confidence"":""0.24""}",,230.jpg,3,109.0
wgd_230_04,112.0,0.18,"{""Answer"":""112"",""Confidence"":""0.18""}",,230.jpg,4,109.0
wgd_230_05,112.0,0.31,"{""Answer"":""112"",""Confidence"":""0.31""}",,230.jpg,5,109.0
wgd_230_06,110.0,0.34,"{""Answer"":""110"",""Confidence"":""0.34""}",,230.jpg,6,109.0
wgd_230_07,118.0,0.28,"{""Answer"":""118"",""Confidence"":""0.28""}",,230.jpg,7,109.0
wgd_230_08,118.0,0.38,"{""Answer"":""118"",""Confidence"":""0.38""}",,230.jpg,8,109.0
wgd_230_09,118.0,0.34,"{""Answer"":""118"",""Confidence"":""0.34""}",,230.jpg,9,109.0
wgd_230_10,110.0,0.33,"{""Answer"":""110"",""Confidence"":""0.33""}",,230.jpg,10,109.0
wgd_230_11,118.0,0.43,"{""Answer"":""118"",""Confidence"":""0.43""}",,230.jpg,11,109.0
wgd_230_12,115.0,0.42,"{""Answer"":""115"",""Confidence"":""0.42""}",,230.jpg,12,109.0
wgd_230_13,120.0,0.61,"{""Answer"":""120"",""Confidence"":""0.61""}",,230.jpg,13,109.0
wgd_230_14,118.0,0.56,"{""Answer"":""118"",""Confidence"":""0.56""}",,230.jpg,14,109.0
wgd_230_15,112.0,0.58,"{""Answer"":""112"",""Confidence"":""0.58""}",,230.jpg,15,109.0
wgd_230_16,112.0,0.41,"{""Answer"":""112"",""Confidence"":""0.41""}",,230.jpg,16,109.0
wgd_230_17,118.0,0.42,"{""Answer"":""118"",""Confidence"":""0.42""}",,230.jpg,17,109.0
wgd_230_18,112.0,0.31,"{""Answer"":""112"",""Confidence"":""0.31""}",,230.jpg,18,109.0
wgd_230_19,115.0,0.54,"{""Answer"":""115"",""Confidence"":""0.54""}",,230.jpg,19,109.0
wgd_230_20,115.0,0.54,"{""Answer"":""115"",""Confidence"":""0.54""}",,230.jpg,20,109.0
wgd_231_01,165.0,0.05,"{""Answer"":""165"",""Confidence"":""0.05""}",,231.jpg,1,149.0
wgd_231_02,168.0,0.19,"{""Answer"":""168"",""Confidence"":""0.19""}",,231.jpg,2,149.0
wgd_231_03,165.0,0.18,"{""Answer"":""165"",""Confidence"":""0.18""}",,231.jpg,3,149.0
wgd_231_04,172.0,0.42,"{""Answer"":""172"",""Confidence"":""0.42""}",,231.jpg,4,149.0
wgd_231_05,165.0,0.62,"{""Answer"":""165"",""Confidence"":""0.62""}",,231.jpg,5,149.0
wgd_231_06,175.0,0.52,"{""Answer"":""175"",""Confidence"":""0.52""}",,231.jpg,6,149.0
wgd_231_07,165.0,0.36,"{""Answer"":""165"",""Confidence"":""0.36""}",,231.jpg,7,149.0
wgd_231_08,170.0,0.42,"{""Answer"":""170"",""Confidence"":""0.42""}",,231.jpg,8,149.0
wgd_231_09,165.0,0.52,"{""Answer"":""165"",""Confidence"":""0.52""}",,231.jpg,9,149.0
wgd_231_10,165.0,0.56,"{""Answer"":""165"",""Confidence"":""0.56""}",,231.jpg,10,149.0
wgd_231_11,165.0,0.42,"{""Answer"":""165"",""Confidence"":""0.42""}",,231.jpg,11,149.0
wgd_231_12,165.0,0.62,"{""Answer"":""165"",""Confidence"":""0.62""}",,231.jpg,12,149.0
wgd_231_13,165.0,0.46,"{""Answer"":""165"",""Confidence"":""0.46""}",,231.jpg,13,149.0
wgd_231_14,165.0,0.62,"{""Answer"":""165"",""Confidence"":""0.62""}",,231.jpg,14,149.0
wgd_231_15,165.0,0.62,"{""Answer"":""165"",""Confidence"":""0.62""}",,231.jpg,15,149.0
wgd_231_16,160.0,0.62,"{""Answer"":""160"",""Confidence"":""0.62""}",,231.jpg,16,149.0
wgd_231_17,170.0,0.63,"{""Answer"":""170"",""Confidence"":""0.63""}",,231.jpg,17,149.0
wgd_231_18,170.0,0.62,"{""Answer"":""170"",""Confidence"":""0.62""}",,231.jpg,18,149.0
wgd_231_19,165.0,0.58,"{""Answer"":""165"",""Confidence"":""0.58""}",,231.jpg,19,149.0
wgd_231_20,175.0,0.63,"{""Answer"":""175"",""Confidence"":""0.63""}",,231.jpg,20,149.0
wgd_232_01,145.0,0.18,"{""Answer"":""145"",""Confidence"":""0.18""}",,232.jpg,1,194.0
wgd_232_02,155.0,0.22,"{""Answer"":""155"",""Confidence"":""0.22""}",,232.jpg,2,194.0
wgd_232_03,145.0,0.22,"{""Answer"":""145"",""Confidence"":""0.22""}",,232.jpg,3,194.0
wgd_232_04,150.0,0.36,"{""Answer"":""150"",""Confidence"":""0.36""}",,232.jpg,4,194.0
wgd_232_05,150.0,0.34,"{""Answer"":""150"",""Confidence"":""0.34""}",,232.jpg,5,194.0
wgd_232_06,150.0,0.38,"{""Answer"":""150"",""Confidence"":""0.38""}",,232.jpg,6,194.0
wgd_232_07,155.0,0.58,"{""Answer"":""155"",""Confidence"":""0.58""}",,232.jpg,7,194.0
wgd_232_08,155.0,0.41,"{""Answer"":""155"",""Confidence"":""0.41""}",,232.jpg,8,194.0
wgd_232_09,150.0,0.68,"{""Answer"":""150"",""Confidence"":""0.68""}",,232.jpg,9,194.0
wgd_232_10,155.0,0.62,"{""Answer"":""155"",""Confidence"":""0.62""}",,232.jpg,10,194.0
wgd_232_11,155.0,0.62,"{""Answer"":""155"",""Confidence"":""0.62""}",,232.jpg,11,194.0
wgd_232_12,150.0,0.61,"{""Answer"":""150"",""Confidence"":""0.61""}",,232.jpg,12,194.0
wgd_232_13,155.0,0.62,"{""Answer"":""155"",""Confidence"":""0.62""}",,232.jpg,13,194.0
wgd_232_14,155.0,0.62,"{""Answer"":""155"",""Confidence"":""0.62""}",,232.jpg,14,194.0
wgd_232_15,155.0,0.62,"{""Answer"":""155"",""Confidence"":""0.62""}",,232.jpg,15,194.0
wgd_232_16,150.0,0.68,"{""Answer"":""150"",""Confidence"":""0.68""}",,232.jpg,16,194.0
wgd_232_17,150.0,0.63,"{""Answer"":""150"",""Confidence"":""0.63""}",,232.jpg,17,194.0
wgd_232_18,150.0,0.63,"{""Answer"":""150"",""Confidence"":""0.63""}",,232.jpg,18,194.0
wgd_232_19,155.0,0.62,"{""Answer"":""155"",""Confidence"":""0.62""}",,232.jpg,19,194.0
wgd_232_20,150.0,0.74,"{""Answer"":""150"",""Confidence"":""0.74""}",,232.jpg,20,194.0
wgd_233_01,165.0,0.08,"{""Answer"":""165"",""Confidence"":""0.08""}",,233.jpg,1,184.0
wgd_233_02,160.0,0.18,"{""Answer"":""160"",""Confidence"":""0.18""}",,233.jpg,2,184.0
wgd_233_03,162.0,0.18,"{""Answer"":""162"",""Confidence"":""0.18""}",,233.jpg,3,184.0
wgd_233_04,165.0,0.32,"{""Answer"":""165"",""Confidence"":""0.32""}",,233.jpg,4,184.0
wgd_233_05,165.0,0.34,"{""Answer"":""165"",""Confidence"":""0.34""}",,233.jpg,5,184.0
wgd_233_06,175.0,0.28,"{""Answer"":""175"",""Confidence"":""0.28""}",,233.jpg,6,184.0
wgd_233_07,165.0,0.34,"{""Answer"":""165"",""Confidence"":""0.34""}",,233.jpg,7,184.0
wgd_233_08,165.0,0.52,"{""Answer"":""165"",""Confidence"":""0.52""}",,233.jpg,8,184.0
wgd_233_09,165.0,0.42,"{""Answer"":""165"",""Confidence"":""0.42""}",,233.jpg,9,184.0
wgd_233_10,165.0,0.41,"{""Answer"":""165"",""Confidence"":""0.41""}",,233.jpg,10,184.0
wgd_233_11,165.0,0.63,"{""Answer"":""165"",""Confidence"":""0.63""}",,233.jpg,11,184.0
wgd_233_12,165.0,0.42,"{""Answer"":""165"",""Confidence"":""0.42""}",,233.jpg,12,184.0
wgd_233_13,165.0,0.55,"{""Answer"":""165"",""Confidence"":""0.55""}",,233.jpg,13,184.0
wgd_233_14,165.0,0.42,"{""Answer"":""165"",""Confidence"":""0.42""}",,233.jpg,14,184.0
wgd_233_15,165.0,0.54,"{""Answer"":""165"",""Confidence"":""0.54""}",,233.jpg,15,184.0
wgd_233_16,165.0,0.63,"{""Answer"":""165"",""Confidence"":""0.63""}",,233.jpg,16,184.0
wgd_233_17,155.0,0.58,"{""Answer"":""155"",""Confidence"":""0.58""}",,233.jpg,17,184.0
wgd_233_18,155.0,0.62,"{""Answer"":""155"",""Confidence"":""0.62""}",,233.jpg,18,184.0
wgd_233_19,155.0,0.62,"{""Answer"":""155"",""Confidence"":""0.62""}",,233.jpg,19,184.0
wgd_233_20,165.0,0.62,"{""Answer"":""165"",""Confidence"":""0.62""}",,233.jpg,20,184.0
wgd_234_01,115.0,0.12,"{""Answer"":""115"",""Confidence"":""0.12""}",,234.jpg,1,142.0
wgd_234_02,120.0,0.18,"{""Answer"":""120"",""Confidence"":""0.18""}",,234.jpg,2,142.0
wgd_234_03,118.0,0.28,"{""Answer"":""118"",""Confidence"":""0.28""}",,234.jpg,3,142.0
wgd_234_04,115.0,0.42,"{""Answer"":""115"",""Confidence"":""0.42""}",,234.jpg,4,142.0
wgd_234_05,120.0,0.34,"{""Answer"":""120"",""Confidence"":""0.34""}",,234.jpg,5,142.0
wgd_234_06,120.0,0.34,"{""Answer"":""120"",""Confidence"":""0.34""}",,234.jpg,6,142.0
wgd_234_07,118.0,0.36,"{""Answer"":""118"",""Confidence"":""0.36""}",,234.jpg,7,142.0
wgd_234_08,118.0,0.41,"{""Answer"":""118"",""Confidence"":""0.41""}",,234.jpg,8,142.0
wgd_234_09,118.0,0.36,"{""Answer"":""118"",""Confidence"":""0.36""}",,234.jpg,9,142.0
wgd_234_10,115.0,0.48,"{""Answer"":""115"",""Confidence"":""0.48""}",,234.jpg,10,142.0
wgd_234_11,120.0,0.46,"{""Answer"":""120"",""Confidence"":""0.46""}",,234.jpg,11,142.0
wgd_234_12,118.0,0.54,"{""Answer"":""118"",""Confidence"":""0.54""}",,234.jpg,12,142.0
wgd_234_13,128.0,0.64,"{""Answer"":""128"",""Confidence"":""0.64""}",,234.jpg,13,142.0
wgd_234_14,120.0,0.36,"{""Answer"":""120"",""Confidence"":""0.36""}",,234.jpg,14,142.0
wgd_234_15,120.0,0.61,"{""Answer"":""120"",""Confidence"":""0.61""}",,234.jpg,15,142.0
wgd_234_16,115.0,0.62,"{""Answer"":""115"",""Confidence"":""0.62""}",,234.jpg,16,142.0
wgd_234_17,118.0,0.43,"{""Answer"":""118"",""Confidence"":""0.43""}",,234.jpg,17,142.0
wgd_234_18,118.0,0.34,"{""Answer"":""118"",""Confidence"":""0.34""}",,234.jpg,18,142.0
wgd_234_19,125.0,0.58,"{""Answer"":""125"",""Confidence"":""0.58""}",,234.jpg,19,142.0
wgd_234_20,120.0,0.62,"{""Answer"":""120"",""Confidence"":""0.62""}",,234.jpg,20,142.0
wgd_235_01,124.0,0.08,"{""Answer"":""124"",""Confidence"":""0.08""}",,235.jpg,1,138.0
wgd_235_02,128.0,0.18,"{""Answer"":""128"",""Confidence"":""0.18""}",,235.jpg,2,138.0
wgd_235_03,128.0,0.18,"{""Answer"":""128"",""Confidence"":""0.18""}",,235.jpg,3,138.0
wgd_235_04,125.0,0.28,"{""Answer"":""125"",""Confidence"":""0.28""}",,235.jpg,4,138.0
wgd_235_05,125.0,0.32,"{""Answer"":""125"",""Confidence"":""0.32""}",,235.jpg,5,138.0
wgd_235_06,125.0,0.26,"{""Answer"":""125"",""Confidence"":""0.26""}",,235.jpg,6,138.0
wgd_235_07,125.0,0.41,"{""Answer"":""125"",""Confidence"":""0.41""}",,235.jpg,7,138.0
wgd_235_08,130.0,0.37,"{""Answer"":""130"",""Confidence"":""0.37""}",,235.jpg,8,138.0
wgd_235_09,128.0,0.58,"{""Answer"":""128"",""Confidence"":""0.58""}",,235.jpg,9,138.0
wgd_235_10,125.0,0.62,"{""Answer"":""125"",""Confidence"":""0.62""}",,235.jpg,10,138.0
wgd_235_11,128.0,0.34,"{""Answer"":""128"",""Confidence"":""0.34""}",,235.jpg,11,138.0
wgd_235_12,125.0,0.61,"{""Answer"":""125"",""Confidence"":""0.61""}",,235.jpg,12,138.0
wgd_235_13,130.0,0.41,"{""Answer"":""130"",""Confidence"":""0.41""}",,235.jpg,13,138.0
wgd_235_14,128.0,0.63,"{""Answer"":""128"",""Confidence"":""0.63""}",,235.jpg,14,138.0
wgd_235_15,125.0,0.63,"{""Answer"":""125"",""Confidence"":""0.63""}",,235.jpg,15,138.0
wgd_235_16,128.0,0.55,"{""Answer"":""128"",""Confidence"":""0.55""}",,235.jpg,16,138.0
wgd_235_17,128.0,0.34,"{""Answer"":""128"",""Confidence"":""0.34""}",,235.jpg,17,138.0
wgd_235_18,128.0,0.56,"{""Answer"":""128"",""Confidence"":""0.56""}",,235.jpg,18,138.0
wgd_235_19,122.0,0.44,"{""Answer"":""122"",""Confidence"":""0.44""}",,235.jpg,19,138.0
wgd_235_20,128.0,0.62,"{""Answer"":""128"",""Confidence"":""0.62""}",,235.jpg,20,138.0
wgd_236_01,115.0,0.07,"{""Answer"":""115"",""Confidence"":""0.07""}",,236.jpg,1,121.0
wgd_236_02,118.0,0.18,"{""Answer"":""118"",""Confidence"":""0.18""}",,236.jpg,2,121.0
wgd_236_03,118.0,0.18,"{""Answer"":""118"",""Confidence"":""0.18""}",,236.jpg,3,121.0
wgd_236_04,112.0,0.38,"{""Answer"":""112"",""Confidence"":""0.38""}",,236.jpg,4,121.0
wgd_236_05,118.0,0.31,"{""Answer"":""118"",""Confidence"":""0.31""}",,236.jpg,5,121.0
wgd_236_06,120.0,0.41,"{""Answer"":""120"",""Confidence"":""0.41""}",,236.jpg,6,121.0
wgd_236_07,112.0,0.42,"{""Answer"":""112"",""Confidence"":""0.42""}",,236.jpg,7,121.0
wgd_236_08,115.0,0.54,"{""Answer"":""115"",""Confidence"":""0.54""}",,236.jpg,8,121.0
wgd_236_09,115.0,0.39,"{""Answer"":""115"",""Confidence"":""0.39""}",,236.jpg,9,121.0
wgd_236_10,118.0,0.52,"{""Answer"":""118"",""Confidence"":""0.52""}",,236.jpg,10,121.0
wgd_236_11,118.0,0.62,"{""Answer"":""118"",""Confidence"":""0.62""}",,236.jpg,11,121.0
wgd_236_12,112.0,0.52,"{""Answer"":""112"",""Confidence"":""0.52""}",,236.jpg,12,121.0
wgd_236_13,112.0,0.52,"{""Answer"":""112"",""Confidence"":""0.52""}",,236.jpg,13,121.0
wgd_236_14,120.0,0.42,"{""Answer"":""120"",""Confidence"":""0.42""}",,236.jpg,14,121.0
wgd_236_15,115.0,0.61,"{""Answer"":""115"",""Confidence"":""0.61""}",,236.jpg,15,121.0
wgd_236_16,115.0,0.54,"{""Answer"":""115"",""Confidence"":""0.54""}",,236.jpg,16,121.0
wgd_236_17,115.0,0.54,"{""Answer"":""115"",""Confidence"":""0.54""}",,236.jpg,17,121.0
wgd_236_18,120.0,0.46,"{""Answer"":""120"",""Confidence"":""0.46""}",,236.jpg,18,121.0
wgd_236_19,118.0,0.55,"{""Answer"":""118"",""Confidence"":""0.55""}",,236.jpg,19,121.0
wgd_236_20,118.0,0.55,"{""Answer"":""118"",""Confidence"":""0.55""}",,236.jpg,20,121.0
wgd_237_01,155.0,0.07,"{""Answer"":""155"",""Confidence"":""0.07""}",,237.jpg,1,174.0
wgd_237_02,145.0,0.18,"{""Answer"":""145"",""Confidence"":""0.18""}",,237.jpg,2,174.0
wgd_237_03,150.0,0.32,"{""Answer"":""150"",""Confidence"":""0.32""}",,237.jpg,3,174.0
wgd_237_04,145.0,0.62,"{""Answer"":""145"",""Confidence"":""0.62""}",,237.jpg,4,174.0
wgd_237_05,145.0,0.34,"{""Answer"":""145"",""Confidence"":""0.34""}",,237.jpg,5,174.0
wgd_237_06,145.0,0.42,"{""Answer"":""145"",""Confidence"":""0.42""}",,237.jpg,6,174.0
wgd_237_07,145.0,0.63,"{""Answer"":""145"",""Confidence"":""0.63""}",,237.jpg,7,174.0
wgd_237_08,145.0,0.58,"{""Answer"":""145"",""Confidence"":""0.58""}",,237.jpg,8,174.0
wgd_237_09,145.0,0.62,"{""Answer"":""145"",""Confidence"":""0.62""}",,237.jpg,9,174.0
wgd_237_10,150.0,0.56,"{""Answer"":""150"",""Confidence"":""0.56""}",,237.jpg,10,174.0
wgd_237_11,145.0,0.58,"{""Answer"":""145"",""Confidence"":""0.58""}",,237.jpg,11,174.0
wgd_237_12,145.0,0.42,"{""Answer"":""145"",""Confidence"":""0.42""}",,237.jpg,12,174.0
wgd_237_13,150.0,0.62,"{""Answer"":""150"",""Confidence"":""0.62""}",,237.jpg,13,174.0
wgd_237_14,145.0,0.62,"{""Answer"":""145"",""Confidence"":""0.62""}",,237.jpg,14,174.0
wgd_237_15,145.0,0.72,"{""Answer"":""145"",""Confidence"":""0.72""}",,237.jpg,15,174.0
wgd_237_16,145.0,0.63,"{""Answer"":""145"",""Confidence"":""0.63""}",,237.jpg,16,174.0
wgd_237_17,145.0,0.72,"{""Answer"":""145"",""Confidence"":""0.72""}",,237.jpg,17,174.0
wgd_237_18,150.0,0.63,"{""Answer"":""150"",""Confidence"":""0.63""}",,237.jpg,18,174.0
wgd_237_19,145.0,0.62,"{""Answer"":""145"",""Confidence"":""0.62""}",,237.jpg,19,174.0
wgd_237_20,145.0,0.68,"{""Answer"":""145"",""Confidence"":""0.68""}",,237.jpg,20,174.0
wgd_238_01,145.0,0.08,"{""Answer"":""145"",""Confidence"":""0.08""}",,238.jpg,1,185.0
wgd_238_02,145.0,0.18,"{""Answer"":""145"",""Confidence"":""0.18""}",,238.jpg,2,185.0
wgd_238_03,145.0,0.19,"{""Answer"":""145"",""Confidence"":""0.19""}",,238.jpg,3,185.0
wgd_238_04,155.0,0.22,"{""Answer"":""155"",""Confidence"":""0.22""}",,238.jpg,4,185.0
wgd_238_05,155.0,0.34,"{""Answer"":""155"",""Confidence"":""0.34""}",,238.jpg,5,185.0
wgd_238_06,145.0,0.41,"{""Answer"":""145"",""Confidence"":""0.41""}",,238.jpg,6,185.0
wgd_238_07,150.0,0.42,"{""Answer"":""150"",""Confidence"":""0.42""}",,238.jpg,7,185.0
wgd_238_08,145.0,0.56,"{""Answer"":""145"",""Confidence"":""0.56""}",,238.jpg,8,185.0
wgd_238_09,160.0,0.41,"{""Answer"":""160"",""Confidence"":""0.41""}",,238.jpg,9,185.0
wgd_238_10,155.0,0.34,"{""Answer"":""155"",""Confidence"":""0.34""}",,238.jpg,10,185.0
wgd_238_11,155.0,0.58,"{""Answer"":""155"",""Confidence"":""0.58""}",,238.jpg,11,185.0
wgd_238_12,150.0,0.43,"{""Answer"":""150"",""Confidence"":""0.43""}",,238.jpg,12,185.0
wgd_238_13,155.0,0.62,"{""Answer"":""155"",""Confidence"":""0.62""}",,238.jpg,13,185.0
wgd_238_14,155.0,0.63,"{""Answer"":""155"",""Confidence"":""0.63""}",,238.jpg,14,185.0
wgd_238_15,150.0,0.41,"{""Answer"":""150"",""Confidence"":""0.41""}",,238.jpg,15,185.0
wgd_238_16,155.0,0.62,"{""Answer"":""155"",""Confidence"":""0.62""}",,238.jpg,16,185.0
wgd_238_17,150.0,0.61,"{""Answer"":""150"",""Confidence"":""0.61""}",,238.jpg,17,185.0
wgd_238_18,160.0,0.56,"{""Answer"":""160"",""Confidence"":""0.56""}",,238.jpg,18,185.0
wgd_238_19,150.0,0.58,"{""Answer"":""150"",""Confidence"":""0.58""}",,238.jpg,19,185.0
wgd_238_20,155.0,0.63,"{""Answer"":""155"",""Confidence"":""0.63""}",,238.jpg,20,185.0
wgd_239_01,125.0,0.18,"{""Answer"":""125"",""Confidence"":""0.18""}",,239.jpg,1,121.0
wgd_239_02,128.0,0.18,"{""Answer"":""128"",""Confidence"":""0.18""}",,239.jpg,2,121.0
wgd_239_03,128.0,0.22,"{""Answer"":""128"",""Confidence"":""0.22""}",,239.jpg,3,121.0
wgd_239_04,122.0,0.24,"{""Answer"":""122"",""Confidence"":""0.24""}",,239.jpg,4,121.0
wgd_239_05,128.0,0.34,"{""Answer"":""128"",""Confidence"":""0.34""}",,239.jpg,5,121.0
wgd_239_06,128.0,0.34,"{""Answer"":""128"",""Confidence"":""0.34""}",,239.jpg,6,121.0
wgd_239_07,128.0,0.41,"{""Answer"":""128"",""Confidence"":""0.41""}",,239.jpg,7,121.0
wgd_239_08,128.0,0.41,"{""Answer"":""128"",""Confidence"":""0.41""}",,239.jpg,8,121.0
wgd_239_09,128.0,0.31,"{""Answer"":""128"",""Confidence"":""0.31""}",,239.jpg,9,121.0
wgd_239_10,132.0,0.34,"{""Answer"":""132"",""Confidence"":""0.34""}",,239.jpg,10,121.0
wgd_239_11,128.0,0.56,"{""Answer"":""128"",""Confidence"":""0.56""}",,239.jpg,11,121.0
wgd_239_12,125.0,0.62,"{""Answer"":""125"",""Confidence"":""0.62""}",,239.jpg,12,121.0
wgd_239_13,132.0,0.62,"{""Answer"":""132"",""Confidence"":""0.62""}",,239.jpg,13,121.0
wgd_239_14,128.0,0.63,"{""Answer"":""128"",""Confidence"":""0.63""}",,239.jpg,14,121.0
wgd_239_15,128.0,0.42,"{""Answer"":""128"",""Confidence"":""0.42""}",,239.jpg,15,121.0
wgd_239_16,128.0,0.63,"{""Answer"":""128"",""Confidence"":""0.63""}",,239.jpg,16,121.0
wgd_239_17,132.0,0.62,"{""Answer"":""132"",""Confidence"":""0.62""}",,239.jpg,17,121.0
wgd_239_18,128.0,0.63,"{""Answer"":""128"",""Confidence"":""0.63""}",,239.jpg,18,121.0
wgd_239_19,128.0,0.62,"{""Answer"":""128"",""Confidence"":""0.62""}",,239.jpg,19,121.0
wgd_239_20,128.0,0.61,"{""Answer"":""128"",""Confidence"":""0.61""}",,239.jpg,20,121.0
wgd_240_01,165.0,0.03,"{""Answer"":""165"",""Confidence"":""0.03""}",,240.jpg,1,215.0
wgd_240_02,175.0,0.18,"{""Answer"":""175"",""Confidence"":""0.18""}",,240.jpg,2,215.0
wgd_240_03,178.0,0.18,"{""Answer"":""178"",""Confidence"":""0.18""}",,240.jpg,3,215.0
wgd_240_04,165.0,0.18,"{""Answer"":""165"",""Confidence"":""0.18""}",,240.jpg,4,215.0
wgd_240_05,180.0,0.31,"{""Answer"":""180"",""Confidence"":""0.31""}",,240.jpg,5,215.0
wgd_240_06,175.0,0.28,"{""Answer"":""175"",""Confidence"":""0.28""}",,240.jpg,6,215.0
wgd_240_07,175.0,0.28,"{""Answer"":""175"",""Confidence"":""0.28""}",,240.jpg,7,215.0
wgd_240_08,175.0,0.34,"{""Answer"":""175"",""Confidence"":""0.34""}",,240.jpg,8,215.0
wgd_240_09,178.0,0.42,"{""Answer"":""178"",""Confidence"":""0.42""}",,240.jpg,9,215.0
wgd_240_10,175.0,0.56,"{""Answer"":""175"",""Confidence"":""0.56""}",,240.jpg,10,215.0
wgd_240_11,175.0,0.44,"{""Answer"":""175"",""Confidence"":""0.44""}",,240.jpg,11,215.0
wgd_240_12,175.0,0.54,"{""Answer"":""175"",""Confidence"":""0.54""}",,240.jpg,12,215.0
wgd_240_13,165.0,0.41,"{""Answer"":""165"",""Confidence"":""0.41""}",,240.jpg,13,215.0
wgd_240_14,185.0,0.58,"{""Answer"":""185"",""Confidence"":""0.58""}",,240.jpg,14,215.0
wgd_240_15,175.0,0.61,"{""Answer"":""175"",""Confidence"":""0.61""}",,240.jpg,15,215.0
wgd_240_16,175.0,0.41,"{""Answer"":""175"",""Confidence"":""0.41""}",,240.jpg,16,215.0
wgd_240_17,175.0,0.41,"{""Answer"":""175"",""Confidence"":""0.41""}",,240.jpg,17,215.0
wgd_240_18,175.0,0.36,"{""Answer"":""175"",""Confidence"":""0.36""}",,240.jpg,18,215.0
wgd_240_19,175.0,0.44,"{""Answer"":""175"",""Confidence"":""0.44""}",,240.jpg,19,215.0
wgd_240_20,175.0,0.42,"{""Answer"":""175"",""Confidence"":""0.42""}",,240.jpg,20,215.0
wgd_241_01,175.0,0.08,"{""Answer"":""175"",""Confidence"":""0.08""}",,241.jpg,1,154.0
wgd_241_02,180.0,0.18,"{""Answer"":""180"",""Confidence"":""0.18""}",,241.jpg,2,154.0
wgd_241_03,175.0,0.18,"{""Answer"":""175"",""Confidence"":""0.18""}",,241.jpg,3,154.0
wgd_241_04,175.0,0.28,"{""Answer"":""175"",""Confidence"":""0.28""}",,241.jpg,4,154.0
wgd_241_05,175.0,0.26,"{""Answer"":""175"",""Confidence"":""0.26""}",,241.jpg,5,154.0
wgd_241_06,165.0,0.28,"{""Answer"":""165"",""Confidence"":""0.28""}",,241.jpg,6,154.0
wgd_241_07,175.0,0.39,"{""Answer"":""175"",""Confidence"":""0.39""}",,241.jpg,7,154.0
wgd_241_08,175.0,0.34,"{""Answer"":""175"",""Confidence"":""0.34""}",,241.jpg,8,154.0
wgd_241_09,175.0,0.34,"{""Answer"":""175"",""Confidence"":""0.34""}",,241.jpg,9,154.0
wgd_241_10,175.0,0.44,"{""Answer"":""175"",""Confidence"":""0.44""}",,241.jpg,10,154.0
wgd_241_11,170.0,0.36,"{""Answer"":""170"",""Confidence"":""0.36""}",,241.jpg,11,154.0
wgd_241_12,175.0,0.34,"{""Answer"":""175"",""Confidence"":""0.34""}",,241.jpg,12,154.0
wgd_241_13,182.0,0.54,"{""Answer"":""182"",""Confidence"":""0.54""}",,241.jpg,13,154.0
wgd_241_14,165.0,0.31,"{""Answer"":""165"",""Confidence"":""0.31""}",,241.jpg,14,154.0
wgd_241_15,185.0,0.62,"{""Answer"":""185"",""Confidence"":""0.62""}",,241.jpg,15,154.0
wgd_241_16,175.0,0.42,"{""Answer"":""175"",""Confidence"":""0.42""}",,241.jpg,16,154.0
wgd_241_17,190.0,0.31,"{""Answer"":""190"",""Confidence"":""0.31""}",,241.jpg,17,154.0
wgd_241_18,175.0,0.46,"{""Answer"":""175"",""Confidence"":""0.46""}",,241.jpg,18,154.0
wgd_241_19,180.0,0.56,"{""Answer"":""180"",""Confidence"":""0.56""}",,241.jpg,19,154.0
wgd_241_20,175.0,0.56,"{""Answer"":""175"",""Confidence"":""0.56""}",,241.jpg,20,154.0
wgd_242_01,155.0,0.11,"{""Answer"":""155"",""Confidence"":""0.11""}",,242.jpg,1,175.0
wgd_242_02,155.0,0.22,"{""Answer"":""155"",""Confidence"":""0.22""}",,242.jpg,2,175.0
wgd_242_03,154.0,0.32,"{""Answer"":""154"",""Confidence"":""0.32""}",,242.jpg,3,175.0
wgd_242_04,156.0,0.27,"{""Answer"":""156"",""Confidence"":""0.27""}",,242.jpg,4,175.0
wgd_242_05,160.0,0.41,"{""Answer"":""160"",""Confidence"":""0.41""}",,242.jpg,5,175.0
wgd_242_06,155.0,0.63,"{""Answer"":""155"",""Confidence"":""0.63""}",,242.jpg,6,175.0
wgd_242_07,155.0,0.54,"{""Answer"":""155"",""Confidence"":""0.54""}",,242.jpg,7,175.0
wgd_242_08,155.0,0.62,"{""Answer"":""155"",""Confidence"":""0.62""}",,242.jpg,8,175.0
wgd_242_09,155.0,0.62,"{""Answer"":""155"",""Confidence"":""0.62""}",,242.jpg,9,175.0
wgd_242_10,155.0,0.63,"{""Answer"":""155"",""Confidence"":""0.63""}",,242.jpg,10,175.0
wgd_242_11,165.0,0.72,"{""Answer"":""165"",""Confidence"":""0.72""}",,242.jpg,11,175.0
wgd_242_12,155.0,0.61,"{""Answer"":""155"",""Confidence"":""0.61""}",,242.jpg,12,175.0
wgd_242_13,165.0,0.63,"{""Answer"":""165"",""Confidence"":""0.63""}",,242.jpg,13,175.0
wgd_242_14,160.0,0.63,"{""Answer"":""160"",""Confidence"":""0.63""}",,242.jpg,14,175.0
wgd_242_15,165.0,0.62,"{""Answer"":""165"",""Confidence"":""0.62""}",,242.jpg,15,175.0
wgd_242_16,160.0,0.62,"{""Answer"":""160"",""Confidence"":""0.62""}",,242.jpg,16,175.0
wgd_242_17,160.0,0.62,"{""Answer"":""160"",""Confidence"":""0.62""}",,242.jpg,17,175.0
wgd_242_18,155.0,0.72,"{""Answer"":""155"",""Confidence"":""0.72""}",,242.jpg,18,175.0
wgd_242_19,150.0,0.62,"{""Answer"":""150"",""Confidence"":""0.62""}",,242.jpg,19,175.0
wgd_242_20,155.0,0.72,"{""Answer"":""155"",""Confidence"":""0.72""}",,242.jpg,20,175.0
wgd_243_01,175.0,0.12,"{""Answer"":""175"",""Confidence"":""0.12""}",,243.jpg,1,161.0
wgd_243_02,175.0,0.18,"{""Answer"":""175"",""Confidence"":""0.18""}",,243.jpg,2,161.0
wgd_243_03,175.0,0.18,"{""Answer"":""175"",""Confidence"":""0.18""}",,243.jpg,3,161.0
wgd_243_04,175.0,0.24,"{""Answer"":""175"",""Confidence"":""0.24""}",,243.jpg,4,161.0
wgd_243_05,175.0,0.34,"{""Answer"":""175"",""Confidence"":""0.34""}",,243.jpg,5,161.0
wgd_243_06,178.0,0.28,"{""Answer"":""178"",""Confidence"":""0.28""}",,243.jpg,6,161.0
wgd_243_07,178.0,0.34,"{""Answer"":""178"",""Confidence"":""0.34""}",,243.jpg,7,161.0
wgd_243_08,172.0,0.29,"{""Answer"":""172"",""Confidence"":""0.29""}",,243.jpg,8,161.0
wgd_243_09,175.0,0.41,"{""Answer"":""175"",""Confidence"":""0.41""}",,243.jpg,9,161.0
wgd_243_10,175.0,0.36,"{""Answer"":""175"",""Confidence"":""0.36""}",,243.jpg,10,161.0
wgd_243_11,175.0,0.38,"{""Answer"":""175"",""Confidence"":""0.38""}",,243.jpg,11,161.0
wgd_243_12,175.0,0.58,"{""Answer"":""175"",""Confidence"":""0.58""}",,243.jpg,12,161.0
wgd_243_13,175.0,0.47,"{""Answer"":""175"",""Confidence"":""0.47""}",,243.jpg,13,161.0
wgd_243_14,168.0,0.54,"{""Answer"":""168"",""Confidence"":""0.54""}",,243.jpg,14,161.0
wgd_243_15,165.0,0.36,"{""Answer"":""165"",""Confidence"":""0.36""}",,243.jpg,15,161.0
wgd_243_16,175.0,0.43,"{""Answer"":""175"",""Confidence"":""0.43""}",,243.jpg,16,161.0
wgd_243_17,165.0,0.42,"{""Answer"":""165"",""Confidence"":""0.42""}",,243.jpg,17,161.0
wgd_243_18,175.0,0.46,"{""Answer"":""175"",""Confidence"":""0.46""}",,243.jpg,18,161.0
wgd_243_19,175.0,0.63,"{""Answer"":""175"",""Confidence"":""0.63""}",,243.jpg,19,161.0
wgd_243_20,175.0,0.58,"{""Answer"":""175"",""Confidence"":""0.58""}",,243.jpg,20,161.0
wgd_244_01,145.0,0.04,"{""Answer"":""145"",""Confidence"":""0.04""}",,244.jpg,1,165.0
wgd_244_02,145.0,0.18,"{""Answer"":""145"",""Confidence"":""0.18""}",,244.jpg,2,165.0
wgd_244_03,145.0,0.22,"{""Answer"":""145"",""Confidence"":""0.22""}",,244.jpg,3,165.0
wgd_244_04,145.0,0.24,"{""Answer"":""145"",""Confidence"":""0.24""}",,244.jpg,4,165.0
wgd_244_05,145.0,0.42,"{""Answer"":""145"",""Confidence"":""0.42""}",,244.jpg,5,165.0
wgd_244_06,148.0,0.28,"{""Answer"":""148"",""Confidence"":""0.28""}",,244.jpg,6,165.0
wgd_244_07,145.0,0.34,"{""Answer"":""145"",""Confidence"":""0.34""}",,244.jpg,7,165.0
wgd_244_08,155.0,0.34,"{""Answer"":""155"",""Confidence"":""0.34""}",,244.jpg,8,165.0
wgd_244_09,145.0,0.42,"{""Answer"":""145"",""Confidence"":""0.42""}",,244.jpg,9,165.0
wgd_244_10,145.0,0.43,"{""Answer"":""145"",""Confidence"":""0.43""}",,244.jpg,10,165.0
wgd_244_11,155.0,0.46,"{""Answer"":""155"",""Confidence"":""0.46""}",,244.jpg,11,165.0
wgd_244_12,150.0,0.58,"{""Answer"":""150"",""Confidence"":""0.58""}",,244.jpg,12,165.0
wgd_244_13,145.0,0.61,"{""Answer"":""145"",""Confidence"":""0.61""}",,244.jpg,13,165.0
wgd_244_14,145.0,0.68,"{""Answer"":""145"",""Confidence"":""0.68""}",,244.jpg,14,165.0
wgd_244_15,155.0,0.54,"{""Answer"":""155"",""Confidence"":""0.54""}",,244.jpg,15,165.0
wgd_244_16,155.0,0.64,"{""Answer"":""155"",""Confidence"":""0.64""}",,244.jpg,16,165.0
wgd_244_17,150.0,0.62,"{""Answer"":""150"",""Confidence"":""0.62""}",,244.jpg,17,165.0
wgd_244_18,155.0,0.58,"{""Answer"":""155"",""Confidence"":""0.58""}",,244.jpg,18,165.0
wgd_244_19,145.0,0.62,"{""Answer"":""145"",""Confidence"":""0.62""}",,244.jpg,19,165.0
wgd_244_20,145.0,0.63,"{""Answer"":""145"",""Confidence"":""0.63""}",,244.jpg,20,165.0
wgd_245_01,165.0,0.12,"{""Answer"":""165"",""Confidence"":""0.12""}",,245.jpg,1,173.0
wgd_245_02,160.0,0.22,"{""Answer"":""160"",""Confidence"":""0.22""}",,245.jpg,2,173.0
wgd_245_03,165.0,0.18,"{""Answer"":""165"",""Confidence"":""0.18""}",,245.jpg,3,173.0
wgd_245_04,165.0,0.32,"{""Answer"":""165"",""Confidence"":""0.32""}",,245.jpg,4,173.0
wgd_245_05,165.0,0.58,"{""Answer"":""165"",""Confidence"":""0.58""}",,245.jpg,5,173.0
wgd_245_06,165.0,0.42,"{""Answer"":""165"",""Confidence"":""0.42""}",,245.jpg,6,173.0
wgd_245_07,165.0,0.34,"{""Answer"":""165"",""Confidence"":""0.34""}",,245.jpg,7,173.0
wgd_245_08,165.0,0.52,"{""Answer"":""165"",""Confidence"":""0.52""}",,245.jpg,8,173.0
wgd_245_09,165.0,0.44,"{""Answer"":""165"",""Confidence"":""0.44""}",,245.jpg,9,173.0
wgd_245_10,165.0,0.42,"{""Answer"":""165"",""Confidence"":""0.42""}",,245.jpg,10,173.0
wgd_245_11,155.0,0.58,"{""Answer"":""155"",""Confidence"":""0.58""}",,245.jpg,11,173.0
wgd_245_12,165.0,0.62,"{""Answer"":""165"",""Confidence"":""0.62""}",,245.jpg,12,173.0
wgd_245_13,165.0,0.62,"{""Answer"":""165"",""Confidence"":""0.62""}",,245.jpg,13,173.0
wgd_245_14,165.0,0.63,"{""Answer"":""165"",""Confidence"":""0.63""}",,245.jpg,14,173.0
wgd_245_15,155.0,0.61,"{""Answer"":""155"",""Confidence"":""0.61""}",,245.jpg,15,173.0
wgd_245_16,165.0,0.58,"{""Answer"":""165"",""Confidence"":""0.58""}",,245.jpg,16,173.0
wgd_245_17,165.0,0.58,"{""Answer"":""165"",""Confidence"":""0.58""}",,245.jpg,17,173.0
wgd_245_18,165.0,0.72,"{""Answer"":""165"",""Confidence"":""0.72""}",,245.jpg,18,173.0
wgd_245_19,165.0,0.59,"{""Answer"":""165"",""Confidence"":""0.59""}",,245.jpg,19,173.0
wgd_245_20,170.0,0.52,"{""Answer"":""170"",""Confidence"":""0.52""}",,245.jpg,20,173.0
wgd_246_01,118.0,0.07,"{""Answer"":""118"",""Confidence"":""0.07""}",,246.jpg,1,121.0
wgd_246_02,118.0,0.18,"{""Answer"":""118"",""Confidence"":""0.18""}",,246.jpg,2,121.0
wgd_246_03,118.0,0.19,"{""Answer"":""118"",""Confidence"":""0.19""}",,246.jpg,3,121.0
wgd_246_04,112.0,0.22,"{""Answer"":""112"",""Confidence"":""0.22""}",,246.jpg,4,121.0
wgd_246_05,118.0,0.32,"{""Answer"":""118"",""Confidence"":""0.32""}",,246.jpg,5,121.0
wgd_246_06,115.0,0.62,"{""Answer"":""115"",""Confidence"":""0.62""}",,246.jpg,6,121.0
wgd_246_07,112.0,0.41,"{""Answer"":""112"",""Confidence"":""0.41""}",,246.jpg,7,121.0
wgd_246_08,112.0,0.42,"{""Answer"":""112"",""Confidence"":""0.42""}",,246.jpg,8,121.0
wgd_246_09,118.0,0.43,"{""Answer"":""118"",""Confidence"":""0.43""}",,246.jpg,9,121.0
wgd_246_10,118.0,0.62,"{""Answer"":""118"",""Confidence"":""0.62""}",,246.jpg,10,121.0
wgd_246_11,115.0,0.55,"{""Answer"":""115"",""Confidence"":""0.55""}",,246.jpg,11,121.0
wgd_246_12,120.0,0.42,"{""Answer"":""120"",""Confidence"":""0.42""}",,246.jpg,12,121.0
wgd_246_13,115.0,0.69,"{""Answer"":""115"",""Confidence"":""0.69""}",,246.jpg,13,121.0
wgd_246_14,118.0,0.63,"{""Answer"":""118"",""Confidence"":""0.63""}",,246.jpg,14,121.0
wgd_246_15,110.0,0.63,"{""Answer"":""110"",""Confidence"":""0.63""}",,246.jpg,15,121.0
wgd_246_16,115.0,0.58,"{""Answer"":""115"",""Confidence"":""0.58""}",,246.jpg,16,121.0
wgd_246_17,115.0,0.63,"{""Answer"":""115"",""Confidence"":""0.63""}",,246.jpg,17,121.0
wgd_246_18,110.0,0.61,"{""Answer"":""110"",""Confidence"":""0.61""}",,246.jpg,18,121.0
wgd_246_19,115.0,0.72,"{""Answer"":""115"",""Confidence"":""0.72""}",,246.jpg,19,121.0
wgd_246_20,115.0,0.62,"{""Answer"":""115"",""Confidence"":""0.62""}",,246.jpg,20,121.0
wgd_247_01,135.0,0.08,"{""Answer"":""135"",""Confidence"":""0.08""}",,247.jpg,1,161.0
wgd_247_02,135.0,0.18,"{""Answer"":""135"",""Confidence"":""0.18""}",,247.jpg,2,161.0
wgd_247_03,135.0,0.22,"{""Answer"":""135"",""Confidence"":""0.22""}",,247.jpg,3,161.0
wgd_247_04,135.0,0.27,"{""Answer"":""135"",""Confidence"":""0.27""}",,247.jpg,4,161.0
wgd_247_05,130.0,0.42,"{""Answer"":""130"",""Confidence"":""0.42""}",,247.jpg,5,161.0
wgd_247_06,135.0,0.22,"{""Answer"":""135"",""Confidence"":""0.22""}",,247.jpg,6,161.0
wgd_247_07,135.0,0.29,"{""Answer"":""135"",""Confidence"":""0.29""}",,247.jpg,7,161.0
wgd_247_08,132.0,0.62,"{""Answer"":""132"",""Confidence"":""0.62""}",,247.jpg,8,161.0
wgd_247_09,138.0,0.42,"{""Answer"":""138"",""Confidence"":""0.42""}",,247.jpg,9,161.0
wgd_247_10,128.0,0.55,"{""Answer"":""128"",""Confidence"":""0.55""}",,247.jpg,10,161.0
wgd_247_11,145.0,0.42,"{""Answer"":""145"",""Confidence"":""0.42""}",,247.jpg,11,161.0
wgd_247_12,145.0,0.42,"{""Answer"":""145"",""Confidence"":""0.42""}",,247.jpg,12,161.0
wgd_247_13,145.0,0.28,"{""Answer"":""145"",""Confidence"":""0.28""}",,247.jpg,13,161.0
wgd_247_14,135.0,0.62,"{""Answer"":""135"",""Confidence"":""0.62""}",,247.jpg,14,161.0
wgd_247_15,138.0,0.34,"{""Answer"":""138"",""Confidence"":""0.34""}",,247.jpg,15,161.0
wgd_247_16,140.0,0.52,"{""Answer"":""140"",""Confidence"":""0.52""}",,247.jpg,16,161.0
wgd_247_17,145.0,0.63,"{""Answer"":""145"",""Confidence"":""0.63""}",,247.jpg,17,161.0
wgd_247_18,135.0,0.62,"{""Answer"":""135"",""Confidence"":""0.62""}",,247.jpg,18,161.0
wgd_247_19,132.0,0.58,"{""Answer"":""132"",""Confidence"":""0.58""}",,247.jpg,19,161.0
wgd_247_20,140.0,0.52,"{""Answer"":""140"",""Confidence"":""0.52""}",,247.jpg,20,161.0
wgd_248_01,118.0,0.07,"{""Answer"":""118"",""Confidence"":""0.07""}",,248.jpg,1,125.0
wgd_248_02,118.0,0.18,"{""Answer"":""118"",""Confidence"":""0.18""}",,248.jpg,2,125.0
wgd_248_03,118.0,0.18,"{""Answer"":""118"",""Confidence"":""0.18""}",,248.jpg,3,125.0
wgd_248_04,118.0,0.24,"{""Answer"":""118"",""Confidence"":""0.24""}",,248.jpg,4,125.0
wgd_248_05,120.0,0.31,"{""Answer"":""120"",""Confidence"":""0.31""}",,248.jpg,5,125.0
wgd_248_06,118.0,0.56,"{""Answer"":""118"",""Confidence"":""0.56""}",,248.jpg,6,125.0
wgd_248_07,118.0,0.34,"{""Answer"":""118"",""Confidence"":""0.34""}",,248.jpg,7,125.0
wgd_248_08,118.0,0.36,"{""Answer"":""118"",""Confidence"":""0.36""}",,248.jpg,8,125.0
wgd_248_09,115.0,0.49,"{""Answer"":""115"",""Confidence"":""0.49""}",,248.jpg,9,125.0
wgd_248_10,118.0,0.56,"{""Answer"":""118"",""Confidence"":""0.56""}",,248.jpg,10,125.0
wgd_248_11,118.0,0.58,"{""Answer"":""118"",""Confidence"":""0.58""}",,248.jpg,11,125.0
wgd_248_12,118.0,0.56,"{""Answer"":""118"",""Confidence"":""0.56""}",,248.jpg,12,125.0
wgd_248_13,118.0,0.56,"{""Answer"":""118"",""Confidence"":""0.56""}",,248.jpg,13,125.0
wgd_248_14,118.0,0.62,"{""Answer"":""118"",""Confidence"":""0.62""}",,248.jpg,14,125.0
wgd_248_15,120.0,0.61,"{""Answer"":""120"",""Confidence"":""0.61""}",,248.jpg,15,125.0
wgd_248_16,118.0,0.46,"{""Answer"":""118"",""Confidence"":""0.46""}",,248.jpg,16,125.0
wgd_248_17,118.0,0.62,"{""Answer"":""118"",""Confidence"":""0.62""}",,248.jpg,17,125.0
wgd_248_18,118.0,0.42,"{""Answer"":""118"",""Confidence"":""0.42""}",,248.jpg,18,125.0
wgd_248_19,110.0,0.74,"{""Answer"":""110"",""Confidence"":""0.74""}",,248.jpg,19,125.0
wgd_248_20,118.0,0.63,"{""Answer"":""118"",""Confidence"":""0.63""}",,248.jpg,20,125.0
wgd_249_01,135.0,0.08,"{""Answer"":""135"",""Confidence"":""0.08""}",,249.jpg,1,142.0
wgd_249_02,128.0,0.18,"{""Answer"":""128"",""Confidence"":""0.18""}",,249.jpg,2,142.0
wgd_249_03,128.0,0.24,"{""Answer"":""128"",""Confidence"":""0.24""}",,249.jpg,3,142.0
wgd_249_04,132.0,0.31,"{""Answer"":""132"",""Confidence"":""0.31""}",,249.jpg,4,142.0
wgd_249_05,130.0,0.38,"{""Answer"":""130"",""Confidence"":""0.38""}",,249.jpg,5,142.0
wgd_249_06,128.0,0.43,"{""Answer"":""128"",""Confidence"":""0.43""}",,249.jpg,6,142.0
wgd_249_07,130.0,0.24,"{""Answer"":""130"",""Confidence"":""0.24""}",,249.jpg,7,142.0
wgd_249_08,128.0,0.38,"{""Answer"":""128"",""Confidence"":""0.38""}",,249.jpg,8,142.0
wgd_249_09,128.0,0.34,"{""Answer"":""128"",""Confidence"":""0.34""}",,249.jpg,9,142.0
wgd_249_10,130.0,0.58,"{""Answer"":""130"",""Confidence"":""0.58""}",,249.jpg,10,142.0
wgd_249_11,132.0,0.58,"{""Answer"":""132"",""Confidence"":""0.58""}",,249.jpg,11,142.0
wgd_249_12,132.0,0.36,"{""Answer"":""132"",""Confidence"":""0.36""}",,249.jpg,12,142.0
wgd_249_13,132.0,0.41,"{""Answer"":""132"",""Confidence"":""0.41""}",,249.jpg,13,142.0
wgd_249_14,132.0,0.62,"{""Answer"":""132"",""Confidence"":""0.62""}",,249.jpg,14,142.0
wgd_249_15,125.0,0.56,"{""Answer"":""125"",""Confidence"":""0.56""}",,249.jpg,15,142.0
wgd_249_16,125.0,0.62,"{""Answer"":""125"",""Confidence"":""0.62""}",,249.jpg,16,142.0
wgd_249_17,130.0,0.63,"{""Answer"":""130"",""Confidence"":""0.63""}",,249.jpg,17,142.0
wgd_249_18,130.0,0.63,"{""Answer"":""130"",""Confidence"":""0.63""}",,249.jpg,18,142.0
wgd_249_19,125.0,0.62,"{""Answer"":""125"",""Confidence"":""0.62""}",,249.jpg,19,142.0
wgd_249_20,135.0,0.62,"{""Answer"":""135"",""Confidence"":""0.62""}",,249.jpg,20,142.0
wgd_250_01,165.0,0.12,"{""Answer"":""165"",""Confidence"":""0.12""}",,250.jpg,1,175.0
wgd_250_02,165.0,0.19,"{""Answer"":""165"",""Confidence"":""0.19""}",,250.jpg,2,175.0
wgd_250_03,165.0,0.28,"{""Answer"":""165"",""Confidence"":""0.28""}",,250.jpg,3,175.0
wgd_250_04,165.0,0.52,"{""Answer"":""165"",""Confidence"":""0.52""}",,250.jpg,4,175.0
wgd_250_05,165.0,0.27,"{""Answer"":""165"",""Confidence"":""0.27""}",,250.jpg,5,175.0
wgd_250_06,165.0,0.54,"{""Answer"":""165"",""Confidence"":""0.54""}",,250.jpg,6,175.0
wgd_250_07,165.0,0.43,"{""Answer"":""165"",""Confidence"":""0.43""}",,250.jpg,7,175.0
wgd_250_08,172.0,0.46,"{""Answer"":""172"",""Confidence"":""0.46""}",,250.jpg,8,175.0
wgd_250_09,165.0,0.47,"{""Answer"":""165"",""Confidence"":""0.47""}",,250.jpg,9,175.0
wgd_250_10,168.0,0.42,"{""Answer"":""168"",""Confidence"":""0.42""}",,250.jpg,10,175.0
wgd_250_11,165.0,0.62,"{""Answer"":""165"",""Confidence"":""0.62""}",,250.jpg,11,175.0
wgd_250_12,168.0,0.62,"{""Answer"":""168"",""Confidence"":""0.62""}",,250.jpg,12,175.0
wgd_250_13,165.0,0.71,"{""Answer"":""165"",""Confidence"":""0.71""}",,250.jpg,13,175.0
wgd_250_14,165.0,0.62,"{""Answer"":""165"",""Confidence"":""0.62""}",,250.jpg,14,175.0
wgd_250_15,165.0,0.63,"{""Answer"":""165"",""Confidence"":""0.63""}",,250.jpg,15,175.0
wgd_250_16,165.0,0.67,"{""Answer"":""165"",""Confidence"":""0.67""}",,250.jpg,16,175.0
wgd_250_17,170.0,0.62,"{""Answer"":""170"",""Confidence"":""0.62""}",,250.jpg,17,175.0
wgd_250_18,165.0,0.54,"{""Answer"":""165"",""Confidence"":""0.54""}",,250.jpg,18,175.0
wgd_250_19,170.0,0.61,"{""Answer"":""170"",""Confidence"":""0.61""}",,250.jpg,19,175.0
wgd_250_20,170.0,0.61,"{""Answer"":""170"",""Confidence"":""0.61""}",,250.jpg,20,175.0
wgd_251_01,155.0,0.07,"{""Answer"":""155"",""Confidence"":""0.07""}",,251.jpg,1,178.0
wgd_251_02,155.0,0.18,"{""Answer"":""155"",""Confidence"":""0.18""}",,251.jpg,2,178.0
wgd_251_03,155.0,0.22,"{""Answer"":""155"",""Confidence"":""0.22""}",,251.jpg,3,178.0
wgd_251_04,165.0,0.28,"{""Answer"":""165"",""Confidence"":""0.28""}",,251.jpg,4,178.0
wgd_251_05,150.0,0.34,"{""Answer"":""150"",""Confidence"":""0.34""}",,251.jpg,5,178.0
wgd_251_06,158.0,0.42,"{""Answer"":""158"",""Confidence"":""0.42""}",,251.jpg,6,178.0
wgd_251_07,155.0,0.38,"{""Answer"":""155"",""Confidence"":""0.38""}",,251.jpg,7,178.0
wgd_251_08,155.0,0.55,"{""Answer"":""155"",""Confidence"":""0.55""}",,251.jpg,8,178.0
wgd_251_09,155.0,0.42,"{""Answer"":""155"",""Confidence"":""0.42""}",,251.jpg,9,178.0
wgd_251_10,155.0,0.54,"{""Answer"":""155"",""Confidence"":""0.54""}",,251.jpg,10,178.0
wgd_251_11,155.0,0.63,"{""Answer"":""155"",""Confidence"":""0.63""}",,251.jpg,11,178.0
wgd_251_12,160.0,0.42,"{""Answer"":""160"",""Confidence"":""0.42""}",,251.jpg,12,178.0
wgd_251_13,150.0,0.72,"{""Answer"":""150"",""Confidence"":""0.72""}",,251.jpg,13,178.0
wgd_251_14,160.0,0.42,"{""Answer"":""160"",""Confidence"":""0.42""}",,251.jpg,14,178.0
wgd_251_15,160.0,0.54,"{""Answer"":""160"",""Confidence"":""0.54""}",,251.jpg,15,178.0
wgd_251_16,155.0,0.62,"{""Answer"":""155"",""Confidence"":""0.62""}",,251.jpg,16,178.0
wgd_251_17,160.0,0.52,"{""Answer"":""160"",""Confidence"":""0.52""}",,251.jpg,17,178.0
wgd_251_18,155.0,0.63,"{""Answer"":""155"",""Confidence"":""0.63""}",,251.jpg,18,178.0
wgd_251_19,155.0,0.62,"{""Answer"":""155"",""Confidence"":""0.62""}",,251.jpg,19,178.0
wgd_251_20,155.0,0.58,"{""Answer"":""155"",""Confidence"":""0.58""}",,251.jpg,20,178.0
wgd_252_01,145.0,0.08,"{""Answer"":""145"",""Confidence"":""0.08""}",,252.jpg,1,147.0
wgd_252_02,145.0,0.19,"{""Answer"":""145"",""Confidence"":""0.19""}",,252.jpg,2,147.0
wgd_252_03,145.0,0.18,"{""Answer"":""145"",""Confidence"":""0.18""}",,252.jpg,3,147.0
wgd_252_04,145.0,0.32,"{""Answer"":""145"",""Confidence"":""0.32""}",,252.jpg,4,147.0
wgd_252_05,145.0,0.39,"{""Answer"":""145"",""Confidence"":""0.39""}",,252.jpg,5,147.0
wgd_252_06,145.0,0.58,"{""Answer"":""145"",""Confidence"":""0.58""}",,252.jpg,6,147.0
wgd_252_07,150.0,0.34,"{""Answer"":""150"",""Confidence"":""0.34""}",,252.jpg,7,147.0
wgd_252_08,145.0,0.34,"{""Answer"":""145"",""Confidence"":""0.34""}",,252.jpg,8,147.0
wgd_252_09,145.0,0.62,"{""Answer"":""145"",""Confidence"":""0.62""}",,252.jpg,9,147.0
wgd_252_10,148.0,0.39,"{""Answer"":""148"",""Confidence"":""0.39""}",,252.jpg,10,147.0
wgd_252_11,155.0,0.66,"{""Answer"":""155"",""Confidence"":""0.66""}",,252.jpg,11,147.0
wgd_252_12,145.0,0.63,"{""Answer"":""145"",""Confidence"":""0.63""}",,252.jpg,12,147.0
wgd_252_13,148.0,0.62,"{""Answer"":""148"",""Confidence"":""0.62""}",,252.jpg,13,147.0
wgd_252_14,145.0,0.67,"{""Answer"":""145"",""Confidence"":""0.67""}",,252.jpg,14,147.0
wgd_252_15,150.0,0.73,"{""Answer"":""150"",""Confidence"":""0.73""}",,252.jpg,15,147.0
wgd_252_16,145.0,0.61,"{""Answer"":""145"",""Confidence"":""0.61""}",,252.jpg,16,147.0
wgd_252_17,152.0,0.64,"{""Answer"":""152"",""Confidence"":""0.64""}",,252.jpg,17,147.0
wgd_252_18,145.0,0.62,"{""Answer"":""145"",""Confidence"":""0.62""}",,252.jpg,18,147.0
wgd_252_19,145.0,0.62,"{""Answer"":""145"",""Confidence"":""0.62""}",,252.jpg,19,147.0
wgd_252_20,145.0,0.62,"{""Answer"":""145"",""Confidence"":""0.62""}",,252.jpg,20,147.0
wgd_253_01,130.0,0.06,"{""Answer"":""130"",""Confidence"":""0.06""}",,253.jpg,1,133.0
wgd_253_02,128.0,0.22,"{""Answer"":""128"",""Confidence"":""0.22""}",,253.jpg,2,133.0
wgd_253_03,128.0,0.22,"{""Answer"":""128"",""Confidence"":""0.22""}",,253.jpg,3,133.0
wgd_253_04,125.0,0.36,"{""Answer"":""125"",""Confidence"":""0.36""}",,253.jpg,4,133.0
wgd_253_05,128.0,0.24,"{""Answer"":""128"",""Confidence"":""0.24""}",,253.jpg,5,133.0
wgd_253_06,128.0,0.41,"{""Answer"":""128"",""Confidence"":""0.41""}",,253.jpg,6,133.0
wgd_253_07,128.0,0.42,"{""Answer"":""128"",""Confidence"":""0.42""}",,253.jpg,7,133.0
wgd_253_08,125.0,0.42,"{""Answer"":""125"",""Confidence"":""0.42""}",,253.jpg,8,133.0
wgd_253_09,128.0,0.39,"{""Answer"":""128"",""Confidence"":""0.39""}",,253.jpg,9,133.0
wgd_253_10,128.0,0.42,"{""Answer"":""128"",""Confidence"":""0.42""}",,253.jpg,10,133.0
wgd_253_11,125.0,0.36,"{""Answer"":""125"",""Confidence"":""0.36""}",,253.jpg,11,133.0
wgd_253_12,128.0,0.52,"{""Answer"":""128"",""Confidence"":""0.52""}",,253.jpg,12,133.0
wgd_253_13,125.0,0.54,"{""Answer"":""125"",""Confidence"":""0.54""}",,253.jpg,13,133.0
wgd_253_14,128.0,0.46,"{""Answer"":""128"",""Confidence"":""0.46""}",,253.jpg,14,133.0
wgd_253_15,125.0,0.42,"{""Answer"":""125"",""Confidence"":""0.42""}",,253.jpg,15,133.0
wgd_253_16,125.0,0.62,"{""Answer"":""125"",""Confidence"":""0.62""}",,253.jpg,16,133.0
wgd_253_17,128.0,0.46,"{""Answer"":""128"",""Confidence"":""0.46""}",,253.jpg,17,133.0
wgd_253_18,128.0,0.42,"{""Answer"":""128"",""Confidence"":""0.42""}",,253.jpg,18,133.0
wgd_253_19,128.0,0.58,"{""Answer"":""128"",""Confidence"":""0.58""}",,253.jpg,19,133.0
wgd_253_20,128.0,0.56,"{""Answer"":""128"",""Confidence"":""0.56""}",,253.jpg,20,133.0
wgd_254_01,135.0,0.12,"{""Answer"":""135"",""Confidence"":""0.12""}",,254.jpg,1,140.0
wgd_254_02,145.0,0.18,"{""Answer"":""145"",""Confidence"":""0.18""}",,254.jpg,2,140.0
wgd_254_03,140.0,0.34,"{""Answer"":""140"",""Confidence"":""0.34""}",,254.jpg,3,140.0
wgd_254_04,145.0,0.22,"{""Answer"":""145"",""Confidence"":""0.22""}",,254.jpg,4,140.0
wgd_254_05,135.0,0.38,"{""Answer"":""135"",""Confidence"":""0.38""}",,254.jpg,5,140.0
wgd_254_06,140.0,0.42,"{""Answer"":""140"",""Confidence"":""0.42""}",,254.jpg,6,140.0
wgd_254_07,140.0,0.58,"{""Answer"":""140"",""Confidence"":""0.58""}",,254.jpg,7,140.0
wgd_254_08,138.0,0.43,"{""Answer"":""138"",""Confidence"":""0.43""}",,254.jpg,8,140.0
wgd_254_09,140.0,0.46,"{""Answer"":""140"",""Confidence"":""0.46""}",,254.jpg,9,140.0
wgd_254_10,145.0,0.54,"{""Answer"":""145"",""Confidence"":""0.54""}",,254.jpg,10,140.0
wgd_254_11,140.0,0.44,"{""Answer"":""140"",""Confidence"":""0.44""}",,254.jpg,11,140.0
wgd_254_12,145.0,0.62,"{""Answer"":""145"",""Confidence"":""0.62""}",,254.jpg,12,140.0
wgd_254_13,145.0,0.63,"{""Answer"":""145"",""Confidence"":""0.63""}",,254.jpg,13,140.0
wgd_254_14,145.0,0.43,"{""Answer"":""145"",""Confidence"":""0.43""}",,254.jpg,14,140.0
wgd_254_15,135.0,0.62,"{""Answer"":""135"",""Confidence"":""0.62""}",,254.jpg,15,140.0
wgd_254_16,145.0,0.61,"{""Answer"":""145"",""Confidence"":""0.61""}",,254.jpg,16,140.0
wgd_254_17,145.0,0.56,"{""Answer"":""145"",""Confidence"":""0.56""}",,254.jpg,17,140.0
wgd_254_18,135.0,0.43,"{""Answer"":""135"",""Confidence"":""0.43""}",,254.jpg,18,140.0
wgd_254_19,135.0,0.58,"{""Answer"":""135"",""Confidence"":""0.58""}",,254.jpg,19,140.0
wgd_254_20,135.0,0.68,"{""Answer"":""135"",""Confidence"":""0.68""}",,254.jpg,20,140.0
wgd_255_01,135.0,0.08,"{""Answer"":""135"",""Confidence"":""0.08""}",,255.jpg,1,170.0
wgd_255_02,135.0,0.12,"{""Answer"":""135"",""Confidence"":""0.12""}",,255.jpg,2,170.0
wgd_255_03,135.0,0.18,"{""Answer"":""135"",""Confidence"":""0.18""}",,255.jpg,3,170.0
wgd_255_04,135.0,0.18,"{""Answer"":""135"",""Confidence"":""0.18""}",,255.jpg,4,170.0
wgd_255_05,140.0,0.28,"{""Answer"":""140"",""Confidence"":""0.28""}",,255.jpg,5,170.0
wgd_255_06,135.0,0.32,"{""Answer"":""135"",""Confidence"":""0.32""}",,255.jpg,6,170.0
wgd_255_07,140.0,0.33,"{""Answer"":""140"",""Confidence"":""0.33""}",,255.jpg,7,170.0
wgd_255_08,135.0,0.34,"{""Answer"":""135"",""Confidence"":""0.34""}",,255.jpg,8,170.0
wgd_255_09,145.0,0.34,"{""Answer"":""145"",""Confidence"":""0.34""}",,255.jpg,9,170.0
wgd_255_10,135.0,0.42,"{""Answer"":""135"",""Confidence"":""0.42""}",,255.jpg,10,170.0
wgd_255_11,135.0,0.38,"{""Answer"":""135"",""Confidence"":""0.38""}",,255.jpg,11,170.0
wgd_255_12,138.0,0.41,"{""Answer"":""138"",""Confidence"":""0.41""}",,255.jpg,12,170.0
wgd_255_13,140.0,0.38,"{""Answer"":""140"",""Confidence"":""0.38""}",,255.jpg,13,170.0
wgd_255_14,135.0,0.43,"{""Answer"":""135"",""Confidence"":""0.43""}",,255.jpg,14,170.0
wgd_255_15,132.0,0.42,"{""Answer"":""132"",""Confidence"":""0.42""}",,255.jpg,15,170.0
wgd_255_16,145.0,0.42,"{""Answer"":""145"",""Confidence"":""0.42""}",,255.jpg,16,170.0
wgd_255_17,135.0,0.42,"{""Answer"":""135"",""Confidence"":""0.42""}",,255.jpg,17,170.0
wgd_255_18,140.0,0.42,"{""Answer"":""140"",""Confidence"":""0.42""}",,255.jpg,18,170.0
wgd_255_19,135.0,0.42,"{""Answer"":""135"",""Confidence"":""0.42""}",,255.jpg,19,170.0
wgd_255_20,145.0,0.34,"{""Answer"":""145"",""Confidence"":""0.34""}",,255.jpg,20,170.0
wgd_256_01,155.0,0.12,"{""Answer"":""155"",""Confidence"":""0.12""}",,256.jpg,1,183.0
wgd_256_02,165.0,0.28,"{""Answer"":""165"",""Confidence"":""0.28""}",,256.jpg,2,183.0
wgd_256_03,160.0,0.16,"{""Answer"":""160"",""Confidence"":""0.16""}",,256.jpg,3,183.0
wgd_256_04,165.0,0.18,"{""Answer"":""165"",""Confidence"":""0.18""}",,256.jpg,4,183.0
wgd_256_05,165.0,0.28,"{""Answer"":""165"",""Confidence"":""0.28""}",,256.jpg,5,183.0
wgd_256_06,158.0,0.62,"{""Answer"":""158"",""Confidence"":""0.62""}",,256.jpg,6,183.0
wgd_256_07,160.0,0.54,"{""Answer"":""160"",""Confidence"":""0.54""}",,256.jpg,7,183.0
wgd_256_08,162.0,0.42,"{""Answer"":""162"",""Confidence"":""0.42""}",,256.jpg,8,183.0
wgd_256_09,155.0,0.46,"{""Answer"":""155"",""Confidence"":""0.46""}",,256.jpg,9,183.0
wgd_256_10,165.0,0.61,"{""Answer"":""165"",""Confidence"":""0.61""}",,256.jpg,10,183.0
wgd_256_11,158.0,0.63,"{""Answer"":""158"",""Confidence"":""0.63""}",,256.jpg,11,183.0
wgd_256_12,150.0,0.63,"{""Answer"":""150"",""Confidence"":""0.63""}",,256.jpg,12,183.0
wgd_256_13,160.0,0.64,"{""Answer"":""160"",""Confidence"":""0.64""}",,256.jpg,13,183.0
wgd_256_14,155.0,0.62,"{""Answer"":""155"",""Confidence"":""0.62""}",,256.jpg,14,183.0
wgd_256_15,150.0,0.62,"{""Answer"":""150"",""Confidence"":""0.62""}",,256.jpg,15,183.0
wgd_256_16,165.0,0.56,"{""Answer"":""165"",""Confidence"":""0.56""}",,256.jpg,16,183.0
wgd_256_17,165.0,0.54,"{""Answer"":""165"",""Confidence"":""0.54""}",,256.jpg,17,183.0
wgd_256_18,160.0,0.73,"{""Answer"":""160"",""Confidence"":""0.73""}",,256.jpg,18,183.0
wgd_256_19,165.0,0.72,"{""Answer"":""165"",""Confidence"":""0.72""}",,256.jpg,19,183.0
wgd_256_20,160.0,0.62,"{""Answer"":""160"",""Confidence"":""0.62""}",,256.jpg,20,183.0
wgd_257_01,170.0,0.18,"{""Answer"":""170"",""Confidence"":""0.18""}",,257.jpg,1,145.0
wgd_257_02,170.0,0.18,"{""Answer"":""170"",""Confidence"":""0.18""}",,257.jpg,2,145.0
wgd_257_03,168.0,0.18,"{""Answer"":""168"",""Confidence"":""0.18""}",,257.jpg,3,145.0
wgd_257_04,168.0,0.24,"{""Answer"":""168"",""Confidence"":""0.24""}",,257.jpg,4,145.0
wgd_257_05,165.0,0.28,"{""Answer"":""165"",""Confidence"":""0.28""}",,257.jpg,5,145.0
wgd_257_06,170.0,0.34,"{""Answer"":""170"",""Confidence"":""0.34""}",,257.jpg,6,145.0
wgd_257_07,165.0,0.28,"{""Answer"":""165"",""Confidence"":""0.28""}",,257.jpg,7,145.0
wgd_257_08,165.0,0.34,"{""Answer"":""165"",""Confidence"":""0.34""}",,257.jpg,8,145.0
wgd_257_09,165.0,0.63,"{""Answer"":""165"",""Confidence"":""0.63""}",,257.jpg,9,145.0
wgd_257_10,170.0,0.42,"{""Answer"":""170"",""Confidence"":""0.42""}",,257.jpg,10,145.0
wgd_257_11,172.0,0.6,"{""Answer"":""172"",""Confidence"":""0.60""}",,257.jpg,11,145.0
wgd_257_12,175.0,0.62,"{""Answer"":""175"",""Confidence"":""0.62""}",,257.jpg,12,145.0
wgd_257_13,168.0,0.54,"{""Answer"":""168"",""Confidence"":""0.54""}",,257.jpg,13,145.0
wgd_257_14,175.0,0.56,"{""Answer"":""175"",""Confidence"":""0.56""}",,257.jpg,14,145.0
wgd_257_15,165.0,0.64,"{""Answer"":""165"",""Confidence"":""0.64""}",,257.jpg,15,145.0
wgd_257_16,165.0,0.62,"{""Answer"":""165"",""Confidence"":""0.62""}",,257.jpg,16,145.0
wgd_257_17,175.0,0.62,"{""Answer"":""175"",""Confidence"":""0.62""}",,257.jpg,17,145.0
wgd_257_18,175.0,0.61,"{""Answer"":""175"",""Confidence"":""0.61""}",,257.jpg,18,145.0
wgd_257_19,165.0,0.68,"{""Answer"":""165"",""Confidence"":""0.68""}",,257.jpg,19,145.0
wgd_257_20,165.0,0.68,"{""Answer"":""165"",""Confidence"":""0.68""}",,257.jpg,20,145.0
wgd_258_01,135.0,0.18,"{""Answer"":""135"",""Confidence"":""0.18""}",,258.jpg,1,182.0
wgd_258_02,136.0,0.18,"{""Answer"":""136"",""Confidence"":""0.18""}",,258.jpg,2,182.0
wgd_258_03,135.0,0.27,"{""Answer"":""135"",""Confidence"":""0.27""}",,258.jpg,3,182.0
wgd_258_04,130.0,0.33,"{""Answer"":""130"",""Confidence"":""0.33""}",,258.jpg,4,182.0
wgd_258_05,135.0,0.42,"{""Answer"":""135"",""Confidence"":""0.42""}",,258.jpg,5,182.0
wgd_258_06,130.0,0.41,"{""Answer"":""130"",""Confidence"":""0.41""}",,258.jpg,6,182.0
wgd_258_07,142.0,0.34,"{""Answer"":""142"",""Confidence"":""0.34""}",,258.jpg,7,182.0
wgd_258_08,135.0,0.62,"{""Answer"":""135"",""Confidence"":""0.62""}",,258.jpg,8,182.0
wgd_258_09,135.0,0.63,"{""Answer"":""135"",""Confidence"":""0.63""}",,258.jpg,9,182.0
wgd_258_10,135.0,0.62,"{""Answer"":""135"",""Confidence"":""0.62""}",,258.jpg,10,182.0
wgd_258_11,132.0,0.34,"{""Answer"":""132"",""Confidence"":""0.34""}",,258.jpg,11,182.0
wgd_258_12,138.0,0.61,"{""Answer"":""138"",""Confidence"":""0.61""}",,258.jpg,12,182.0
wgd_258_13,128.0,0.64,"{""Answer"":""128"",""Confidence"":""0.64""}",,258.jpg,13,182.0
wgd_258_14,132.0,0.64,"{""Answer"":""132"",""Confidence"":""0.64""}",,258.jpg,14,182.0
wgd_258_15,135.0,0.57,"{""Answer"":""135"",""Confidence"":""0.57""}",,258.jpg,15,182.0
wgd_258_16,132.0,0.58,"{""Answer"":""132"",""Confidence"":""0.58""}",,258.jpg,16,182.0
wgd_258_17,130.0,0.56,"{""Answer"":""130"",""Confidence"":""0.56""}",,258.jpg,17,182.0
wgd_258_18,138.0,0.58,"{""Answer"":""138"",""Confidence"":""0.58""}",,258.jpg,18,182.0
wgd_258_19,140.0,0.62,"{""Answer"":""140"",""Confidence"":""0.62""}",,258.jpg,19,182.0
wgd_258_20,145.0,0.72,"{""Answer"":""145"",""Confidence"":""0.72""}",,258.jpg,20,182.0
wgd_259_01,145.0,0.18,"{""Answer"":""145"",""Confidence"":""0.18""}",,259.jpg,1,120.0
wgd_259_02,150.0,0.18,"{""Answer"":""150"",""Confidence"":""0.18""}",,259.jpg,2,120.0
wgd_259_03,148.0,0.22,"{""Answer"":""148"",""Confidence"":""0.22""}",,259.jpg,3,120.0
wgd_259_04,150.0,0.32,"{""Answer"":""150"",""Confidence"":""0.32""}",,259.jpg,4,120.0
wgd_259_05,145.0,0.34,"{""Answer"":""145"",""Confidence"":""0.34""}",,259.jpg,5,120.0
wgd_259_06,155.0,0.42,"{""Answer"":""155"",""Confidence"":""0.42""}",,259.jpg,6,120.0
wgd_259_07,145.0,0.42,"{""Answer"":""145"",""Confidence"":""0.42""}",,259.jpg,7,120.0
wgd_259_08,142.0,0.41,"{""Answer"":""142"",""Confidence"":""0.41""}",,259.jpg,8,120.0
wgd_259_09,150.0,0.54,"{""Answer"":""150"",""Confidence"":""0.54""}",,259.jpg,9,120.0
wgd_259_10,150.0,0.43,"{""Answer"":""150"",""Confidence"":""0.43""}",,259.jpg,10,120.0
wgd_259_11,152.0,0.58,"{""Answer"":""152"",""Confidence"":""0.58""}",,259.jpg,11,120.0
wgd_259_12,150.0,0.63,"{""Answer"":""150"",""Confidence"":""0.63""}",,259.jpg,12,120.0
wgd_259_13,145.0,0.58,"{""Answer"":""145"",""Confidence"":""0.58""}",,259.jpg,13,120.0
wgd_259_14,145.0,0.63,"{""Answer"":""145"",""Confidence"":""0.63""}",,259.jpg,14,120.0
wgd_259_15,145.0,0.42,"{""Answer"":""145"",""Confidence"":""0.42""}",,259.jpg,15,120.0
wgd_259_16,150.0,0.42,"{""Answer"":""150"",""Confidence"":""0.42""}",,259.jpg,16,120.0
wgd_259_17,155.0,0.57,"{""Answer"":""155"",""Confidence"":""0.57""}",,259.jpg,17,120.0
wgd_259_18,145.0,0.62,"{""Answer"":""145"",""Confidence"":""0.62""}",,259.jpg,18,120.0
wgd_259_19,145.0,0.52,"{""Answer"":""145"",""Confidence"":""0.52""}",,259.jpg,19,120.0
wgd_259_20,145.0,0.63,"{""Answer"":""145"",""Confidence"":""0.63""}",,259.jpg,20,120.0
wgd_260_01,155.0,0.08,"{""Answer"":""155"",""Confidence"":""0.08""}",,260.jpg,1,163.0
wgd_260_02,150.0,0.18,"{""Answer"":""150"",""Confidence"":""0.18""}",,260.jpg,2,163.0
wgd_260_03,145.0,0.28,"{""Answer"":""145"",""Confidence"":""0.28""}",,260.jpg,3,163.0
wgd_260_04,155.0,0.42,"{""Answer"":""155"",""Confidence"":""0.42""}",,260.jpg,4,163.0
wgd_260_05,150.0,0.32,"{""Answer"":""150"",""Confidence"":""0.32""}",,260.jpg,5,163.0
wgd_260_06,152.0,0.46,"{""Answer"":""152"",""Confidence"":""0.46""}",,260.jpg,6,163.0
wgd_260_07,165.0,0.48,"{""Answer"":""165"",""Confidence"":""0.48""}",,260.jpg,7,163.0
wgd_260_08,155.0,0.54,"{""Answer"":""155"",""Confidence"":""0.54""}",,260.jpg,8,163.0
wgd_260_09,155.0,0.71,"{""Answer"":""155"",""Confidence"":""0.71""}",,260.jpg,9,163.0
wgd_260_10,160.0,0.67,"{""Answer"":""160"",""Confidence"":""0.67""}",,260.jpg,10,163.0
wgd_260_11,165.0,0.63,"{""Answer"":""165"",""Confidence"":""0.63""}",,260.jpg,11,163.0
wgd_260_12,155.0,0.62,"{""Answer"":""155"",""Confidence"":""0.62""}",,260.jpg,12,163.0
wgd_260_13,152.0,0.62,"{""Answer"":""152"",""Confidence"":""0.62""}",,260.jpg,13,163.0
wgd_260_14,150.0,0.62,"{""Answer"":""150"",""Confidence"":""0.62""}",,260.jpg,14,163.0
wgd_260_15,155.0,0.58,"{""Answer"":""155"",""Confidence"":""0.58""}",,260.jpg,15,163.0
wgd_260_16,145.0,0.72,"{""Answer"":""145"",""Confidence"":""0.72""}",,260.jpg,16,163.0
wgd_260_17,155.0,0.62,"{""Answer"":""155"",""Confidence"":""0.62""}",,260.jpg,17,163.0
wgd_260_18,155.0,0.62,"{""Answer"":""155"",""Confidence"":""0.62""}",,260.jpg,18,163.0
wgd_260_19,155.0,0.74,"{""Answer"":""155"",""Confidence"":""0.74""}",,260.jpg,19,163.0
wgd_260_20,155.0,0.54,"{""Answer"":""155"",""Confidence"":""0.54""}",,260.jpg,20,163.0
wgd_261_01,145.0,0.04,"{""Answer"":""145"",""Confidence"":""0.04""}",,261.jpg,1,155.0
wgd_261_02,145.0,0.18,"{""Answer"":""145"",""Confidence"":""0.18""}",,261.jpg,2,155.0
wgd_261_03,145.0,0.22,"{""Answer"":""145"",""Confidence"":""0.22""}",,261.jpg,3,155.0
wgd_261_04,145.0,0.26,"{""Answer"":""145"",""Confidence"":""0.26""}",,261.jpg,4,155.0
wgd_261_05,145.0,0.32,"{""Answer"":""145"",""Confidence"":""0.32""}",,261.jpg,5,155.0
wgd_261_06,145.0,0.31,"{""Answer"":""145"",""Confidence"":""0.31""}",,261.jpg,6,155.0
wgd_261_07,145.0,0.34,"{""Answer"":""145"",""Confidence"":""0.34""}",,261.jpg,7,155.0
wgd_261_08,142.0,0.31,"{""Answer"":""142"",""Confidence"":""0.31""}",,261.jpg,8,155.0
wgd_261_09,145.0,0.43,"{""Answer"":""145"",""Confidence"":""0.43""}",,261.jpg,9,155.0
wgd_261_10,150.0,0.41,"{""Answer"":""150"",""Confidence"":""0.41""}",,261.jpg,10,155.0
wgd_261_11,145.0,0.42,"{""Answer"":""145"",""Confidence"":""0.42""}",,261.jpg,11,155.0
wgd_261_12,145.0,0.58,"{""Answer"":""145"",""Confidence"":""0.58""}",,261.jpg,12,155.0
wgd_261_13,150.0,0.62,"{""Answer"":""150"",""Confidence"":""0.62""}",,261.jpg,13,155.0
wgd_261_14,145.0,0.63,"{""Answer"":""145"",""Confidence"":""0.63""}",,261.jpg,14,155.0
wgd_261_15,145.0,0.62,"{""Answer"":""145"",""Confidence"":""0.62""}",,261.jpg,15,155.0
wgd_261_16,145.0,0.38,"{""Answer"":""145"",""Confidence"":""0.38""}",,261.jpg,16,155.0
wgd_261_17,145.0,0.46,"{""Answer"":""145"",""Confidence"":""0.46""}",,261.jpg,17,155.0
wgd_261_18,145.0,0.52,"{""Answer"":""145"",""Confidence"":""0.52""}",,261.jpg,18,155.0
wgd_261_19,145.0,0.63,"{""Answer"":""145"",""Confidence"":""0.63""}",,261.jpg,19,155.0
wgd_261_20,145.0,0.54,"{""Answer"":""145"",""Confidence"":""0.54""}",,261.jpg,20,155.0
wgd_262_01,125.0,0.07,"{""Answer"":""125"",""Confidence"":""0.07""}",,262.jpg,1,131.0
wgd_262_02,128.0,0.18,"{""Answer"":""128"",""Confidence"":""0.18""}",,262.jpg,2,131.0
wgd_262_03,145.0,0.24,"{""Answer"":""145"",""Confidence"":""0.24""}",,262.jpg,3,131.0
wgd_262_04,145.0,0.38,"{""Answer"":""145"",""Confidence"":""0.38""}",,262.jpg,4,131.0
wgd_262_05,135.0,0.42,"{""Answer"":""135"",""Confidence"":""0.42""}",,262.jpg,5,131.0
wgd_262_06,145.0,0.28,"{""Answer"":""145"",""Confidence"":""0.28""}",,262.jpg,6,131.0
wgd_262_07,145.0,0.28,"{""Answer"":""145"",""Confidence"":""0.28""}",,262.jpg,7,131.0
wgd_262_08,135.0,0.42,"{""Answer"":""135"",""Confidence"":""0.42""}",,262.jpg,8,131.0
wgd_262_09,135.0,0.62,"{""Answer"":""135"",""Confidence"":""0.62""}",,262.jpg,9,131.0
wgd_262_10,135.0,0.42,"{""Answer"":""135"",""Confidence"":""0.42""}",,262.jpg,10,131.0
wgd_262_11,145.0,0.42,"{""Answer"":""145"",""Confidence"":""0.42""}",,262.jpg,11,131.0
wgd_262_12,135.0,0.66,"{""Answer"":""135"",""Confidence"":""0.66""}",,262.jpg,12,131.0
wgd_262_13,135.0,0.56,"{""Answer"":""135"",""Confidence"":""0.56""}",,262.jpg,13,131.0
wgd_262_14,125.0,0.42,"{""Answer"":""125"",""Confidence"":""0.42""}",,262.jpg,14,131.0
wgd_262_15,140.0,0.52,"{""Answer"":""140"",""Confidence"":""0.52""}",,262.jpg,15,131.0
wgd_262_16,135.0,0.48,"{""Answer"":""135"",""Confidence"":""0.48""}",,262.jpg,16,131.0
wgd_262_17,135.0,0.62,"{""Answer"":""135"",""Confidence"":""0.62""}",,262.jpg,17,131.0
wgd_262_18,125.0,0.52,"{""Answer"":""125"",""Confidence"":""0.52""}",,262.jpg,18,131.0
wgd_262_19,135.0,0.64,"{""Answer"":""135"",""Confidence"":""0.64""}",,262.jpg,19,131.0
wgd_262_20,125.0,0.55,"{""Answer"":""125"",""Confidence"":""0.55""}",,262.jpg,20,131.0
wgd_263_01,215.0,0.03,"{""Answer"":""215"",""Confidence"":""0.03""}",,263.jpg,1,215.0
wgd_263_02,195.0,0.18,"{""Answer"":""195"",""Confidence"":""0.18""}",,263.jpg,2,215.0
wgd_263_03,185.0,0.24,"{""Answer"":""185"",""Confidence"":""0.24""}",,263.jpg,3,215.0
wgd_263_04,185.0,0.24,"{""Answer"":""185"",""Confidence"":""0.24""}",,263.jpg,4,215.0
wgd_263_05,205.0,0.36,"{""Answer"":""205"",""Confidence"":""0.36""}",,263.jpg,5,215.0
wgd_263_06,185.0,0.38,"{""Answer"":""185"",""Confidence"":""0.38""}",,263.jpg,6,215.0
wgd_263_07,185.0,0.53,"{""Answer"":""185"",""Confidence"":""0.53""}",,263.jpg,7,215.0
wgd_263_08,190.0,0.66,"{""Answer"":""190"",""Confidence"":""0.66""}",,263.jpg,8,215.0
wgd_263_09,185.0,0.62,"{""Answer"":""185"",""Confidence"":""0.62""}",,263.jpg,9,215.0
wgd_263_10,195.0,0.41,"{""Answer"":""195"",""Confidence"":""0.41""}",,263.jpg,10,215.0
wgd_263_11,205.0,0.36,"{""Answer"":""205"",""Confidence"":""0.36""}",,263.jpg,11,215.0
wgd_263_12,205.0,0.61,"{""Answer"":""205"",""Confidence"":""0.61""}",,263.jpg,12,215.0
wgd_263_13,190.0,0.62,"{""Answer"":""190"",""Confidence"":""0.62""}",,263.jpg,13,215.0
wgd_263_14,185.0,0.62,"{""Answer"":""185"",""Confidence"":""0.62""}",,263.jpg,14,215.0
wgd_263_15,190.0,0.67,"{""Answer"":""190"",""Confidence"":""0.67""}",,263.jpg,15,215.0
wgd_263_16,185.0,0.62,"{""Answer"":""185"",""Confidence"":""0.62""}",,263.jpg,16,215.0
wgd_263_17,195.0,0.58,"{""Answer"":""195"",""Confidence"":""0.58""}",,263.jpg,17,215.0
wgd_263_18,175.0,0.62,"{""Answer"":""175"",""Confidence"":""0.62""}",,263.jpg,18,215.0
wgd_263_19,205.0,0.61,"{""Answer"":""205"",""Confidence"":""0.61""}",,263.jpg,19,215.0
wgd_263_20,205.0,0.61,"{""Answer"":""205"",""Confidence"":""0.61""}",,263.jpg,20,215.0
wgd_264_01,240.0,0.07,"{""Answer"":""240"",""Confidence"":""0.07""}",,264.jpg,1,380.0
wgd_264_02,230.0,0.18,"{""Answer"":""230"",""Confidence"":""0.18""}",,264.jpg,2,380.0
wgd_264_03,245.0,0.24,"{""Answer"":""245"",""Confidence"":""0.24""}",,264.jpg,3,380.0
wgd_264_04,205.0,0.21,"{""Answer"":""205"",""Confidence"":""0.21""}",,264.jpg,4,380.0
wgd_264_05,235.0,0.42,"{""Answer"":""235"",""Confidence"":""0.42""}",,264.jpg,5,380.0
wgd_264_06,245.0,0.62,"{""Answer"":""245"",""Confidence"":""0.62""}",,264.jpg,6,380.0
wgd_264_07,205.0,0.62,"{""Answer"":""205"",""Confidence"":""0.62""}",,264.jpg,7,380.0
wgd_264_08,225.0,0.62,"{""Answer"":""225"",""Confidence"":""0.62""}",,264.jpg,8,380.0
wgd_264_09,225.0,0.62,"{""Answer"":""225"",""Confidence"":""0.62""}",,264.jpg,9,380.0
wgd_264_10,245.0,0.63,"{""Answer"":""245"",""Confidence"":""0.63""}",,264.jpg,10,380.0
wgd_264_11,255.0,0.42,"{""Answer"":""255"",""Confidence"":""0.42""}",,264.jpg,11,380.0
wgd_264_12,240.0,0.67,"{""Answer"":""240"",""Confidence"":""0.67""}",,264.jpg,12,380.0
wgd_264_13,245.0,0.57,"{""Answer"":""245"",""Confidence"":""0.57""}",,264.jpg,13,380.0
wgd_264_14,215.0,0.63,"{""Answer"":""215"",""Confidence"":""0.63""}",,264.jpg,14,380.0
wgd_264_15,240.0,0.72,"{""Answer"":""240"",""Confidence"":""0.72""}",,264.jpg,15,380.0
wgd_264_16,225.0,0.61,"{""Answer"":""225"",""Confidence"":""0.61""}",,264.jpg,16,380.0
wgd_264_17,235.0,0.63,"{""Answer"":""235"",""Confidence"":""0.63""}",,264.jpg,17,380.0
wgd_264_18,255.0,0.64,"{""Answer"":""255"",""Confidence"":""0.64""}",,264.jpg,18,380.0
wgd_264_19,235.0,0.58,"{""Answer"":""235"",""Confidence"":""0.58""}",,264.jpg,19,380.0
wgd_264_20,255.0,0.67,"{""Answer"":""255"",""Confidence"":""0.67""}",,264.jpg,20,380.0
wgd_265_01,135.0,0.18,"{""Answer"":""135"",""Confidence"":""0.18""}",,265.jpg,1,155.0
wgd_265_02,138.0,0.18,"{""Answer"":""138"",""Confidence"":""0.18""}",,265.jpg,2,155.0
wgd_265_03,132.0,0.22,"{""Answer"":""132"",""Confidence"":""0.22""}",,265.jpg,3,155.0
wgd_265_04,130.0,0.27,"{""Answer"":""130"",""Confidence"":""0.27""}",,265.jpg,4,155.0
wgd_265_05,135.0,0.34,"{""Answer"":""135"",""Confidence"":""0.34""}",,265.jpg,5,155.0
wgd_265_06,135.0,0.54,"{""Answer"":""135"",""Confidence"":""0.54""}",,265.jpg,6,155.0
wgd_265_07,138.0,0.42,"{""Answer"":""138"",""Confidence"":""0.42""}",,265.jpg,7,155.0
wgd_265_08,138.0,0.44,"{""Answer"":""138"",""Confidence"":""0.44""}",,265.jpg,8,155.0
wgd_265_09,132.0,0.34,"{""Answer"":""132"",""Confidence"":""0.34""}",,265.jpg,9,155.0
wgd_265_10,135.0,0.34,"{""Answer"":""135"",""Confidence"":""0.34""}",,265.jpg,10,155.0
wgd_265_11,135.0,0.58,"{""Answer"":""135"",""Confidence"":""0.58""}",,265.jpg,11,155.0
wgd_265_12,135.0,0.62,"{""Answer"":""135"",""Confidence"":""0.62""}",,265.jpg,12,155.0
wgd_265_13,136.0,0.63,"{""Answer"":""136"",""Confidence"":""0.63""}",,265.jpg,13,155.0
wgd_265_14,135.0,0.63,"{""Answer"":""135"",""Confidence"":""0.63""}",,265.jpg,14,155.0
wgd_265_15,135.0,0.56,"{""Answer"":""135"",""Confidence"":""0.56""}",,265.jpg,15,155.0
wgd_265_16,138.0,0.63,"{""Answer"":""138"",""Confidence"":""0.63""}",,265.jpg,16,155.0
wgd_265_17,138.0,0.42,"{""Answer"":""138"",""Confidence"":""0.42""}",,265.jpg,17,155.0
wgd_265_18,145.0,0.62,"{""Answer"":""145"",""Confidence"":""0.62""}",,265.jpg,18,155.0
wgd_265_19,135.0,0.58,"{""Answer"":""135"",""Confidence"":""0.58""}",,265.jpg,19,155.0
wgd_265_20,135.0,0.68,"{""Answer"":""135"",""Confidence"":""0.68""}",,265.jpg,20,155.0
wgd_266_01,165.0,0.03,"{""Answer"":""165"",""Confidence"":""0.03""}",,266.jpg,1,200.0
wgd_266_02,165.0,0.18,"{""Answer"":""165"",""Confidence"":""0.18""}",,266.jpg,2,200.0
wgd_266_03,165.0,0.18,"{""Answer"":""165"",""Confidence"":""0.18""}",,266.jpg,3,200.0
wgd_266_04,155.0,0.18,"{""Answer"":""155"",""Confidence"":""0.18""}",,266.jpg,4,200.0
wgd_266_05,165.0,0.32,"{""Answer"":""165"",""Confidence"":""0.32""}",,266.jpg,5,200.0
wgd_266_06,165.0,0.27,"{""Answer"":""165"",""Confidence"":""0.27""}",,266.jpg,6,200.0
wgd_266_07,165.0,0.32,"{""Answer"":""165"",""Confidence"":""0.32""}",,266.jpg,7,200.0
wgd_266_08,165.0,0.42,"{""Answer"":""165"",""Confidence"":""0.42""}",,266.jpg,8,200.0
wgd_266_09,165.0,0.24,"{""Answer"":""165"",""Confidence"":""0.24""}",,266.jpg,9,200.0
wgd_266_10,165.0,0.42,"{""Answer"":""165"",""Confidence"":""0.42""}",,266.jpg,10,200.0
wgd_266_11,165.0,0.34,"{""Answer"":""165"",""Confidence"":""0.34""}",,266.jpg,11,200.0
wgd_266_12,165.0,0.42,"{""Answer"":""165"",""Confidence"":""0.42""}",,266.jpg,12,200.0
wgd_266_13,165.0,0.38,"{""Answer"":""165"",""Confidence"":""0.38""}",,266.jpg,13,200.0
wgd_266_14,165.0,0.42,"{""Answer"":""165"",""Confidence"":""0.42""}",,266.jpg,14,200.0
wgd_266_15,170.0,0.62,"{""Answer"":""170"",""Confidence"":""0.62""}",,266.jpg,15,200.0
wgd_266_16,155.0,0.62,"{""Answer"":""155"",""Confidence"":""0.62""}",,266.jpg,16,200.0
wgd_266_17,165.0,0.55,"{""Answer"":""165"",""Confidence"":""0.55""}",,266.jpg,17,200.0
wgd_266_18,168.0,0.62,"{""Answer"":""168"",""Confidence"":""0.62""}",,266.jpg,18,200.0
wgd_266_19,165.0,0.63,"{""Answer"":""165"",""Confidence"":""0.63""}",,266.jpg,19,200.0
wgd_266_20,165.0,0.62,"{""Answer"":""165"",""Confidence"":""0.62""}",,266.jpg,20,200.0
wgd_267_01,175.0,0.08,"{""Answer"":""175"",""Confidence"":""0.08""}",,267.jpg,1,195.0
wgd_267_02,185.0,0.18,"{""Answer"":""185"",""Confidence"":""0.18""}",,267.jpg,2,195.0
wgd_267_03,175.0,0.18,"{""Answer"":""175"",""Confidence"":""0.18""}",,267.jpg,3,195.0
wgd_267_04,175.0,0.28,"{""Answer"":""175"",""Confidence"":""0.28""}",,267.jpg,4,195.0
wgd_267_05,175.0,0.33,"{""Answer"":""175"",""Confidence"":""0.33""}",,267.jpg,5,195.0
wgd_267_06,175.0,0.32,"{""Answer"":""175"",""Confidence"":""0.32""}",,267.jpg,6,195.0
wgd_267_07,175.0,0.28,"{""Answer"":""175"",""Confidence"":""0.28""}",,267.jpg,7,195.0
wgd_267_08,175.0,0.32,"{""Answer"":""175"",""Confidence"":""0.32""}",,267.jpg,8,195.0
wgd_267_09,175.0,0.31,"{""Answer"":""175"",""Confidence"":""0.31""}",,267.jpg,9,195.0
wgd_267_10,175.0,0.54,"{""Answer"":""175"",""Confidence"":""0.54""}",,267.jpg,10,195.0
wgd_267_11,185.0,0.56,"{""Answer"":""185"",""Confidence"":""0.56""}",,267.jpg,11,195.0
wgd_267_12,175.0,0.64,"{""Answer"":""175"",""Confidence"":""0.64""}",,267.jpg,12,195.0
wgd_267_13,175.0,0.62,"{""Answer"":""175"",""Confidence"":""0.62""}",,267.jpg,13,195.0
wgd_267_14,180.0,0.66,"{""Answer"":""180"",""Confidence"":""0.66""}",,267.jpg,14,195.0
wgd_267_15,175.0,0.64,"{""Answer"":""175"",""Confidence"":""0.64""}",,267.jpg,15,195.0
wgd_267_16,175.0,0.62,"{""Answer"":""175"",""Confidence"":""0.62""}",,267.jpg,16,195.0
wgd_267_17,178.0,0.63,"{""Answer"":""178"",""Confidence"":""0.63""}",,267.jpg,17,195.0
wgd_267_18,175.0,0.62,"{""Answer"":""175"",""Confidence"":""0.62""}",,267.jpg,18,195.0
wgd_267_19,175.0,0.54,"{""Answer"":""175"",""Confidence"":""0.54""}",,267.jpg,19,195.0
wgd_267_20,175.0,0.54,"{""Answer"":""175"",""Confidence"":""0.54""}",,267.jpg,20,195.0
wgd_268_01,175.0,0.12,"{""Answer"":""175"",""Confidence"":""0.12""}",,268.jpg,1,205.0
wgd_268_02,175.0,0.18,"{""Answer"":""175"",""Confidence"":""0.18""}",,268.jpg,2,205.0
wgd_268_03,175.0,0.22,"{""Answer"":""175"",""Confidence"":""0.22""}",,268.jpg,3,205.0
wgd_268_04,175.0,0.24,"{""Answer"":""175"",""Confidence"":""0.24""}",,268.jpg,4,205.0
wgd_268_05,175.0,0.42,"{""Answer"":""175"",""Confidence"":""0.42""}",,268.jpg,5,205.0
wgd_268_06,175.0,0.28,"{""Answer"":""175"",""Confidence"":""0.28""}",,268.jpg,6,205.0
wgd_268_07,175.0,0.44,"{""Answer"":""175"",""Confidence"":""0.44""}",,268.jpg,7,205.0
wgd_268_08,175.0,0.48,"{""Answer"":""175"",""Confidence"":""0.48""}",,268.jpg,8,205.0
wgd_268_09,175.0,0.52,"{""Answer"":""175"",""Confidence"":""0.52""}",,268.jpg,9,205.0
wgd_268_10,175.0,0.63,"{""Answer"":""175"",""Confidence"":""0.63""}",,268.jpg,10,205.0
wgd_268_11,175.0,0.34,"{""Answer"":""175"",""Confidence"":""0.34""}",,268.jpg,11,205.0
wgd_268_12,182.0,0.52,"{""Answer"":""182"",""Confidence"":""0.52""}",,268.jpg,12,205.0
wgd_268_13,175.0,0.72,"{""Answer"":""175"",""Confidence"":""0.72""}",,268.jpg,13,205.0
wgd_268_14,175.0,0.61,"{""Answer"":""175"",""Confidence"":""0.61""}",,268.jpg,14,205.0
wgd_268_15,175.0,0.72,"{""Answer"":""175"",""Confidence"":""0.72""}",,268.jpg,15,205.0
wgd_268_16,178.0,0.56,"{""Answer"":""178"",""Confidence"":""0.56""}",,268.jpg,16,205.0
wgd_268_17,185.0,0.58,"{""Answer"":""185"",""Confidence"":""0.58""}",,268.jpg,17,205.0
wgd_268_18,175.0,0.62,"{""Answer"":""175"",""Confidence"":""0.62""}",,268.jpg,18,205.0
wgd_268_19,175.0,0.62,"{""Answer"":""175"",""Confidence"":""0.62""}",,268.jpg,19,205.0
wgd_268_20,175.0,0.63,"{""Answer"":""175"",""Confidence"":""0.63""}",,268.jpg,20,205.0
wgd_270_01,165.0,0.07,"{""Answer"":""165"",""Confidence"":""0.07""}",,270.jpg,1,155.0
wgd_270_02,165.0,0.18,"{""Answer"":""165"",""Confidence"":""0.18""}",,270.jpg,2,155.0
wgd_270_03,170.0,0.19,"{""Answer"":""170"",""Confidence"":""0.19""}",,270.jpg,3,155.0
wgd_270_04,165.0,0.26,"{""Answer"":""165"",""Confidence"":""0.26""}",,270.jpg,4,155.0
wgd_270_05,165.0,0.38,"{""Answer"":""165"",""Confidence"":""0.38""}",,270.jpg,5,155.0
wgd_270_06,165.0,0.28,"{""Answer"":""165"",""Confidence"":""0.28""}",,270.jpg,6,155.0
wgd_270_07,170.0,0.42,"{""Answer"":""170"",""Confidence"":""0.42""}",,270.jpg,7,155.0
wgd_270_08,165.0,0.42,"{""Answer"":""165"",""Confidence"":""0.42""}",,270.jpg,8,155.0
wgd_270_09,165.0,0.42,"{""Answer"":""165"",""Confidence"":""0.42""}",,270.jpg,9,155.0
wgd_270_10,165.0,0.52,"{""Answer"":""165"",""Confidence"":""0.52""}",,270.jpg,10,155.0
wgd_270_11,165.0,0.62,"{""Answer"":""165"",""Confidence"":""0.62""}",,270.jpg,11,155.0
wgd_270_12,165.0,0.53,"{""Answer"":""165"",""Confidence"":""0.53""}",,270.jpg,12,155.0
wgd_270_13,170.0,0.63,"{""Answer"":""170"",""Confidence"":""0.63""}",,270.jpg,13,155.0
wgd_270_14,165.0,0.58,"{""Answer"":""165"",""Confidence"":""0.58""}",,270.jpg,14,155.0
wgd_270_15,165.0,0.38,"{""Answer"":""165"",""Confidence"":""0.38""}",,270.jpg,15,155.0
wgd_270_16,155.0,0.67,"{""Answer"":""155"",""Confidence"":""0.67""}",,270.jpg,16,155.0
wgd_270_17,165.0,0.42,"{""Answer"":""165"",""Confidence"":""0.42""}",,270.jpg,17,155.0
wgd_270_18,168.0,0.62,"{""Answer"":""168"",""Confidence"":""0.62""}",,270.jpg,18,155.0
wgd_270_19,170.0,0.61,"{""Answer"":""170"",""Confidence"":""0.61""}",,270.jpg,19,155.0
wgd_270_20,165.0,0.62,"{""Answer"":""165"",""Confidence"":""0.62""}",,270.jpg,20,155.0
wgd_271_01,135.0,0.08,"{""Answer"":""135"",""Confidence"":""0.08""}",,271.jpg,1,120.0
wgd_271_02,135.0,0.22,"{""Answer"":""135"",""Confidence"":""0.22""}",,271.jpg,2,120.0
wgd_271_03,135.0,0.18,"{""Answer"":""135"",""Confidence"":""0.18""}",,271.jpg,3,120.0
wgd_271_04,135.0,0.35,"{""Answer"":""135"",""Confidence"":""0.35""}",,271.jpg,4,120.0
wgd_271_05,128.0,0.28,"{""Answer"":""128"",""Confidence"":""0.28""}",,271.jpg,5,120.0
wgd_271_06,128.0,0.32,"{""Answer"":""128"",""Confidence"":""0.32""}",,271.jpg,6,120.0
wgd_271_07,135.0,0.42,"{""Answer"":""135"",""Confidence"":""0.42""}",,271.jpg,7,120.0
wgd_271_08,128.0,0.42,"{""Answer"":""128"",""Confidence"":""0.42""}",,271.jpg,8,120.0
wgd_271_09,135.0,0.52,"{""Answer"":""135"",""Confidence"":""0.52""}",,271.jpg,9,120.0
wgd_271_10,135.0,0.42,"{""Answer"":""135"",""Confidence"":""0.42""}",,271.jpg,10,120.0
wgd_271_11,135.0,0.58,"{""Answer"":""135"",""Confidence"":""0.58""}",,271.jpg,11,120.0
wgd_271_12,135.0,0.46,"{""Answer"":""135"",""Confidence"":""0.46""}",,271.jpg,12,120.0
wgd_271_13,135.0,0.42,"{""Answer"":""135"",""Confidence"":""0.42""}",,271.jpg,13,120.0
wgd_271_14,140.0,0.54,"{""Answer"":""140"",""Confidence"":""0.54""}",,271.jpg,14,120.0
wgd_271_15,135.0,0.56,"{""Answer"":""135"",""Confidence"":""0.56""}",,271.jpg,15,120.0
wgd_271_16,135.0,0.42,"{""Answer"":""135"",""Confidence"":""0.42""}",,271.jpg,16,120.0
wgd_271_17,135.0,0.54,"{""Answer"":""135"",""Confidence"":""0.54""}",,271.jpg,17,120.0
wgd_271_18,132.0,0.52,"{""Answer"":""132"",""Confidence"":""0.52""}",,271.jpg,18,120.0
wgd_271_19,135.0,0.44,"{""Answer"":""135"",""Confidence"":""0.44""}",,271.jpg,19,120.0
wgd_271_20,135.0,0.46,"{""Answer"":""135"",""Confidence"":""0.46""}",,271.jpg,20,120.0
wgd_272_01,155.0,0.08,"{""Answer"":""155"",""Confidence"":""0.08""}",,272.jpg,1,165.0
wgd_272_02,158.0,0.18,"{""Answer"":""158"",""Confidence"":""0.18""}",,272.jpg,2,165.0
wgd_272_03,160.0,0.28,"{""Answer"":""160"",""Confidence"":""0.28""}",,272.jpg,3,165.0
wgd_272_04,152.0,0.32,"{""Answer"":""152"",""Confidence"":""0.32""}",,272.jpg,4,165.0
wgd_272_05,155.0,0.34,"{""Answer"":""155"",""Confidence"":""0.34""}",,272.jpg,5,165.0
wgd_272_06,155.0,0.41,"{""Answer"":""155"",""Confidence"":""0.41""}",,272.jpg,6,165.0
wgd_272_07,160.0,0.36,"{""Answer"":""160"",""Confidence"":""0.36""}",,272.jpg,7,165.0
wgd_272_08,155.0,0.58,"{""Answer"":""155"",""Confidence"":""0.58""}",,272.jpg,8,165.0
wgd_272_09,155.0,0.62,"{""Answer"":""155"",""Confidence"":""0.62""}",,272.jpg,9,165.0
wgd_272_10,155.0,0.62,"{""Answer"":""155"",""Confidence"":""0.62""}",,272.jpg,10,165.0
wgd_272_11,158.0,0.52,"{""Answer"":""158"",""Confidence"":""0.52""}",,272.jpg,11,165.0
wgd_272_12,155.0,0.58,"{""Answer"":""155"",""Confidence"":""0.58""}",,272.jpg,12,165.0
wgd_272_13,165.0,0.55,"{""Answer"":""165"",""Confidence"":""0.55""}",,272.jpg,13,165.0
wgd_272_14,165.0,0.62,"{""Answer"":""165"",""Confidence"":""0.62""}",,272.jpg,14,165.0
wgd_272_15,160.0,0.62,"{""Answer"":""160"",""Confidence"":""0.62""}",,272.jpg,15,165.0
wgd_272_16,160.0,0.55,"{""Answer"":""160"",""Confidence"":""0.55""}",,272.jpg,16,165.0
wgd_272_17,150.0,0.63,"{""Answer"":""150"",""Confidence"":""0.63""}",,272.jpg,17,165.0
wgd_272_18,155.0,0.62,"{""Answer"":""155"",""Confidence"":""0.62""}",,272.jpg,18,165.0
wgd_272_19,158.0,0.63,"{""Answer"":""158"",""Confidence"":""0.63""}",,272.jpg,19,165.0
wgd_272_20,158.0,0.62,"{""Answer"":""158"",""Confidence"":""0.62""}",,272.jpg,20,165.0
wgd_273_01,125.0,0.18,"{""Answer"":""125"",""Confidence"":""0.18""}",,273.jpg,1,120.0
wgd_273_02,125.0,0.18,"{""Answer"":""125"",""Confidence"":""0.18""}",,273.jpg,2,120.0
wgd_273_03,130.0,0.18,"{""Answer"":""130"",""Confidence"":""0.18""}",,273.jpg,3,120.0
wgd_273_04,128.0,0.21,"{""Answer"":""128"",""Confidence"":""0.21""}",,273.jpg,4,120.0
wgd_273_05,120.0,0.32,"{""Answer"":""120"",""Confidence"":""0.32""}",,273.jpg,5,120.0
wgd_273_06,128.0,0.34,"{""Answer"":""128"",""Confidence"":""0.34""}",,273.jpg,6,120.0
wgd_273_07,125.0,0.42,"{""Answer"":""125"",""Confidence"":""0.42""}",,273.jpg,7,120.0
wgd_273_08,125.0,0.42,"{""Answer"":""125"",""Confidence"":""0.42""}",,273.jpg,8,120.0
wgd_273_09,125.0,0.36,"{""Answer"":""125"",""Confidence"":""0.36""}",,273.jpg,9,120.0
wgd_273_10,120.0,0.39,"{""Answer"":""120"",""Confidence"":""0.39""}",,273.jpg,10,120.0
wgd_273_11,130.0,0.34,"{""Answer"":""130"",""Confidence"":""0.34""}",,273.jpg,11,120.0
wgd_273_12,128.0,0.34,"{""Answer"":""128"",""Confidence"":""0.34""}",,273.jpg,12,120.0
wgd_273_13,128.0,0.46,"{""Answer"":""128"",""Confidence"":""0.46""}",,273.jpg,13,120.0
wgd_273_14,128.0,0.34,"{""Answer"":""128"",""Confidence"":""0.34""}",,273.jpg,14,120.0
wgd_273_15,125.0,0.52,"{""Answer"":""125"",""Confidence"":""0.52""}",,273.jpg,15,120.0
wgd_273_16,128.0,0.56,"{""Answer"":""128"",""Confidence"":""0.56""}",,273.jpg,16,120.0
wgd_273_17,130.0,0.41,"{""Answer"":""130"",""Confidence"":""0.41""}",,273.jpg,17,120.0
wgd_273_18,130.0,0.41,"{""Answer"":""130"",""Confidence"":""0.41""}",,273.jpg,18,120.0
wgd_273_19,128.0,0.42,"{""Answer"":""128"",""Confidence"":""0.42""}",,273.jpg,19,120.0
wgd_273_20,125.0,0.56,"{""Answer"":""125"",""Confidence"":""0.56""}",,273.jpg,20,120.0
wgd_274_01,128.0,0.12,"{""Answer"":""128"",""Confidence"":""0.12""}",,274.jpg,1,135.0
wgd_274_02,132.0,0.18,"{""Answer"":""132"",""Confidence"":""0.18""}",,274.jpg,2,135.0
wgd_274_03,132.0,0.21,"{""Answer"":""132"",""Confidence"":""0.21""}",,274.jpg,3,135.0
wgd_274_04,132.0,0.34,"{""Answer"":""132"",""Confidence"":""0.34""}",,274.jpg,4,135.0
wgd_274_05,135.0,0.24,"{""Answer"":""135"",""Confidence"":""0.24""}",,274.jpg,5,135.0
wgd_274_06,130.0,0.42,"{""Answer"":""130"",""Confidence"":""0.42""}",,274.jpg,6,135.0
wgd_274_07,130.0,0.43,"{""Answer"":""130"",""Confidence"":""0.43""}",,274.jpg,7,135.0
wgd_274_08,130.0,0.38,"{""Answer"":""130"",""Confidence"":""0.38""}",,274.jpg,8,135.0
wgd_274_09,135.0,0.54,"{""Answer"":""135"",""Confidence"":""0.54""}",,274.jpg,9,135.0
wgd_274_10,130.0,0.32,"{""Answer"":""130"",""Confidence"":""0.32""}",,274.jpg,10,135.0
wgd_274_11,132.0,0.41,"{""Answer"":""132"",""Confidence"":""0.41""}",,274.jpg,11,135.0
wgd_274_12,132.0,0.62,"{""Answer"":""132"",""Confidence"":""0.62""}",,274.jpg,12,135.0
wgd_274_13,132.0,0.62,"{""Answer"":""132"",""Confidence"":""0.62""}",,274.jpg,13,135.0
wgd_274_14,125.0,0.47,"{""Answer"":""125"",""Confidence"":""0.47""}",,274.jpg,14,135.0
wgd_274_15,125.0,0.62,"{""Answer"":""125"",""Confidence"":""0.62""}",,274.jpg,15,135.0
wgd_274_16,135.0,0.62,"{""Answer"":""135"",""Confidence"":""0.62""}",,274.jpg,16,135.0
wgd_274_17,135.0,0.63,"{""Answer"":""135"",""Confidence"":""0.63""}",,274.jpg,17,135.0
wgd_274_18,132.0,0.62,"{""Answer"":""132"",""Confidence"":""0.62""}",,274.jpg,18,135.0
wgd_274_19,132.0,0.64,"{""Answer"":""132"",""Confidence"":""0.64""}",,274.jpg,19,135.0
wgd_274_20,125.0,0.54,"{""Answer"":""125"",""Confidence"":""0.54""}",,274.jpg,20,135.0
wgd_275_01,125.0,0.14,"{""Answer"":""125"",""Confidence"":""0.14""}",,275.jpg,1,140.0
wgd_275_02,135.0,0.22,"{""Answer"":""135"",""Confidence"":""0.22""}",,275.jpg,2,140.0
wgd_275_03,125.0,0.23,"{""Answer"":""125"",""Confidence"":""0.23""}",,275.jpg,3,140.0
wgd_275_04,135.0,0.24,"{""Answer"":""135"",""Confidence"":""0.24""}",,275.jpg,4,140.0
wgd_275_05,135.0,0.18,"{""Answer"":""135"",""Confidence"":""0.18""}",,275.jpg,5,140.0
wgd_275_06,128.0,0.32,"{""Answer"":""128"",""Confidence"":""0.32""}",,275.jpg,6,140.0
wgd_275_07,125.0,0.36,"{""Answer"":""125"",""Confidence"":""0.36""}",,275.jpg,7,140.0
wgd_275_08,125.0,0.32,"{""Answer"":""125"",""Confidence"":""0.32""}",,275.jpg,8,140.0
wgd_275_09,118.0,0.28,"{""Answer"":""118"",""Confidence"":""0.28""}",,275.jpg,9,140.0
wgd_275_10,130.0,0.44,"{""Answer"":""130"",""Confidence"":""0.44""}",,275.jpg,10,140.0
wgd_275_11,130.0,0.32,"{""Answer"":""130"",""Confidence"":""0.32""}",,275.jpg,11,140.0
wgd_275_12,130.0,0.35,"{""Answer"":""130"",""Confidence"":""0.35""}",,275.jpg,12,140.0
wgd_275_13,135.0,0.42,"{""Answer"":""135"",""Confidence"":""0.42""}",,275.jpg,13,140.0
wgd_275_14,125.0,0.42,"{""Answer"":""125"",""Confidence"":""0.42""}",,275.jpg,14,140.0
wgd_275_15,125.0,0.42,"{""Answer"":""125"",""Confidence"":""0.42""}",,275.jpg,15,140.0
wgd_275_16,125.0,0.46,"{""Answer"":""125"",""Confidence"":""0.46""}",,275.jpg,16,140.0
wgd_275_17,125.0,0.33,"{""Answer"":""125"",""Confidence"":""0.33""}",,275.jpg,17,140.0
wgd_275_18,135.0,0.34,"{""Answer"":""135"",""Confidence"":""0.34""}",,275.jpg,18,140.0
wgd_275_19,128.0,0.41,"{""Answer"":""128"",""Confidence"":""0.41""}",,275.jpg,19,140.0
wgd_275_20,125.0,0.62,"{""Answer"":""125"",""Confidence"":""0.62""}",,275.jpg,20,140.0
wgd_276_01,155.0,0.01,"{""Answer"":""155"",""Confidence"":""0.01""}",,276.jpg,1,165.0
wgd_276_02,155.0,0.22,"{""Answer"":""155"",""Confidence"":""0.22""}",,276.jpg,2,165.0
wgd_276_03,160.0,0.18,"{""Answer"":""160"",""Confidence"":""0.18""}",,276.jpg,3,165.0
wgd_276_04,165.0,0.27,"{""Answer"":""165"",""Confidence"":""0.27""}",,276.jpg,4,165.0
wgd_276_05,155.0,0.31,"{""Answer"":""155"",""Confidence"":""0.31""}",,276.jpg,5,165.0
wgd_276_06,160.0,0.22,"{""Answer"":""160"",""Confidence"":""0.22""}",,276.jpg,6,165.0
wgd_276_07,160.0,0.42,"{""Answer"":""160"",""Confidence"":""0.42""}",,276.jpg,7,165.0
wgd_276_08,165.0,0.42,"{""Answer"":""165"",""Confidence"":""0.42""}",,276.jpg,8,165.0
wgd_276_09,165.0,0.38,"{""Answer"":""165"",""Confidence"":""0.38""}",,276.jpg,9,165.0
wgd_276_10,165.0,0.41,"{""Answer"":""165"",""Confidence"":""0.41""}",,276.jpg,10,165.0
wgd_276_11,165.0,0.32,"{""Answer"":""165"",""Confidence"":""0.32""}",,276.jpg,11,165.0
wgd_276_12,165.0,0.42,"{""Answer"":""165"",""Confidence"":""0.42""}",,276.jpg,12,165.0
wgd_276_13,165.0,0.32,"{""Answer"":""165"",""Confidence"":""0.32""}",,276.jpg,13,165.0
wgd_276_14,155.0,0.62,"{""Answer"":""155"",""Confidence"":""0.62""}",,276.jpg,14,165.0
wgd_276_15,170.0,0.56,"{""Answer"":""170"",""Confidence"":""0.56""}",,276.jpg,15,165.0
wgd_276_16,165.0,0.54,"{""Answer"":""165"",""Confidence"":""0.54""}",,276.jpg,16,165.0
wgd_276_17,165.0,0.44,"{""Answer"":""165"",""Confidence"":""0.44""}",,276.jpg,17,165.0
wgd_276_18,155.0,0.62,"{""Answer"":""155"",""Confidence"":""0.62""}",,276.jpg,18,165.0
wgd_276_19,165.0,0.43,"{""Answer"":""165"",""Confidence"":""0.43""}",,276.jpg,19,165.0
wgd_276_20,165.0,0.58,"{""Answer"":""165"",""Confidence"":""0.58""}",,276.jpg,20,165.0
wgd_277_01,165.0,0.08,"{""Answer"":""165"",""Confidence"":""0.08""}",,277.jpg,1,205.0
wgd_277_02,170.0,0.18,"{""Answer"":""170"",""Confidence"":""0.18""}",,277.jpg,2,205.0
wgd_277_03,165.0,0.18,"{""Answer"":""165"",""Confidence"":""0.18""}",,277.jpg,3,205.0
wgd_277_04,176.0,0.32,"{""Answer"":""176"",""Confidence"":""0.32""}",,277.jpg,4,205.0
wgd_277_05,175.0,0.31,"{""Answer"":""175"",""Confidence"":""0.31""}",,277.jpg,5,205.0
wgd_277_06,175.0,0.46,"{""Answer"":""175"",""Confidence"":""0.46""}",,277.jpg,6,205.0
wgd_277_07,175.0,0.42,"{""Answer"":""175"",""Confidence"":""0.42""}",,277.jpg,7,205.0
wgd_277_08,175.0,0.52,"{""Answer"":""175"",""Confidence"":""0.52""}",,277.jpg,8,205.0
wgd_277_09,170.0,0.46,"{""Answer"":""170"",""Confidence"":""0.46""}",,277.jpg,9,205.0
wgd_277_10,165.0,0.63,"{""Answer"":""165"",""Confidence"":""0.63""}",,277.jpg,10,205.0
wgd_277_11,170.0,0.68,"{""Answer"":""170"",""Confidence"":""0.68""}",,277.jpg,11,205.0
wgd_277_12,175.0,0.62,"{""Answer"":""175"",""Confidence"":""0.62""}",,277.jpg,12,205.0
wgd_277_13,165.0,0.62,"{""Answer"":""165"",""Confidence"":""0.62""}",,277.jpg,13,205.0
wgd_277_14,165.0,0.62,"{""Answer"":""165"",""Confidence"":""0.62""}",,277.jpg,14,205.0
wgd_277_15,165.0,0.62,"{""Answer"":""165"",""Confidence"":""0.62""}",,277.jpg,15,205.0
wgd_277_16,165.0,0.46,"{""Answer"":""165"",""Confidence"":""0.46""}",,277.jpg,16,205.0
wgd_277_17,165.0,0.62,"{""Answer"":""165"",""Confidence"":""0.62""}",,277.jpg,17,205.0
wgd_277_18,168.0,0.61,"{""Answer"":""168"",""Confidence"":""0.61""}",,277.jpg,18,205.0
wgd_277_19,165.0,0.66,"{""Answer"":""165"",""Confidence"":""0.66""}",,277.jpg,19,205.0
wgd_277_20,175.0,0.63,"{""Answer"":""175"",""Confidence"":""0.63""}",,277.jpg,20,205.0
wgd_278_01,125.0,0.07,"{""Answer"":""125"",""Confidence"":""0.07""}",,278.jpg,1,135.0
wgd_278_02,128.0,0.18,"{""Answer"":""128"",""Confidence"":""0.18""}",,278.jpg,2,135.0
wgd_278_03,128.0,0.18,"{""Answer"":""128"",""Confidence"":""0.18""}",,278.jpg,3,135.0
wgd_278_04,125.0,0.28,"{""Answer"":""125"",""Confidence"":""0.28""}",,278.jpg,4,135.0
wgd_278_05,125.0,0.24,"{""Answer"":""125"",""Confidence"":""0.24""}",,278.jpg,5,135.0
wgd_278_06,125.0,0.42,"{""Answer"":""125"",""Confidence"":""0.42""}",,278.jpg,6,135.0
wgd_278_07,125.0,0.39,"{""Answer"":""125"",""Confidence"":""0.39""}",,278.jpg,7,135.0
wgd_278_08,120.0,0.41,"{""Answer"":""120"",""Confidence"":""0.41""}",,278.jpg,8,135.0
wgd_278_09,128.0,0.34,"{""Answer"":""128"",""Confidence"":""0.34""}",,278.jpg,9,135.0
wgd_278_10,125.0,0.48,"{""Answer"":""125"",""Confidence"":""0.48""}",,278.jpg,10,135.0
wgd_278_11,125.0,0.42,"{""Answer"":""125"",""Confidence"":""0.42""}",,278.jpg,11,135.0
wgd_278_12,123.0,0.55,"{""Answer"":""123"",""Confidence"":""0.55""}",,278.jpg,12,135.0
wgd_278_13,128.0,0.41,"{""Answer"":""128"",""Confidence"":""0.41""}",,278.jpg,13,135.0
wgd_278_14,125.0,0.54,"{""Answer"":""125"",""Confidence"":""0.54""}",,278.jpg,14,135.0
wgd_278_15,125.0,0.52,"{""Answer"":""125"",""Confidence"":""0.52""}",,278.jpg,15,135.0
wgd_278_16,125.0,0.42,"{""Answer"":""125"",""Confidence"":""0.42""}",,278.jpg,16,135.0
wgd_278_17,125.0,0.48,"{""Answer"":""125"",""Confidence"":""0.48""}",,278.jpg,17,135.0
wgd_278_18,125.0,0.63,"{""Answer"":""125"",""Confidence"":""0.63""}",,278.jpg,18,135.0
wgd_278_19,125.0,0.54,"{""Answer"":""125"",""Confidence"":""0.54""}",,278.jpg,19,135.0
wgd_278_20,125.0,0.34,"{""Answer"":""125"",""Confidence"":""0.34""}",,278.jpg,20,135.0
wgd_279_01,135.0,0.02,"{""Answer"":""135"",""Confidence"":""0.02""}",,279.jpg,1,155.0
wgd_279_02,140.0,0.18,"{""Answer"":""140"",""Confidence"":""0.18""}",,279.jpg,2,155.0
wgd_279_03,135.0,0.28,"{""Answer"":""135"",""Confidence"":""0.28""}",,279.jpg,3,155.0
wgd_279_04,135.0,0.22,"{""Answer"":""135"",""Confidence"":""0.22""}",,279.jpg,4,155.0
wgd_279_05,135.0,0.36,"{""Answer"":""135"",""Confidence"":""0.36""}",,279.jpg,5,155.0
wgd_279_06,135.0,0.34,"{""Answer"":""135"",""Confidence"":""0.34""}",,279.jpg,6,155.0
wgd_279_07,145.0,0.34,"{""Answer"":""145"",""Confidence"":""0.34""}",,279.jpg,7,155.0
wgd_279_08,135.0,0.32,"{""Answer"":""135"",""Confidence"":""0.32""}",,279.jpg,8,155.0
wgd_279_09,140.0,0.58,"{""Answer"":""140"",""Confidence"":""0.58""}",,279.jpg,9,155.0
wgd_279_10,135.0,0.33,"{""Answer"":""135"",""Confidence"":""0.33""}",,279.jpg,10,155.0
wgd_279_11,145.0,0.32,"{""Answer"":""145"",""Confidence"":""0.32""}",,279.jpg,11,155.0
wgd_279_12,135.0,0.42,"{""Answer"":""135"",""Confidence"":""0.42""}",,279.jpg,12,155.0
wgd_279_13,132.0,0.42,"{""Answer"":""132"",""Confidence"":""0.42""}",,279.jpg,13,155.0
wgd_279_14,145.0,0.32,"{""Answer"":""145"",""Confidence"":""0.32""}",,279.jpg,14,155.0
wgd_279_15,135.0,0.42,"{""Answer"":""135"",""Confidence"":""0.42""}",,279.jpg,15,155.0
wgd_279_16,135.0,0.55,"{""Answer"":""135"",""Confidence"":""0.55""}",,279.jpg,16,155.0
wgd_279_17,145.0,0.28,"{""Answer"":""145"",""Confidence"":""0.28""}",,279.jpg,17,155.0
wgd_279_18,135.0,0.42,"{""Answer"":""135"",""Confidence"":""0.42""}",,279.jpg,18,155.0
wgd_279_19,135.0,0.33,"{""Answer"":""135"",""Confidence"":""0.33""}",,279.jpg,19,155.0
wgd_279_20,135.0,0.55,"{""Answer"":""135"",""Confidence"":""0.55""}",,279.jpg,20,155.0
wgd_280_01,135.0,0.12,"{""Answer"":""135"",""Confidence"":""0.12""}",,280.jpg,1,160.0
wgd_280_02,130.0,0.18,"{""Answer"":""130"",""Confidence"":""0.18""}",,280.jpg,2,160.0
wgd_280_03,132.0,0.18,"{""Answer"":""132"",""Confidence"":""0.18""}",,280.jpg,3,160.0
wgd_280_04,130.0,0.18,"{""Answer"":""130"",""Confidence"":""0.18""}",,280.jpg,4,160.0
wgd_280_05,135.0,0.28,"{""Answer"":""135"",""Confidence"":""0.28""}",,280.jpg,5,160.0
wgd_280_06,135.0,0.28,"{""Answer"":""135"",""Confidence"":""0.28""}",,280.jpg,6,160.0
wgd_280_07,135.0,0.28,"{""Answer"":""135"",""Confidence"":""0.28""}",,280.jpg,7,160.0
wgd_280_08,130.0,0.42,"{""Answer"":""130"",""Confidence"":""0.42""}",,280.jpg,8,160.0
wgd_280_09,135.0,0.34,"{""Answer"":""135"",""Confidence"":""0.34""}",,280.jpg,9,160.0
wgd_280_10,135.0,0.34,"{""Answer"":""135"",""Confidence"":""0.34""}",,280.jpg,10,160.0
wgd_280_11,135.0,0.34,"{""Answer"":""135"",""Confidence"":""0.34""}",,280.jpg,11,160.0
wgd_280_12,135.0,0.42,"{""Answer"":""135"",""Confidence"":""0.42""}",,280.jpg,12,160.0
wgd_280_13,125.0,0.41,"{""Answer"":""125"",""Confidence"":""0.41""}",,280.jpg,13,160.0
wgd_280_14,135.0,0.63,"{""Answer"":""135"",""Confidence"":""0.63""}",,280.jpg,14,160.0
wgd_280_15,130.0,0.41,"{""Answer"":""130"",""Confidence"":""0.41""}",,280.jpg,15,160.0
wgd_280_16,135.0,0.54,"{""Answer"":""135"",""Confidence"":""0.54""}",,280.jpg,16,160.0
wgd_280_17,135.0,0.42,"{""Answer"":""135"",""Confidence"":""0.42""}",,280.jpg,17,160.0
wgd_280_18,130.0,0.63,"{""Answer"":""130"",""Confidence"":""0.63""}",,280.jpg,18,160.0
wgd_280_19,125.0,0.61,"{""Answer"":""125"",""Confidence"":""0.61""}",,280.jpg,19,160.0
wgd_280_20,135.0,0.64,"{""Answer"":""135"",""Confidence"":""0.64""}",,280.jpg,20,160.0
wgd_281_01,170.0,0.05,"{""Answer"":""170"",""Confidence"":""0.05""}",,281.jpg,1,154.0
wgd_281_02,165.0,0.12,"{""Answer"":""165"",""Confidence"":""0.12""}",,281.jpg,2,154.0
wgd_281_03,170.0,0.18,"{""Answer"":""170"",""Confidence"":""0.18""}",,281.jpg,3,154.0
wgd_281_04,170.0,0.32,"{""Answer"":""170"",""Confidence"":""0.32""}",,281.jpg,4,154.0
wgd_281_05,168.0,0.36,"{""Answer"":""168"",""Confidence"":""0.36""}",,281.jpg,5,154.0
wgd_281_06,165.0,0.34,"{""Answer"":""165"",""Confidence"":""0.34""}",,281.jpg,6,154.0
wgd_281_07,175.0,0.26,"{""Answer"":""175"",""Confidence"":""0.26""}",,281.jpg,7,154.0
wgd_281_08,175.0,0.31,"{""Answer"":""175"",""Confidence"":""0.31""}",,281.jpg,8,154.0
wgd_281_09,165.0,0.42,"{""Answer"":""165"",""Confidence"":""0.42""}",,281.jpg,9,154.0
wgd_281_10,165.0,0.42,"{""Answer"":""165"",""Confidence"":""0.42""}",,281.jpg,10,154.0
wgd_281_11,170.0,0.62,"{""Answer"":""170"",""Confidence"":""0.62""}",,281.jpg,11,154.0
wgd_281_12,165.0,0.58,"{""Answer"":""165"",""Confidence"":""0.58""}",,281.jpg,12,154.0
wgd_281_13,170.0,0.56,"{""Answer"":""170"",""Confidence"":""0.56""}",,281.jpg,13,154.0
wgd_281_14,172.0,0.63,"{""Answer"":""172"",""Confidence"":""0.63""}",,281.jpg,14,154.0
wgd_281_15,175.0,0.64,"{""Answer"":""175"",""Confidence"":""0.64""}",,281.jpg,15,154.0
wgd_281_16,175.0,0.52,"{""Answer"":""175"",""Confidence"":""0.52""}",,281.jpg,16,154.0
wgd_281_17,175.0,0.42,"{""Answer"":""175"",""Confidence"":""0.42""}",,281.jpg,17,154.0
wgd_281_18,168.0,0.56,"{""Answer"":""168"",""Confidence"":""0.56""}",,281.jpg,18,154.0
wgd_281_19,175.0,0.57,"{""Answer"":""175"",""Confidence"":""0.57""}",,281.jpg,19,154.0
wgd_281_20,165.0,0.62,"{""Answer"":""165"",""Confidence"":""0.62""}",,281.jpg,20,154.0
wgd_282_01,170.0,0.07,"{""Answer"":""170"",""Confidence"":""0.07""}",,282.jpg,1,180.0
wgd_282_02,160.0,0.18,"{""Answer"":""160"",""Confidence"":""0.18""}",,282.jpg,2,180.0
wgd_282_03,155.0,0.27,"{""Answer"":""155"",""Confidence"":""0.27""}",,282.jpg,3,180.0
wgd_282_04,158.0,0.22,"{""Answer"":""158"",""Confidence"":""0.22""}",,282.jpg,4,180.0
wgd_282_05,155.0,0.34,"{""Answer"":""155"",""Confidence"":""0.34""}",,282.jpg,5,180.0
wgd_282_06,165.0,0.34,"{""Answer"":""165"",""Confidence"":""0.34""}",,282.jpg,6,180.0
wgd_282_07,165.0,0.42,"{""Answer"":""165"",""Confidence"":""0.42""}",,282.jpg,7,180.0
wgd_282_08,155.0,0.34,"{""Answer"":""155"",""Confidence"":""0.34""}",,282.jpg,8,180.0
wgd_282_09,165.0,0.42,"{""Answer"":""165"",""Confidence"":""0.42""}",,282.jpg,9,180.0
wgd_282_10,155.0,0.32,"{""Answer"":""155"",""Confidence"":""0.32""}",,282.jpg,10,180.0
wgd_282_11,145.0,0.42,"{""Answer"":""145"",""Confidence"":""0.42""}",,282.jpg,11,180.0
wgd_282_12,155.0,0.63,"{""Answer"":""155"",""Confidence"":""0.63""}",,282.jpg,12,180.0
wgd_282_13,145.0,0.52,"{""Answer"":""145"",""Confidence"":""0.52""}",,282.jpg,13,180.0
wgd_282_14,160.0,0.48,"{""Answer"":""160"",""Confidence"":""0.48""}",,282.jpg,14,180.0
wgd_282_15,150.0,0.46,"{""Answer"":""150"",""Confidence"":""0.46""}",,282.jpg,15,180.0
wgd_282_16,155.0,0.54,"{""Answer"":""155"",""Confidence"":""0.54""}",,282.jpg,16,180.0
wgd_282_17,160.0,0.62,"{""Answer"":""160"",""Confidence"":""0.62""}",,282.jpg,17,180.0
wgd_282_18,165.0,0.33,"{""Answer"":""165"",""Confidence"":""0.33""}",,282.jpg,18,180.0
wgd_282_19,155.0,0.56,"{""Answer"":""155"",""Confidence"":""0.56""}",,282.jpg,19,180.0
wgd_282_20,165.0,0.42,"{""Answer"":""165"",""Confidence"":""0.42""}",,282.jpg,20,180.0
wgd_283_01,168.0,0.07,"{""Answer"":""168"",""Confidence"":""0.07""}",,283.jpg,1,170.0
wgd_283_02,170.0,0.18,"{""Answer"":""170"",""Confidence"":""0.18""}",,283.jpg,2,170.0
wgd_283_03,165.0,0.41,"{""Answer"":""165"",""Confidence"":""0.41""}",,283.jpg,3,170.0
wgd_283_04,165.0,0.27,"{""Answer"":""165"",""Confidence"":""0.27""}",,283.jpg,4,170.0
wgd_283_05,172.0,0.42,"{""Answer"":""172"",""Confidence"":""0.42""}",,283.jpg,5,170.0
wgd_283_06,170.0,0.41,"{""Answer"":""170"",""Confidence"":""0.41""}",,283.jpg,6,170.0
wgd_283_07,165.0,0.31,"{""Answer"":""165"",""Confidence"":""0.31""}",,283.jpg,7,170.0
wgd_283_08,175.0,0.62,"{""Answer"":""175"",""Confidence"":""0.62""}",,283.jpg,8,170.0
wgd_283_09,165.0,0.62,"{""Answer"":""165"",""Confidence"":""0.62""}",,283.jpg,9,170.0
wgd_283_10,170.0,0.42,"{""Answer"":""170"",""Confidence"":""0.42""}",,283.jpg,10,170.0
wgd_283_11,168.0,0.62,"{""Answer"":""168"",""Confidence"":""0.62""}",,283.jpg,11,170.0
wgd_283_12,175.0,0.62,"{""Answer"":""175"",""Confidence"":""0.62""}",,283.jpg,12,170.0
wgd_283_13,175.0,0.62,"{""Answer"":""175"",""Confidence"":""0.62""}",,283.jpg,13,170.0
wgd_283_14,165.0,0.62,"{""Answer"":""165"",""Confidence"":""0.62""}",,283.jpg,14,170.0
wgd_283_15,165.0,0.62,"{""Answer"":""165"",""Confidence"":""0.62""}",,283.jpg,15,170.0
wgd_283_16,175.0,0.62,"{""Answer"":""175"",""Confidence"":""0.62""}",,283.jpg,16,170.0
wgd_283_17,165.0,0.72,"{""Answer"":""165"",""Confidence"":""0.72""}",,283.jpg,17,170.0
wgd_283_18,170.0,0.71,"{""Answer"":""170"",""Confidence"":""0.71""}",,283.jpg,18,170.0
wgd_283_19,165.0,0.78,"{""Answer"":""165"",""Confidence"":""0.78""}",,283.jpg,19,170.0
wgd_283_20,165.0,0.62,"{""Answer"":""165"",""Confidence"":""0.62""}",,283.jpg,20,170.0
wgd_284_01,185.0,0.07,"{""Answer"":""185"",""Confidence"":""0.07""}",,284.jpg,1,220.0
wgd_284_02,190.0,0.18,"{""Answer"":""190"",""Confidence"":""0.18""}",,284.jpg,2,220.0
wgd_284_03,195.0,0.19,"{""Answer"":""195"",""Confidence"":""0.19""}",,284.jpg,3,220.0
wgd_284_04,205.0,0.18,"{""Answer"":""205"",""Confidence"":""0.18""}",,284.jpg,4,220.0
wgd_284_05,185.0,0.56,"{""Answer"":""185"",""Confidence"":""0.56""}",,284.jpg,5,220.0
wgd_284_06,195.0,0.42,"{""Answer"":""195"",""Confidence"":""0.42""}",,284.jpg,6,220.0
wgd_284_07,190.0,0.22,"{""Answer"":""190"",""Confidence"":""0.22""}",,284.jpg,7,220.0
wgd_284_08,190.0,0.62,"{""Answer"":""190"",""Confidence"":""0.62""}",,284.jpg,8,220.0
wgd_284_09,190.0,0.62,"{""Answer"":""190"",""Confidence"":""0.62""}",,284.jpg,9,220.0
wgd_284_10,195.0,0.72,"{""Answer"":""195"",""Confidence"":""0.72""}",,284.jpg,10,220.0
wgd_284_11,188.0,0.47,"{""Answer"":""188"",""Confidence"":""0.47""}",,284.jpg,11,220.0
wgd_284_12,186.0,0.62,"{""Answer"":""186"",""Confidence"":""0.62""}",,284.jpg,12,220.0
wgd_284_13,195.0,0.68,"{""Answer"":""195"",""Confidence"":""0.68""}",,284.jpg,13,220.0
wgd_284_14,185.0,0.66,"{""Answer"":""185"",""Confidence"":""0.66""}",,284.jpg,14,220.0
wgd_284_15,205.0,0.63,"{""Answer"":""205"",""Confidence"":""0.63""}",,284.jpg,15,220.0
wgd_284_16,205.0,0.56,"{""Answer"":""205"",""Confidence"":""0.56""}",,284.jpg,16,220.0
wgd_284_17,190.0,0.62,"{""Answer"":""190"",""Confidence"":""0.62""}",,284.jpg,17,220.0
wgd_284_18,195.0,0.63,"{""Answer"":""195"",""Confidence"":""0.63""}",,284.jpg,18,220.0
wgd_284_19,185.0,0.62,"{""Answer"":""185"",""Confidence"":""0.62""}",,284.jpg,19,220.0
wgd_284_20,195.0,0.66,"{""Answer"":""195"",""Confidence"":""0.66""}",,284.jpg,20,220.0
wgd_285_01,172.0,0.08,"{""Answer"":""172"",""Confidence"":""0.08""}",,285.jpg,1,170.0
wgd_285_02,175.0,0.18,"{""Answer"":""175"",""Confidence"":""0.18""}",,285.jpg,2,170.0
wgd_285_03,175.0,0.24,"{""Answer"":""175"",""Confidence"":""0.24""}",,285.jpg,3,170.0
wgd_285_04,175.0,0.22,"{""Answer"":""175"",""Confidence"":""0.22""}",,285.jpg,4,170.0
wgd_285_05,175.0,0.23,"{""Answer"":""175"",""Confidence"":""0.23""}",,285.jpg,5,170.0
wgd_285_06,178.0,0.34,"{""Answer"":""178"",""Confidence"":""0.34""}",,285.jpg,6,170.0
wgd_285_07,172.0,0.46,"{""Answer"":""172"",""Confidence"":""0.46""}",,285.jpg,7,170.0
wgd_285_08,170.0,0.41,"{""Answer"":""170"",""Confidence"":""0.41""}",,285.jpg,8,170.0
wgd_285_09,175.0,0.42,"{""Answer"":""175"",""Confidence"":""0.42""}",,285.jpg,9,170.0
wgd_285_10,175.0,0.56,"{""Answer"":""175"",""Confidence"":""0.56""}",,285.jpg,10,170.0
wgd_285_11,175.0,0.62,"{""Answer"":""175"",""Confidence"":""0.62""}",,285.jpg,11,170.0
wgd_285_12,175.0,0.62,"{""Answer"":""175"",""Confidence"":""0.62""}",,285.jpg,12,170.0
wgd_285_13,178.0,0.42,"{""Answer"":""178"",""Confidence"":""0.42""}",,285.jpg,13,170.0
wgd_285_14,175.0,0.53,"{""Answer"":""175"",""Confidence"":""0.53""}",,285.jpg,14,170.0
wgd_285_15,175.0,0.55,"{""Answer"":""175"",""Confidence"":""0.55""}",,285.jpg,15,170.0
wgd_285_16,175.0,0.52,"{""Answer"":""175"",""Confidence"":""0.52""}",,285.jpg,16,170.0
wgd_285_17,175.0,0.56,"{""Answer"":""175"",""Confidence"":""0.56""}",,285.jpg,17,170.0
wgd_285_18,175.0,0.63,"{""Answer"":""175"",""Confidence"":""0.63""}",,285.jpg,18,170.0
wgd_285_19,175.0,0.52,"{""Answer"":""175"",""Confidence"":""0.52""}",,285.jpg,19,170.0
wgd_285_20,185.0,0.58,"{""Answer"":""185"",""Confidence"":""0.58""}",,285.jpg,20,170.0
wgd_286_01,165.0,0.08,"{""Answer"":""165"",""Confidence"":""0.08""}",,286.jpg,1,175.0
wgd_286_02,160.0,0.12,"{""Answer"":""160"",""Confidence"":""0.12""}",,286.jpg,2,175.0
wgd_286_03,170.0,0.23,"{""Answer"":""170"",""Confidence"":""0.23""}",,286.jpg,3,175.0
wgd_286_04,165.0,0.23,"{""Answer"":""165"",""Confidence"":""0.23""}",,286.jpg,4,175.0
wgd_286_05,165.0,0.22,"{""Answer"":""165"",""Confidence"":""0.22""}",,286.jpg,5,175.0
wgd_286_06,165.0,0.43,"{""Answer"":""165"",""Confidence"":""0.43""}",,286.jpg,6,175.0
wgd_286_07,165.0,0.42,"{""Answer"":""165"",""Confidence"":""0.42""}",,286.jpg,7,175.0
wgd_286_08,165.0,0.62,"{""Answer"":""165"",""Confidence"":""0.62""}",,286.jpg,8,175.0
wgd_286_09,168.0,0.34,"{""Answer"":""168"",""Confidence"":""0.34""}",,286.jpg,9,175.0
wgd_286_10,160.0,0.48,"{""Answer"":""160"",""Confidence"":""0.48""}",,286.jpg,10,175.0
wgd_286_11,160.0,0.55,"{""Answer"":""160"",""Confidence"":""0.55""}",,286.jpg,11,175.0
wgd_286_12,165.0,0.62,"{""Answer"":""165"",""Confidence"":""0.62""}",,286.jpg,12,175.0
wgd_286_13,165.0,0.42,"{""Answer"":""165"",""Confidence"":""0.42""}",,286.jpg,13,175.0
wgd_286_14,165.0,0.62,"{""Answer"":""165"",""Confidence"":""0.62""}",,286.jpg,14,175.0
wgd_286_15,165.0,0.63,"{""Answer"":""165"",""Confidence"":""0.63""}",,286.jpg,15,175.0
wgd_286_16,165.0,0.62,"{""Answer"":""165"",""Confidence"":""0.62""}",,286.jpg,16,175.0
wgd_286_17,155.0,0.52,"{""Answer"":""155"",""Confidence"":""0.52""}",,286.jpg,17,175.0
wgd_286_18,165.0,0.72,"{""Answer"":""165"",""Confidence"":""0.72""}",,286.jpg,18,175.0
wgd_286_19,155.0,0.61,"{""Answer"":""155"",""Confidence"":""0.61""}",,286.jpg,19,175.0
wgd_286_20,165.0,0.63,"{""Answer"":""165"",""Confidence"":""0.63""}",,286.jpg,20,175.0
wgd_287_01,145.0,0.04,"{""Answer"":""145"",""Confidence"":""0.04""}",,287.jpg,1,155.0
wgd_287_02,155.0,0.18,"{""Answer"":""155"",""Confidence"":""0.18""}",,287.jpg,2,155.0
wgd_287_03,150.0,0.18,"{""Answer"":""150"",""Confidence"":""0.18""}",,287.jpg,3,155.0
wgd_287_04,150.0,0.22,"{""Answer"":""150"",""Confidence"":""0.22""}",,287.jpg,4,155.0
wgd_287_05,145.0,0.31,"{""Answer"":""145"",""Confidence"":""0.31""}",,287.jpg,5,155.0
wgd_287_06,145.0,0.28,"{""Answer"":""145"",""Confidence"":""0.28""}",,287.jpg,6,155.0
wgd_287_07,145.0,0.28,"{""Answer"":""145"",""Confidence"":""0.28""}",,287.jpg,7,155.0
wgd_287_08,145.0,0.27,"{""Answer"":""145"",""Confidence"":""0.27""}",,287.jpg,8,155.0
wgd_287_09,155.0,0.34,"{""Answer"":""155"",""Confidence"":""0.34""}",,287.jpg,9,155.0
wgd_287_10,155.0,0.36,"{""Answer"":""155"",""Confidence"":""0.36""}",,287.jpg,10,155.0
wgd_287_11,140.0,0.43,"{""Answer"":""140"",""Confidence"":""0.43""}",,287.jpg,11,155.0
wgd_287_12,145.0,0.42,"{""Answer"":""145"",""Confidence"":""0.42""}",,287.jpg,12,155.0
wgd_287_13,155.0,0.38,"{""Answer"":""155"",""Confidence"":""0.38""}",,287.jpg,13,155.0
wgd_287_14,145.0,0.29,"{""Answer"":""145"",""Confidence"":""0.29""}",,287.jpg,14,155.0
wgd_287_15,145.0,0.42,"{""Answer"":""145"",""Confidence"":""0.42""}",,287.jpg,15,155.0
wgd_287_16,145.0,0.43,"{""Answer"":""145"",""Confidence"":""0.43""}",,287.jpg,16,155.0
wgd_287_17,145.0,0.46,"{""Answer"":""145"",""Confidence"":""0.46""}",,287.jpg,17,155.0
wgd_287_18,145.0,0.42,"{""Answer"":""145"",""Confidence"":""0.42""}",,287.jpg,18,155.0
wgd_287_19,160.0,0.34,"{""Answer"":""160"",""Confidence"":""0.34""}",,287.jpg,19,155.0
wgd_287_20,145.0,0.54,"{""Answer"":""145"",""Confidence"":""0.54""}",,287.jpg,20,155.0
wgd_288_01,135.0,0.07,"{""Answer"":""135"",""Confidence"":""0.07""}",,288.jpg,1,130.0
wgd_288_02,140.0,0.18,"{""Answer"":""140"",""Confidence"":""0.18""}",,288.jpg,2,130.0
wgd_288_03,145.0,0.18,"{""Answer"":""145"",""Confidence"":""0.18""}",,288.jpg,3,130.0
wgd_288_04,145.0,0.18,"{""Answer"":""145"",""Confidence"":""0.18""}",,288.jpg,4,130.0
wgd_288_05,145.0,0.22,"{""Answer"":""145"",""Confidence"":""0.22""}",,288.jpg,5,130.0
wgd_288_06,135.0,0.28,"{""Answer"":""135"",""Confidence"":""0.28""}",,288.jpg,6,130.0
wgd_288_07,128.0,0.39,"{""Answer"":""128"",""Confidence"":""0.39""}",,288.jpg,7,130.0
wgd_288_08,135.0,0.37,"{""Answer"":""135"",""Confidence"":""0.37""}",,288.jpg,8,130.0
wgd_288_09,135.0,0.42,"{""Answer"":""135"",""Confidence"":""0.42""}",,288.jpg,9,130.0
wgd_288_10,135.0,0.41,"{""Answer"":""135"",""Confidence"":""0.41""}",,288.jpg,10,130.0
wgd_288_11,135.0,0.48,"{""Answer"":""135"",""Confidence"":""0.48""}",,288.jpg,11,130.0
wgd_288_12,145.0,0.52,"{""Answer"":""145"",""Confidence"":""0.52""}",,288.jpg,12,130.0
wgd_288_13,145.0,0.56,"{""Answer"":""145"",""Confidence"":""0.56""}",,288.jpg,13,130.0
wgd_288_14,130.0,0.32,"{""Answer"":""130"",""Confidence"":""0.32""}",,288.jpg,14,130.0
wgd_288_15,140.0,0.62,"{""Answer"":""140"",""Confidence"":""0.62""}",,288.jpg,15,130.0
wgd_288_16,135.0,0.58,"{""Answer"":""135"",""Confidence"":""0.58""}",,288.jpg,16,130.0
wgd_288_17,140.0,0.57,"{""Answer"":""140"",""Confidence"":""0.57""}",,288.jpg,17,130.0
wgd_288_18,135.0,0.62,"{""Answer"":""135"",""Confidence"":""0.62""}",,288.jpg,18,130.0
wgd_288_19,140.0,0.58,"{""Answer"":""140"",""Confidence"":""0.58""}",,288.jpg,19,130.0
wgd_288_20,135.0,0.62,"{""Answer"":""135"",""Confidence"":""0.62""}",,288.jpg,20,130.0
wgd_289_01,165.0,0.18,"{""Answer"":""165"",""Confidence"":""0.18""}",,289.jpg,1,158.0
wgd_289_02,165.0,0.18,"{""Answer"":""165"",""Confidence"":""0.18""}",,289.jpg,2,158.0
wgd_289_03,155.0,0.42,"{""Answer"":""155"",""Confidence"":""0.42""}",,289.jpg,3,158.0
wgd_289_04,155.0,0.33,"{""Answer"":""155"",""Confidence"":""0.33""}",,289.jpg,4,158.0
wgd_289_05,165.0,0.42,"{""Answer"":""165"",""Confidence"":""0.42""}",,289.jpg,5,158.0
wgd_289_06,165.0,0.42,"{""Answer"":""165"",""Confidence"":""0.42""}",,289.jpg,6,158.0
wgd_289_07,165.0,0.42,"{""Answer"":""165"",""Confidence"":""0.42""}",,289.jpg,7,158.0
wgd_289_08,165.0,0.43,"{""Answer"":""165"",""Confidence"":""0.43""}",,289.jpg,8,158.0
wgd_289_09,165.0,0.62,"{""Answer"":""165"",""Confidence"":""0.62""}",,289.jpg,9,158.0
wgd_289_10,165.0,0.61,"{""Answer"":""165"",""Confidence"":""0.61""}",,289.jpg,10,158.0
wgd_289_11,155.0,0.54,"{""Answer"":""155"",""Confidence"":""0.54""}",,289.jpg,11,158.0
wgd_289_12,165.0,0.66,"{""Answer"":""165"",""Confidence"":""0.66""}",,289.jpg,12,158.0
wgd_289_13,165.0,0.62,"{""Answer"":""165"",""Confidence"":""0.62""}",,289.jpg,13,158.0
wgd_289_14,155.0,0.62,"{""Answer"":""155"",""Confidence"":""0.62""}",,289.jpg,14,158.0
wgd_289_15,160.0,0.62,"{""Answer"":""160"",""Confidence"":""0.62""}",,289.jpg,15,158.0
wgd_289_16,165.0,0.63,"{""Answer"":""165"",""Confidence"":""0.63""}",,289.jpg,16,158.0
wgd_289_17,165.0,0.66,"{""Answer"":""165"",""Confidence"":""0.66""}",,289.jpg,17,158.0
wgd_289_18,165.0,0.74,"{""Answer"":""165"",""Confidence"":""0.74""}",,289.jpg,18,158.0
wgd_289_19,165.0,0.72,"{""Answer"":""165"",""Confidence"":""0.72""}",,289.jpg,19,158.0
wgd_289_20,165.0,0.66,"{""Answer"":""165"",""Confidence"":""0.66""}",,289.jpg,20,158.0
wgd_290_01,120.0,0.06,"{""Answer"":""120"",""Confidence"":""0.06""}",,290.jpg,1,126.0
wgd_290_02,118.0,0.23,"{""Answer"":""118"",""Confidence"":""0.23""}",,290.jpg,2,126.0
wgd_290_03,125.0,0.24,"{""Answer"":""125"",""Confidence"":""0.24""}",,290.jpg,3,126.0
wgd_290_04,125.0,0.22,"{""Answer"":""125"",""Confidence"":""0.22""}",,290.jpg,4,126.0
wgd_290_05,120.0,0.28,"{""Answer"":""120"",""Confidence"":""0.28""}",,290.jpg,5,126.0
wgd_290_06,118.0,0.41,"{""Answer"":""118"",""Confidence"":""0.41""}",,290.jpg,6,126.0
wgd_290_07,125.0,0.42,"{""Answer"":""125"",""Confidence"":""0.42""}",,290.jpg,7,126.0
wgd_290_08,122.0,0.52,"{""Answer"":""122"",""Confidence"":""0.52""}",,290.jpg,8,126.0
wgd_290_09,118.0,0.42,"{""Answer"":""118"",""Confidence"":""0.42""}",,290.jpg,9,126.0
wgd_290_10,115.0,0.66,"{""Answer"":""115"",""Confidence"":""0.66""}",,290.jpg,10,126.0
wgd_290_11,120.0,0.54,"{""Answer"":""120"",""Confidence"":""0.54""}",,290.jpg,11,126.0
wgd_290_12,120.0,0.42,"{""Answer"":""120"",""Confidence"":""0.42""}",,290.jpg,12,126.0
wgd_290_13,118.0,0.62,"{""Answer"":""118"",""Confidence"":""0.62""}",,290.jpg,13,126.0
wgd_290_14,120.0,0.39,"{""Answer"":""120"",""Confidence"":""0.39""}",,290.jpg,14,126.0
wgd_290_15,118.0,0.64,"{""Answer"":""118"",""Confidence"":""0.64""}",,290.jpg,15,126.0
wgd_290_16,118.0,0.72,"{""Answer"":""118"",""Confidence"":""0.72""}",,290.jpg,16,126.0
wgd_290_17,118.0,0.55,"{""Answer"":""118"",""Confidence"":""0.55""}",,290.jpg,17,126.0
wgd_290_18,115.0,0.42,"{""Answer"":""115"",""Confidence"":""0.42""}",,290.jpg,18,126.0
wgd_290_19,128.0,0.58,"{""Answer"":""128"",""Confidence"":""0.58""}",,290.jpg,19,126.0
wgd_290_20,120.0,0.68,"{""Answer"":""120"",""Confidence"":""0.68""}",,290.jpg,20,126.0
wgd_291_01,135.0,0.08,"{""Answer"":""135"",""Confidence"":""0.08""}",,291.jpg,1,113.0
wgd_291_02,135.0,0.18,"{""Answer"":""135"",""Confidence"":""0.18""}",,291.jpg,2,113.0
wgd_291_03,132.0,0.18,"{""Answer"":""132"",""Confidence"":""0.18""}",,291.jpg,3,113.0
wgd_291_04,132.0,0.22,"{""Answer"":""132"",""Confidence"":""0.22""}",,291.jpg,4,113.0
wgd_291_05,135.0,0.28,"{""Answer"":""135"",""Confidence"":""0.28""}",,291.jpg,5,113.0
wgd_291_06,132.0,0.34,"{""Answer"":""132"",""Confidence"":""0.34""}",,291.jpg,6,113.0
wgd_291_07,135.0,0.32,"{""Answer"":""135"",""Confidence"":""0.32""}",,291.jpg,7,113.0
wgd_291_08,145.0,0.32,"{""Answer"":""145"",""Confidence"":""0.32""}",,291.jpg,8,113.0
wgd_291_09,145.0,0.34,"{""Answer"":""145"",""Confidence"":""0.34""}",,291.jpg,9,113.0
wgd_291_10,135.0,0.42,"{""Answer"":""135"",""Confidence"":""0.42""}",,291.jpg,10,113.0
wgd_291_11,140.0,0.34,"{""Answer"":""140"",""Confidence"":""0.34""}",,291.jpg,11,113.0
wgd_291_12,132.0,0.42,"{""Answer"":""132"",""Confidence"":""0.42""}",,291.jpg,12,113.0
wgd_291_13,135.0,0.41,"{""Answer"":""135"",""Confidence"":""0.41""}",,291.jpg,13,113.0
wgd_291_14,135.0,0.58,"{""Answer"":""135"",""Confidence"":""0.58""}",,291.jpg,14,113.0
wgd_291_15,138.0,0.38,"{""Answer"":""138"",""Confidence"":""0.38""}",,291.jpg,15,113.0
wgd_291_16,140.0,0.62,"{""Answer"":""140"",""Confidence"":""0.62""}",,291.jpg,16,113.0
wgd_291_17,135.0,0.34,"{""Answer"":""135"",""Confidence"":""0.34""}",,291.jpg,17,113.0
wgd_291_18,130.0,0.48,"{""Answer"":""130"",""Confidence"":""0.48""}",,291.jpg,18,113.0
wgd_291_19,132.0,0.41,"{""Answer"":""132"",""Confidence"":""0.41""}",,291.jpg,19,113.0
wgd_291_20,135.0,0.58,"{""Answer"":""135"",""Confidence"":""0.58""}",,291.jpg,20,113.0
wgd_292_01,118.0,0.08,"{""Answer"":""118"",""Confidence"":""0.08""}",,292.jpg,1,117.0
wgd_292_02,125.0,0.22,"{""Answer"":""125"",""Confidence"":""0.22""}",,292.jpg,2,117.0
wgd_292_03,128.0,0.22,"{""Answer"":""128"",""Confidence"":""0.22""}",,292.jpg,3,117.0
wgd_292_04,130.0,0.28,"{""Answer"":""130"",""Confidence"":""0.28""}",,292.jpg,4,117.0
wgd_292_05,120.0,0.38,"{""Answer"":""120"",""Confidence"":""0.38""}",,292.jpg,5,117.0
wgd_292_06,125.0,0.52,"{""Answer"":""125"",""Confidence"":""0.52""}",,292.jpg,6,117.0
wgd_292_07,118.0,0.56,"{""Answer"":""118"",""Confidence"":""0.56""}",,292.jpg,7,117.0
wgd_292_08,125.0,0.41,"{""Answer"":""125"",""Confidence"":""0.41""}",,292.jpg,8,117.0
wgd_292_09,132.0,0.34,"{""Answer"":""132"",""Confidence"":""0.34""}",,292.jpg,9,117.0
wgd_292_10,125.0,0.48,"{""Answer"":""125"",""Confidence"":""0.48""}",,292.jpg,10,117.0
wgd_292_11,120.0,0.41,"{""Answer"":""120"",""Confidence"":""0.41""}",,292.jpg,11,117.0
wgd_292_12,128.0,0.56,"{""Answer"":""128"",""Confidence"":""0.56""}",,292.jpg,12,117.0
wgd_292_13,125.0,0.42,"{""Answer"":""125"",""Confidence"":""0.42""}",,292.jpg,13,117.0
wgd_292_14,120.0,0.62,"{""Answer"":""120"",""Confidence"":""0.62""}",,292.jpg,14,117.0
wgd_292_15,125.0,0.58,"{""Answer"":""125"",""Confidence"":""0.58""}",,292.jpg,15,117.0
wgd_292_16,125.0,0.62,"{""Answer"":""125"",""Confidence"":""0.62""}",,292.jpg,16,117.0
wgd_292_17,125.0,0.78,"{""Answer"":""125"",""Confidence"":""0.78""}",,292.jpg,17,117.0
wgd_292_18,125.0,0.74,"{""Answer"":""125"",""Confidence"":""0.74""}",,292.jpg,18,117.0
wgd_292_19,125.0,0.42,"{""Answer"":""125"",""Confidence"":""0.42""}",,292.jpg,19,117.0
wgd_292_20,135.0,0.55,"{""Answer"":""135"",""Confidence"":""0.55""}",,292.jpg,20,117.0
wgd_293_01,132.0,0.14,"{""Answer"":""132"",""Confidence"":""0.14""}",,293.jpg,1,113.0
wgd_293_02,128.0,0.22,"{""Answer"":""128"",""Confidence"":""0.22""}",,293.jpg,2,113.0
wgd_293_03,125.0,0.34,"{""Answer"":""125"",""Confidence"":""0.34""}",,293.jpg,3,113.0
wgd_293_04,118.0,0.34,"{""Answer"":""118"",""Confidence"":""0.34""}",,293.jpg,4,113.0
wgd_293_05,125.0,0.42,"{""Answer"":""125"",""Confidence"":""0.42""}",,293.jpg,5,113.0
wgd_293_06,132.0,0.32,"{""Answer"":""132"",""Confidence"":""0.32""}",,293.jpg,6,113.0
wgd_293_07,128.0,0.42,"{""Answer"":""128"",""Confidence"":""0.42""}",,293.jpg,7,113.0
wgd_293_08,125.0,0.62,"{""Answer"":""125"",""Confidence"":""0.62""}",,293.jpg,8,113.0
wgd_293_09,125.0,0.62,"{""Answer"":""125"",""Confidence"":""0.62""}",,293.jpg,9,113.0
wgd_293_10,118.0,0.58,"{""Answer"":""118"",""Confidence"":""0.58""}",,293.jpg,10,113.0
wgd_293_11,128.0,0.62,"{""Answer"":""128"",""Confidence"":""0.62""}",,293.jpg,11,113.0
wgd_293_12,128.0,0.52,"{""Answer"":""128"",""Confidence"":""0.52""}",,293.jpg,12,113.0
wgd_293_13,120.0,0.42,"{""Answer"":""120"",""Confidence"":""0.42""}",,293.jpg,13,113.0
wgd_293_14,125.0,0.55,"{""Answer"":""125"",""Confidence"":""0.55""}",,293.jpg,14,113.0
wgd_293_15,125.0,0.63,"{""Answer"":""125"",""Confidence"":""0.63""}",,293.jpg,15,113.0
wgd_293_16,125.0,0.62,"{""Answer"":""125"",""Confidence"":""0.62""}",,293.jpg,16,113.0
wgd_293_17,128.0,0.62,"{""Answer"":""128"",""Confidence"":""0.62""}",,293.jpg,17,113.0
wgd_293_18,122.0,0.62,"{""Answer"":""122"",""Confidence"":""0.62""}",,293.jpg,18,113.0
wgd_293_19,120.0,0.62,"{""Answer"":""120"",""Confidence"":""0.62""}",,293.jpg,19,113.0
wgd_293_20,128.0,0.41,"{""Answer"":""128"",""Confidence"":""0.41""}",,293.jpg,20,113.0
wgd_294_01,132.0,0.08,"{""Answer"":""132"",""Confidence"":""0.08""}",,294.jpg,1,125.0
wgd_294_02,125.0,0.22,"{""Answer"":""125"",""Confidence"":""0.22""}",,294.jpg,2,125.0
wgd_294_03,125.0,0.22,"{""Answer"":""125"",""Confidence"":""0.22""}",,294.jpg,3,125.0
wgd_294_04,125.0,0.34,"{""Answer"":""125"",""Confidence"":""0.34""}",,294.jpg,4,125.0
wgd_294_05,135.0,0.32,"{""Answer"":""135"",""Confidence"":""0.32""}",,294.jpg,5,125.0
wgd_294_06,132.0,0.34,"{""Answer"":""132"",""Confidence"":""0.34""}",,294.jpg,6,125.0
wgd_294_07,135.0,0.39,"{""Answer"":""135"",""Confidence"":""0.39""}",,294.jpg,7,125.0
wgd_294_08,135.0,0.52,"{""Answer"":""135"",""Confidence"":""0.52""}",,294.jpg,8,125.0
wgd_294_09,130.0,0.34,"{""Answer"":""130"",""Confidence"":""0.34""}",,294.jpg,9,125.0
wgd_294_10,120.0,0.55,"{""Answer"":""120"",""Confidence"":""0.55""}",,294.jpg,10,125.0
wgd_294_11,130.0,0.54,"{""Answer"":""130"",""Confidence"":""0.54""}",,294.jpg,11,125.0
wgd_294_12,130.0,0.63,"{""Answer"":""130"",""Confidence"":""0.63""}",,294.jpg,12,125.0
wgd_294_13,132.0,0.32,"{""Answer"":""132"",""Confidence"":""0.32""}",,294.jpg,13,125.0
wgd_294_14,132.0,0.32,"{""Answer"":""132"",""Confidence"":""0.32""}",,294.jpg,14,125.0
wgd_294_15,130.0,0.62,"{""Answer"":""130"",""Confidence"":""0.62""}",,294.jpg,15,125.0
wgd_294_16,125.0,0.62,"{""Answer"":""125"",""Confidence"":""0.62""}",,294.jpg,16,125.0
wgd_294_17,132.0,0.49,"{""Answer"":""132"",""Confidence"":""0.49""}",,294.jpg,17,125.0
wgd_294_18,130.0,0.72,"{""Answer"":""130"",""Confidence"":""0.72""}",,294.jpg,18,125.0
wgd_294_19,130.0,0.44,"{""Answer"":""130"",""Confidence"":""0.44""}",,294.jpg,19,125.0
wgd_294_20,135.0,0.62,"{""Answer"":""135"",""Confidence"":""0.62""}",,294.jpg,20,125.0
wgd_295_01,165.0,0.03,"{""Answer"":""165"",""Confidence"":""0.03""}",,295.jpg,1,145.0
wgd_295_02,165.0,0.22,"{""Answer"":""165"",""Confidence"":""0.22""}",,295.jpg,2,145.0
wgd_295_03,165.0,0.42,"{""Answer"":""165"",""Confidence"":""0.42""}",,295.jpg,3,145.0
wgd_295_04,165.0,0.34,"{""Answer"":""165"",""Confidence"":""0.34""}",,295.jpg,4,145.0
wgd_295_05,165.0,0.38,"{""Answer"":""165"",""Confidence"":""0.38""}",,295.jpg,5,145.0
wgd_295_06,160.0,0.44,"{""Answer"":""160"",""Confidence"":""0.44""}",,295.jpg,6,145.0
wgd_295_07,165.0,0.44,"{""Answer"":""165"",""Confidence"":""0.44""}",,295.jpg,7,145.0
wgd_295_08,170.0,0.63,"{""Answer"":""170"",""Confidence"":""0.63""}",,295.jpg,8,145.0
wgd_295_09,165.0,0.56,"{""Answer"":""165"",""Confidence"":""0.56""}",,295.jpg,9,145.0
wgd_295_10,155.0,0.62,"{""Answer"":""155"",""Confidence"":""0.62""}",,295.jpg,10,145.0
wgd_295_11,165.0,0.54,"{""Answer"":""165"",""Confidence"":""0.54""}",,295.jpg,11,145.0
wgd_295_12,165.0,0.63,"{""Answer"":""165"",""Confidence"":""0.63""}",,295.jpg,12,145.0
wgd_295_13,165.0,0.62,"{""Answer"":""165"",""Confidence"":""0.62""}",,295.jpg,13,145.0
wgd_295_14,160.0,0.62,"{""Answer"":""160"",""Confidence"":""0.62""}",,295.jpg,14,145.0
wgd_295_15,160.0,0.63,"{""Answer"":""160"",""Confidence"":""0.63""}",,295.jpg,15,145.0
wgd_295_16,155.0,0.62,"{""Answer"":""155"",""Confidence"":""0.62""}",,295.jpg,16,145.0
wgd_295_17,160.0,0.62,"{""Answer"":""160"",""Confidence"":""0.62""}",,295.jpg,17,145.0
wgd_295_18,165.0,0.68,"{""Answer"":""165"",""Confidence"":""0.68""}",,295.jpg,18,145.0
wgd_295_19,165.0,0.62,"{""Answer"":""165"",""Confidence"":""0.62""}",,295.jpg,19,145.0
wgd_295_20,165.0,0.73,"{""Answer"":""165"",""Confidence"":""0.73""}",,295.jpg,20,145.0
wgd_296_01,118.0,0.03,"{""Answer"":""118"",""Confidence"":""0.03""}",,296.jpg,1,125.0
wgd_296_02,120.0,0.12,"{""Answer"":""120"",""Confidence"":""0.12""}",,296.jpg,2,125.0
wgd_296_03,118.0,0.22,"{""Answer"":""118"",""Confidence"":""0.22""}",,296.jpg,3,125.0
wgd_296_04,118.0,0.31,"{""Answer"":""118"",""Confidence"":""0.31""}",,296.jpg,4,125.0
wgd_296_05,130.0,0.34,"{""Answer"":""130"",""Confidence"":""0.34""}",,296.jpg,5,125.0
wgd_296_06,128.0,0.38,"{""Answer"":""128"",""Confidence"":""0.38""}",,296.jpg,6,125.0
wgd_296_07,128.0,0.32,"{""Answer"":""128"",""Confidence"":""0.32""}",,296.jpg,7,125.0
wgd_296_08,118.0,0.54,"{""Answer"":""118"",""Confidence"":""0.54""}",,296.jpg,8,125.0
wgd_296_09,125.0,0.36,"{""Answer"":""125"",""Confidence"":""0.36""}",,296.jpg,9,125.0
wgd_296_10,125.0,0.38,"{""Answer"":""125"",""Confidence"":""0.38""}",,296.jpg,10,125.0
wgd_296_11,125.0,0.48,"{""Answer"":""125"",""Confidence"":""0.48""}",,296.jpg,11,125.0
wgd_296_12,122.0,0.44,"{""Answer"":""122"",""Confidence"":""0.44""}",,296.jpg,12,125.0
wgd_296_13,120.0,0.42,"{""Answer"":""120"",""Confidence"":""0.42""}",,296.jpg,13,125.0
wgd_296_14,130.0,0.42,"{""Answer"":""130"",""Confidence"":""0.42""}",,296.jpg,14,125.0
wgd_296_15,125.0,0.62,"{""Answer"":""125"",""Confidence"":""0.62""}",,296.jpg,15,125.0
wgd_296_16,128.0,0.47,"{""Answer"":""128"",""Confidence"":""0.47""}",,296.jpg,16,125.0
wgd_296_17,130.0,0.58,"{""Answer"":""130"",""Confidence"":""0.58""}",,296.jpg,17,125.0
wgd_296_18,125.0,0.58,"{""Answer"":""125"",""Confidence"":""0.58""}",,296.jpg,18,125.0
wgd_296_19,125.0,0.56,"{""Answer"":""125"",""Confidence"":""0.56""}",,296.jpg,19,125.0
wgd_296_20,125.0,0.54,"{""Answer"":""125"",""Confidence"":""0.54""}",,296.jpg,20,125.0
wgd_297_01,115.0,0.14,"{""Answer"":""115"",""Confidence"":""0.14""}",,297.jpg,1,120.0
wgd_297_02,115.0,0.18,"{""Answer"":""115"",""Confidence"":""0.18""}",,297.jpg,2,120.0
wgd_297_03,118.0,0.18,"{""Answer"":""118"",""Confidence"":""0.18""}",,297.jpg,3,120.0
wgd_297_04,118.0,0.24,"{""Answer"":""118"",""Confidence"":""0.24""}",,297.jpg,4,120.0
wgd_297_05,118.0,0.58,"{""Answer"":""118"",""Confidence"":""0.58""}",,297.jpg,5,120.0
wgd_297_06,116.0,0.33,"{""Answer"":""116"",""Confidence"":""0.33""}",,297.jpg,6,120.0
wgd_297_07,118.0,0.42,"{""Answer"":""118"",""Confidence"":""0.42""}",,297.jpg,7,120.0
wgd_297_08,120.0,0.61,"{""Answer"":""120"",""Confidence"":""0.61""}",,297.jpg,8,120.0
wgd_297_09,112.0,0.46,"{""Answer"":""112"",""Confidence"":""0.46""}",,297.jpg,9,120.0
wgd_297_10,118.0,0.55,"{""Answer"":""118"",""Confidence"":""0.55""}",,297.jpg,10,120.0
wgd_297_11,118.0,0.56,"{""Answer"":""118"",""Confidence"":""0.56""}",,297.jpg,11,120.0
wgd_297_12,118.0,0.56,"{""Answer"":""118"",""Confidence"":""0.56""}",,297.jpg,12,120.0
wgd_297_13,118.0,0.63,"{""Answer"":""118"",""Confidence"":""0.63""}",,297.jpg,13,120.0
wgd_297_14,115.0,0.42,"{""Answer"":""115"",""Confidence"":""0.42""}",,297.jpg,14,120.0
wgd_297_15,120.0,0.63,"{""Answer"":""120"",""Confidence"":""0.63""}",,297.jpg,15,120.0
wgd_297_16,118.0,0.55,"{""Answer"":""118"",""Confidence"":""0.55""}",,297.jpg,16,120.0
wgd_297_17,118.0,0.62,"{""Answer"":""118"",""Confidence"":""0.62""}",,297.jpg,17,120.0
wgd_297_18,120.0,0.58,"{""Answer"":""120"",""Confidence"":""0.58""}",,297.jpg,18,120.0
wgd_297_19,118.0,0.58,"{""Answer"":""118"",""Confidence"":""0.58""}",,297.jpg,19,120.0
wgd_297_20,118.0,0.62,"{""Answer"":""118"",""Confidence"":""0.62""}",,297.jpg,20,120.0
wgd_298_01,145.0,0.08,"{""Answer"":""145"",""Confidence"":""0.08""}",,298.jpg,1,165.0
wgd_298_02,148.0,0.18,"{""Answer"":""148"",""Confidence"":""0.18""}",,298.jpg,2,165.0
wgd_298_03,155.0,0.22,"{""Answer"":""155"",""Confidence"":""0.22""}",,298.jpg,3,165.0
wgd_298_04,150.0,0.26,"{""Answer"":""150"",""Confidence"":""0.26""}",,298.jpg,4,165.0
wgd_298_05,145.0,0.42,"{""Answer"":""145"",""Confidence"":""0.42""}",,298.jpg,5,165.0
wgd_298_06,155.0,0.57,"{""Answer"":""155"",""Confidence"":""0.57""}",,298.jpg,6,165.0
wgd_298_07,155.0,0.56,"{""Answer"":""155"",""Confidence"":""0.56""}",,298.jpg,7,165.0
wgd_298_08,145.0,0.56,"{""Answer"":""145"",""Confidence"":""0.56""}",,298.jpg,8,165.0
wgd_298_09,150.0,0.64,"{""Answer"":""150"",""Confidence"":""0.64""}",,298.jpg,9,165.0
wgd_298_10,155.0,0.62,"{""Answer"":""155"",""Confidence"":""0.62""}",,298.jpg,10,165.0
wgd_298_11,158.0,0.68,"{""Answer"":""158"",""Confidence"":""0.68""}",,298.jpg,11,165.0
wgd_298_12,155.0,0.58,"{""Answer"":""155"",""Confidence"":""0.58""}",,298.jpg,12,165.0
wgd_298_13,150.0,0.61,"{""Answer"":""150"",""Confidence"":""0.61""}",,298.jpg,13,165.0
wgd_298_14,150.0,0.62,"{""Answer"":""150"",""Confidence"":""0.62""}",,298.jpg,14,165.0
wgd_298_15,155.0,0.66,"{""Answer"":""155"",""Confidence"":""0.66""}",,298.jpg,15,165.0
wgd_298_16,155.0,0.67,"{""Answer"":""155"",""Confidence"":""0.67""}",,298.jpg,16,165.0
wgd_298_17,150.0,0.62,"{""Answer"":""150"",""Confidence"":""0.62""}",,298.jpg,17,165.0
wgd_298_18,150.0,0.58,"{""Answer"":""150"",""Confidence"":""0.58""}",,298.jpg,18,165.0
wgd_298_19,145.0,0.71,"{""Answer"":""145"",""Confidence"":""0.71""}",,298.jpg,19,165.0
wgd_298_20,150.0,0.63,"{""Answer"":""150"",""Confidence"":""0.63""}",,298.jpg,20,165.0
wgd_299_01,195.0,0.05,"{""Answer"":""195"",""Confidence"":""0.05""}",,299.jpg,1,177.0
wgd_299_02,195.0,0.18,"{""Answer"":""195"",""Confidence"":""0.18""}",,299.jpg,2,177.0
wgd_299_03,185.0,0.18,"{""Answer"":""185"",""Confidence"":""0.18""}",,299.jpg,3,177.0
wgd_299_04,185.0,0.18,"{""Answer"":""185"",""Confidence"":""0.18""}",,299.jpg,4,177.0
wgd_299_05,185.0,0.28,"{""Answer"":""185"",""Confidence"":""0.28""}",,299.jpg,5,177.0
wgd_299_06,185.0,0.34,"{""Answer"":""185"",""Confidence"":""0.34""}",,299.jpg,6,177.0
wgd_299_07,185.0,0.34,"{""Answer"":""185"",""Confidence"":""0.34""}",,299.jpg,7,177.0
wgd_299_08,185.0,0.28,"{""Answer"":""185"",""Confidence"":""0.28""}",,299.jpg,8,177.0
wgd_299_09,175.0,0.34,"{""Answer"":""175"",""Confidence"":""0.34""}",,299.jpg,9,177.0
wgd_299_10,180.0,0.42,"{""Answer"":""180"",""Confidence"":""0.42""}",,299.jpg,10,177.0
wgd_299_11,175.0,0.34,"{""Answer"":""175"",""Confidence"":""0.34""}",,299.jpg,11,177.0
wgd_299_12,165.0,0.52,"{""Answer"":""165"",""Confidence"":""0.52""}",,299.jpg,12,177.0
wgd_299_13,175.0,0.42,"{""Answer"":""175"",""Confidence"":""0.42""}",,299.jpg,13,177.0
wgd_299_14,190.0,0.62,"{""Answer"":""190"",""Confidence"":""0.62""}",,299.jpg,14,177.0
wgd_299_15,190.0,0.63,"{""Answer"":""190"",""Confidence"":""0.63""}",,299.jpg,15,177.0
wgd_299_16,180.0,0.49,"{""Answer"":""180"",""Confidence"":""0.49""}",,299.jpg,16,177.0
wgd_299_17,185.0,0.58,"{""Answer"":""185"",""Confidence"":""0.58""}",,299.jpg,17,177.0
wgd_299_18,175.0,0.42,"{""Answer"":""175"",""Confidence"":""0.42""}",,299.jpg,18,177.0
wgd_299_19,185.0,0.41,"{""Answer"":""185"",""Confidence"":""0.41""}",,299.jpg,19,177.0
wgd_299_20,185.0,0.55,"{""Answer"":""185"",""Confidence"":""0.55""}",,299.jpg,20,177.0
wgd_300_01,185.0,0.18,"{""Answer"":""185"",""Confidence"":""0.18""}",,300.jpg,1,182.0
wgd_300_02,185.0,0.12,"{""Answer"":""185"",""Confidence"":""0.12""}",,300.jpg,2,182.0
wgd_300_03,185.0,0.22,"{""Answer"":""185"",""Confidence"":""0.22""}",,300.jpg,3,182.0
wgd_300_04,175.0,0.31,"{""Answer"":""175"",""Confidence"":""0.31""}",,300.jpg,4,182.0
wgd_300_05,185.0,0.34,"{""Answer"":""185"",""Confidence"":""0.34""}",,300.jpg,5,182.0
wgd_300_06,185.0,0.34,"{""Answer"":""185"",""Confidence"":""0.34""}",,300.jpg,6,182.0
wgd_300_07,178.0,0.42,"{""Answer"":""178"",""Confidence"":""0.42""}",,300.jpg,7,182.0
wgd_300_08,185.0,0.54,"{""Answer"":""185"",""Confidence"":""0.54""}",,300.jpg,8,182.0
wgd_300_09,175.0,0.34,"{""Answer"":""175"",""Confidence"":""0.34""}",,300.jpg,9,182.0
wgd_300_10,185.0,0.58,"{""Answer"":""185"",""Confidence"":""0.58""}",,300.jpg,10,182.0
wgd_300_11,185.0,0.56,"{""Answer"":""185"",""Confidence"":""0.56""}",,300.jpg,11,182.0
wgd_300_12,185.0,0.42,"{""Answer"":""185"",""Confidence"":""0.42""}",,300.jpg,12,182.0
wgd_300_13,185.0,0.42,"{""Answer"":""185"",""Confidence"":""0.42""}",,300.jpg,13,182.0
wgd_300_14,185.0,0.42,"{""Answer"":""185"",""Confidence"":""0.42""}",,300.jpg,14,182.0
wgd_300_15,180.0,0.44,"{""Answer"":""180"",""Confidence"":""0.44""}",,300.jpg,15,182.0
wgd_300_16,185.0,0.62,"{""Answer"":""185"",""Confidence"":""0.62""}",,300.jpg,16,182.0
wgd_300_17,175.0,0.52,"{""Answer"":""175"",""Confidence"":""0.52""}",,300.jpg,17,182.0
wgd_300_18,185.0,0.61,"{""Answer"":""185"",""Confidence"":""0.61""}",,300.jpg,18,182.0
wgd_300_19,185.0,0.46,"{""Answer"":""185"",""Confidence"":""0.46""}",,300.jpg,19,182.0
wgd_300_20,180.0,0.62,"{""Answer"":""180"",""Confidence"":""0.62""}",,300.jpg,20,182.0
wgd_301_01,150.0,0.05,"{""Answer"":""150"",""Confidence"":""0.05""}",,301.jpg,1,150.0
wgd_301_02,152.0,0.18,"{""Answer"":""152"",""Confidence"":""0.18""}",,301.jpg,2,150.0
wgd_301_03,145.0,0.23,"{""Answer"":""145"",""Confidence"":""0.23""}",,301.jpg,3,150.0
wgd_301_04,150.0,0.27,"{""Answer"":""150"",""Confidence"":""0.27""}",,301.jpg,4,150.0
wgd_301_05,155.0,0.24,"{""Answer"":""155"",""Confidence"":""0.24""}",,301.jpg,5,150.0
wgd_301_06,145.0,0.28,"{""Answer"":""145"",""Confidence"":""0.28""}",,301.jpg,6,150.0
wgd_301_07,165.0,0.38,"{""Answer"":""165"",""Confidence"":""0.38""}",,301.jpg,7,150.0
wgd_301_08,155.0,0.34,"{""Answer"":""155"",""Confidence"":""0.34""}",,301.jpg,8,150.0
wgd_301_09,150.0,0.42,"{""Answer"":""150"",""Confidence"":""0.42""}",,301.jpg,9,150.0
wgd_301_10,155.0,0.41,"{""Answer"":""155"",""Confidence"":""0.41""}",,301.jpg,10,150.0
wgd_301_11,150.0,0.33,"{""Answer"":""150"",""Confidence"":""0.33""}",,301.jpg,11,150.0
wgd_301_12,155.0,0.44,"{""Answer"":""155"",""Confidence"":""0.44""}",,301.jpg,12,150.0
wgd_301_13,145.0,0.42,"{""Answer"":""145"",""Confidence"":""0.42""}",,301.jpg,13,150.0
wgd_301_14,150.0,0.42,"{""Answer"":""150"",""Confidence"":""0.42""}",,301.jpg,14,150.0
wgd_301_15,145.0,0.44,"{""Answer"":""145"",""Confidence"":""0.44""}",,301.jpg,15,150.0
wgd_301_16,155.0,0.62,"{""Answer"":""155"",""Confidence"":""0.62""}",,301.jpg,16,150.0
wgd_301_17,150.0,0.43,"{""Answer"":""150"",""Confidence"":""0.43""}",,301.jpg,17,150.0
wgd_301_18,150.0,0.52,"{""Answer"":""150"",""Confidence"":""0.52""}",,301.jpg,18,150.0
wgd_301_19,150.0,0.52,"{""Answer"":""150"",""Confidence"":""0.52""}",,301.jpg,19,150.0
wgd_301_20,155.0,0.56,"{""Answer"":""155"",""Confidence"":""0.56""}",,301.jpg,20,150.0
