question_id,Answer,Confidence,raw,error,photo,within_lbs,true_weight,bin_width,top_n
wgd_spd_1_02,171.0,0.14,"[{""min"": 170, ""max"": 172, ""confidence"": 0.14}, {""min"": 168, ""max"": 170, ""confidence"": 0.13}, {""min"": 172, ""max"": 174, ""confidence"": 0.12}, {""min"": 166, ""max"": 168, ""confidence"": 0.11}, {""min"": 174, ""max"": 176, ""confidence"": 0.1}, {""min"": 164, ""max"": 166, ""confidence"": 0.09}, {""min"": 176, ""max"": 178, ""confidence"": 0.08}, {""min"": 162, ""max"": 164, ""confidence"": 0.07}, {""min"": 178, ""max"": 180, ""confidence"": 0.06}, {""min"": 160, ""max"": 162, ""confidence"": 0.05}]",,1.jpg,1,237.0,2,10
wgd_spd_1_10,165.0,0.15,"[{""min"": 160, ""max"": 170, ""confidence"": 0.15}, {""min"": 170, ""max"": 180, ""confidence"": 0.14}, {""min"": 180, ""max"": 190, ""confidence"": 0.13}, {""min"": 190, ""max"": 200, ""confidence"": 0.12}, {""min"": 200, ""max"": 210, ""confidence"": 0.11}, {""min"": 150, ""max"": 160, ""confidence"": 0.1}, {""min"": 210, ""max"": 220, ""confidence"": 0.09}, {""min"": 140, ""max"": 150, ""confidence"": 0.08}, {""min"": 220, ""max"": 230, ""confidence"": 0.05}, {""min"": 230, ""max"": 240, ""confidence"": 0.03}]",,1.jpg,5,237.0,10,10
wgd_spd_1_20,190.0,0.3,"[{""min"": 160, ""max"": 180, ""confidence"": 0.25}, {""min"": 180, ""max"": 200, ""confidence"": 0.3}, {""min"": 140, ""max"": 160, ""confidence"": 0.2}, {""min"": 200, ""max"": 220, ""confidence"": 0.15}, {""min"": 120, ""max"": 140, ""confidence"": 0.1}]",,1.jpg,10,237.0,20,5
wgd_spd_1_40,200.0,0.4,"[{""min"": 180, ""max"": 220, ""confidence"": 0.4}, {""min"": 200, ""max"": 240, ""confidence"": 0.3}, {""min"": 160, ""max"": 200, ""confidence"": 0.3}]",,1.jpg,20,237.0,40,3
wgd_spd_2_02,161.0,0.15,"[{""min"": 160, ""max"": 162, ""confidence"": 0.15}, {""min"": 162, ""max"": 164, ""confidence"": 0.14}, {""min"": 158, ""max"": 160, ""confidence"": 0.13}, {""min"": 164, ""max"": 166, ""confidence"": 0.12}, {""min"": 156, ""max"": 158, ""confidence"": 0.11}, {""min"": 166, ""max"": 168, ""confidence"": 0.1}, {""min"": 154, ""max"": 156, ""confidence"": 0.08}, {""min"": 168, ""max"": 170, ""confidence"": 0.06}, {""min"": 152, ""max"": 154, ""confidence"": 0.05}, {""min"": 170, ""max"": 172, ""confidence"": 0.04}]",,2.jpg,1,215.0,2,10
wgd_spd_2_10,165.0,0.15,"[{""min"": 160, ""max"": 170, ""confidence"": 0.15}, {""min"": 170, ""max"": 180, ""confidence"": 0.14}, {""min"": 155, ""max"": 165, ""confidence"": 0.13}, {""min"": 165, ""max"": 175, ""confidence"": 0.12}, {""min"": 150, ""max"": 160, ""confidence"": 0.11}, {""min"": 175, ""max"": 185, ""confidence"": 0.1}, {""min"": 180, ""max"": 190, ""confidence"": 0.08}, {""min"": 145, ""max"": 155, ""confidence"": 0.07}, {""min"": 185, ""max"": 195, ""confidence"": 0.06}, {""min"": 140, ""max"": 150, ""confidence"": 0.04}]",,2.jpg,5,215.0,10,10
wgd_spd_2_20,160.0,0.35,"[{""min"": 150, ""max"": 170, ""confidence"": 0.35}, {""min"": 160, ""max"": 180, ""confidence"": 0.3}, {""min"": 170, ""max"": 190, ""confidence"": 0.2}, {""min"": 140, ""max"": 160, ""confidence"": 0.1}, {""min"": 180, ""max"": 200, ""confidence"": 0.05}]",,2.jpg,10,215.0,20,5
wgd_spd_2_40,180.0,0.6,"[{""min"": 160, ""max"": 200, ""confidence"": 0.6}, {""min"": 140, ""max"": 180, ""confidence"": 0.3}, {""min"": 180, ""max"": 220, ""confidence"": 0.1}]",,2.jpg,20,215.0,40,3
wgd_spd_3_02,151.0,0.11,"[{""min"": 150, ""max"": 152, ""confidence"": 0.11}, {""min"": 152, ""max"": 154, ""confidence"": 0.11}, {""min"": 154, ""max"": 156, ""confidence"": 0.1}, {""min"": 148, ""max"": 150, ""confidence"": 0.1}, {""min"": 156, ""max"": 158, ""confidence"": 0.09}, {""min"": 146, ""max"": 148, ""confidence"": 0.09}, {""min"": 158, ""max"": 160, ""confidence"": 0.08}, {""min"": 144, ""max"": 146, ""confidence"": 0.08}, {""min"": 160, ""max"": 162, ""confidence"": 0.07}, {""min"": 142, ""max"": 144, ""confidence"": 0.07}]",,3.jpg,1,218.0,2,10
wgd_spd_3_10,165.0,0.25,"[{""min"": 140, ""max"": 150, ""confidence"": 0.15}, {""min"": 150, ""max"": 160, ""confidence"": 0.2}, {""min"": 160, ""max"": 170, ""confidence"": 0.25}, {""min"": 170, ""max"": 180, ""confidence"": 0.2}, {""min"": 180, ""max"": 190, ""confidence"": 0.1}, {""min"": 130, ""max"": 140, ""confidence"": 0.05}, {""min"": 190, ""max"": 200, ""confidence"": 0.03}, {""min"": 120, ""max"": 130, ""confidence"": 0.01}, {""min"": 200, ""max"": 210, ""confidence"": 0.005}, {""min"": 210, ""max"": 220, ""confidence"": 0.005}]",,3.jpg,5,218.0,10,10
wgd_spd_3_20,150.0,0.25,"[{""min"": 140, ""max"": 160, ""confidence"": 0.25}, {""min"": 160, ""max"": 180, ""confidence"": 0.25}, {""min"": 150, ""max"": 170, ""confidence"": 0.2}, {""min"": 170, ""max"": 190, ""confidence"": 0.15}, {""min"": 130, ""max"": 150, ""confidence"": 0.15}]",,3.jpg,10,218.0,20,5
wgd_spd_3_40,160.0,0.6,"[{""min"": 140, ""max"": 180, ""confidence"": 0.6}, {""min"": 160, ""max"": 200, ""confidence"": 0.3}, {""min"": 180, ""max"": 220, ""confidence"": 0.1}]",,3.jpg,20,218.0,40,3
wgd_spd_4_02,111.0,0.15,"[{""min"": 110, ""max"": 112, ""confidence"": 0.15}, {""min"": 112, ""max"": 114, ""confidence"": 0.13}, {""min"": 108, ""max"": 110, ""confidence"": 0.12}, {""min"": 114, ""max"": 116, ""confidence"": 0.11}, {""min"": 106, ""max"": 108, ""confidence"": 0.1}, {""min"": 116, ""max"": 118, ""confidence"": 0.09}, {""min"": 104, ""max"": 106, ""confidence"": 0.08}, {""min"": 118, ""max"": 120, ""confidence"": 0.07}, {""min"": 102, ""max"": 104, ""confidence"": 0.06}, {""min"": 120, ""max"": 122, ""confidence"": 0.05}]",,4.jpg,1,95.0,2,10
wgd_spd_4_10,125.0,0.25,"[{""min"": 100, ""max"": 110, ""confidence"": 0.15}, {""min"": 110, ""max"": 120, ""confidence"": 0.2}, {""min"": 120, ""max"": 130, ""confidence"": 0.25}, {""min"": 90, ""max"": 100, ""confidence"": 0.12}, {""min"": 130, ""max"": 140, ""confidence"": 0.1}, {""min"": 80, ""max"": 90, ""confidence"": 0.05}, {""min"": 140, ""max"": 150, ""confidence"": 0.05}, {""min"": 70, ""max"": 80, ""confidence"": 0.03}, {""min"": 150, ""max"": 160, ""confidence"": 0.03}, {""min"": 160, ""max"": 170, ""confidence"": 0.02}]",,4.jpg,5,95.0,10,10
wgd_spd_4_20,120.0,0.3,"[{""min"": 100, ""max"": 120, ""confidence"": 0.25}, {""min"": 110, ""max"": 130, ""confidence"": 0.3}, {""min"": 120, ""max"": 140, ""confidence"": 0.2}, {""min"": 90, ""max"": 110, ""confidence"": 0.15}, {""min"": 130, ""max"": 150, ""confidence"": 0.1}]",,4.jpg,10,95.0,20,5
wgd_spd_4_40,120.0,0.5,"[{""min"": 100, ""max"": 140, ""confidence"": 0.5}, {""min"": 120, ""max"": 160, ""confidence"": 0.3}, {""min"": 80, ""max"": 120, ""confidence"": 0.2}]",,4.jpg,20,95.0,40,3
wgd_spd_5_02,141.0,0.13,"[{""min"": 140, ""max"": 142, ""confidence"": 0.13}, {""min"": 142, ""max"": 144, ""confidence"": 0.12}, {""min"": 144, ""max"": 146, ""confidence"": 0.11}, {""min"": 138, ""max"": 140, ""confidence"": 0.1}, {""min"": 146, ""max"": 148, ""confidence"": 0.1}, {""min"": 136, ""max"": 138, ""confidence"": 0.09}, {""min"": 148, ""max"": 150, ""confidence"": 0.08}, {""min"": 134, ""max"": 136, ""confidence"": 0.07}, {""min"": 150, ""max"": 152, ""confidence"": 0.07}, {""min"": 132, ""max"": 134, ""confidence"": 0.06}]",,5.jpg,1,142.0,2,10
wgd_spd_5_10,145.0,0.25,"[{""min"": 120, ""max"": 130, ""confidence"": 0.15}, {""min"": 130, ""max"": 140, ""confidence"": 0.2}, {""min"": 140, ""max"": 150, ""confidence"": 0.25}, {""min"": 150, ""max"": 160, ""confidence"": 0.2}, {""min"": 160, ""max"": 170, ""confidence"": 0.1}, {""min"": 110, ""max"": 120, ""confidence"": 0.05}, {""min"": 170, ""max"": 180, ""confidence"": 0.03}, {""min"": 180, ""max"": 190, ""confidence"": 0.01}, {""min"": 100, ""max"": 110, ""confidence"": 0.005}, {""min"": 190, ""max"": 200, ""confidence"": 0.005}]",,5.jpg,5,142.0,10,10
wgd_spd_5_20,150.0,0.35,"[{""min"": 120, ""max"": 140, ""confidence"": 0.25}, {""min"": 140, ""max"": 160, ""confidence"": 0.35}, {""min"": 160, ""max"": 180, ""confidence"": 0.2}, {""min"": 100, ""max"": 120, ""confidence"": 0.1}, {""min"": 180, ""max"": 200, ""confidence"": 0.1}]",,5.jpg,10,142.0,20,5
wgd_spd_5_40,160.0,0.5,"[{""min"": 140, ""max"": 180, ""confidence"": 0.5}, {""min"": 120, ""max"": 160, ""confidence"": 0.3}, {""min"": 160, ""max"": 200, ""confidence"": 0.2}]",,5.jpg,20,142.0,40,3
wgd_spd_6_02,131.0,0.15,"[{""min"": 130, ""max"": 132, ""confidence"": 0.15}, {""min"": 132, ""max"": 134, ""confidence"": 0.12}, {""min"": 128, ""max"": 130, ""confidence"": 0.11}, {""min"": 134, ""max"": 136, ""confidence"": 0.1}, {""min"": 126, ""max"": 128, ""confidence"": 0.09}, {""min"": 136, ""max"": 138, ""confidence"": 0.08}, {""min"": 124, ""max"": 126, ""confidence"": 0.07}, {""min"": 138, ""max"": 140, ""confidence"": 0.06}, {""min"": 122, ""max"": 124, ""confidence"": 0.05}, {""min"": 140, ""max"": 142, ""confidence"": 0.04}]",,6.jpg,1,150.0,2,10
wgd_spd_6_10,145.0,0.3,"[{""min"": 130, ""max"": 140, ""confidence"": 0.2}, {""min"": 140, ""max"": 150, ""confidence"": 0.3}, {""min"": 150, ""max"": 160, ""confidence"": 0.25}, {""min"": 160, ""max"": 170, ""confidence"": 0.15}, {""min"": 120, ""max"": 130, ""confidence"": 0.05}, {""min"": 170, ""max"": 180, ""confidence"": 0.025}, {""min"": 110, ""max"": 120, ""confidence"": 0.0125}, {""min"": 180, ""max"": 190, ""confidence"": 0.0125}, {""min"": 100, ""max"": 110, ""confidence"": 0.005}, {""min"": 190, ""max"": 200, ""confidence"": 0.005}]",,6.jpg,5,150.0,10,10
wgd_spd_6_20,150.0,0.3,"[{""min"": 120, ""max"": 140, ""confidence"": 0.25}, {""min"": 140, ""max"": 160, ""confidence"": 0.3}, {""min"": 160, ""max"": 180, ""confidence"": 0.2}, {""min"": 100, ""max"": 120, ""confidence"": 0.15}, {""min"": 180, ""max"": 200, ""confidence"": 0.1}]",,6.jpg,10,150.0,20,5
wgd_spd_6_40,160.0,0.6,"[{""min"": 140, ""max"": 180, ""confidence"": 0.6}, {""min"": 160, ""max"": 200, ""confidence"": 0.3}, {""min"": 120, ""max"": 160, ""confidence"": 0.1}]",,6.jpg,20,150.0,40,3
wgd_spd_7_02,155.0,0.14,"[{""min"": 154, ""max"": 156, ""confidence"": 0.14}, {""min"": 156, ""max"": 158, ""confidence"": 0.13}, {""min"": 152, ""max"": 154, ""confidence"": 0.12}, {""min"": 158, ""max"": 160, ""confidence"": 0.11}, {""min"": 150, ""max"": 152, ""confidence"": 0.1}, {""min"": 160, ""max"": 162, ""confidence"": 0.09}, {""min"": 148, ""max"": 150, ""confidence"": 0.08}, {""min"": 162, ""max"": 164, ""confidence"": 0.07}, {""min"": 146, ""max"": 148, ""confidence"": 0.06}, {""min"": 164, ""max"": 166, ""confidence"": 0.05}]",,7.jpg,1,135.0,2,10
wgd_spd_7_10,165.0,0.25,"[{""min"": 140, ""max"": 150, ""confidence"": 0.15}, {""min"": 150, ""max"": 160, ""confidence"": 0.2}, {""min"": 160, ""max"": 170, ""confidence"": 0.25}, {""min"": 170, ""max"": 180, ""confidence"": 0.2}, {""min"": 180, ""max"": 190, ""confidence"": 0.1}, {""min"": 130, ""max"": 140, ""confidence"": 0.05}, {""min"": 190, ""max"": 200, ""confidence"": 0.03}, {""min"": 120, ""max"": 130, ""confidence"": 0.01}, {""min"": 200, ""max"": 210, ""confidence"": 0.005}, {""min"": 210, ""max"": 220, ""confidence"": 0.005}]",,7.jpg,5,135.0,10,10
wgd_spd_7_20,170.0,0.3,"[{""min"": 140, ""max"": 160, ""confidence"": 0.25}, {""min"": 160, ""max"": 180, ""confidence"": 0.3}, {""min"": 180, ""max"": 200, ""confidence"": 0.2}, {""min"": 120, ""max"": 140, ""confidence"": 0.15}, {""min"": 100, ""max"": 120, ""confidence"": 0.1}]",,7.jpg,10,135.0,20,5
wgd_spd_7_40,170.0,0.5,"[{""min"": 150, ""max"": 190, ""confidence"": 0.5}, {""min"": 160, ""max"": 200, ""confidence"": 0.3}, {""min"": 140, ""max"": 180, ""confidence"": 0.2}]",,7.jpg,20,135.0,40,3
wgd_spd_8_02,141.0,0.12,"[{""min"": 140, ""max"": 142, ""confidence"": 0.12}, {""min"": 142, ""max"": 144, ""confidence"": 0.11}, {""min"": 138, ""max"": 140, ""confidence"": 0.1}, {""min"": 144, ""max"": 146, ""confidence"": 0.09}, {""min"": 136, ""max"": 138, ""confidence"": 0.08}, {""min"": 146, ""max"": 148, ""confidence"": 0.08}, {""min"": 134, ""max"": 136, ""confidence"": 0.07}, {""min"": 148, ""max"": 150, ""confidence"": 0.07}, {""min"": 132, ""max"": 134, ""confidence"": 0.06}, {""min"": 150, ""max"": 152, ""confidence"": 0.06}]",,8.jpg,1,139.0,2,10
wgd_spd_8_10,165.0,0.25,"[{""min"": 140, ""max"": 150, ""confidence"": 0.15}, {""min"": 150, ""max"": 160, ""confidence"": 0.2}, {""min"": 160, ""max"": 170, ""confidence"": 0.25}, {""min"": 170, ""max"": 180, ""confidence"": 0.2}, {""min"": 180, ""max"": 190, ""confidence"": 0.1}, {""min"": 130, ""max"": 140, ""confidence"": 0.05}, {""min"": 190, ""max"": 200, ""confidence"": 0.03}, {""min"": 120, ""max"": 130, ""confidence"": 0.02}, {""min"": 200, ""max"": 210, ""confidence"": 0.01}, {""min"": 210, ""max"": 220, ""confidence"": 0.01}]",,8.jpg,5,139.0,10,10
wgd_spd_8_20,170.0,0.3,"[{""min"": 140, ""max"": 160, ""confidence"": 0.25}, {""min"": 160, ""max"": 180, ""confidence"": 0.3}, {""min"": 180, ""max"": 200, ""confidence"": 0.2}, {""min"": 120, ""max"": 140, ""confidence"": 0.15}, {""min"": 100, ""max"": 120, ""confidence"": 0.1}]",,8.jpg,10,139.0,20,5
wgd_spd_8_40,160.0,0.5,"[{""min"": 140, ""max"": 180, ""confidence"": 0.5}, {""min"": 160, ""max"": 200, ""confidence"": 0.3}, {""min"": 120, ""max"": 160, ""confidence"": 0.2}]",,8.jpg,20,139.0,40,3
wgd_spd_9_02,171.0,0.12,"[{""min"": 170, ""max"": 172, ""confidence"": 0.12}, {""min"": 172, ""max"": 174, ""confidence"": 0.11}, {""min"": 168, ""max"": 170, ""confidence"": 0.1}, {""min"": 174, ""max"": 176, ""confidence"": 0.09}, {""min"": 166, ""max"": 168, ""confidence"": 0.08}, {""min"": 176, ""max"": 178, ""confidence"": 0.07}, {""min"": 164, ""max"": 166, ""confidence"": 0.06}, {""min"": 178, ""max"": 180, ""confidence"": 0.06}, {""min"": 162, ""max"": 164, ""confidence"": 0.05}, {""min"": 180, ""max"": 182, ""confidence"": 0.05}]",,9.jpg,1,195.0,2,10
wgd_spd_9_10,175.0,0.15,"[{""min"": 170, ""max"": 180, ""confidence"": 0.15}, {""min"": 180, ""max"": 190, ""confidence"": 0.14}, {""min"": 160, ""max"": 170, ""confidence"": 0.13}, {""min"": 190, ""max"": 200, ""confidence"": 0.12}, {""min"": 150, ""max"": 160, ""confidence"": 0.11}, {""min"": 140, ""max"": 150, ""confidence"": 0.09}, {""min"": 200, ""max"": 210, ""confidence"": 0.08}, {""min"": 210, ""max"": 220, ""confidence"": 0.07}, {""min"": 130, ""max"": 140, ""confidence"": 0.06}, {""min"": 220, ""max"": 230, ""confidence"": 0.05}]",,9.jpg,5,195.0,10,10
wgd_spd_9_20,190.0,0.25,"[{""min"": 180, ""max"": 200, ""confidence"": 0.25}, {""min"": 160, ""max"": 180, ""confidence"": 0.23}, {""min"": 200, ""max"": 220, ""confidence"": 0.21}, {""min"": 140, ""max"": 160, ""confidence"": 0.18}, {""min"": 220, ""max"": 240, ""confidence"": 0.13}]",,9.jpg,10,195.0,20,5
wgd_spd_9_40,180.0,0.5,"[{""min"": 160, ""max"": 200, ""confidence"": 0.5}, {""min"": 180, ""max"": 220, ""confidence"": 0.3}, {""min"": 140, ""max"": 180, ""confidence"": 0.2}]",,9.jpg,20,195.0,40,3
wgd_spd_10_02,135.0,0.15,"[{""min"": 130, ""max"": 132, ""confidence"": 0.1}, {""min"": 132, ""max"": 134, ""confidence"": 0.12}, {""min"": 134, ""max"": 136, ""confidence"": 0.15}, {""min"": 136, ""max"": 138, ""confidence"": 0.13}, {""min"": 138, ""max"": 140, ""confidence"": 0.12}, {""min"": 140, ""max"": 142, ""confidence"": 0.1}, {""min"": 142, ""max"": 144, ""confidence"": 0.08}, {""min"": 144, ""max"": 146, ""confidence"": 0.06}, {""min"": 146, ""max"": 148, ""confidence"": 0.05}, {""min"": 148, ""max"": 150, ""confidence"": 0.09}]",,10.jpg,1,130.0,2,10
wgd_spd_10_10,145.0,0.25,"[{""min"": 120, ""max"": 130, ""confidence"": 0.15}, {""min"": 130, ""max"": 140, ""confidence"": 0.2}, {""min"": 140, ""max"": 150, ""confidence"": 0.25}, {""min"": 150, ""max"": 160, ""confidence"": 0.2}, {""min"": 160, ""max"": 170, ""confidence"": 0.1}, {""min"": 110, ""max"": 120, ""confidence"": 0.05}, {""min"": 170, ""max"": 180, ""confidence"": 0.03}, {""min"": 180, ""max"": 190, ""confidence"": 0.01}, {""min"": 100, ""max"": 110, ""confidence"": 0.01}, {""min"": 190, ""max"": 200, ""confidence"": 0.01}]",,10.jpg,5,130.0,10,10
wgd_spd_10_20,140.0,0.3,"[{""min"": 120, ""max"": 140, ""confidence"": 0.25}, {""min"": 130, ""max"": 150, ""confidence"": 0.3}, {""min"": 140, ""max"": 160, ""confidence"": 0.2}, {""min"": 110, ""max"": 130, ""confidence"": 0.15}, {""min"": 150, ""max"": 170, ""confidence"": 0.1}]",,10.jpg,10,130.0,20,5
wgd_spd_10_40,140.0,0.5,"[{""min"": 120, ""max"": 160, ""confidence"": 0.5}, {""min"": 140, ""max"": 180, ""confidence"": 0.3}, {""min"": 100, ""max"": 140, ""confidence"": 0.2}]",,10.jpg,20,130.0,40,3
wgd_spd_11_02,161.0,0.13,"[{""min"": 160, ""max"": 162, ""confidence"": 0.13}, {""min"": 162, ""max"": 164, ""confidence"": 0.12}, {""min"": 158, ""max"": 160, ""confidence"": 0.11}, {""min"": 164, ""max"": 166, ""confidence"": 0.1}, {""min"": 156, ""max"": 158, ""confidence"": 0.09}, {""min"": 166, ""max"": 168, ""confidence"": 0.08}, {""min"": 154, ""max"": 156, ""confidence"": 0.07}, {""min"": 168, ""max"": 170, ""confidence"": 0.06}, {""min"": 152, ""max"": 154, ""confidence"": 0.05}, {""min"": 170, ""max"": 172, ""confidence"": 0.04}]",,11.jpg,1,215.0,2,10
wgd_spd_11_10,185.0,0.25,"[{""min"": 160, ""max"": 170, ""confidence"": 0.15}, {""min"": 170, ""max"": 180, ""confidence"": 0.2}, {""min"": 180, ""max"": 190, ""confidence"": 0.25}, {""min"": 150, ""max"": 160, ""confidence"": 0.1}, {""min"": 190, ""max"": 200, ""confidence"": 0.1}, {""min"": 140, ""max"": 150, ""confidence"": 0.05}, {""min"": 200, ""max"": 210, ""confidence"": 0.05}, {""min"": 210, ""max"": 220, ""confidence"": 0.03}, {""min"": 130, ""max"": 140, ""confidence"": 0.02}, {""min"": 220, ""max"": 230, ""confidence"": 0.05}]",,11.jpg,5,215.0,10,10
wgd_spd_11_20,170.0,0.3,"[{""min"": 160, ""max"": 180, ""confidence"": 0.3}, {""min"": 140, ""max"": 160, ""confidence"": 0.25}, {""min"": 180, ""max"": 200, ""confidence"": 0.2}, {""min"": 120, ""max"": 140, ""confidence"": 0.15}, {""min"": 200, ""max"": 220, ""confidence"": 0.1}]",,11.jpg,10,215.0,20,5
wgd_spd_11_40,180.0,0.5,"[{""min"": 160, ""max"": 200, ""confidence"": 0.5}, {""min"": 140, ""max"": 180, ""confidence"": 0.3}, {""min"": 180, ""max"": 220, ""confidence"": 0.2}]",,11.jpg,20,215.0,40,3
wgd_spd_12_02,171.0,0.13,"[{""min"": 170, ""max"": 172, ""confidence"": 0.13}, {""min"": 172, ""max"": 174, ""confidence"": 0.13}, {""min"": 168, ""max"": 170, ""confidence"": 0.12}, {""min"": 174, ""max"": 176, ""confidence"": 0.12}, {""min"": 166, ""max"": 168, ""confidence"": 0.11}, {""min"": 176, ""max"": 178, ""confidence"": 0.1}, {""min"": 164, ""max"": 166, ""confidence"": 0.09}, {""min"": 178, ""max"": 180, ""confidence"": 0.08}, {""min"": 162, ""max"": 164, ""confidence"": 0.06}, {""min"": 180, ""max"": 182, ""confidence"": 0.06}]",,12.jpg,1,185.0,2,10
wgd_spd_12_10,185.0,0.25,"[{""min"": 160, ""max"": 170, ""confidence"": 0.15}, {""min"": 170, ""max"": 180, ""confidence"": 0.2}, {""min"": 180, ""max"": 190, ""confidence"": 0.25}, {""min"": 190, ""max"": 200, ""confidence"": 0.2}, {""min"": 150, ""max"": 160, ""confidence"": 0.05}, {""min"": 140, ""max"": 150, ""confidence"": 0.03}, {""min"": 200, ""max"": 210, ""confidence"": 0.05}, {""min"": 210, ""max"": 220, ""confidence"": 0.03}, {""min"": 130, ""max"": 140, ""confidence"": 0.02}, {""min"": 220, ""max"": 230, ""confidence"": 0.02}]",,12.jpg,5,185.0,10,10
wgd_spd_12_20,180.0,0.23,"[{""min"": 170, ""max"": 190, ""confidence"": 0.23}, {""min"": 180, ""max"": 200, ""confidence"": 0.21}, {""min"": 160, ""max"": 180, ""confidence"": 0.2}, {""min"": 190, ""max"": 210, ""confidence"": 0.18}, {""min"": 150, ""max"": 170, ""confidence"": 0.18}]",,12.jpg,10,185.0,20,5
wgd_spd_12_40,180.0,0.5,"[{""min"": 160, ""max"": 200, ""confidence"": 0.5}, {""min"": 180, ""max"": 220, ""confidence"": 0.3}, {""min"": 140, ""max"": 180, ""confidence"": 0.2}]",,12.jpg,20,185.0,40,3
wgd_spd_13_02,161.0,0.14,"[{""min"": 160, ""max"": 162, ""confidence"": 0.14}, {""min"": 158, ""max"": 160, ""confidence"": 0.13}, {""min"": 162, ""max"": 164, ""confidence"": 0.12}, {""min"": 154, ""max"": 156, ""confidence"": 0.11}, {""min"": 156, ""max"": 158, ""confidence"": 0.1}, {""min"": 164, ""max"": 166, ""confidence"": 0.09}, {""min"": 152, ""max"": 154, ""confidence"": 0.08}, {""min"": 166, ""max"": 168, ""confidence"": 0.07}, {""min"": 168, ""max"": 170, ""confidence"": 0.06}, {""min"": 150, ""max"": 152, ""confidence"": 0.05}]",,13.jpg,1,195.0,2,10
wgd_spd_13_10,165.0,0.15,"[{""min"": 160, ""max"": 170, ""confidence"": 0.15}, {""min"": 150, ""max"": 160, ""confidence"": 0.14}, {""min"": 170, ""max"": 180, ""confidence"": 0.13}, {""min"": 180, ""max"": 190, ""confidence"": 0.12}, {""min"": 140, ""max"": 150, ""confidence"": 0.11}, {""min"": 190, ""max"": 200, ""confidence"": 0.1}, {""min"": 130, ""max"": 140, ""confidence"": 0.08}, {""min"": 200, ""max"": 210, ""confidence"": 0.06}, {""min"": 210, ""max"": 220, ""confidence"": 0.05}, {""min"": 120, ""max"": 130, ""confidence"": 0.04}]",,13.jpg,5,195.0,10,10
wgd_spd_13_20,190.0,0.3,"[{""min"": 160, ""max"": 180, ""confidence"": 0.25}, {""min"": 180, ""max"": 200, ""confidence"": 0.3}, {""min"": 140, ""max"": 160, ""confidence"": 0.2}, {""min"": 200, ""max"": 220, ""confidence"": 0.15}, {""min"": 120, ""max"": 140, ""confidence"": 0.1}]",,13.jpg,10,195.0,20,5
wgd_spd_13_40,180.0,0.6,"[{""min"": 160, ""max"": 200, ""confidence"": 0.6}, {""min"": 140, ""max"": 180, ""confidence"": 0.3}, {""min"": 180, ""max"": 220, ""confidence"": 0.1}]",,13.jpg,20,195.0,40,3
wgd_spd_14_02,141.0,0.12,"[{""min"": 140, ""max"": 142, ""confidence"": 0.12}, {""min"": 142, ""max"": 144, ""confidence"": 0.11}, {""min"": 144, ""max"": 146, ""confidence"": 0.1}, {""min"": 146, ""max"": 148, ""confidence"": 0.09}, {""min"": 148, ""max"": 150, ""confidence"": 0.08}, {""min"": 150, ""max"": 152, ""confidence"": 0.08}, {""min"": 152, ""max"": 154, ""confidence"": 0.07}, {""min"": 154, ""max"": 156, ""confidence"": 0.07}, {""min"": 156, ""max"": 158, ""confidence"": 0.06}, {""min"": 158, ""max"": 160, ""confidence"": 0.06}]",,14.jpg,1,165.0,2,10
wgd_spd_14_10,165.0,0.25,"[{""min"": 140, ""max"": 150, ""confidence"": 0.15}, {""min"": 150, ""max"": 160, ""confidence"": 0.2}, {""min"": 160, ""max"": 170, ""confidence"": 0.25}, {""min"": 170, ""max"": 180, ""confidence"": 0.2}, {""min"": 130, ""max"": 140, ""confidence"": 0.05}, {""min"": 180, ""max"": 190, ""confidence"": 0.05}, {""min"": 120, ""max"": 130, ""confidence"": 0.02}, {""min"": 190, ""max"": 200, ""confidence"": 0.02}, {""min"": 110, ""max"": 120, ""confidence"": 0.01}, {""min"": 200, ""max"": 210, ""confidence"": 0.05}]",,14.jpg,5,165.0,10,10
wgd_spd_14_20,160.0,0.3,"[{""min"": 140, ""max"": 160, ""confidence"": 0.25}, {""min"": 150, ""max"": 170, ""confidence"": 0.3}, {""min"": 160, ""max"": 180, ""confidence"": 0.2}, {""min"": 170, ""max"": 190, ""confidence"": 0.15}, {""min"": 180, ""max"": 200, ""confidence"": 0.1}]",,14.jpg,10,165.0,20,5
wgd_spd_14_40,160.0,0.5,"[{""min"": 140, ""max"": 180, ""confidence"": 0.5}, {""min"": 160, ""max"": 200, ""confidence"": 0.3}, {""min"": 120, ""max"": 160, ""confidence"": 0.2}]",,14.jpg,20,165.0,40,3
wgd_spd_15_02,121.0,0.15,"[{""min"": 120, ""max"": 122, ""confidence"": 0.15}, {""min"": 118, ""max"": 120, ""confidence"": 0.13}, {""min"": 122, ""max"": 124, ""confidence"": 0.12}, {""min"": 116, ""max"": 118, ""confidence"": 0.11}, {""min"": 124, ""max"": 126, ""confidence"": 0.1}, {""min"": 114, ""max"": 116, ""confidence"": 0.09}, {""min"": 126, ""max"": 128, ""confidence"": 0.08}, {""min"": 112, ""max"": 114, ""confidence"": 0.07}, {""min"": 128, ""max"": 130, ""confidence"": 0.06}, {""min"": 110, ""max"": 112, ""confidence"": 0.05}]",,15.jpg,1,120.0,2,10
wgd_spd_15_10,135.0,0.25,"[{""min"": 110, ""max"": 120, ""confidence"": 0.15}, {""min"": 120, ""max"": 130, ""confidence"": 0.2}, {""min"": 130, ""max"": 140, ""confidence"": 0.25}, {""min"": 140, ""max"": 150, ""confidence"": 0.2}, {""min"": 150, ""max"": 160, ""confidence"": 0.1}, {""min"": 100, ""max"": 110, ""confidence"": 0.05}, {""min"": 90, ""max"": 100, ""confidence"": 0.02}, {""min"": 160, ""max"": 170, ""confidence"": 0.02}, {""min"": 170, ""max"": 180, ""confidence"": 0.01}, {""min"": 80, ""max"": 90, ""confidence"": 0.01}]",,15.jpg,5,120.0,10,10
wgd_spd_15_20,140.0,0.3,"[{""min"": 120, ""max"": 140, ""confidence"": 0.25}, {""min"": 130, ""max"": 150, ""confidence"": 0.3}, {""min"": 140, ""max"": 160, ""confidence"": 0.2}, {""min"": 110, ""max"": 130, ""confidence"": 0.15}, {""min"": 150, ""max"": 170, ""confidence"": 0.1}]",,15.jpg,10,120.0,20,5
wgd_spd_15_40,140.0,0.5,"[{""min"": 120, ""max"": 160, ""confidence"": 0.5}, {""min"": 100, ""max"": 140, ""confidence"": 0.3}, {""min"": 140, ""max"": 180, ""confidence"": 0.2}]",,15.jpg,20,120.0,40,3
wgd_spd_16_02,101.0,0.1,"[{""min"": 100, ""max"": 102, ""confidence"": 0.1}, {""min"": 102, ""max"": 104, ""confidence"": 0.1}, {""min"": 104, ""max"": 106, ""confidence"": 0.1}, {""min"": 106, ""max"": 108, ""confidence"": 0.1}, {""min"": 108, ""max"": 110, ""confidence"": 0.1}, {""min"": 110, ""max"": 112, ""confidence"": 0.1}, {""min"": 112, ""max"": 114, ""confidence"": 0.1}, {""min"": 114, ""max"": 116, ""confidence"": 0.1}, {""min"": 116, ""max"": 118, ""confidence"": 0.1}, {""min"": 118, ""max"": 120, ""confidence"": 0.1}]",,16.jpg,1,109.0,2,10
wgd_spd_16_10,125.0,0.15,"[{""min"": 110, ""max"": 120, ""confidence"": 0.1}, {""min"": 120, ""max"": 130, ""confidence"": 0.15}, {""min"": 100, ""max"": 110, ""confidence"": 0.08}, {""min"": 130, ""max"": 140, ""confidence"": 0.12}, {""min"": 90, ""max"": 100, ""confidence"": 0.05}, {""min"": 140, ""max"": 150, ""confidence"": 0.1}, {""min"": 80, ""max"": 90, ""confidence"": 0.03}, {""min"": 150, ""max"": 160, ""confidence"": 0.08}, {""min"": 70, ""max"": 80, ""confidence"": 0.02}, {""min"": 160, ""max"": 170, ""confidence"": 0.05}]",,16.jpg,5,109.0,10,10
wgd_spd_16_20,130.0,0.3,"[{""min"": 110, ""max"": 130, ""confidence"": 0.25}, {""min"": 120, ""max"": 140, ""confidence"": 0.3}, {""min"": 130, ""max"": 150, ""confidence"": 0.2}, {""min"": 100, ""max"": 120, ""confidence"": 0.15}, {""min"": 90, ""max"": 110, ""confidence"": 0.1}]",,16.jpg,10,109.0,20,5
wgd_spd_16_40,120.0,0.6,"[{""min"": 100, ""max"": 140, ""confidence"": 0.6}, {""min"": 120, ""max"": 160, ""confidence"": 0.3}, {""min"": 80, ""max"": 120, ""confidence"": 0.1}]",,16.jpg,20,109.0,40,3
wgd_spd_17_02,131.0,0.12,"[{""min"": 130, ""max"": 132, ""confidence"": 0.12}, {""min"": 132, ""max"": 134, ""confidence"": 0.11}, {""min"": 128, ""max"": 130, ""confidence"": 0.1}, {""min"": 134, ""max"": 136, ""confidence"": 0.09}, {""min"": 126, ""max"": 128, ""confidence"": 0.08}, {""min"": 136, ""max"": 138, ""confidence"": 0.08}, {""min"": 124, ""max"": 126, ""confidence"": 0.07}, {""min"": 138, ""max"": 140, ""confidence"": 0.07}, {""min"": 122, ""max"": 124, ""confidence"": 0.06}, {""min"": 140, ""max"": 142, ""confidence"": 0.06}]",,17.jpg,1,150.0,2,10
wgd_spd_17_10,145.0,0.2,"[{""min"": 140, ""max"": 150, ""confidence"": 0.2}, {""min"": 150, ""max"": 160, ""confidence"": 0.18}, {""min"": 130, ""max"": 140, ""confidence"": 0.15}, {""min"": 160, ""max"": 170, ""confidence"": 0.12}, {""min"": 170, ""max"": 180, ""confidence"": 0.1}, {""min"": 120, ""max"": 130, ""confidence"": 0.08}, {""min"": 180, ""max"": 190, ""confidence"": 0.06}, {""min"": 110, ""max"": 120, ""confidence"": 0.05}, {""min"": 190, ""max"": 200, ""confidence"": 0.04}, {""min"": 200, ""max"": 210, ""confidence"": 0.02}]",,17.jpg,5,150.0,10,10
wgd_spd_17_20,160.0,0.3,"[{""min"": 140, ""max"": 160, ""confidence"": 0.25}, {""min"": 150, ""max"": 170, ""confidence"": 0.3}, {""min"": 160, ""max"": 180, ""confidence"": 0.2}, {""min"": 130, ""max"": 150, ""confidence"": 0.15}, {""min"": 170, ""max"": 190, ""confidence"": 0.1}]",,17.jpg,10,150.0,20,5
wgd_spd_17_40,160.0,0.45,"[{""min"": 140, ""max"": 180, ""confidence"": 0.45}, {""min"": 150, ""max"": 190, ""confidence"": 0.3}, {""min"": 160, ""max"": 200, ""confidence"": 0.25}]",,17.jpg,20,150.0,40,3
wgd_spd_18_02,141.0,0.15,"[{""min"": 140, ""max"": 142, ""confidence"": 0.15}, {""min"": 142, ""max"": 144, ""confidence"": 0.13}, {""min"": 138, ""max"": 140, ""confidence"": 0.12}, {""min"": 144, ""max"": 146, ""confidence"": 0.1}, {""min"": 136, ""max"": 138, ""confidence"": 0.09}, {""min"": 146, ""max"": 148, ""confidence"": 0.08}, {""min"": 134, ""max"": 136, ""confidence"": 0.07}, {""min"": 148, ""max"": 150, ""confidence"": 0.06}, {""min"": 132, ""max"": 134, ""confidence"": 0.05}, {""min"": 150, ""max"": 152, ""confidence"": 0.05}]",,18.jpg,1,134.0,2,10
wgd_spd_18_10,165.0,0.25,"[{""min"": 140, ""max"": 150, ""confidence"": 0.15}, {""min"": 150, ""max"": 160, ""confidence"": 0.2}, {""min"": 160, ""max"": 170, ""confidence"": 0.25}, {""min"": 170, ""max"": 180, ""confidence"": 0.2}, {""min"": 180, ""max"": 190, ""confidence"": 0.1}, {""min"": 130, ""max"": 140, ""confidence"": 0.05}, {""min"": 190, ""max"": 200, ""confidence"": 0.03}, {""min"": 120, ""max"": 130, ""confidence"": 0.02}, {""min"": 110, ""max"": 120, ""confidence"": 0.01}, {""min"": 200, ""max"": 210, ""confidence"": 0.01}]",,18.jpg,5,134.0,10,10
wgd_spd_18_20,160.0,0.3,"[{""min"": 140, ""max"": 160, ""confidence"": 0.25}, {""min"": 150, ""max"": 170, ""confidence"": 0.3}, {""min"": 160, ""max"": 180, ""confidence"": 0.2}, {""min"": 170, ""max"": 190, ""confidence"": 0.15}, {""min"": 180, ""max"": 200, ""confidence"": 0.1}]",,18.jpg,10,134.0,20,5
wgd_spd_18_40,160.0,0.5,"[{""min"": 140, ""max"": 180, ""confidence"": 0.5}, {""min"": 160, ""max"": 200, ""confidence"": 0.3}, {""min"": 120, ""max"": 160, ""confidence"": 0.2}]",,18.jpg,20,134.0,40,3
wgd_spd_19_02,141.0,0.15,"[{""min"": 140, ""max"": 142, ""confidence"": 0.15}, {""min"": 142, ""max"": 144, ""confidence"": 0.13}, {""min"": 144, ""max"": 146, ""confidence"": 0.12}, {""min"": 146, ""max"": 148, ""confidence"": 0.11}, {""min"": 148, ""max"": 150, ""confidence"": 0.1}, {""min"": 150, ""max"": 152, ""confidence"": 0.09}, {""min"": 152, ""max"": 154, ""confidence"": 0.08}, {""min"": 138, ""max"": 140, ""confidence"": 0.07}, {""min"": 154, ""max"": 156, ""confidence"": 0.06}, {""min"": 136, ""max"": 138, ""confidence"": 0.05}]",,19.jpg,1,132.0,2,10
wgd_spd_19_10,165.0,0.25,"[{""min"": 140, ""max"": 150, ""confidence"": 0.15}, {""min"": 150, ""max"": 160, ""confidence"": 0.2}, {""min"": 160, ""max"": 170, ""confidence"": 0.25}, {""min"": 170, ""max"": 180, ""confidence"": 0.2}, {""min"": 180, ""max"": 190, ""confidence"": 0.1}, {""min"": 130, ""max"": 140, ""confidence"": 0.05}, {""min"": 190, ""max"": 200, ""confidence"": 0.03}, {""min"": 120, ""max"": 130, ""confidence"": 0.02}, {""min"": 200, ""max"": 210, ""confidence"": 0.01}, {""min"": 210, ""max"": 220, ""confidence"": 0.01}]",,19.jpg,5,132.0,10,10
wgd_spd_19_20,150.0,0.25,"[{""min"": 140, ""max"": 160, ""confidence"": 0.25}, {""min"": 150, ""max"": 170, ""confidence"": 0.2}, {""min"": 160, ""max"": 180, ""confidence"": 0.2}, {""min"": 130, ""max"": 150, ""confidence"": 0.15}, {""min"": 170, ""max"": 190, ""confidence"": 0.1}]",,19.jpg,10,132.0,20,5
wgd_spd_19_40,160.0,0.6,"[{""min"": 140, ""max"": 180, ""confidence"": 0.6}, {""min"": 160, ""max"": 200, ""confidence"": 0.3}, {""min"": 120, ""max"": 160, ""confidence"": 0.1}]",,19.jpg,20,132.0,40,3
wgd_spd_20_02,119.0,0.15,"[{""min"": 118, ""max"": 120, ""confidence"": 0.15}, {""min"": 120, ""max"": 122, ""confidence"": 0.14}, {""min"": 122, ""max"": 124, ""confidence"": 0.13}, {""min"": 124, ""max"": 126, ""confidence"": 0.12}, {""min"": 126, ""max"": 128, ""confidence"": 0.11}, {""min"": 128, ""max"": 130, ""confidence"": 0.1}, {""min"": 130, ""max"": 132, ""confidence"": 0.09}, {""min"": 132, ""max"": 134, ""confidence"": 0.08}, {""min"": 116, ""max"": 118, ""confidence"": 0.05}, {""min"": 134, ""max"": 136, ""confidence"": 0.03}]",,20.jpg,1,118.0,2,10
wgd_spd_20_10,135.0,0.25,"[{""min"": 110, ""max"": 120, ""confidence"": 0.15}, {""min"": 120, ""max"": 130, ""confidence"": 0.2}, {""min"": 130, ""max"": 140, ""confidence"": 0.25}, {""min"": 100, ""max"": 110, ""confidence"": 0.1}, {""min"": 140, ""max"": 150, ""confidence"": 0.15}, {""min"": 90, ""max"": 100, ""confidence"": 0.05}, {""min"": 150, ""max"": 160, ""confidence"": 0.05}, {""min"": 80, ""max"": 90, ""confidence"": 0.02}, {""min"": 160, ""max"": 170, ""confidence"": 0.03}, {""min"": 170, ""max"": 180, ""confidence"": 0.02}]",,20.jpg,5,118.0,10,10
wgd_spd_20_20,120.0,0.3,"[{""min"": 100, ""max"": 120, ""confidence"": 0.25}, {""min"": 110, ""max"": 130, ""confidence"": 0.3}, {""min"": 120, ""max"": 140, ""confidence"": 0.2}, {""min"": 130, ""max"": 150, ""confidence"": 0.15}, {""min"": 140, ""max"": 160, ""confidence"": 0.1}]",,20.jpg,10,118.0,20,5
wgd_spd_20_40,120.0,0.45,"[{""min"": 100, ""max"": 140, ""confidence"": 0.45}, {""min"": 120, ""max"": 160, ""confidence"": 0.4}, {""min"": 140, ""max"": 180, ""confidence"": 0.15}]",,20.jpg,20,118.0,40,3
wgd_spd_21_02,121.0,0.15,"[{""min"": 120, ""max"": 122, ""confidence"": 0.15}, {""min"": 118, ""max"": 120, ""confidence"": 0.14}, {""min"": 122, ""max"": 124, ""confidence"": 0.13}, {""min"": 116, ""max"": 118, ""confidence"": 0.12}, {""min"": 124, ""max"": 126, ""confidence"": 0.11}, {""min"": 114, ""max"": 116, ""confidence"": 0.1}, {""min"": 126, ""max"": 128, ""confidence"": 0.08}, {""min"": 112, ""max"": 114, ""confidence"": 0.06}, {""min"": 128, ""max"": 130, ""confidence"": 0.06}, {""min"": 110, ""max"": 112, ""confidence"": 0.05}]",,21.jpg,1,130.0,2,10
wgd_spd_21_10,125.0,0.25,"[{""min"": 110, ""max"": 120, ""confidence"": 0.2}, {""min"": 120, ""max"": 130, ""confidence"": 0.25}, {""min"": 130, ""max"": 140, ""confidence"": 0.2}, {""min"": 100, ""max"": 110, ""confidence"": 0.1}, {""min"": 140, ""max"": 150, ""confidence"": 0.1}, {""min"": 90, ""max"": 100, ""confidence"": 0.05}, {""min"": 150, ""max"": 160, ""confidence"": 0.05}, {""min"": 80, ""max"": 90, ""confidence"": 0.025}, {""min"": 160, ""max"": 170, ""confidence"": 0.025}, {""min"": 170, ""max"": 180, ""confidence"": 0.0}]",,21.jpg,5,130.0,10,10
wgd_spd_21_20,120.0,0.3,"[{""min"": 100, ""max"": 120, ""confidence"": 0.25}, {""min"": 110, ""max"": 130, ""confidence"": 0.3}, {""min"": 120, ""max"": 140, ""confidence"": 0.2}, {""min"": 130, ""max"": 150, ""confidence"": 0.15}, {""min"": 140, ""max"": 160, ""confidence"": 0.1}]",,21.jpg,10,130.0,20,5
wgd_spd_21_40,140.0,0.5,"[{""min"": 120, ""max"": 160, ""confidence"": 0.5}, {""min"": 100, ""max"": 140, ""confidence"": 0.3}, {""min"": 140, ""max"": 180, ""confidence"": 0.2}]",,21.jpg,20,130.0,40,3
wgd_spd_22_02,151.0,0.12,"[{""min"": 150, ""max"": 152, ""confidence"": 0.12}, {""min"": 152, ""max"": 154, ""confidence"": 0.11}, {""min"": 148, ""max"": 150, ""confidence"": 0.1}, {""min"": 154, ""max"": 156, ""confidence"": 0.09}, {""min"": 156, ""max"": 158, ""confidence"": 0.08}, {""min"": 146, ""max"": 148, ""confidence"": 0.08}, {""min"": 158, ""max"": 160, ""confidence"": 0.07}, {""min"": 144, ""max"": 146, ""confidence"": 0.07}, {""min"": 142, ""max"": 144, ""confidence"": 0.06}, {""min"": 160, ""max"": 162, ""confidence"": 0.05}]",,22.jpg,1,185.0,2,10
wgd_spd_22_10,155.0,0.25,"[{""min"": 130, ""max"": 140, ""confidence"": 0.15}, {""min"": 140, ""max"": 150, ""confidence"": 0.2}, {""min"": 150, ""max"": 160, ""confidence"": 0.25}, {""min"": 160, ""max"": 170, ""confidence"": 0.2}, {""min"": 170, ""max"": 180, ""confidence"": 0.1}, {""min"": 120, ""max"": 130, ""confidence"": 0.05}, {""min"": 180, ""max"": 190, ""confidence"": 0.03}, {""min"": 110, ""max"": 120, ""confidence"": 0.02}, {""min"": 190, ""max"": 200, ""confidence"": 0.01}, {""min"": 200, ""max"": 210, ""confidence"": 0.01}]",,22.jpg,5,185.0,10,10
wgd_spd_22_20,150.0,0.25,"[{""min"": 140, ""max"": 160, ""confidence"": 0.25}, {""min"": 160, ""max"": 180, ""confidence"": 0.2}, {""min"": 120, ""max"": 140, ""confidence"": 0.2}, {""min"": 180, ""max"": 200, ""confidence"": 0.15}, {""min"": 100, ""max"": 120, ""confidence"": 0.1}]",,22.jpg,10,185.0,20,5
wgd_spd_22_40,160.0,0.5,"[{""min"": 140, ""max"": 180, ""confidence"": 0.5}, {""min"": 160, ""max"": 200, ""confidence"": 0.3}, {""min"": 120, ""max"": 160, ""confidence"": 0.2}]",,22.jpg,20,185.0,40,3
wgd_spd_23_02,101.0,0.12,"[{""min"": 100, ""max"": 102, ""confidence"": 0.12}, {""min"": 102, ""max"": 104, ""confidence"": 0.11}, {""min"": 98, ""max"": 100, ""confidence"": 0.1}, {""min"": 104, ""max"": 106, ""confidence"": 0.09}, {""min"": 96, ""max"": 98, ""confidence"": 0.08}, {""min"": 106, ""max"": 108, ""confidence"": 0.08}, {""min"": 94, ""max"": 96, ""confidence"": 0.07}, {""min"": 108, ""max"": 110, ""confidence"": 0.07}, {""min"": 92, ""max"": 94, ""confidence"": 0.06}, {""min"": 110, ""max"": 112, ""confidence"": 0.05}]",,23.jpg,1,115.0,2,10
wgd_spd_23_10,115.0,0.25,"[{""min"": 90, ""max"": 100, ""confidence"": 0.15}, {""min"": 100, ""max"": 110, ""confidence"": 0.2}, {""min"": 110, ""max"": 120, ""confidence"": 0.25}, {""min"": 120, ""max"": 130, ""confidence"": 0.2}, {""min"": 130, ""max"": 140, ""confidence"": 0.1}, {""min"": 80, ""max"": 90, ""confidence"": 0.05}, {""min"": 140, ""max"": 150, ""confidence"": 0.03}, {""min"": 70, ""max"": 80, ""confidence"": 0.02}, {""min"": 150, ""max"": 160, ""confidence"": 0.01}, {""min"": 60, ""max"": 70, ""confidence"": 0.01}]",,23.jpg,5,115.0,10,10
wgd_spd_23_20,120.0,0.3,"[{""min"": 100, ""max"": 120, ""confidence"": 0.25}, {""min"": 110, ""max"": 130, ""confidence"": 0.3}, {""min"": 120, ""max"": 140, ""confidence"": 0.2}, {""min"": 90, ""max"": 110, ""confidence"": 0.15}, {""min"": 130, ""max"": 150, ""confidence"": 0.1}]",,23.jpg,10,115.0,20,5
wgd_spd_23_40,120.0,0.5,"[{""min"": 100, ""max"": 140, ""confidence"": 0.5}, {""min"": 120, ""max"": 160, ""confidence"": 0.3}, {""min"": 80, ""max"": 120, ""confidence"": 0.2}]",,23.jpg,20,115.0,40,3
wgd_spd_24_02,141.0,0.12,"[{""min"": 140, ""max"": 142, ""confidence"": 0.12}, {""min"": 142, ""max"": 144, ""confidence"": 0.11}, {""min"": 144, ""max"": 146, ""confidence"": 0.1}, {""min"": 146, ""max"": 148, ""confidence"": 0.09}, {""min"": 148, ""max"": 150, ""confidence"": 0.08}, {""min"": 150, ""max"": 152, ""confidence"": 0.08}, {""min"": 152, ""max"": 154, ""confidence"": 0.07}, {""min"": 154, ""max"": 156, ""confidence"": 0.07}, {""min"": 156, ""max"": 158, ""confidence"": 0.06}, {""min"": 158, ""max"": 160, ""confidence"": 0.06}]",,24.jpg,1,173.0,2,10
wgd_spd_24_10,135.0,0.13,"[{""min"": 130, ""max"": 140, ""confidence"": 0.13}, {""min"": 140, ""max"": 150, ""confidence"": 0.12}, {""min"": 150, ""max"": 160, ""confidence"": 0.11}, {""min"": 160, ""max"": 170, ""confidence"": 0.1}, {""min"": 120, ""max"": 130, ""confidence"": 0.1}, {""min"": 110, ""max"": 120, ""confidence"": 0.09}, {""min"": 170, ""max"": 180, ""confidence"": 0.08}, {""min"": 180, ""max"": 190, ""confidence"": 0.07}, {""min"": 190, ""max"": 200, ""confidence"": 0.06}, {""min"": 100, ""max"": 110, ""confidence"": 0.05}]",,24.jpg,5,173.0,10,10
wgd_spd_24_20,170.0,0.3,"[{""min"": 140, ""max"": 160, ""confidence"": 0.25}, {""min"": 160, ""max"": 180, ""confidence"": 0.3}, {""min"": 120, ""max"": 140, ""confidence"": 0.2}, {""min"": 180, ""max"": 200, ""confidence"": 0.15}, {""min"": 100, ""max"": 120, ""confidence"": 0.1}]",,24.jpg,10,173.0,20,5
wgd_spd_24_40,160.0,0.45,"[{""min"": 140, ""max"": 180, ""confidence"": 0.45}, {""min"": 160, ""max"": 200, ""confidence"": 0.3}, {""min"": 120, ""max"": 160, ""confidence"": 0.25}]",,24.jpg,20,173.0,40,3
wgd_spd_25_02,121.0,0.12,"[{""min"": 120, ""max"": 122, ""confidence"": 0.12}, {""min"": 118, ""max"": 120, ""confidence"": 0.11}, {""min"": 122, ""max"": 124, ""confidence"": 0.1}, {""min"": 116, ""max"": 118, ""confidence"": 0.09}, {""min"": 124, ""max"": 126, ""confidence"": 0.08}, {""min"": 114, ""max"": 116, ""confidence"": 0.08}, {""min"": 126, ""max"": 128, ""confidence"": 0.07}, {""min"": 112, ""max"": 114, ""confidence"": 0.07}, {""min"": 128, ""max"": 130, ""confidence"": 0.06}, {""min"": 110, ""max"": 112, ""confidence"": 0.05}]",,25.jpg,1,125.0,2,10
wgd_spd_25_10,135.0,0.25,"[{""min"": 110, ""max"": 120, ""confidence"": 0.15}, {""min"": 120, ""max"": 130, ""confidence"": 0.2}, {""min"": 130, ""max"": 140, ""confidence"": 0.25}, {""min"": 140, ""max"": 150, ""confidence"": 0.2}, {""min"": 150, ""max"": 160, ""confidence"": 0.1}, {""min"": 100, ""max"": 110, ""confidence"": 0.05}, {""min"": 90, ""max"": 100, ""confidence"": 0.02}, {""min"": 160, ""max"": 170, ""confidence"": 0.02}, {""min"": 80, ""max"": 90, ""confidence"": 0.01}, {""min"": 170, ""max"": 180, ""confidence"": 0.01}]",,25.jpg,5,125.0,10,10
wgd_spd_25_20,140.0,0.3,"[{""min"": 120, ""max"": 140, ""confidence"": 0.25}, {""min"": 130, ""max"": 150, ""confidence"": 0.3}, {""min"": 140, ""max"": 160, ""confidence"": 0.2}, {""min"": 110, ""max"": 130, ""confidence"": 0.15}, {""min"": 150, ""max"": 170, ""confidence"": 0.1}]",,25.jpg,10,125.0,20,5
wgd_spd_25_40,140.0,0.5,"[{""min"": 120, ""max"": 160, ""confidence"": 0.5}, {""min"": 140, ""max"": 180, ""confidence"": 0.3}, {""min"": 100, ""max"": 140, ""confidence"": 0.2}]",,25.jpg,20,125.0,40,3
wgd_spd_26_02,147.0,0.14,"[{""min"": 140, ""max"": 142, ""confidence"": 0.1}, {""min"": 142, ""max"": 144, ""confidence"": 0.12}, {""min"": 144, ""max"": 146, ""confidence"": 0.13}, {""min"": 146, ""max"": 148, ""confidence"": 0.14}, {""min"": 148, ""max"": 150, ""confidence"": 0.12}, {""min"": 150, ""max"": 152, ""confidence"": 0.1}, {""min"": 152, ""max"": 154, ""confidence"": 0.08}, {""min"": 154, ""max"": 156, ""confidence"": 0.06}, {""min"": 156, ""max"": 158, ""confidence"": 0.05}, {""min"": 158, ""max"": 160, ""confidence"": 0.1}]",,26.jpg,1,163.0,2,10
wgd_spd_26_10,145.0,0.25,"[{""min"": 120, ""max"": 130, ""confidence"": 0.15}, {""min"": 130, ""max"": 140, ""confidence"": 0.2}, {""min"": 140, ""max"": 150, ""confidence"": 0.25}, {""min"": 150, ""max"": 160, ""confidence"": 0.2}, {""min"": 160, ""max"": 170, ""confidence"": 0.1}, {""min"": 110, ""max"": 120, ""confidence"": 0.05}, {""min"": 100, ""max"": 110, ""confidence"": 0.02}, {""min"": 170, ""max"": 180, ""confidence"": 0.02}, {""min"": 180, ""max"": 190, ""confidence"": 0.01}, {""min"": 90, ""max"": 100, ""confidence"": 0.01}]",,26.jpg,5,163.0,10,10
wgd_spd_26_20,150.0,0.3,"[{""min"": 120, ""max"": 140, ""confidence"": 0.25}, {""min"": 140, ""max"": 160, ""confidence"": 0.3}, {""min"": 160, ""max"": 180, ""confidence"": 0.25}, {""min"": 100, ""max"": 120, ""confidence"": 0.1}, {""min"": 180, ""max"": 200, ""confidence"": 0.1}]",,26.jpg,10,163.0,20,5
wgd_spd_26_40,140.0,0.5,"[{""min"": 120, ""max"": 160, ""confidence"": 0.5}, {""min"": 140, ""max"": 180, ""confidence"": 0.3}, {""min"": 160, ""max"": 200, ""confidence"": 0.2}]",,26.jpg,20,163.0,40,3
wgd_spd_27_02,141.0,0.12,"[{""min"": 140, ""max"": 142, ""confidence"": 0.12}, {""min"": 142, ""max"": 144, ""confidence"": 0.11}, {""min"": 144, ""max"": 146, ""confidence"": 0.1}, {""min"": 146, ""max"": 148, ""confidence"": 0.09}, {""min"": 148, ""max"": 150, ""confidence"": 0.08}, {""min"": 150, ""max"": 152, ""confidence"": 0.08}, {""min"": 152, ""max"": 154, ""confidence"": 0.07}, {""min"": 154, ""max"": 156, ""confidence"": 0.07}, {""min"": 156, ""max"": 158, ""confidence"": 0.06}, {""min"": 158, ""max"": 160, ""confidence"": 0.06}]",,27.jpg,1,200.0,2,10
wgd_spd_27_10,165.0,0.25,"[{""min"": 140, ""max"": 150, ""confidence"": 0.15}, {""min"": 150, ""max"": 160, ""confidence"": 0.2}, {""min"": 160, ""max"": 170, ""confidence"": 0.25}, {""min"": 170, ""max"": 180, ""confidence"": 0.2}, {""min"": 180, ""max"": 190, ""confidence"": 0.1}, {""min"": 130, ""max"": 140, ""confidence"": 0.05}, {""min"": 120, ""max"": 130, ""confidence"": 0.02}, {""min"": 190, ""max"": 200, ""confidence"": 0.02}, {""min"": 110, ""max"": 120, ""confidence"": 0.01}, {""min"": 200, ""max"": 210, ""confidence"": 0.01}]",,27.jpg,5,200.0,10,10
wgd_spd_27_20,160.0,0.3,"[{""min"": 140, ""max"": 160, ""confidence"": 0.25}, {""min"": 150, ""max"": 170, ""confidence"": 0.3}, {""min"": 160, ""max"": 180, ""confidence"": 0.25}, {""min"": 170, ""max"": 190, ""confidence"": 0.15}, {""min"": 180, ""max"": 200, ""confidence"": 0.05}]",,27.jpg,10,200.0,20,5
wgd_spd_27_40,160.0,0.6,"[{""min"": 140, ""max"": 180, ""confidence"": 0.6}, {""min"": 160, ""max"": 200, ""confidence"": 0.3}, {""min"": 120, ""max"": 160, ""confidence"": 0.1}]",,27.jpg,20,200.0,40,3
wgd_spd_28_02,141.0,0.12,"[{""min"": 140, ""max"": 142, ""confidence"": 0.12}, {""min"": 142, ""max"": 144, ""confidence"": 0.11}, {""min"": 138, ""max"": 140, ""confidence"": 0.1}, {""min"": 144, ""max"": 146, ""confidence"": 0.09}, {""min"": 136, ""max"": 138, ""confidence"": 0.08}, {""min"": 146, ""max"": 148, ""confidence"": 0.07}, {""min"": 134, ""max"": 136, ""confidence"": 0.06}, {""min"": 148, ""max"": 150, ""confidence"": 0.05}, {""min"": 132, ""max"": 134, ""confidence"": 0.04}, {""min"": 150, ""max"": 152, ""confidence"": 0.03}]",,28.jpg,1,190.0,2,10
wgd_spd_28_10,165.0,0.25,"[{""min"": 140, ""max"": 150, ""confidence"": 0.15}, {""min"": 150, ""max"": 160, ""confidence"": 0.2}, {""min"": 160, ""max"": 170, ""confidence"": 0.25}, {""min"": 170, ""max"": 180, ""confidence"": 0.2}, {""min"": 180, ""max"": 190, ""confidence"": 0.1}, {""min"": 190, ""max"": 200, ""confidence"": 0.05}, {""min"": 130, ""max"": 140, ""confidence"": 0.03}, {""min"": 120, ""max"": 130, ""confidence"": 0.02}, {""min"": 110, ""max"": 120, ""confidence"": 0.01}, {""min"": 200, ""max"": 210, ""confidence"": 0.01}]",,28.jpg,5,190.0,10,10
wgd_spd_28_20,160.0,0.3,"[{""min"": 150, ""max"": 170, ""confidence"": 0.3}, {""min"": 160, ""max"": 180, ""confidence"": 0.25}, {""min"": 170, ""max"": 190, ""confidence"": 0.2}, {""min"": 140, ""max"": 160, ""confidence"": 0.15}, {""min"": 180, ""max"": 200, ""confidence"": 0.1}]",,28.jpg,10,190.0,20,5
wgd_spd_28_40,160.0,0.5,"[{""min"": 140, ""max"": 180, ""confidence"": 0.5}, {""min"": 160, ""max"": 200, ""confidence"": 0.3}, {""min"": 120, ""max"": 160, ""confidence"": 0.2}]",,28.jpg,20,190.0,40,3
wgd_spd_29_02,141.0,0.12,"[{""min"": 140, ""max"": 142, ""confidence"": 0.12}, {""min"": 142, ""max"": 144, ""confidence"": 0.11}, {""min"": 144, ""max"": 146, ""confidence"": 0.1}, {""min"": 138, ""max"": 140, ""confidence"": 0.09}, {""min"": 146, ""max"": 148, ""confidence"": 0.09}, {""min"": 136, ""max"": 138, ""confidence"": 0.08}, {""min"": 148, ""max"": 150, ""confidence"": 0.08}, {""min"": 134, ""max"": 136, ""confidence"": 0.07}, {""min"": 150, ""max"": 152, ""confidence"": 0.07}, {""min"": 132, ""max"": 134, ""confidence"": 0.06}]",,29.jpg,1,145.0,2,10
wgd_spd_29_10,155.0,0.15,"[{""min"": 150, ""max"": 160, ""confidence"": 0.15}, {""min"": 160, ""max"": 170, ""confidence"": 0.14}, {""min"": 140, ""max"": 150, ""confidence"": 0.13}, {""min"": 170, ""max"": 180, ""confidence"": 0.12}, {""min"": 130, ""max"": 140, ""confidence"": 0.11}, {""min"": 180, ""max"": 190, ""confidence"": 0.1}, {""min"": 120, ""max"": 130, ""confidence"": 0.08}, {""min"": 190, ""max"": 200, ""confidence"": 0.07}, {""min"": 110, ""max"": 120, ""confidence"": 0.06}, {""min"": 200, ""max"": 210, ""confidence"": 0.04}]",,29.jpg,5,145.0,10,10
wgd_spd_29_20,150.0,0.25,"[{""min"": 140, ""max"": 160, ""confidence"": 0.25}, {""min"": 150, ""max"": 170, ""confidence"": 0.23}, {""min"": 160, ""max"": 180, ""confidence"": 0.20}, {""min"": 130, ""max"": 150, ""confidence"": 0.18}, {""min"": 170, ""max"": 190, ""confidence"": 0.14}]",,29.jpg,10,145.0,20,5
wgd_spd_29_40,160.0,0.45,"[{""min"": 140, ""max"": 180, ""confidence"": 0.45}, {""min"": 160, ""max"": 200, ""confidence"": 0.3}, {""min"": 120, ""max"": 160, ""confidence"": 0.25}]",,29.jpg,20,145.0,40,3
wgd_spd_30_02,131.0,0.1,"[{""min"": 130, ""max"": 132, ""confidence"": 0.1}, {""min"": 132, ""max"": 134, ""confidence"": 0.1}, {""min"": 134, ""max"": 136, ""confidence"": 0.1}, {""min"": 136, ""max"": 138, ""confidence"": 0.1}, {""min"": 138, ""max"": 140, ""confidence"": 0.1}, {""min"": 140, ""max"": 142, ""confidence"": 0.1}, {""min"": 142, ""max"": 144, ""confidence"": 0.1}, {""min"": 144, ""max"": 146, ""confidence"": 0.1}, {""min"": 146, ""max"": 148, ""confidence"": 0.1}, {""min"": 148, ""max"": 150, ""confidence"": 0.1}]",,30.jpg,1,165.0,2,10
wgd_spd_30_10,145.0,0.25,"[{""min"": 120, ""max"": 130, ""confidence"": 0.15}, {""min"": 130, ""max"": 140, ""confidence"": 0.2}, {""min"": 140, ""max"": 150, ""confidence"": 0.25}, {""min"": 150, ""max"": 160, ""confidence"": 0.2}, {""min"": 160, ""max"": 170, ""confidence"": 0.1}, {""min"": 110, ""max"": 120, ""confidence"": 0.05}, {""min"": 170, ""max"": 180, ""confidence"": 0.03}, {""min"": 180, ""max"": 190, ""confidence"": 0.01}, {""min"": 100, ""max"": 110, ""confidence"": 0.01}, {""min"": 190, ""max"": 200, ""confidence"": 0.01}]",,30.jpg,5,165.0,10,10
wgd_spd_30_20,160.0,0.3,"[{""min"": 130, ""max"": 150, ""confidence"": 0.25}, {""min"": 150, ""max"": 170, ""confidence"": 0.3}, {""min"": 140, ""max"": 160, ""confidence"": 0.2}, {""min"": 160, ""max"": 180, ""confidence"": 0.15}, {""min"": 120, ""max"": 140, ""confidence"": 0.1}]",,30.jpg,10,165.0,20,5
wgd_spd_30_40,160.0,0.5,"[{""min"": 140, ""max"": 180, ""confidence"": 0.5}, {""min"": 160, ""max"": 200, ""confidence"": 0.3}, {""min"": 120, ""max"": 160, ""confidence"": 0.2}]",,30.jpg,20,165.0,40,3
wgd_spd_31_02,141.0,0.12,"[{""min"": 140, ""max"": 142, ""confidence"": 0.12}, {""min"": 138, ""max"": 140, ""confidence"": 0.11}, {""min"": 142, ""max"": 144, ""confidence"": 0.1}, {""min"": 136, ""max"": 138, ""confidence"": 0.09}, {""min"": 144, ""max"": 146, ""confidence"": 0.08}, {""min"": 134, ""max"": 136, ""confidence"": 0.08}, {""min"": 146, ""max"": 148, ""confidence"": 0.07}, {""min"": 132, ""max"": 134, ""confidence"": 0.07}, {""min"": 148, ""max"": 150, ""confidence"": 0.06}, {""min"": 130, ""max"": 132, ""confidence"": 0.06}]",,31.jpg,1,135.0,2,10
wgd_spd_31_10,145.0,0.25,"[{""min"": 120, ""max"": 130, ""confidence"": 0.15}, {""min"": 130, ""max"": 140, ""confidence"": 0.2}, {""min"": 140, ""max"": 150, ""confidence"": 0.25}, {""min"": 150, ""max"": 160, ""confidence"": 0.2}, {""min"": 160, ""max"": 170, ""confidence"": 0.1}, {""min"": 110, ""max"": 120, ""confidence"": 0.05}, {""min"": 170, ""max"": 180, ""confidence"": 0.03}, {""min"": 180, ""max"": 190, ""confidence"": 0.02}, {""min"": 100, ""max"": 110, ""confidence"": 0.01}, {""min"": 190, ""max"": 200, ""confidence"": 0.01}]",,31.jpg,5,135.0,10,10
wgd_spd_31_20,150.0,0.25,"[{""min"": 140, ""max"": 160, ""confidence"": 0.25}, {""min"": 160, ""max"": 180, ""confidence"": 0.2}, {""min"": 120, ""max"": 140, ""confidence"": 0.2}, {""min"": 180, ""max"": 200, ""confidence"": 0.15}, {""min"": 100, ""max"": 120, ""confidence"": 0.1}]",,31.jpg,10,135.0,20,5
wgd_spd_31_40,140.0,0.45,"[{""min"": 120, ""max"": 160, ""confidence"": 0.45}, {""min"": 160, ""max"": 200, ""confidence"": 0.35}, {""min"": 100, ""max"": 140, ""confidence"": 0.2}]",,31.jpg,20,135.0,40,3
wgd_spd_32_02,131.0,0.15,"[{""min"": 130, ""max"": 132, ""confidence"": 0.15}, {""min"": 132, ""max"": 134, ""confidence"": 0.12}, {""min"": 128, ""max"": 130, ""confidence"": 0.11}, {""min"": 134, ""max"": 136, ""confidence"": 0.1}, {""min"": 126, ""max"": 128, ""confidence"": 0.09}, {""min"": 136, ""max"": 138, ""confidence"": 0.08}, {""min"": 124, ""max"": 126, ""confidence"": 0.07}, {""min"": 138, ""max"": 140, ""confidence"": 0.07}, {""min"": 122, ""max"": 124, ""confidence"": 0.06}, {""min"": 140, ""max"": 142, ""confidence"": 0.05}]",,32.jpg,1,170.0,2,10
wgd_spd_32_10,155.0,0.25,"[{""min"": 130, ""max"": 140, ""confidence"": 0.15}, {""min"": 140, ""max"": 150, ""confidence"": 0.2}, {""min"": 150, ""max"": 160, ""confidence"": 0.25}, {""min"": 160, ""max"": 170, ""confidence"": 0.2}, {""min"": 170, ""max"": 180, ""confidence"": 0.1}, {""min"": 120, ""max"": 130, ""confidence"": 0.05}, {""min"": 110, ""max"": 120, ""confidence"": 0.02}, {""min"": 180, ""max"": 190, ""confidence"": 0.02}, {""min"": 190, ""max"": 200, ""confidence"": 0.01}, {""min"": 100, ""max"": 110, ""confidence"": 0.01}]",,32.jpg,5,170.0,10,10
wgd_spd_32_20,150.0,0.3,"[{""min"": 120, ""max"": 140, ""confidence"": 0.25}, {""min"": 140, ""max"": 160, ""confidence"": 0.3}, {""min"": 130, ""max"": 150, ""confidence"": 0.2}, {""min"": 150, ""max"": 170, ""confidence"": 0.15}, {""min"": 110, ""max"": 130, ""confidence"": 0.1}]",,32.jpg,10,170.0,20,5
wgd_spd_32_40,140.0,0.5,"[{""min"": 120, ""max"": 160, ""confidence"": 0.5}, {""min"": 140, ""max"": 180, ""confidence"": 0.3}, {""min"": 100, ""max"": 140, ""confidence"": 0.2}]",,32.jpg,20,170.0,40,3
wgd_spd_33_02,121.0,0.15,"[{""min"": 120, ""max"": 122, ""confidence"": 0.15}, {""min"": 122, ""max"": 124, ""confidence"": 0.14}, {""min"": 118, ""max"": 120, ""confidence"": 0.13}, {""min"": 124, ""max"": 126, ""confidence"": 0.12}, {""min"": 116, ""max"": 118, ""confidence"": 0.11}, {""min"": 126, ""max"": 128, ""confidence"": 0.1}, {""min"": 114, ""max"": 116, ""confidence"": 0.08}, {""min"": 128, ""max"": 130, ""confidence"": 0.07}, {""min"": 112, ""max"": 114, ""confidence"": 0.06}, {""min"": 130, ""max"": 132, ""confidence"": 0.04}]",,33.jpg,1,122.0,2,10
wgd_spd_33_10,125.0,0.15,"[{""min"": 120, ""max"": 130, ""confidence"": 0.15}, {""min"": 125, ""max"": 135, ""confidence"": 0.14}, {""min"": 130, ""max"": 140, ""confidence"": 0.13}, {""min"": 110, ""max"": 120, ""confidence"": 0.12}, {""min"": 135, ""max"": 145, ""confidence"": 0.11}, {""min"": 115, ""max"": 125, ""confidence"": 0.1}, {""min"": 140, ""max"": 150, ""confidence"": 0.08}, {""min"": 105, ""max"": 115, ""confidence"": 0.07}, {""min"": 145, ""max"": 155, ""confidence"": 0.06}, {""min"": 150, ""max"": 160, ""confidence"": 0.04}]",,33.jpg,5,122.0,10,10
wgd_spd_33_20,150.0,0.3,"[{""min"": 120, ""max"": 140, ""confidence"": 0.25}, {""min"": 140, ""max"": 160, ""confidence"": 0.3}, {""min"": 100, ""max"": 120, ""confidence"": 0.2}, {""min"": 160, ""max"": 180, ""confidence"": 0.15}, {""min"": 80, ""max"": 100, ""confidence"": 0.1}]",,33.jpg,10,122.0,20,5
wgd_spd_33_40,140.0,0.5,"[{""min"": 120, ""max"": 160, ""confidence"": 0.5}, {""min"": 140, ""max"": 180, ""confidence"": 0.3}, {""min"": 100, ""max"": 140, ""confidence"": 0.2}]",,33.jpg,20,122.0,40,3
wgd_spd_34_02,121.0,0.15,"[{""min"": 120, ""max"": 122, ""confidence"": 0.15}, {""min"": 122, ""max"": 124, ""confidence"": 0.14}, {""min"": 118, ""max"": 120, ""confidence"": 0.13}, {""min"": 124, ""max"": 126, ""confidence"": 0.12}, {""min"": 126, ""max"": 128, ""confidence"": 0.11}, {""min"": 116, ""max"": 118, ""confidence"": 0.1}, {""min"": 128, ""max"": 130, ""confidence"": 0.08}, {""min"": 114, ""max"": 116, ""confidence"": 0.06}, {""min"": 130, ""max"": 132, ""confidence"": 0.06}, {""min"": 112, ""max"": 114, ""confidence"": 0.05}]",,34.jpg,1,122.0,2,10
wgd_spd_34_10,135.0,0.17,"[{""min"": 120, ""max"": 130, ""confidence"": 0.15}, {""min"": 130, ""max"": 140, ""confidence"": 0.17}, {""min"": 110, ""max"": 120, ""confidence"": 0.12}, {""min"": 140, ""max"": 150, ""confidence"": 0.14}, {""min"": 150, ""max"": 160, ""confidence"": 0.11}, {""min"": 100, ""max"": 110, ""confidence"": 0.08}, {""min"": 160, ""max"": 170, ""confidence"": 0.07}, {""min"": 90, ""max"": 100, ""confidence"": 0.05}, {""min"": 170, ""max"": 180, ""confidence"": 0.04}, {""min"": 180, ""max"": 190, ""confidence"": 0.03}]",,34.jpg,5,122.0,10,10
wgd_spd_34_20,140.0,0.3,"[{""min"": 120, ""max"": 140, ""confidence"": 0.25}, {""min"": 130, ""max"": 150, ""confidence"": 0.3}, {""min"": 140, ""max"": 160, ""confidence"": 0.2}, {""min"": 110, ""max"": 130, ""confidence"": 0.15}, {""min"": 150, ""max"": 170, ""confidence"": 0.1}]",,34.jpg,10,122.0,20,5
wgd_spd_34_40,140.0,0.5,"[{""min"": 120, ""max"": 160, ""confidence"": 0.5}, {""min"": 140, ""max"": 180, ""confidence"": 0.3}, {""min"": 100, ""max"": 140, ""confidence"": 0.2}]",,34.jpg,20,122.0,40,3
wgd_spd_35_02,141.0,0.15,"[{""min"": 140, ""max"": 142, ""confidence"": 0.15}, {""min"": 142, ""max"": 144, ""confidence"": 0.12}, {""min"": 144, ""max"": 146, ""confidence"": 0.1}, {""min"": 146, ""max"": 148, ""confidence"": 0.08}, {""min"": 148, ""max"": 150, ""confidence"": 0.07}, {""min"": 150, ""max"": 152, ""confidence"": 0.06}, {""min"": 152, ""max"": 154, ""confidence"": 0.05}, {""min"": 154, ""max"": 156, ""confidence"": 0.05}, {""min"": 138, ""max"": 140, ""confidence"": 0.04}, {""min"": 156, ""max"": 158, ""confidence"": 0.04}]",,35.jpg,1,150.0,2,10
wgd_spd_35_10,145.0,0.15,"[{""min"": 140, ""max"": 150, ""confidence"": 0.15}, {""min"": 145, ""max"": 155, ""confidence"": 0.14}, {""min"": 150, ""max"": 160, ""confidence"": 0.13}, {""min"": 155, ""max"": 165, ""confidence"": 0.12}, {""min"": 130, ""max"": 140, ""confidence"": 0.11}, {""min"": 135, ""max"": 145, ""confidence"": 0.1}, {""min"": 160, ""max"": 170, ""confidence"": 0.09}, {""min"": 125, ""max"": 135, ""confidence"": 0.08}, {""min"": 165, ""max"": 175, ""confidence"": 0.06}, {""min"": 170, ""max"": 180, ""confidence"": 0.02}]",,35.jpg,5,150.0,10,10
wgd_spd_35_20,150.0,0.25,"[{""min"": 140, ""max"": 160, ""confidence"": 0.25}, {""min"": 150, ""max"": 170, ""confidence"": 0.25}, {""min"": 160, ""max"": 180, ""confidence"": 0.2}, {""min"": 130, ""max"": 150, ""confidence"": 0.15}, {""min"": 170, ""max"": 190, ""confidence"": 0.15}]",,35.jpg,10,150.0,20,5
wgd_spd_35_40,160.0,0.5,"[{""min"": 140, ""max"": 180, ""confidence"": 0.5}, {""min"": 150, ""max"": 190, ""confidence"": 0.3}, {""min"": 160, ""max"": 200, ""confidence"": 0.2}]",,35.jpg,20,150.0,40,3
wgd_spd_36_02,105.0,0.2,"[{""min"": 100, ""max"": 102, ""confidence"": 0.1}, {""min"": 102, ""max"": 104, ""confidence"": 0.15}, {""min"": 104, ""max"": 106, ""confidence"": 0.2}, {""min"": 106, ""max"": 108, ""confidence"": 0.15}, {""min"": 108, ""max"": 110, ""confidence"": 0.1}, {""min"": 110, ""max"": 112, ""confidence"": 0.08}, {""min"": 112, ""max"": 114, ""confidence"": 0.07}, {""min"": 114, ""max"": 116, ""confidence"": 0.05}, {""min"": 116, ""max"": 118, ""confidence"": 0.05}, {""min"": 118, ""max"": 120, ""confidence"": 0.05}]",,36.jpg,1,110.0,2,10
wgd_spd_36_10,115.0,0.25,"[{""min"": 90, ""max"": 100, ""confidence"": 0.15}, {""min"": 100, ""max"": 110, ""confidence"": 0.2}, {""min"": 110, ""max"": 120, ""confidence"": 0.25}, {""min"": 120, ""max"": 130, ""confidence"": 0.2}, {""min"": 130, ""max"": 140, ""confidence"": 0.1}, {""min"": 80, ""max"": 90, ""confidence"": 0.05}, {""min"": 140, ""max"": 150, ""confidence"": 0.03}, {""min"": 70, ""max"": 80, ""confidence"": 0.02}, {""min"": 150, ""max"": 160, ""confidence"": 0.01}, {""min"": 60, ""max"": 70, ""confidence"": 0.01}]",,36.jpg,5,110.0,10,10
wgd_spd_36_20,120.0,0.3,"[{""min"": 100, ""max"": 120, ""confidence"": 0.25}, {""min"": 110, ""max"": 130, ""confidence"": 0.3}, {""min"": 120, ""max"": 140, ""confidence"": 0.2}, {""min"": 130, ""max"": 150, ""confidence"": 0.15}, {""min"": 140, ""max"": 160, ""confidence"": 0.1}]",,36.jpg,10,110.0,20,5
wgd_spd_36_40,120.0,0.5,"[{""min"": 100, ""max"": 140, ""confidence"": 0.5}, {""min"": 120, ""max"": 160, ""confidence"": 0.3}, {""min"": 140, ""max"": 180, ""confidence"": 0.2}]",,36.jpg,20,110.0,40,3
wgd_spd_37_02,151.0,0.1,"[{""min"": 150, ""max"": 152, ""confidence"": 0.1}, {""min"": 152, ""max"": 154, ""confidence"": 0.1}, {""min"": 154, ""max"": 156, ""confidence"": 0.1}, {""min"": 156, ""max"": 158, ""confidence"": 0.1}, {""min"": 158, ""max"": 160, ""confidence"": 0.1}, {""min"": 160, ""max"": 162, ""confidence"": 0.1}, {""min"": 162, ""max"": 164, ""confidence"": 0.1}, {""min"": 164, ""max"": 166, ""confidence"": 0.1}, {""min"": 166, ""max"": 168, ""confidence"": 0.1}, {""min"": 168, ""max"": 170, ""confidence"": 0.1}]",,37.jpg,1,180.0,2,10
wgd_spd_37_10,155.0,0.15,"[{""min"": 150, ""max"": 160, ""confidence"": 0.15}, {""min"": 160, ""max"": 170, ""confidence"": 0.14}, {""min"": 140, ""max"": 150, ""confidence"": 0.13}, {""min"": 170, ""max"": 180, ""confidence"": 0.12}, {""min"": 130, ""max"": 140, ""confidence"": 0.11}, {""min"": 180, ""max"": 190, ""confidence"": 0.1}, {""min"": 120, ""max"": 130, ""confidence"": 0.08}, {""min"": 190, ""max"": 200, ""confidence"": 0.07}, {""min"": 110, ""max"": 120, ""confidence"": 0.06}, {""min"": 200, ""max"": 210, ""confidence"": 0.04}]",,37.jpg,5,180.0,10,10
wgd_spd_37_20,170.0,0.3,"[{""min"": 140, ""max"": 160, ""confidence"": 0.25}, {""min"": 160, ""max"": 180, ""confidence"": 0.3}, {""min"": 180, ""max"": 200, ""confidence"": 0.2}, {""min"": 120, ""max"": 140, ""confidence"": 0.15}, {""min"": 200, ""max"": 220, ""confidence"": 0.1}]",,37.jpg,10,180.0,20,5
wgd_spd_37_40,160.0,0.5,"[{""min"": 140, ""max"": 180, ""confidence"": 0.5}, {""min"": 160, ""max"": 200, ""confidence"": 0.3}, {""min"": 180, ""max"": 220, ""confidence"": 0.2}]",,37.jpg,20,180.0,40,3
wgd_spd_38_02,141.0,0.13,"[{""min"": 140, ""max"": 142, ""confidence"": 0.13}, {""min"": 142, ""max"": 144, ""confidence"": 0.12}, {""min"": 144, ""max"": 146, ""confidence"": 0.11}, {""min"": 146, ""max"": 148, ""confidence"": 0.1}, {""min"": 148, ""max"": 150, ""confidence"": 0.09}, {""min"": 150, ""max"": 152, ""confidence"": 0.08}, {""min"": 152, ""max"": 154, ""confidence"": 0.07}, {""min"": 138, ""max"": 140, ""confidence"": 0.07}, {""min"": 154, ""max"": 156, ""confidence"": 0.06}, {""min"": 136, ""max"": 138, ""confidence"": 0.06}]",,38.jpg,1,120.0,2,10
wgd_spd_38_10,155.0,0.25,"[{""min"": 130, ""max"": 140, ""confidence"": 0.15}, {""min"": 140, ""max"": 150, ""confidence"": 0.2}, {""min"": 150, ""max"": 160, ""confidence"": 0.25}, {""min"": 160, ""max"": 170, ""confidence"": 0.2}, {""min"": 170, ""max"": 180, ""confidence"": 0.1}, {""min"": 120, ""max"": 130, ""confidence"": 0.05}, {""min"": 180, ""max"": 190, ""confidence"": 0.03}, {""min"": 110, ""max"": 120, ""confidence"": 0.02}, {""min"": 190, ""max"": 200, ""confidence"": 0.01}, {""min"": 100, ""max"": 110, ""confidence"": 0.01}]",,38.jpg,5,120.0,10,10
wgd_spd_38_20,150.0,0.25,"[{""min"": 140, ""max"": 160, ""confidence"": 0.25}, {""min"": 150, ""max"": 170, ""confidence"": 0.2}, {""min"": 160, ""max"": 180, ""confidence"": 0.2}, {""min"": 130, ""max"": 150, ""confidence"": 0.15}, {""min"": 170, ""max"": 190, ""confidence"": 0.1}]",,38.jpg,10,120.0,20,5
wgd_spd_38_40,160.0,0.5,"[{""min"": 140, ""max"": 180, ""confidence"": 0.5}, {""min"": 160, ""max"": 200, ""confidence"": 0.3}, {""min"": 120, ""max"": 160, ""confidence"": 0.2}]",,38.jpg,20,120.0,40,3
wgd_spd_39_02,125.0,0.13,"[{""min"": 120, ""max"": 122, ""confidence"": 0.1}, {""min"": 122, ""max"": 124, ""confidence"": 0.12}, {""min"": 124, ""max"": 126, ""confidence"": 0.13}, {""min"": 126, ""max"": 128, ""confidence"": 0.12}, {""min"": 128, ""max"": 130, ""confidence"": 0.11}, {""min"": 130, ""max"": 132, ""confidence"": 0.1}, {""min"": 132, ""max"": 134, ""confidence"": 0.09}, {""min"": 134, ""max"": 136, ""confidence"": 0.08}, {""min"": 136, ""max"": 138, ""confidence"": 0.07}, {""min"": 138, ""max"": 140, ""confidence"": 0.06}]",,39.jpg,1,125.0,2,10
wgd_spd_39_10,145.0,0.25,"[{""min"": 120, ""max"": 130, ""confidence"": 0.15}, {""min"": 130, ""max"": 140, ""confidence"": 0.2}, {""min"": 140, ""max"": 150, ""confidence"": 0.25}, {""min"": 150, ""max"": 160, ""confidence"": 0.2}, {""min"": 160, ""max"": 170, ""confidence"": 0.1}, {""min"": 110, ""max"": 120, ""confidence"": 0.05}, {""min"": 170, ""max"": 180, ""confidence"": 0.03}, {""min"": 180, ""max"": 190, ""confidence"": 0.01}, {""min"": 100, ""max"": 110, ""confidence"": 0.01}, {""min"": 190, ""max"": 200, ""confidence"": 0.01}]",,39.jpg,5,125.0,10,10
wgd_spd_39_20,150.0,0.3,"[{""min"": 120, ""max"": 140, ""confidence"": 0.25}, {""min"": 140, ""max"": 160, ""confidence"": 0.3}, {""min"": 160, ""max"": 180, ""confidence"": 0.2}, {""min"": 100, ""max"": 120, ""confidence"": 0.15}, {""min"": 80, ""max"": 100, ""confidence"": 0.1}]",,39.jpg,10,125.0,20,5
wgd_spd_39_40,140.0,0.45,"[{""min"": 120, ""max"": 160, ""confidence"": 0.45}, {""min"": 140, ""max"": 180, ""confidence"": 0.35}, {""min"": 160, ""max"": 200, ""confidence"": 0.2}]",,39.jpg,20,125.0,40,3
wgd_spd_40_02,131.0,0.15,"[{""min"": 130, ""max"": 132, ""confidence"": 0.15}, {""min"": 132, ""max"": 134, ""confidence"": 0.12}, {""min"": 128, ""max"": 130, ""confidence"": 0.1}, {""min"": 134, ""max"": 136, ""confidence"": 0.1}, {""min"": 126, ""max"": 128, ""confidence"": 0.08}, {""min"": 136, ""max"": 138, ""confidence"": 0.08}, {""min"": 124, ""max"": 126, ""confidence"": 0.07}, {""min"": 138, ""max"": 140, ""confidence"": 0.07}, {""min"": 122, ""max"": 124, ""confidence"": 0.06}, {""min"": 140, ""max"": 142, ""confidence"": 0.05}]",,40.jpg,1,135.0,2,10
wgd_spd_40_10,145.0,0.25,"[{""min"": 120, ""max"": 130, ""confidence"": 0.15}, {""min"": 130, ""max"": 140, ""confidence"": 0.2}, {""min"": 140, ""max"": 150, ""confidence"": 0.25}, {""min"": 150, ""max"": 160, ""confidence"": 0.2}, {""min"": 160, ""max"": 170, ""confidence"": 0.1}, {""min"": 110, ""max"": 120, ""confidence"": 0.05}, {""min"": 170, ""max"": 180, ""confidence"": 0.03}, {""min"": 180, ""max"": 190, ""confidence"": 0.01}, {""min"": 100, ""max"": 110, ""confidence"": 0.01}, {""min"": 190, ""max"": 200, ""confidence"": 0.01}]",,40.jpg,5,135.0,10,10
wgd_spd_40_20,150.0,0.3,"[{""min"": 120, ""max"": 140, ""confidence"": 0.25}, {""min"": 130, ""max"": 150, ""confidence"": 0.25}, {""min"": 140, ""max"": 160, ""confidence"": 0.3}, {""min"": 150, ""max"": 170, ""confidence"": 0.15}, {""min"": 160, ""max"": 180, ""confidence"": 0.05}]",,40.jpg,10,135.0,20,5
wgd_spd_40_40,150.0,0.5,"[{""min"": 130, ""max"": 170, ""confidence"": 0.5}, {""min"": 150, ""max"": 190, ""confidence"": 0.3}, {""min"": 110, ""max"": 150, ""confidence"": 0.2}]",,40.jpg,20,135.0,40,3
wgd_spd_41_02,151.0,0.12,"[{""min"": 150, ""max"": 152, ""confidence"": 0.12}, {""min"": 152, ""max"": 154, ""confidence"": 0.11}, {""min"": 148, ""max"": 150, ""confidence"": 0.1}, {""min"": 154, ""max"": 156, ""confidence"": 0.09}, {""min"": 156, ""max"": 158, ""confidence"": 0.08}, {""min"": 146, ""max"": 148, ""confidence"": 0.07}, {""min"": 158, ""max"": 160, ""confidence"": 0.07}, {""min"": 144, ""max"": 146, ""confidence"": 0.06}, {""min"": 160, ""max"": 162, ""confidence"": 0.05}, {""min"": 142, ""max"": 144, ""confidence"": 0.05}]",,41.jpg,1,196.0,2,10
wgd_spd_41_10,145.0,0.15,"[{""min"": 140, ""max"": 150, ""confidence"": 0.15}, {""min"": 150, ""max"": 160, ""confidence"": 0.14}, {""min"": 130, ""max"": 140, ""confidence"": 0.13}, {""min"": 160, ""max"": 170, ""confidence"": 0.12}, {""min"": 120, ""max"": 130, ""confidence"": 0.11}, {""min"": 170, ""max"": 180, ""confidence"": 0.08}, {""min"": 110, ""max"": 120, ""confidence"": 0.07}, {""min"": 180, ""max"": 190, ""confidence"": 0.05}, {""min"": 190, ""max"": 200, ""confidence"": 0.03}, {""min"": 100, ""max"": 110, ""confidence"": 0.02}]",,41.jpg,5,196.0,10,10
wgd_spd_41_20,150.0,0.25,"[{""min"": 140, ""max"": 160, ""confidence"": 0.25}, {""min"": 150, ""max"": 170, ""confidence"": 0.2}, {""min"": 130, ""max"": 150, ""confidence"": 0.2}, {""min"": 160, ""max"": 180, ""confidence"": 0.15}, {""min"": 120, ""max"": 140, ""confidence"": 0.1}]",,41.jpg,10,196.0,20,5
wgd_spd_41_40,160.0,0.5,"[{""min"": 140, ""max"": 180, ""confidence"": 0.5}, {""min"": 160, ""max"": 200, ""confidence"": 0.3}, {""min"": 120, ""max"": 160, ""confidence"": 0.2}]",,41.jpg,20,196.0,40,3
wgd_spd_42_02,111.0,0.1,"[{""min"": 110, ""max"": 112, ""confidence"": 0.1}, {""min"": 112, ""max"": 114, ""confidence"": 0.1}, {""min"": 114, ""max"": 116, ""confidence"": 0.1}, {""min"": 116, ""max"": 118, ""confidence"": 0.1}, {""min"": 118, ""max"": 120, ""confidence"": 0.1}, {""min"": 120, ""max"": 122, ""confidence"": 0.1}, {""min"": 122, ""max"": 124, ""confidence"": 0.1}, {""min"": 124, ""max"": 126, ""confidence"": 0.1}, {""min"": 126, ""max"": 128, ""confidence"": 0.1}, {""min"": 128, ""max"": 130, ""confidence"": 0.1}]",,42.jpg,1,146.0,2,10
wgd_spd_42_10,135.0,0.25,"[{""min"": 110, ""max"": 120, ""confidence"": 0.15}, {""min"": 120, ""max"": 130, ""confidence"": 0.2}, {""min"": 130, ""max"": 140, ""confidence"": 0.25}, {""min"": 140, ""max"": 150, ""confidence"": 0.2}, {""min"": 150, ""max"": 160, ""confidence"": 0.1}, {""min"": 100, ""max"": 110, ""confidence"": 0.05}, {""min"": 90, ""max"": 100, ""confidence"": 0.02}, {""min"": 160, ""max"": 170, ""confidence"": 0.02}, {""min"": 80, ""max"": 90, ""confidence"": 0.01}, {""min"": 170, ""max"": 180, ""confidence"": 0.01}]",,42.jpg,5,146.0,10,10
wgd_spd_42_20,130.0,0.3,"[{""min"": 100, ""max"": 120, ""confidence"": 0.25}, {""min"": 120, ""max"": 140, ""confidence"": 0.3}, {""min"": 140, ""max"": 160, ""confidence"": 0.2}, {""min"": 80, ""max"": 100, ""confidence"": 0.15}, {""min"": 160, ""max"": 180, ""confidence"": 0.1}]",,42.jpg,10,146.0,20,5
wgd_spd_42_40,130.0,0.5,"[{""min"": 110, ""max"": 150, ""confidence"": 0.5}, {""min"": 90, ""max"": 130, ""confidence"": 0.3}, {""min"": 130, ""max"": 170, ""confidence"": 0.2}]",,42.jpg,20,146.0,40,3
wgd_spd_43_02,119.0,0.15,"[{""min"": 118, ""max"": 120, ""confidence"": 0.15}, {""min"": 120, ""max"": 122, ""confidence"": 0.12}, {""min"": 122, ""max"": 124, ""confidence"": 0.1}, {""min"": 124, ""max"": 126, ""confidence"": 0.09}, {""min"": 126, ""max"": 128, ""confidence"": 0.08}, {""min"": 128, ""max"": 130, ""confidence"": 0.07}, {""min"": 130, ""max"": 132, ""confidence"": 0.06}, {""min"": 132, ""max"": 134, ""confidence"": 0.05}, {""min"": 134, ""max"": 136, ""confidence"": 0.04}, {""min"": 136, ""max"": 138, ""confidence"": 0.03}]",,43.jpg,1,106.0,2,10
wgd_spd_43_10,135.0,0.25,"[{""min"": 110, ""max"": 120, ""confidence"": 0.15}, {""min"": 120, ""max"": 130, ""confidence"": 0.2}, {""min"": 130, ""max"": 140, ""confidence"": 0.25}, {""min"": 140, ""max"": 150, ""confidence"": 0.2}, {""min"": 150, ""max"": 160, ""confidence"": 0.1}, {""min"": 100, ""max"": 110, ""confidence"": 0.05}, {""min"": 90, ""max"": 100, ""confidence"": 0.02}, {""min"": 160, ""max"": 170, ""confidence"": 0.02}, {""min"": 80, ""max"": 90, ""confidence"": 0.01}, {""min"": 170, ""max"": 180, ""confidence"": 0.01}]",,43.jpg,5,106.0,10,10
wgd_spd_43_20,140.0,0.3,"[{""min"": 120, ""max"": 140, ""confidence"": 0.25}, {""min"": 130, ""max"": 150, ""confidence"": 0.3}, {""min"": 110, ""max"": 130, ""confidence"": 0.2}, {""min"": 140, ""max"": 160, ""confidence"": 0.15}, {""min"": 100, ""max"": 120, ""confidence"": 0.1}]",,43.jpg,10,106.0,20,5
wgd_spd_43_40,140.0,0.5,"[{""min"": 120, ""max"": 160, ""confidence"": 0.5}, {""min"": 100, ""max"": 140, ""confidence"": 0.3}, {""min"": 140, ""max"": 180, ""confidence"": 0.2}]",,43.jpg,20,106.0,40,3
wgd_spd_44_02,131.0,0.14,"[{""min"": 130, ""max"": 132, ""confidence"": 0.14}, {""min"": 132, ""max"": 134, ""confidence"": 0.13}, {""min"": 128, ""max"": 130, ""confidence"": 0.12}, {""min"": 134, ""max"": 136, ""confidence"": 0.11}, {""min"": 126, ""max"": 128, ""confidence"": 0.1}, {""min"": 136, ""max"": 138, ""confidence"": 0.09}, {""min"": 124, ""max"": 126, ""confidence"": 0.08}, {""min"": 138, ""max"": 140, ""confidence"": 0.07}, {""min"": 122, ""max"": 124, ""confidence"": 0.06}, {""min"": 140, ""max"": 142, ""confidence"": 0.05}]",,44.jpg,1,141.0,2,10
wgd_spd_44_10,145.0,0.2,"[{""min"": 130, ""max"": 140, ""confidence"": 0.15}, {""min"": 140, ""max"": 150, ""confidence"": 0.2}, {""min"": 120, ""max"": 130, ""confidence"": 0.1}, {""min"": 150, ""max"": 160, ""confidence"": 0.2}, {""min"": 160, ""max"": 170, ""confidence"": 0.1}, {""min"": 110, ""max"": 120, ""confidence"": 0.05}, {""min"": 170, ""max"": 180, ""confidence"": 0.05}, {""min"": 180, ""max"": 190, ""confidence"": 0.025}, {""min"": 100, ""max"": 110, ""confidence"": 0.025}, {""min"": 190, ""max"": 200, ""confidence"": 0.025}]",,44.jpg,5,141.0,10,10
wgd_spd_44_20,150.0,0.3,"[{""min"": 120, ""max"": 140, ""confidence"": 0.25}, {""min"": 140, ""max"": 160, ""confidence"": 0.3}, {""min"": 160, ""max"": 180, ""confidence"": 0.2}, {""min"": 100, ""max"": 120, ""confidence"": 0.15}, {""min"": 80, ""max"": 100, ""confidence"": 0.1}]",,44.jpg,10,141.0,20,5
wgd_spd_44_40,140.0,0.5,"[{""min"": 120, ""max"": 160, ""confidence"": 0.5}, {""min"": 140, ""max"": 180, ""confidence"": 0.3}, {""min"": 100, ""max"": 140, ""confidence"": 0.2}]",,44.jpg,20,141.0,40,3
wgd_spd_45_02,121.0,0.1,"[{""min"": 120, ""max"": 122, ""confidence"": 0.1}, {""min"": 122, ""max"": 124, ""confidence"": 0.1}, {""min"": 124, ""max"": 126, ""confidence"": 0.1}, {""min"": 126, ""max"": 128, ""confidence"": 0.1}, {""min"": 128, ""max"": 130, ""confidence"": 0.1}, {""min"": 130, ""max"": 132, ""confidence"": 0.1}, {""min"": 132, ""max"": 134, ""confidence"": 0.1}, {""min"": 134, ""max"": 136, ""confidence"": 0.1}, {""min"": 136, ""max"": 138, ""confidence"": 0.1}, {""min"": 138, ""max"": 140, ""confidence"": 0.1}]",,45.jpg,1,131.0,2,10
wgd_spd_45_10,155.0,0.25,"[{""min"": 130, ""max"": 140, ""confidence"": 0.15}, {""min"": 140, ""max"": 150, ""confidence"": 0.2}, {""min"": 150, ""max"": 160, ""confidence"": 0.25}, {""min"": 160, ""max"": 170, ""confidence"": 0.2}, {""min"": 120, ""max"": 130, ""confidence"": 0.1}, {""min"": 170, ""max"": 180, ""confidence"": 0.05}, {""min"": 110, ""max"": 120, ""confidence"": 0.03}, {""min"": 180, ""max"": 190, ""confidence"": 0.02}, {""min"": 100, ""max"": 110, ""confidence"": 0.01}, {""min"": 190, ""max"": 200, ""confidence"": 0.01}]",,45.jpg,5,131.0,10,10
wgd_spd_45_20,160.0,0.3,"[{""min"": 140, ""max"": 160, ""confidence"": 0.25}, {""min"": 150, ""max"": 170, ""confidence"": 0.3}, {""min"": 160, ""max"": 180, ""confidence"": 0.2}, {""min"": 130, ""max"": 150, ""confidence"": 0.15}, {""min"": 170, ""max"": 190, ""confidence"": 0.1}]",,45.jpg,10,131.0,20,5
wgd_spd_45_40,140.0,0.5,"[{""min"": 120, ""max"": 160, ""confidence"": 0.5}, {""min"": 140, ""max"": 180, ""confidence"": 0.3}, {""min"": 160, ""max"": 200, ""confidence"": 0.2}]",,45.jpg,20,131.0,40,3
wgd_spd_46_02,155.0,0.12,"[{""min"": 154, ""max"": 156, ""confidence"": 0.12}, {""min"": 156, ""max"": 158, ""confidence"": 0.11}, {""min"": 152, ""max"": 154, ""confidence"": 0.1}, {""min"": 158, ""max"": 160, ""confidence"": 0.09}, {""min"": 150, ""max"": 152, ""confidence"": 0.08}, {""min"": 160, ""max"": 162, ""confidence"": 0.08}, {""min"": 148, ""max"": 150, ""confidence"": 0.07}, {""min"": 162, ""max"": 164, ""confidence"": 0.07}, {""min"": 146, ""max"": 148, ""confidence"": 0.06}, {""min"": 164, ""max"": 166, ""confidence"": 0.05}]",,46.jpg,1,162.0,2,10
wgd_spd_46_10,155.0,0.2,"[{""min"": 150, ""max"": 160, ""confidence"": 0.2}, {""min"": 160, ""max"": 170, ""confidence"": 0.18}, {""min"": 170, ""max"": 180, ""confidence"": 0.15}, {""min"": 140, ""max"": 150, ""confidence"": 0.12}, {""min"": 180, ""max"": 190, ""confidence"": 0.1}, {""min"": 130, ""max"": 140, ""confidence"": 0.08}, {""min"": 190, ""max"": 200, ""confidence"": 0.06}, {""min"": 120, ""max"": 130, ""confidence"": 0.05}, {""min"": 200, ""max"": 210, ""confidence"": 0.04}, {""min"": 210, ""max"": 220, ""confidence"": 0.02}]",,46.jpg,5,162.0,10,10
wgd_spd_46_20,170.0,0.3,"[{""min"": 150, ""max"": 170, ""confidence"": 0.25}, {""min"": 160, ""max"": 180, ""confidence"": 0.3}, {""min"": 170, ""max"": 190, ""confidence"": 0.2}, {""min"": 180, ""max"": 200, ""confidence"": 0.15}, {""min"": 190, ""max"": 210, ""confidence"": 0.1}]",,46.jpg,10,162.0,20,5
wgd_spd_46_40,160.0,0.5,"[{""min"": 140, ""max"": 180, ""confidence"": 0.5}, {""min"": 160, ""max"": 200, ""confidence"": 0.3}, {""min"": 120, ""max"": 160, ""confidence"": 0.2}]",,46.jpg,20,162.0,40,3
wgd_spd_47_02,121.0,0.15,"[{""min"": 120, ""max"": 122, ""confidence"": 0.15}, {""min"": 118, ""max"": 120, ""confidence"": 0.12}, {""min"": 122, ""max"": 124, ""confidence"": 0.11}, {""min"": 116, ""max"": 118, ""confidence"": 0.1}, {""min"": 124, ""max"": 126, ""confidence"": 0.09}, {""min"": 114, ""max"": 116, ""confidence"": 0.08}, {""min"": 126, ""max"": 128, ""confidence"": 0.07}, {""min"": 112, ""max"": 114, ""confidence"": 0.06}, {""min"": 128, ""max"": 130, ""confidence"": 0.05}, {""min"": 110, ""max"": 112, ""confidence"": 0.04}]",,47.jpg,1,131.0,2,10
wgd_spd_47_10,135.0,0.25,"[{""min"": 110, ""max"": 120, ""confidence"": 0.15}, {""min"": 120, ""max"": 130, ""confidence"": 0.2}, {""min"": 130, ""max"": 140, ""confidence"": 0.25}, {""min"": 140, ""max"": 150, ""confidence"": 0.2}, {""min"": 150, ""max"": 160, ""confidence"": 0.1}, {""min"": 100, ""max"": 110, ""confidence"": 0.05}, {""min"": 160, ""max"": 170, ""confidence"": 0.03}, {""min"": 90, ""max"": 100, ""confidence"": 0.01}, {""min"": 170, ""max"": 180, ""confidence"": 0.005}, {""min"": 80, ""max"": 90, ""confidence"": 0.005}]",,47.jpg,5,131.0,10,10
wgd_spd_47_20,130.0,0.25,"[{""min"": 120, ""max"": 140, ""confidence"": 0.25}, {""min"": 110, ""max"": 130, ""confidence"": 0.2}, {""min"": 130, ""max"": 150, ""confidence"": 0.2}, {""min"": 100, ""max"": 120, ""confidence"": 0.15}, {""min"": 140, ""max"": 160, ""confidence"": 0.1}]",,47.jpg,10,131.0,20,5
wgd_spd_47_40,140.0,0.45,"[{""min"": 120, ""max"": 160, ""confidence"": 0.45}, {""min"": 140, ""max"": 180, ""confidence"": 0.3}, {""min"": 100, ""max"": 140, ""confidence"": 0.25}]",,47.jpg,20,131.0,40,3
wgd_spd_48_02,111.0,0.12,"[{""min"": 110, ""max"": 112, ""confidence"": 0.12}, {""min"": 112, ""max"": 114, ""confidence"": 0.11}, {""min"": 108, ""max"": 110, ""confidence"": 0.1}, {""min"": 114, ""max"": 116, ""confidence"": 0.09}, {""min"": 106, ""max"": 108, ""confidence"": 0.08}, {""min"": 116, ""max"": 118, ""confidence"": 0.08}, {""min"": 104, ""max"": 106, ""confidence"": 0.07}, {""min"": 118, ""max"": 120, ""confidence"": 0.07}, {""min"": 120, ""max"": 122, ""confidence"": 0.06}, {""min"": 102, ""max"": 104, ""confidence"": 0.05}]",,48.jpg,1,110.0,2,10
wgd_spd_48_10,115.0,0.2,"[{""min"": 110, ""max"": 120, ""confidence"": 0.2}, {""min"": 120, ""max"": 130, ""confidence"": 0.15}, {""min"": 100, ""max"": 110, ""confidence"": 0.1}, {""min"": 130, ""max"": 140, ""confidence"": 0.1}, {""min"": 140, ""max"": 150, ""confidence"": 0.08}, {""min"": 90, ""max"": 100, ""confidence"": 0.07}, {""min"": 150, ""max"": 160, ""confidence"": 0.06}, {""min"": 80, ""max"": 90, ""confidence"": 0.05}, {""min"": 160, ""max"": 170, ""confidence"": 0.05}, {""min"": 170, ""max"": 180, ""confidence"": 0.05}]",,48.jpg,5,110.0,10,10
wgd_spd_48_20,130.0,0.3,"[{""min"": 100, ""max"": 120, ""confidence"": 0.25}, {""min"": 120, ""max"": 140, ""confidence"": 0.3}, {""min"": 140, ""max"": 160, ""confidence"": 0.2}, {""min"": 80, ""max"": 100, ""confidence"": 0.15}, {""min"": 160, ""max"": 180, ""confidence"": 0.1}]",,48.jpg,10,110.0,20,5
wgd_spd_48_40,140.0,0.5,"[{""min"": 120, ""max"": 160, ""confidence"": 0.5}, {""min"": 100, ""max"": 140, ""confidence"": 0.3}, {""min"": 140, ""max"": 180, ""confidence"": 0.2}]",,48.jpg,20,110.0,40,3
wgd_spd_49_02,121.0,0.15,"[{""min"": 120, ""max"": 122, ""confidence"": 0.15}, {""min"": 118, ""max"": 120, ""confidence"": 0.13}, {""min"": 122, ""max"": 124, ""confidence"": 0.12}, {""min"": 116, ""max"": 118, ""confidence"": 0.11}, {""min"": 124, ""max"": 126, ""confidence"": 0.1}, {""min"": 114, ""max"": 116, ""confidence"": 0.09}, {""min"": 126, ""max"": 128, ""confidence"": 0.08}, {""min"": 112, ""max"": 114, ""confidence"": 0.06}, {""min"": 128, ""max"": 130, ""confidence"": 0.05}, {""min"": 110, ""max"": 112, ""confidence"": 0.04}]",,49.jpg,1,132.0,2,10
wgd_spd_49_10,115.0,0.23,"[{""min"": 110, ""max"": 120, ""confidence"": 0.23}, {""min"": 120, ""max"": 130, ""confidence"": 0.21}, {""min"": 130, ""max"": 140, ""confidence"": 0.18}, {""min"": 140, ""max"": 150, ""confidence"": 0.15}, {""min"": 150, ""max"": 160, ""confidence"": 0.08}, {""min"": 100, ""max"": 110, ""confidence"": 0.06}, {""min"": 160, ""max"": 170, ""confidence"": 0.04}, {""min"": 90, ""max"": 100, ""confidence"": 0.03}, {""min"": 170, ""max"": 180, ""confidence"": 0.01}, {""min"": 180, ""max"": 190, ""confidence"": 0.01}]",,49.jpg,5,132.0,10,10
wgd_spd_49_20,140.0,0.3,"[{""min"": 120, ""max"": 140, ""confidence"": 0.25}, {""min"": 130, ""max"": 150, ""confidence"": 0.3}, {""min"": 140, ""max"": 160, ""confidence"": 0.2}, {""min"": 110, ""max"": 130, ""confidence"": 0.15}, {""min"": 150, ""max"": 170, ""confidence"": 0.1}]",,49.jpg,10,132.0,20,5
wgd_spd_49_40,140.0,0.5,"[{""min"": 120, ""max"": 160, ""confidence"": 0.5}, {""min"": 100, ""max"": 140, ""confidence"": 0.3}, {""min"": 140, ""max"": 180, ""confidence"": 0.2}]",,49.jpg,20,132.0,40,3
wgd_spd_50_02,129.0,0.13,"[{""min"": 128, ""max"": 130, ""confidence"": 0.13}, {""min"": 126, ""max"": 128, ""confidence"": 0.12}, {""min"": 130, ""max"": 132, ""confidence"": 0.11}, {""min"": 124, ""max"": 126, ""confidence"": 0.1}, {""min"": 132, ""max"": 134, ""confidence"": 0.1}, {""min"": 122, ""max"": 124, ""confidence"": 0.09}, {""min"": 134, ""max"": 136, ""confidence"": 0.08}, {""min"": 120, ""max"": 122, ""confidence"": 0.07}, {""min"": 136, ""max"": 138, ""confidence"": 0.06}, {""min"": 118, ""max"": 120, ""confidence"": 0.05}]",,50.jpg,1,140.0,2,10
wgd_spd_50_10,125.0,0.15,"[{""min"": 120, ""max"": 130, ""confidence"": 0.15}, {""min"": 125, ""max"": 135, ""confidence"": 0.12}, {""min"": 130, ""max"": 140, ""confidence"": 0.1}, {""min"": 110, ""max"": 120, ""confidence"": 0.1}, {""min"": 135, ""max"": 145, ""confidence"": 0.08}, {""min"": 115, ""max"": 125, ""confidence"": 0.08}, {""min"": 140, ""max"": 150, ""confidence"": 0.07}, {""min"": 105, ""max"": 115, ""confidence"": 0.06}, {""min"": 145, ""max"": 155, ""confidence"": 0.05}, {""min"": 100, ""max"": 110, ""confidence"": 0.05}]",,50.jpg,5,140.0,10,10
wgd_spd_50_20,130.0,0.25,"[{""min"": 120, ""max"": 140, ""confidence"": 0.25}, {""min"": 130, ""max"": 150, ""confidence"": 0.25}, {""min"": 140, ""max"": 160, ""confidence"": 0.2}, {""min"": 110, ""max"": 130, ""confidence"": 0.15}, {""min"": 150, ""max"": 170, ""confidence"": 0.15}]",,50.jpg,10,140.0,20,5
wgd_spd_50_40,140.0,0.5,"[{""min"": 120, ""max"": 160, ""confidence"": 0.5}, {""min"": 110, ""max"": 150, ""confidence"": 0.3}, {""min"": 130, ""max"": 170, ""confidence"": 0.2}]",,50.jpg,20,140.0,40,3
wgd_spd_51_02,141.0,0.12,"[{""min"": 140, ""max"": 142, ""confidence"": 0.12}, {""min"": 142, ""max"": 144, ""confidence"": 0.11}, {""min"": 138, ""max"": 140, ""confidence"": 0.1}, {""min"": 144, ""max"": 146, ""confidence"": 0.09}, {""min"": 136, ""max"": 138, ""confidence"": 0.08}, {""min"": 146, ""max"": 148, ""confidence"": 0.08}, {""min"": 134, ""max"": 136, ""confidence"": 0.07}, {""min"": 148, ""max"": 150, ""confidence"": 0.07}, {""min"": 132, ""max"": 134, ""confidence"": 0.06}, {""min"": 150, ""max"": 152, ""confidence"": 0.05}]",,51.jpg,1,140.0,2,10
wgd_spd_51_10,155.0,0.2,"[{""min"": 140, ""max"": 150, ""confidence"": 0.15}, {""min"": 150, ""max"": 160, ""confidence"": 0.2}, {""min"": 130, ""max"": 140, ""confidence"": 0.1}, {""min"": 160, ""max"": 170, ""confidence"": 0.18}, {""min"": 170, ""max"": 180, ""confidence"": 0.12}, {""min"": 120, ""max"": 130, ""confidence"": 0.05}, {""min"": 180, ""max"": 190, ""confidence"": 0.08}, {""min"": 110, ""max"": 120, ""confidence"": 0.03}, {""min"": 190, ""max"": 200, ""confidence"": 0.05}, {""min"": 200, ""max"": 210, ""confidence"": 0.04}]",,51.jpg,5,140.0,10,10
wgd_spd_51_20,160.0,0.3,"[{""min"": 140, ""max"": 160, ""confidence"": 0.25}, {""min"": 150, ""max"": 170, ""confidence"": 0.3}, {""min"": 160, ""max"": 180, ""confidence"": 0.25}, {""min"": 170, ""max"": 190, ""confidence"": 0.15}, {""min"": 180, ""max"": 200, ""confidence"": 0.05}]",,51.jpg,10,140.0,20,5
wgd_spd_51_40,160.0,0.5,"[{""min"": 140, ""max"": 180, ""confidence"": 0.5}, {""min"": 160, ""max"": 200, ""confidence"": 0.3}, {""min"": 120, ""max"": 160, ""confidence"": 0.2}]",,51.jpg,20,140.0,40,3
wgd_spd_52_02,111.0,0.12,"[{""min"": 110, ""max"": 112, ""confidence"": 0.12}, {""min"": 112, ""max"": 114, ""confidence"": 0.11}, {""min"": 108, ""max"": 110, ""confidence"": 0.1}, {""min"": 114, ""max"": 116, ""confidence"": 0.09}, {""min"": 106, ""max"": 108, ""confidence"": 0.08}, {""min"": 116, ""max"": 118, ""confidence"": 0.08}, {""min"": 104, ""max"": 106, ""confidence"": 0.07}, {""min"": 118, ""max"": 120, ""confidence"": 0.07}, {""min"": 120, ""max"": 122, ""confidence"": 0.06}, {""min"": 122, ""max"": 124, ""confidence"": 0.05}]",,52.jpg,1,128.0,2,10
wgd_spd_52_10,125.0,0.25,"[{""min"": 100, ""max"": 110, ""confidence"": 0.15}, {""min"": 110, ""max"": 120, ""confidence"": 0.2}, {""min"": 120, ""max"": 130, ""confidence"": 0.25}, {""min"": 130, ""max"": 140, ""confidence"": 0.2}, {""min"": 140, ""max"": 150, ""confidence"": 0.1}, {""min"": 90, ""max"": 100, ""confidence"": 0.05}, {""min"": 150, ""max"": 160, ""confidence"": 0.03}, {""min"": 80, ""max"": 90, ""confidence"": 0.02}, {""min"": 160, ""max"": 170, ""confidence"": 0.01}, {""min"": 170, ""max"": 180, ""confidence"": 0.01}]",,52.jpg,5,128.0,10,10
wgd_spd_52_20,140.0,0.3,"[{""min"": 120, ""max"": 140, ""confidence"": 0.25}, {""min"": 130, ""max"": 150, ""confidence"": 0.3}, {""min"": 110, ""max"": 130, ""confidence"": 0.2}, {""min"": 140, ""max"": 160, ""confidence"": 0.15}, {""min"": 100, ""max"": 120, ""confidence"": 0.1}]",,52.jpg,10,128.0,20,5
wgd_spd_52_40,140.0,0.5,"[{""min"": 120, ""max"": 160, ""confidence"": 0.5}, {""min"": 100, ""max"": 140, ""confidence"": 0.3}, {""min"": 140, ""max"": 180, ""confidence"": 0.2}]",,52.jpg,20,128.0,40,3
wgd_spd_53_02,119.0,0.12,"[{""min"": 118, ""max"": 120, ""confidence"": 0.12}, {""min"": 120, ""max"": 122, ""confidence"": 0.11}, {""min"": 122, ""max"": 124, ""confidence"": 0.1}, {""min"": 124, ""max"": 126, ""confidence"": 0.09}, {""min"": 126, ""max"": 128, ""confidence"": 0.08}, {""min"": 128, ""max"": 130, ""confidence"": 0.08}, {""min"": 130, ""max"": 132, ""confidence"": 0.07}, {""min"": 132, ""max"": 134, ""confidence"": 0.07}, {""min"": 116, ""max"": 118, ""confidence"": 0.06}, {""min"": 134, ""max"": 136, ""confidence"": 0.06}]",,53.jpg,1,142.0,2,10
wgd_spd_53_10,115.0,0.18,"[{""min"": 110, ""max"": 120, ""confidence"": 0.18}, {""min"": 120, ""max"": 130, ""confidence"": 0.17}, {""min"": 100, ""max"": 110, ""confidence"": 0.15}, {""min"": 130, ""max"": 140, ""confidence"": 0.14}, {""min"": 90, ""max"": 100, ""confidence"": 0.12}, {""min"": 140, ""max"": 150, ""confidence"": 0.1}, {""min"": 80, ""max"": 90, ""confidence"": 0.06}, {""min"": 150, ""max"": 160, ""confidence"": 0.04}, {""min"": 70, ""max"": 80, ""confidence"": 0.03}, {""min"": 160, ""max"": 170, ""confidence"": 0.01}]",,53.jpg,5,142.0,10,10
wgd_spd_53_20,130.0,0.25,"[{""min"": 120, ""max"": 140, ""confidence"": 0.25}, {""min"": 110, ""max"": 130, ""confidence"": 0.22}, {""min"": 130, ""max"": 150, ""confidence"": 0.2}, {""min"": 100, ""max"": 120, ""confidence"": 0.18}, {""min"": 140, ""max"": 160, ""confidence"": 0.15}]",,53.jpg,10,142.0,20,5
wgd_spd_53_40,140.0,0.5,"[{""min"": 120, ""max"": 160, ""confidence"": 0.5}, {""min"": 110, ""max"": 150, ""confidence"": 0.3}, {""min"": 130, ""max"": 170, ""confidence"": 0.2}]",,53.jpg,20,142.0,40,3
wgd_spd_54_02,129.0,0.15,"[{""min"": 128, ""max"": 130, ""confidence"": 0.15}, {""min"": 130, ""max"": 132, ""confidence"": 0.14}, {""min"": 126, ""max"": 128, ""confidence"": 0.13}, {""min"": 124, ""max"": 126, ""confidence"": 0.12}, {""min"": 132, ""max"": 134, ""confidence"": 0.11}, {""min"": 122, ""max"": 124, ""confidence"": 0.1}, {""min"": 134, ""max"": 136, ""confidence"": 0.08}, {""min"": 120, ""max"": 122, ""confidence"": 0.06}, {""min"": 136, ""max"": 138, ""confidence"": 0.06}, {""min"": 118, ""max"": 120, ""confidence"": 0.05}]",,54.jpg,1,180.0,2,10
wgd_spd_54_10,155.0,0.25,"[{""min"": 130, ""max"": 140, ""confidence"": 0.15}, {""min"": 140, ""max"": 150, ""confidence"": 0.2}, {""min"": 150, ""max"": 160, ""confidence"": 0.25}, {""min"": 160, ""max"": 170, ""confidence"": 0.2}, {""min"": 120, ""max"": 130, ""confidence"": 0.1}, {""min"": 170, ""max"": 180, ""confidence"": 0.05}, {""min"": 110, ""max"": 120, ""confidence"": 0.03}, {""min"": 180, ""max"": 190, ""confidence"": 0.02}, {""min"": 100, ""max"": 110, ""confidence"": 0.01}, {""min"": 190, ""max"": 200, ""confidence"": 0.01}]",,54.jpg,5,180.0,10,10
wgd_spd_54_20,160.0,0.3,"[{""min"": 140, ""max"": 160, ""confidence"": 0.25}, {""min"": 150, ""max"": 170, ""confidence"": 0.3}, {""min"": 160, ""max"": 180, ""confidence"": 0.2}, {""min"": 130, ""max"": 150, ""confidence"": 0.15}, {""min"": 170, ""max"": 190, ""confidence"": 0.1}]",,54.jpg,10,180.0,20,5
wgd_spd_54_40,140.0,0.5,"[{""min"": 120, ""max"": 160, ""confidence"": 0.5}, {""min"": 140, ""max"": 180, ""confidence"": 0.3}, {""min"": 160, ""max"": 200, ""confidence"": 0.2}]",,54.jpg,20,180.0,40,3
wgd_spd_55_02,119.0,0.14,"[{""min"": 110, ""max"": 112, ""confidence"": 0.1}, {""min"": 112, ""max"": 114, ""confidence"": 0.11}, {""min"": 114, ""max"": 116, ""confidence"": 0.12}, {""min"": 116, ""max"": 118, ""confidence"": 0.13}, {""min"": 118, ""max"": 120, ""confidence"": 0.14}, {""min"": 120, ""max"": 122, ""confidence"": 0.12}, {""min"": 122, ""max"": 124, ""confidence"": 0.1}, {""min"": 124, ""max"": 126, ""confidence"": 0.08}, {""min"": 126, ""max"": 128, ""confidence"": 0.06}, {""min"": 128, ""max"": 130, ""confidence"": 0.05}]",,55.jpg,1,120.0,2,10
wgd_spd_55_10,145.0,0.25,"[{""min"": 120, ""max"": 130, ""confidence"": 0.15}, {""min"": 130, ""max"": 140, ""confidence"": 0.2}, {""min"": 140, ""max"": 150, ""confidence"": 0.25}, {""min"": 150, ""max"": 160, ""confidence"": 0.2}, {""min"": 160, ""max"": 170, ""confidence"": 0.1}, {""min"": 110, ""max"": 120, ""confidence"": 0.05}, {""min"": 170, ""max"": 180, ""confidence"": 0.03}, {""min"": 100, ""max"": 110, ""confidence"": 0.02}, {""min"": 180, ""max"": 190, ""confidence"": 0.01}, {""min"": 90, ""max"": 100, ""confidence"": 0.01}]",,55.jpg,5,120.0,10,10
wgd_spd_55_20,150.0,0.3,"[{""min"": 120, ""max"": 140, ""confidence"": 0.25}, {""min"": 140, ""max"": 160, ""confidence"": 0.3}, {""min"": 100, ""max"": 120, ""confidence"": 0.2}, {""min"": 160, ""max"": 180, ""confidence"": 0.15}, {""min"": 80, ""max"": 100, ""confidence"": 0.1}]",,55.jpg,10,120.0,20,5
wgd_spd_55_40,140.0,0.5,"[{""min"": 120, ""max"": 160, ""confidence"": 0.5}, {""min"": 140, ""max"": 180, ""confidence"": 0.3}, {""min"": 100, ""max"": 140, ""confidence"": 0.2}]",,55.jpg,20,120.0,40,3
wgd_spd_56_02,141.0,0.12,"[{""min"": 140, ""max"": 142, ""confidence"": 0.12}, {""min"": 142, ""max"": 144, ""confidence"": 0.11}, {""min"": 144, ""max"": 146, ""confidence"": 0.1}, {""min"": 138, ""max"": 140, ""confidence"": 0.09}, {""min"": 146, ""max"": 148, ""confidence"": 0.09}, {""min"": 136, ""max"": 138, ""confidence"": 0.08}, {""min"": 148, ""max"": 150, ""confidence"": 0.08}, {""min"": 134, ""max"": 136, ""confidence"": 0.07}, {""min"": 150, ""max"": 152, ""confidence"": 0.07}, {""min"": 132, ""max"": 134, ""confidence"": 0.06}]",,56.jpg,1,144.0,2,10
wgd_spd_56_10,165.0,0.25,"[{""min"": 140, ""max"": 150, ""confidence"": 0.15}, {""min"": 150, ""max"": 160, ""confidence"": 0.2}, {""min"": 160, ""max"": 170, ""confidence"": 0.25}, {""min"": 170, ""max"": 180, ""confidence"": 0.2}, {""min"": 180, ""max"": 190, ""confidence"": 0.1}, {""min"": 130, ""max"": 140, ""confidence"": 0.05}, {""min"": 190, ""max"": 200, ""confidence"": 0.05}]",,56.jpg,5,144.0,10,10
wgd_spd_56_20,150.0,0.25,"[{""min"": 140, ""max"": 160, ""confidence"": 0.25}, {""min"": 150, ""max"": 170, ""confidence"": 0.25}, {""min"": 160, ""max"": 180, ""confidence"": 0.2}, {""min"": 170, ""max"": 190, ""confidence"": 0.15}, {""min"": 180, ""max"": 200, ""confidence"": 0.15}]",,56.jpg,10,144.0,20,5
wgd_spd_56_40,160.0,0.5,"[{""min"": 140, ""max"": 180, ""confidence"": 0.5}, {""min"": 160, ""max"": 200, ""confidence"": 0.3}, {""min"": 120, ""max"": 160, ""confidence"": 0.2}]",,56.jpg,20,144.0,40,3
wgd_spd_57_02,141.0,0.1,"[{""min"": 140, ""max"": 142, ""confidence"": 0.1}, {""min"": 142, ""max"": 144, ""confidence"": 0.1}, {""min"": 144, ""max"": 146, ""confidence"": 0.1}, {""min"": 146, ""max"": 148, ""confidence"": 0.1}, {""min"": 148, ""max"": 150, ""confidence"": 0.1}, {""min"": 150, ""max"": 152, ""confidence"": 0.1}, {""min"": 152, ""max"": 154, ""confidence"": 0.1}, {""min"": 154, ""max"": 156, ""confidence"": 0.1}, {""min"": 156, ""max"": 158, ""confidence"": 0.1}, {""min"": 158, ""max"": 160, ""confidence"": 0.1}]",,57.jpg,1,159.0,2,10
wgd_spd_57_10,145.0,0.2,"[{""min"": 140, ""max"": 150, ""confidence"": 0.2}, {""min"": 150, ""max"": 160, ""confidence"": 0.18}, {""min"": 130, ""max"": 140, ""confidence"": 0.15}, {""min"": 160, ""max"": 170, ""confidence"": 0.12}, {""min"": 120, ""max"": 130, ""confidence"": 0.1}, {""min"": 170, ""max"": 180, ""confidence"": 0.08}, {""min"": 110, ""max"": 120, ""confidence"": 0.05}, {""min"": 180, ""max"": 190, ""confidence"": 0.05}, {""min"": 190, ""max"": 200, ""confidence"": 0.03}, {""min"": 100, ""max"": 110, ""confidence"": 0.02}]",,57.jpg,5,159.0,10,10
wgd_spd_57_20,160.0,0.3,"[{""min"": 140, ""max"": 160, ""confidence"": 0.25}, {""min"": 150, ""max"": 170, ""confidence"": 0.3}, {""min"": 160, ""max"": 180, ""confidence"": 0.25}, {""min"": 130, ""max"": 150, ""confidence"": 0.1}, {""min"": 170, ""max"": 190, ""confidence"": 0.1}]",,57.jpg,10,159.0,20,5
wgd_spd_57_40,160.0,0.5,"[{""min"": 140, ""max"": 180, ""confidence"": 0.5}, {""min"": 150, ""max"": 190, ""confidence"": 0.3}, {""min"": 160, ""max"": 200, ""confidence"": 0.2}]",,57.jpg,20,159.0,40,3
wgd_spd_58_02,171.0,0.12,"[{""min"": 170, ""max"": 172, ""confidence"": 0.12}, {""min"": 168, ""max"": 170, ""confidence"": 0.11}, {""min"": 172, ""max"": 174, ""confidence"": 0.1}, {""min"": 166, ""max"": 168, ""confidence"": 0.09}, {""min"": 174, ""max"": 176, ""confidence"": 0.08}, {""min"": 164, ""max"": 166, ""confidence"": 0.07}, {""min"": 176, ""max"": 178, ""confidence"": 0.07}, {""min"": 162, ""max"": 164, ""confidence"": 0.06}, {""min"": 178, ""max"": 180, ""confidence"": 0.05}, {""min"": 160, ""max"": 162, ""confidence"": 0.05}]",,58.jpg,1,165.0,2,10
wgd_spd_58_10,145.0,0.15,"[{""min"": 140, ""max"": 150, ""confidence"": 0.15}, {""min"": 150, ""max"": 160, ""confidence"": 0.14}, {""min"": 160, ""max"": 170, ""confidence"": 0.13}, {""min"": 170, ""max"": 180, ""confidence"": 0.12}, {""min"": 180, ""max"": 190, ""confidence"": 0.11}, {""min"": 130, ""max"": 140, ""confidence"": 0.1}, {""min"": 190, ""max"": 200, ""confidence"": 0.08}, {""min"": 120, ""max"": 130, ""confidence"": 0.07}, {""min"": 200, ""max"": 210, ""confidence"": 0.06}, {""min"": 210, ""max"": 220, ""confidence"": 0.04}]",,58.jpg,5,165.0,10,10
wgd_spd_58_20,170.0,0.25,"[{""min"": 160, ""max"": 180, ""confidence"": 0.25}, {""min"": 180, ""max"": 200, ""confidence"": 0.2}, {""min"": 140, ""max"": 160, ""confidence"": 0.2}, {""min"": 200, ""max"": 220, ""confidence"": 0.15}, {""min"": 120, ""max"": 140, ""confidence"": 0.1}]",,58.jpg,10,165.0,20,5
wgd_spd_58_40,180.0,0.5,"[{""min"": 160, ""max"": 200, ""confidence"": 0.5}, {""min"": 180, ""max"": 220, ""confidence"": 0.3}, {""min"": 140, ""max"": 180, ""confidence"": 0.2}]",,58.jpg,20,165.0,40,3
wgd_spd_59_02,131.0,0.15,"[{""min"": 130, ""max"": 132, ""confidence"": 0.15}, {""min"": 132, ""max"": 134, ""confidence"": 0.14}, {""min"": 128, ""max"": 130, ""confidence"": 0.12}, {""min"": 134, ""max"": 136, ""confidence"": 0.11}, {""min"": 126, ""max"": 128, ""confidence"": 0.1}, {""min"": 136, ""max"": 138, ""confidence"": 0.09}, {""min"": 124, ""max"": 126, ""confidence"": 0.08}, {""min"": 138, ""max"": 140, ""confidence"": 0.07}, {""min"": 122, ""max"": 124, ""confidence"": 0.06}, {""min"": 140, ""max"": 142, ""confidence"": 0.05}]",,59.jpg,1,138.0,2,10
wgd_spd_59_10,145.0,0.25,"[{""min"": 120, ""max"": 130, ""confidence"": 0.15}, {""min"": 130, ""max"": 140, ""confidence"": 0.2}, {""min"": 140, ""max"": 150, ""confidence"": 0.25}, {""min"": 150, ""max"": 160, ""confidence"": 0.15}, {""min"": 160, ""max"": 170, ""confidence"": 0.1}, {""min"": 110, ""max"": 120, ""confidence"": 0.05}, {""min"": 170, ""max"": 180, ""confidence"": 0.05}, {""min"": 100, ""max"": 110, ""confidence"": 0.02}, {""min"": 180, ""max"": 190, ""confidence"": 0.03}, {""min"": 190, ""max"": 200, ""confidence"": 0.02}]",,59.jpg,5,138.0,10,10
wgd_spd_59_20,140.0,0.3,"[{""min"": 120, ""max"": 140, ""confidence"": 0.25}, {""min"": 130, ""max"": 150, ""confidence"": 0.3}, {""min"": 140, ""max"": 160, ""confidence"": 0.2}, {""min"": 110, ""max"": 130, ""confidence"": 0.15}, {""min"": 150, ""max"": 170, ""confidence"": 0.1}]",,59.jpg,10,138.0,20,5
wgd_spd_59_40,140.0,0.5,"[{""min"": 120, ""max"": 160, ""confidence"": 0.5}, {""min"": 140, ""max"": 180, ""confidence"": 0.3}, {""min"": 100, ""max"": 140, ""confidence"": 0.2}]",,59.jpg,20,138.0,40,3
wgd_spd_60_02,125.0,0.2,"[{""min"": 120, ""max"": 122, ""confidence"": 0.1}, {""min"": 122, ""max"": 124, ""confidence"": 0.15}, {""min"": 124, ""max"": 126, ""confidence"": 0.2}, {""min"": 126, ""max"": 128, ""confidence"": 0.15}, {""min"": 128, ""max"": 130, ""confidence"": 0.1}, {""min"": 130, ""max"": 132, ""confidence"": 0.08}, {""min"": 118, ""max"": 120, ""confidence"": 0.07}, {""min"": 132, ""max"": 134, ""confidence"": 0.06}, {""min"": 116, ""max"": 118, ""confidence"": 0.05}, {""min"": 134, ""max"": 136, ""confidence"": 0.05}]",,60.jpg,1,114.0,2,10
wgd_spd_60_10,125.0,0.25,"[{""min"": 110, ""max"": 120, ""confidence"": 0.2}, {""min"": 120, ""max"": 130, ""confidence"": 0.25}, {""min"": 130, ""max"": 140, ""confidence"": 0.2}, {""min"": 100, ""max"": 110, ""confidence"": 0.1}, {""min"": 140, ""max"": 150, ""confidence"": 0.1}, {""min"": 90, ""max"": 100, ""confidence"": 0.05}, {""min"": 150, ""max"": 160, ""confidence"": 0.05}, {""min"": 80, ""max"": 90, ""confidence"": 0.025}, {""min"": 160, ""max"": 170, ""confidence"": 0.025}, {""min"": 170, ""max"": 180, ""confidence"": 0.0}]",,60.jpg,5,114.0,10,10
wgd_spd_60_20,120.0,0.3,"[{""min"": 100, ""max"": 120, ""confidence"": 0.25}, {""min"": 110, ""max"": 130, ""confidence"": 0.3}, {""min"": 120, ""max"": 140, ""confidence"": 0.2}, {""min"": 130, ""max"": 150, ""confidence"": 0.15}, {""min"": 140, ""max"": 160, ""confidence"": 0.1}]",,60.jpg,10,114.0,20,5
wgd_spd_60_40,140.0,0.5,"[{""min"": 120, ""max"": 160, ""confidence"": 0.5}, {""min"": 100, ""max"": 140, ""confidence"": 0.3}, {""min"": 140, ""max"": 180, ""confidence"": 0.2}]",,60.jpg,20,114.0,40,3
wgd_spd_61_02,161.0,0.12,"[{""min"": 160, ""max"": 162, ""confidence"": 0.12}, {""min"": 158, ""max"": 160, ""confidence"": 0.11}, {""min"": 162, ""max"": 164, ""confidence"": 0.1}, {""min"": 154, ""max"": 156, ""confidence"": 0.09}, {""min"": 156, ""max"": 158, ""confidence"": 0.09}, {""min"": 152, ""max"": 154, ""confidence"": 0.08}, {""min"": 164, ""max"": 166, ""confidence"": 0.08}, {""min"": 150, ""max"": 152, ""confidence"": 0.07}, {""min"": 166, ""max"": 168, ""confidence"": 0.06}, {""min"": 148, ""max"": 150, ""confidence"": 0.05}]",,61.jpg,1,125.0,2,10
wgd_spd_61_10,165.0,0.25,"[{""min"": 140, ""max"": 150, ""confidence"": 0.15}, {""min"": 150, ""max"": 160, ""confidence"": 0.2}, {""min"": 160, ""max"": 170, ""confidence"": 0.25}, {""min"": 170, ""max"": 180, ""confidence"": 0.2}, {""min"": 180, ""max"": 190, ""confidence"": 0.1}, {""min"": 130, ""max"": 140, ""confidence"": 0.05}, {""min"": 190, ""max"": 200, ""confidence"": 0.03}, {""min"": 120, ""max"": 130, ""confidence"": 0.02}, {""min"": 200, ""max"": 210, ""confidence"": 0.01}, {""min"": 110, ""max"": 120, ""confidence"": 0.01}]",,61.jpg,5,125.0,10,10
wgd_spd_61_20,150.0,0.25,"[{""min"": 140, ""max"": 160, ""confidence"": 0.25}, {""min"": 160, ""max"": 180, ""confidence"": 0.25}, {""min"": 150, ""max"": 170, ""confidence"": 0.2}, {""min"": 170, ""max"": 190, ""confidence"": 0.15}, {""min"": 130, ""max"": 150, ""confidence"": 0.15}]",,61.jpg,10,125.0,20,5
wgd_spd_61_40,160.0,0.5,"[{""min"": 140, ""max"": 180, ""confidence"": 0.5}, {""min"": 160, ""max"": 200, ""confidence"": 0.3}, {""min"": 120, ""max"": 160, ""confidence"": 0.2}]",,61.jpg,20,125.0,40,3
wgd_spd_62_02,111.0,0.12,"[{""min"": 110, ""max"": 112, ""confidence"": 0.12}, {""min"": 112, ""max"": 114, ""confidence"": 0.11}, {""min"": 108, ""max"": 110, ""confidence"": 0.1}, {""min"": 114, ""max"": 116, ""confidence"": 0.09}, {""min"": 106, ""max"": 108, ""confidence"": 0.08}, {""min"": 116, ""max"": 118, ""confidence"": 0.08}, {""min"": 104, ""max"": 106, ""confidence"": 0.07}, {""min"": 118, ""max"": 120, ""confidence"": 0.07}, {""min"": 102, ""max"": 104, ""confidence"": 0.06}, {""min"": 120, ""max"": 122, ""confidence"": 0.05}]",,62.jpg,1,113.0,2,10
wgd_spd_62_10,125.0,0.25,"[{""min"": 100, ""max"": 110, ""confidence"": 0.15}, {""min"": 110, ""max"": 120, ""confidence"": 0.2}, {""min"": 120, ""max"": 130, ""confidence"": 0.25}, {""min"": 130, ""max"": 140, ""confidence"": 0.2}, {""min"": 140, ""max"": 150, ""confidence"": 0.1}, {""min"": 90, ""max"": 100, ""confidence"": 0.05}, {""min"": 150, ""max"": 160, ""confidence"": 0.03}, {""min"": 80, ""max"": 90, ""confidence"": 0.01}, {""min"": 160, ""max"": 170, ""confidence"": 0.01}, {""min"": 170, ""max"": 180, ""confidence"": 0.01}]",,62.jpg,5,113.0,10,10
wgd_spd_62_20,130.0,0.25,"[{""min"": 120, ""max"": 140, ""confidence"": 0.25}, {""min"": 110, ""max"": 130, ""confidence"": 0.22}, {""min"": 130, ""max"": 150, ""confidence"": 0.20}, {""min"": 100, ""max"": 120, ""confidence"": 0.18}, {""min"": 140, ""max"": 160, ""confidence"": 0.15}]",,62.jpg,10,113.0,20,5
wgd_spd_62_40,120.0,0.5,"[{""min"": 100, ""max"": 140, ""confidence"": 0.5}, {""min"": 120, ""max"": 160, ""confidence"": 0.3}, {""min"": 80, ""max"": 120, ""confidence"": 0.2}]",,62.jpg,20,113.0,40,3
wgd_spd_63_02,111.0,0.12,"[{""min"": 110, ""max"": 112, ""confidence"": 0.12}, {""min"": 108, ""max"": 110, ""confidence"": 0.11}, {""min"": 112, ""max"": 114, ""confidence"": 0.1}, {""min"": 106, ""max"": 108, ""confidence"": 0.09}, {""min"": 114, ""max"": 116, ""confidence"": 0.08}, {""min"": 104, ""max"": 106, ""confidence"": 0.07}, {""min"": 116, ""max"": 118, ""confidence"": 0.07}, {""min"": 118, ""max"": 120, ""confidence"": 0.06}, {""min"": 120, ""max"": 122, ""confidence"": 0.05}, {""min"": 102, ""max"": 104, ""confidence"": 0.05}]",,63.jpg,1,116.0,2,10
wgd_spd_63_10,125.0,0.25,"[{""min"": 100, ""max"": 110, ""confidence"": 0.15}, {""min"": 110, ""max"": 120, ""confidence"": 0.2}, {""min"": 120, ""max"": 130, ""confidence"": 0.25}, {""min"": 130, ""max"": 140, ""confidence"": 0.2}, {""min"": 140, ""max"": 150, ""confidence"": 0.1}, {""min"": 90, ""max"": 100, ""confidence"": 0.05}, {""min"": 150, ""max"": 160, ""confidence"": 0.03}, {""min"": 80, ""max"": 90, ""confidence"": 0.02}, {""min"": 160, ""max"": 170, ""confidence"": 0.01}, {""min"": 170, ""max"": 180, ""confidence"": 0.01}]",,63.jpg,5,116.0,10,10
wgd_spd_63_20,130.0,0.25,"[{""min"": 120, ""max"": 140, ""confidence"": 0.25}, {""min"": 110, ""max"": 130, ""confidence"": 0.2}, {""min"": 130, ""max"": 150, ""confidence"": 0.2}, {""min"": 100, ""max"": 120, ""confidence"": 0.15}, {""min"": 140, ""max"": 160, ""confidence"": 0.1}]",,63.jpg,10,116.0,20,5
wgd_spd_63_40,140.0,0.5,"[{""min"": 120, ""max"": 160, ""confidence"": 0.5}, {""min"": 100, ""max"": 140, ""confidence"": 0.3}, {""min"": 140, ""max"": 180, ""confidence"": 0.2}]",,63.jpg,20,116.0,40,3
wgd_spd_64_02,111.0,0.15,"[{""min"": 110, ""max"": 112, ""confidence"": 0.15}, {""min"": 112, ""max"": 114, ""confidence"": 0.12}, {""min"": 108, ""max"": 110, ""confidence"": 0.1}, {""min"": 114, ""max"": 116, ""confidence"": 0.09}, {""min"": 106, ""max"": 108, ""confidence"": 0.08}, {""min"": 116, ""max"": 118, ""confidence"": 0.07}, {""min"": 104, ""max"": 106, ""confidence"": 0.06}, {""min"": 118, ""max"": 120, ""confidence"": 0.06}, {""min"": 120, ""max"": 122, ""confidence"": 0.05}, {""min"": 122, ""max"": 124, ""confidence"": 0.05}]",,64.jpg,1,125.0,2,10
wgd_spd_64_10,135.0,0.2,"[{""min"": 110, ""max"": 120, ""confidence"": 0.1}, {""min"": 120, ""max"": 130, ""confidence"": 0.15}, {""min"": 130, ""max"": 140, ""confidence"": 0.2}, {""min"": 140, ""max"": 150, ""confidence"": 0.2}, {""min"": 150, ""max"": 160, ""confidence"": 0.15}, {""min"": 160, ""max"": 170, ""confidence"": 0.1}, {""min"": 100, ""max"": 110, ""confidence"": 0.05}, {""min"": 90, ""max"": 100, ""confidence"": 0.02}, {""min"": 80, ""max"": 90, ""confidence"": 0.02}, {""min"": 170, ""max"": 180, ""confidence"": 0.03}]",,64.jpg,5,125.0,10,10
wgd_spd_64_20,130.0,0.25,"[{""min"": 120, ""max"": 140, ""confidence"": 0.25}, {""min"": 100, ""max"": 120, ""confidence"": 0.2}, {""min"": 140, ""max"": 160, ""confidence"": 0.2}, {""min"": 80, ""max"": 100, ""confidence"": 0.15}, {""min"": 160, ""max"": 180, ""confidence"": 0.1}]",,64.jpg,10,125.0,20,5
wgd_spd_64_40,140.0,0.5,"[{""min"": 120, ""max"": 160, ""confidence"": 0.5}, {""min"": 100, ""max"": 140, ""confidence"": 0.3}, {""min"": 140, ""max"": 180, ""confidence"": 0.2}]",,64.jpg,20,125.0,40,3
wgd_spd_65_02,121.0,0.15,"[{""min"": 120, ""max"": 122, ""confidence"": 0.15}, {""min"": 118, ""max"": 120, ""confidence"": 0.14}, {""min"": 122, ""max"": 124, ""confidence"": 0.13}, {""min"": 116, ""max"": 118, ""confidence"": 0.12}, {""min"": 124, ""max"": 126, ""confidence"": 0.1}, {""min"": 114, ""max"": 116, ""confidence"": 0.09}, {""min"": 126, ""max"": 128, ""confidence"": 0.08}, {""min"": 112, ""max"": 114, ""confidence"": 0.07}, {""min"": 128, ""max"": 130, ""confidence"": 0.06}, {""min"": 110, ""max"": 112, ""confidence"": 0.06}]",,65.jpg,1,115.0,2,10
wgd_spd_65_10,135.0,0.2,"[{""min"": 120, ""max"": 130, ""confidence"": 0.15}, {""min"": 130, ""max"": 140, ""confidence"": 0.2}, {""min"": 110, ""max"": 120, ""confidence"": 0.1}, {""min"": 140, ""max"": 150, ""confidence"": 0.18}, {""min"": 150, ""max"": 160, ""confidence"": 0.12}, {""min"": 100, ""max"": 110, ""confidence"": 0.05}, {""min"": 160, ""max"": 170, ""confidence"": 0.08}, {""min"": 90, ""max"": 100, ""confidence"": 0.02}, {""min"": 170, ""max"": 180, ""confidence"": 0.05}, {""min"": 80, ""max"": 90, ""confidence"": 0.05}]",,65.jpg,5,115.0,10,10
wgd_spd_65_20,140.0,0.3,"[{""min"": 120, ""max"": 140, ""confidence"": 0.25}, {""min"": 130, ""max"": 150, ""confidence"": 0.3}, {""min"": 110, ""max"": 130, ""confidence"": 0.2}, {""min"": 140, ""max"": 160, ""confidence"": 0.15}, {""min"": 100, ""max"": 120, ""confidence"": 0.1}]",,65.jpg,10,115.0,20,5
wgd_spd_65_40,140.0,0.5,"[{""min"": 120, ""max"": 160, ""confidence"": 0.5}, {""min"": 110, ""max"": 150, ""confidence"": 0.3}, {""min"": 130, ""max"": 170, ""confidence"": 0.2}]",,65.jpg,20,115.0,40,3
wgd_spd_66_02,141.0,0.12,"[{""min"": 140, ""max"": 142, ""confidence"": 0.12}, {""min"": 142, ""max"": 144, ""confidence"": 0.11}, {""min"": 144, ""max"": 146, ""confidence"": 0.1}, {""min"": 146, ""max"": 148, ""confidence"": 0.09}, {""min"": 148, ""max"": 150, ""confidence"": 0.08}, {""min"": 150, ""max"": 152, ""confidence"": 0.08}, {""min"": 152, ""max"": 154, ""confidence"": 0.07}, {""min"": 154, ""max"": 156, ""confidence"": 0.07}, {""min"": 138, ""max"": 140, ""confidence"": 0.06}, {""min"": 156, ""max"": 158, ""confidence"": 0.06}]",,66.jpg,1,152.0,2,10
wgd_spd_66_10,155.0,0.25,"[{""min"": 130, ""max"": 140, ""confidence"": 0.15}, {""min"": 140, ""max"": 150, ""confidence"": 0.2}, {""min"": 150, ""max"": 160, ""confidence"": 0.25}, {""min"": 160, ""max"": 170, ""confidence"": 0.2}, {""min"": 170, ""max"": 180, ""confidence"": 0.1}, {""min"": 120, ""max"": 130, ""confidence"": 0.05}, {""min"": 180, ""max"": 190, ""confidence"": 0.03}, {""min"": 110, ""max"": 120, ""confidence"": 0.01}, {""min"": 190, ""max"": 200, ""confidence"": 0.01}, {""min"": 200, ""max"": 210, ""confidence"": 0.01}]",,66.jpg,5,152.0,10,10
wgd_spd_66_20,150.0,0.25,"[{""min"": 140, ""max"": 160, ""confidence"": 0.25}, {""min"": 160, ""max"": 180, ""confidence"": 0.23}, {""min"": 120, ""max"": 140, ""confidence"": 0.2}, {""min"": 180, ""max"": 200, ""confidence"": 0.18}, {""min"": 100, ""max"": 120, ""confidence"": 0.14}]",,66.jpg,10,152.0,20,5
wgd_spd_66_40,160.0,0.5,"[{""min"": 140, ""max"": 180, ""confidence"": 0.5}, {""min"": 160, ""max"": 200, ""confidence"": 0.3}, {""min"": 120, ""max"": 160, ""confidence"": 0.2}]",,66.jpg,20,152.0,40,3
wgd_spd_67_02,121.0,0.15,"[{""min"": 120, ""max"": 122, ""confidence"": 0.15}, {""min"": 122, ""max"": 124, ""confidence"": 0.14}, {""min"": 124, ""max"": 126, ""confidence"": 0.13}, {""min"": 126, ""max"": 128, ""confidence"": 0.12}, {""min"": 128, ""max"": 130, ""confidence"": 0.11}, {""min"": 130, ""max"": 132, ""confidence"": 0.1}, {""min"": 118, ""max"": 120, ""confidence"": 0.09}, {""min"": 132, ""max"": 134, ""confidence"": 0.08}, {""min"": 116, ""max"": 118, ""confidence"": 0.05}, {""min"": 134, ""max"": 136, ""confidence"": 0.03}]",,67.jpg,1,120.0,2,10
wgd_spd_67_10,135.0,0.25,"[{""min"": 110, ""max"": 120, ""confidence"": 0.15}, {""min"": 120, ""max"": 130, ""confidence"": 0.2}, {""min"": 130, ""max"": 140, ""confidence"": 0.25}, {""min"": 140, ""max"": 150, ""confidence"": 0.2}, {""min"": 150, ""max"": 160, ""confidence"": 0.1}, {""min"": 100, ""max"": 110, ""confidence"": 0.05}, {""min"": 160, ""max"": 170, ""confidence"": 0.03}, {""min"": 90, ""max"": 100, ""confidence"": 0.01}, {""min"": 170, ""max"": 180, ""confidence"": 0.005}, {""min"": 80, ""max"": 90, ""confidence"": 0.005}]",,67.jpg,5,120.0,10,10
wgd_spd_67_20,130.0,0.25,"[{""min"": 120, ""max"": 140, ""confidence"": 0.25}, {""min"": 100, ""max"": 120, ""confidence"": 0.2}, {""min"": 140, ""max"": 160, ""confidence"": 0.2}, {""min"": 110, ""max"": 130, ""confidence"": 0.18}, {""min"": 130, ""max"": 150, ""confidence"": 0.17}]",,67.jpg,10,120.0,20,5
wgd_spd_67_40,140.0,0.4,"[{""min"": 120, ""max"": 160, ""confidence"": 0.4}, {""min"": 140, ""max"": 180, ""confidence"": 0.3}, {""min"": 100, ""max"": 140, ""confidence"": 0.3}]",,67.jpg,20,120.0,40,3
wgd_spd_68_02,111.0,0.15,"[{""min"": 110, ""max"": 112, ""confidence"": 0.15}, {""min"": 112, ""max"": 114, ""confidence"": 0.14}, {""min"": 108, ""max"": 110, ""confidence"": 0.13}, {""min"": 114, ""max"": 116, ""confidence"": 0.12}, {""min"": 106, ""max"": 108, ""confidence"": 0.11}, {""min"": 104, ""max"": 106, ""confidence"": 0.09}, {""min"": 116, ""max"": 118, ""confidence"": 0.08}, {""min"": 118, ""max"": 120, ""confidence"": 0.07}, {""min"": 102, ""max"": 104, ""confidence"": 0.06}, {""min"": 100, ""max"": 102, ""confidence"": 0.05}]",,68.jpg,1,113.0,2,10
wgd_spd_68_10,135.0,0.25,"[{""min"": 110, ""max"": 120, ""confidence"": 0.15}, {""min"": 120, ""max"": 130, ""confidence"": 0.2}, {""min"": 130, ""max"": 140, ""confidence"": 0.25}, {""min"": 140, ""max"": 150, ""confidence"": 0.2}, {""min"": 100, ""max"": 110, ""confidence"": 0.05}, {""min"": 150, ""max"": 160, ""confidence"": 0.05}, {""min"": 90, ""max"": 100, ""confidence"": 0.03}, {""min"": 160, ""max"": 170, ""confidence"": 0.02}, {""min"": 80, ""max"": 90, ""confidence"": 0.03}, {""min"": 170, ""max"": 180, ""confidence"": 0.02}]",,68.jpg,5,113.0,10,10
wgd_spd_68_20,120.0,0.3,"[{""min"": 100, ""max"": 120, ""confidence"": 0.25}, {""min"": 110, ""max"": 130, ""confidence"": 0.3}, {""min"": 120, ""max"": 140, ""confidence"": 0.2}, {""min"": 90, ""max"": 110, ""confidence"": 0.15}, {""min"": 130, ""max"": 150, ""confidence"": 0.1}]",,68.jpg,10,113.0,20,5
wgd_spd_68_40,120.0,0.4,"[{""min"": 100, ""max"": 140, ""confidence"": 0.4}, {""min"": 120, ""max"": 160, ""confidence"": 0.3}, {""min"": 140, ""max"": 180, ""confidence"": 0.3}]",,68.jpg,20,113.0,40,3
wgd_spd_69_02,135.0,0.12,"[{""min"": 134, ""max"": 136, ""confidence"": 0.12}, {""min"": 136, ""max"": 138, ""confidence"": 0.11}, {""min"": 138, ""max"": 140, ""confidence"": 0.1}, {""min"": 140, ""max"": 142, ""confidence"": 0.09}, {""min"": 132, ""max"": 134, ""confidence"": 0.08}, {""min"": 142, ""max"": 144, ""confidence"": 0.08}, {""min"": 130, ""max"": 132, ""confidence"": 0.07}, {""min"": 144, ""max"": 146, ""confidence"": 0.07}, {""min"": 128, ""max"": 130, ""confidence"": 0.06}, {""min"": 146, ""max"": 148, ""confidence"": 0.06}]",,69.jpg,1,126.0,2,10
wgd_spd_69_10,155.0,0.2,"[{""min"": 140, ""max"": 150, ""confidence"": 0.15}, {""min"": 150, ""max"": 160, ""confidence"": 0.2}, {""min"": 130, ""max"": 140, ""confidence"": 0.1}, {""min"": 160, ""max"": 170, ""confidence"": 0.2}, {""min"": 120, ""max"": 130, ""confidence"": 0.05}, {""min"": 170, ""max"": 180, ""confidence"": 0.1}, {""min"": 180, ""max"": 190, ""confidence"": 0.05}, {""min"": 110, ""max"": 120, ""confidence"": 0.05}, {""min"": 190, ""max"": 200, ""confidence"": 0.05}, {""min"": 100, ""max"": 110, ""confidence"": 0.05}]",,69.jpg,5,126.0,10,10
wgd_spd_69_20,150.0,0.3,"[{""min"": 130, ""max"": 150, ""confidence"": 0.25}, {""min"": 140, ""max"": 160, ""confidence"": 0.3}, {""min"": 150, ""max"": 170, ""confidence"": 0.25}, {""min"": 160, ""max"": 180, ""confidence"": 0.15}, {""min"": 170, ""max"": 190, ""confidence"": 0.05}]",,69.jpg,10,126.0,20,5
wgd_spd_69_40,160.0,0.6,"[{""min"": 140, ""max"": 180, ""confidence"": 0.6}, {""min"": 160, ""max"": 200, ""confidence"": 0.3}, {""min"": 120, ""max"": 160, ""confidence"": 0.1}]",,69.jpg,20,126.0,40,3
wgd_spd_70_02,141.0,0.15,"[{""min"": 140, ""max"": 142, ""confidence"": 0.15}, {""min"": 142, ""max"": 144, ""confidence"": 0.13}, {""min"": 138, ""max"": 140, ""confidence"": 0.12}, {""min"": 144, ""max"": 146, ""confidence"": 0.11}, {""min"": 136, ""max"": 138, ""confidence"": 0.1}, {""min"": 146, ""max"": 148, ""confidence"": 0.09}, {""min"": 134, ""max"": 136, ""confidence"": 0.08}, {""min"": 148, ""max"": 150, ""confidence"": 0.07}, {""min"": 132, ""max"": 134, ""confidence"": 0.06}, {""min"": 150, ""max"": 152, ""confidence"": 0.05}]",,70.jpg,1,120.0,2,10
wgd_spd_70_10,145.0,0.15,"[{""min"": 140, ""max"": 150, ""confidence"": 0.15}, {""min"": 150, ""max"": 160, ""confidence"": 0.15}, {""min"": 130, ""max"": 140, ""confidence"": 0.12}, {""min"": 160, ""max"": 170, ""confidence"": 0.12}, {""min"": 120, ""max"": 130, ""confidence"": 0.1}, {""min"": 170, ""max"": 180, ""confidence"": 0.1}, {""min"": 110, ""max"": 120, ""confidence"": 0.08}, {""min"": 180, ""max"": 190, ""confidence"": 0.08}, {""min"": 100, ""max"": 110, ""confidence"": 0.05}, {""min"": 190, ""max"": 200, ""confidence"": 0.05}]",,70.jpg,5,120.0,10,10
wgd_spd_70_20,160.0,0.3,"[{""min"": 140, ""max"": 160, ""confidence"": 0.25}, {""min"": 150, ""max"": 170, ""confidence"": 0.3}, {""min"": 160, ""max"": 180, ""confidence"": 0.2}, {""min"": 130, ""max"": 150, ""confidence"": 0.15}, {""min"": 170, ""max"": 190, ""confidence"": 0.1}]",,70.jpg,10,120.0,20,5
wgd_spd_70_40,160.0,0.6,"[{""min"": 140, ""max"": 180, ""confidence"": 0.6}, {""min"": 160, ""max"": 200, ""confidence"": 0.3}, {""min"": 120, ""max"": 160, ""confidence"": 0.1}]",,70.jpg,20,120.0,40,3
wgd_spd_71_02,111.0,0.12,"[{""min"": 110, ""max"": 112, ""confidence"": 0.12}, {""min"": 112, ""max"": 114, ""confidence"": 0.11}, {""min"": 108, ""max"": 110, ""confidence"": 0.1}, {""min"": 114, ""max"": 116, ""confidence"": 0.09}, {""min"": 106, ""max"": 108, ""confidence"": 0.08}, {""min"": 104, ""max"": 106, ""confidence"": 0.07}, {""min"": 116, ""max"": 118, ""confidence"": 0.07}, {""min"": 118, ""max"": 120, ""confidence"": 0.06}, {""min"": 102, ""max"": 104, ""confidence"": 0.05}, {""min"": 100, ""max"": 102, ""confidence"": 0.05}]",,71.jpg,1,134.0,2,10
wgd_spd_71_10,115.0,0.2,"[{""min"": 110, ""max"": 120, ""confidence"": 0.2}, {""min"": 120, ""max"": 130, ""confidence"": 0.18}, {""min"": 105, ""max"": 115, ""confidence"": 0.15}, {""min"": 130, ""max"": 140, ""confidence"": 0.12}, {""min"": 115, ""max"": 125, ""confidence"": 0.1}, {""min"": 100, ""max"": 110, ""confidence"": 0.08}, {""min"": 125, ""max"": 135, ""confidence"": 0.07}, {""min"": 95, ""max"": 105, ""confidence"": 0.05}, {""min"": 135, ""max"": 145, ""confidence"": 0.03}, {""min"": 90, ""max"": 100, ""confidence"": 0.02}]",,71.jpg,5,134.0,10,10
wgd_spd_71_20,130.0,0.25,"[{""min"": 120, ""max"": 140, ""confidence"": 0.25}, {""min"": 110, ""max"": 130, ""confidence"": 0.23}, {""min"": 130, ""max"": 150, ""confidence"": 0.21}, {""min"": 100, ""max"": 120, ""confidence"": 0.18}, {""min"": 140, ""max"": 160, ""confidence"": 0.13}]",,71.jpg,10,134.0,20,5
wgd_spd_71_40,140.0,0.5,"[{""min"": 120, ""max"": 160, ""confidence"": 0.5}, {""min"": 100, ""max"": 140, ""confidence"": 0.3}, {""min"": 140, ""max"": 180, ""confidence"": 0.2}]",,71.jpg,20,134.0,40,3
wgd_spd_72_02,151.0,0.12,"[{""min"": 150, ""max"": 152, ""confidence"": 0.12}, {""min"": 152, ""max"": 154, ""confidence"": 0.11}, {""min"": 148, ""max"": 150, ""confidence"": 0.1}, {""min"": 154, ""max"": 156, ""confidence"": 0.09}, {""min"": 156, ""max"": 158, ""confidence"": 0.08}, {""min"": 146, ""max"": 148, ""confidence"": 0.08}, {""min"": 158, ""max"": 160, ""confidence"": 0.07}, {""min"": 144, ""max"": 146, ""confidence"": 0.06}, {""min"": 142, ""max"": 144, ""confidence"": 0.05}, {""min"": 160, ""max"": 162, ""confidence"": 0.05}]",,72.jpg,1,177.0,2,10
wgd_spd_72_10,145.0,0.15,"[{""min"": 140, ""max"": 150, ""confidence"": 0.15}, {""min"": 150, ""max"": 160, ""confidence"": 0.14}, {""min"": 160, ""max"": 170, ""confidence"": 0.13}, {""min"": 170, ""max"": 180, ""confidence"": 0.12}, {""min"": 130, ""max"": 140, ""confidence"": 0.11}, {""min"": 180, ""max"": 190, ""confidence"": 0.1}, {""min"": 120, ""max"": 130, ""confidence"": 0.08}, {""min"": 190, ""max"": 200, ""confidence"": 0.07}, {""min"": 110, ""max"": 120, ""confidence"": 0.06}, {""min"": 200, ""max"": 210, ""confidence"": 0.04}]",,72.jpg,5,177.0,10,10
wgd_spd_72_20,150.0,0.25,"[{""min"": 140, ""max"": 160, ""confidence"": 0.25}, {""min"": 150, ""max"": 170, ""confidence"": 0.2}, {""min"": 160, ""max"": 180, ""confidence"": 0.2}, {""min"": 130, ""max"": 150, ""confidence"": 0.15}, {""min"": 170, ""max"": 190, ""confidence"": 0.1}]",,72.jpg,10,177.0,20,5
wgd_spd_72_40,160.0,0.6,"[{""min"": 140, ""max"": 180, ""confidence"": 0.6}, {""min"": 160, ""max"": 200, ""confidence"": 0.3}, {""min"": 120, ""max"": 160, ""confidence"": 0.1}]",,72.jpg,20,177.0,40,3
wgd_spd_73_02,141.0,0.15,"[{""min"": 140, ""max"": 142, ""confidence"": 0.15}, {""min"": 138, ""max"": 140, ""confidence"": 0.12}, {""min"": 142, ""max"": 144, ""confidence"": 0.11}, {""min"": 144, ""max"": 146, ""confidence"": 0.1}, {""min"": 136, ""max"": 138, ""confidence"": 0.09}, {""min"": 134, ""max"": 136, ""confidence"": 0.08}, {""min"": 146, ""max"": 148, ""confidence"": 0.07}, {""min"": 148, ""max"": 150, ""confidence"": 0.06}, {""min"": 132, ""max"": 134, ""confidence"": 0.05}, {""min"": 130, ""max"": 132, ""confidence"": 0.04}]",,73.jpg,1,138.0,2,10
wgd_spd_73_10,160.0,0.25,"[{""min"": 140, ""max"": 150, ""confidence"": 0.15}, {""min"": 150, ""max"": 160, ""confidence"": 0.2}, {""min"": 155, ""max"": 165, ""confidence"": 0.25}, {""min"": 160, ""max"": 170, ""confidence"": 0.2}, {""min"": 145, ""max"": 155, ""confidence"": 0.1}, {""min"": 165, ""max"": 175, ""confidence"": 0.05}, {""min"": 135, ""max"": 145, ""confidence"": 0.03}, {""min"": 170, ""max"": 180, ""confidence"": 0.02}]",,73.jpg,5,138.0,10,10
wgd_spd_73_20,160.0,0.3,"[{""min"": 140, ""max"": 160, ""confidence"": 0.25}, {""min"": 150, ""max"": 170, ""confidence"": 0.3}, {""min"": 160, ""max"": 180, ""confidence"": 0.25}, {""min"": 170, ""max"": 190, ""confidence"": 0.15}, {""min"": 180, ""max"": 200, ""confidence"": 0.05}]",,73.jpg,10,138.0,20,5
wgd_spd_73_40,160.0,0.5,"[{""min"": 140, ""max"": 180, ""confidence"": 0.5}, {""min"": 150, ""max"": 190, ""confidence"": 0.3}, {""min"": 160, ""max"": 200, ""confidence"": 0.2}]",,73.jpg,20,138.0,40,3
wgd_spd_74_02,141.0,0.12,"[{""min"": 140, ""max"": 142, ""confidence"": 0.12}, {""min"": 138, ""max"": 140, ""confidence"": 0.11}, {""min"": 142, ""max"": 144, ""confidence"": 0.1}, {""min"": 136, ""max"": 138, ""confidence"": 0.09}, {""min"": 144, ""max"": 146, ""confidence"": 0.08}, {""min"": 134, ""max"": 136, ""confidence"": 0.07}, {""min"": 146, ""max"": 148, ""confidence"": 0.07}, {""min"": 132, ""max"": 134, ""confidence"": 0.06}, {""min"": 148, ""max"": 150, ""confidence"": 0.05}, {""min"": 130, ""max"": 132, ""confidence"": 0.05}]",,74.jpg,1,118.0,2,10
wgd_spd_74_10,145.0,0.2,"[{""min"": 140, ""max"": 150, ""confidence"": 0.2}, {""min"": 150, ""max"": 160, ""confidence"": 0.18}, {""min"": 130, ""max"": 140, ""confidence"": 0.15}, {""min"": 160, ""max"": 170, ""confidence"": 0.12}, {""min"": 120, ""max"": 130, ""confidence"": 0.1}, {""min"": 170, ""max"": 180, ""confidence"": 0.08}, {""min"": 110, ""max"": 120, ""confidence"": 0.05}, {""min"": 180, ""max"": 190, ""confidence"": 0.05}, {""min"": 190, ""max"": 200, ""confidence"": 0.03}, {""min"": 100, ""max"": 110, ""confidence"": 0.04}]",,74.jpg,5,118.0,10,10
wgd_spd_74_20,160.0,0.3,"[{""min"": 140, ""max"": 160, ""confidence"": 0.25}, {""min"": 150, ""max"": 170, ""confidence"": 0.3}, {""min"": 160, ""max"": 180, ""confidence"": 0.2}, {""min"": 170, ""max"": 190, ""confidence"": 0.15}, {""min"": 180, ""max"": 200, ""confidence"": 0.1}]",,74.jpg,10,118.0,20,5
wgd_spd_74_40,160.0,0.5,"[{""min"": 140, ""max"": 180, ""confidence"": 0.5}, {""min"": 160, ""max"": 200, ""confidence"": 0.3}, {""min"": 120, ""max"": 160, ""confidence"": 0.2}]",,74.jpg,20,118.0,40,3
wgd_spd_75_02,121.0,0.13,"[{""min"": 120, ""max"": 122, ""confidence"": 0.13}, {""min"": 118, ""max"": 120, ""confidence"": 0.12}, {""min"": 122, ""max"": 124, ""confidence"": 0.11}, {""min"": 116, ""max"": 118, ""confidence"": 0.1}, {""min"": 124, ""max"": 126, ""confidence"": 0.09}, {""min"": 114, ""max"": 116, ""confidence"": 0.08}, {""min"": 126, ""max"": 128, ""confidence"": 0.07}, {""min"": 112, ""max"": 114, ""confidence"": 0.06}, {""min"": 128, ""max"": 130, ""confidence"": 0.05}, {""min"": 110, ""max"": 112, ""confidence"": 0.04}]",,75.jpg,1,99.0,2,10
wgd_spd_75_10,125.0,0.2,"[{""min"": 110, ""max"": 120, ""confidence"": 0.15}, {""min"": 120, ""max"": 130, ""confidence"": 0.2}, {""min"": 100, ""max"": 110, ""confidence"": 0.12}, {""min"": 130, ""max"": 140, ""confidence"": 0.18}, {""min"": 90, ""max"": 100, ""confidence"": 0.08}, {""min"": 140, ""max"": 150, ""confidence"": 0.1}, {""min"": 80, ""max"": 90, ""confidence"": 0.05}, {""min"": 150, ""max"": 160, ""confidence"": 0.05}, {""min"": 70, ""max"": 80, ""confidence"": 0.03}, {""min"": 160, ""max"": 170, ""confidence"": 0.04}]",,75.jpg,5,99.0,10,10
wgd_spd_75_20,110.0,0.3,"[{""min"": 100, ""max"": 120, ""confidence"": 0.3}, {""min"": 120, ""max"": 140, ""confidence"": 0.25}, {""min"": 110, ""max"": 130, ""confidence"": 0.2}, {""min"": 90, ""max"": 110, ""confidence"": 0.15}, {""min"": 130, ""max"": 150, ""confidence"": 0.1}]",,75.jpg,10,99.0,20,5
wgd_spd_75_40,140.0,0.5,"[{""min"": 120, ""max"": 160, ""confidence"": 0.5}, {""min"": 100, ""max"": 140, ""confidence"": 0.3}, {""min"": 140, ""max"": 180, ""confidence"": 0.2}]",,75.jpg,20,99.0,40,3
wgd_spd_100_02,155.0,0.2,"[{""min"": 150, ""max"": 152, ""confidence"": 0.1}, {""min"": 152, ""max"": 154, ""confidence"": 0.15}, {""min"": 154, ""max"": 156, ""confidence"": 0.2}, {""min"": 156, ""max"": 158, ""confidence"": 0.15}, {""min"": 158, ""max"": 160, ""confidence"": 0.1}, {""min"": 160, ""max"": 162, ""confidence"": 0.05}, {""min"": 162, ""max"": 164, ""confidence"": 0.05}, {""min"": 164, ""max"": 166, ""confidence"": 0.05}, {""min"": 166, ""max"": 168, ""confidence"": 0.05}, {""min"": 168, ""max"": 170, ""confidence"": 0.1}]",,100.jpg,1,177.0,2,10
wgd_spd_100_10,165.0,0.25,"[{""min"": 140, ""max"": 150, ""confidence"": 0.15}, {""min"": 150, ""max"": 160, ""confidence"": 0.2}, {""min"": 160, ""max"": 170, ""confidence"": 0.25}, {""min"": 170, ""max"": 180, ""confidence"": 0.2}, {""min"": 180, ""max"": 190, ""confidence"": 0.1}, {""min"": 130, ""max"": 140, ""confidence"": 0.05}, {""min"": 120, ""max"": 130, ""confidence"": 0.02}, {""min"": 190, ""max"": 200, ""confidence"": 0.02}, {""min"": 110, ""max"": 120, ""confidence"": 0.01}, {""min"": 200, ""max"": 210, ""confidence"": 0.01}]",,100.jpg,5,177.0,10,10
wgd_spd_100_20,150.0,0.3,"[{""min"": 140, ""max"": 160, ""confidence"": 0.3}, {""min"": 150, ""max"": 170, ""confidence"": 0.25}, {""min"": 160, ""max"": 180, ""confidence"": 0.2}, {""min"": 130, ""max"": 150, ""confidence"": 0.15}, {""min"": 170, ""max"": 190, ""confidence"": 0.1}]",,100.jpg,10,177.0,20,5
wgd_spd_100_40,160.0,0.5,"[{""min"": 140, ""max"": 180, ""confidence"": 0.5}, {""min"": 160, ""max"": 200, ""confidence"": 0.3}, {""min"": 120, ""max"": 160, ""confidence"": 0.2}]",,100.jpg,20,177.0,40,3
wgd_spd_101_02,151.0,0.12,"[{""min"": 150, ""max"": 152, ""confidence"": 0.12}, {""min"": 148, ""max"": 150, ""confidence"": 0.11}, {""min"": 152, ""max"": 154, ""confidence"": 0.1}, {""min"": 146, ""max"": 148, ""confidence"": 0.09}, {""min"": 154, ""max"": 156, ""confidence"": 0.08}, {""min"": 144, ""max"": 146, ""confidence"": 0.07}, {""min"": 156, ""max"": 158, ""confidence"": 0.07}, {""min"": 142, ""max"": 144, ""confidence"": 0.06}, {""min"": 158, ""max"": 160, ""confidence"": 0.05}, {""min"": 140, ""max"": 142, ""confidence"": 0.05}]",,101.jpg,1,137.4,2,10
wgd_spd_101_10,155.0,0.2,"[{""min"": 150, ""max"": 160, ""confidence"": 0.2}, {""min"": 160, ""max"": 170, ""confidence"": 0.15}, {""min"": 140, ""max"": 150, ""confidence"": 0.12}, {""min"": 170, ""max"": 180, ""confidence"": 0.1}, {""min"": 130, ""max"": 140, ""confidence"": 0.08}, {""min"": 180, ""max"": 190, ""confidence"": 0.07}, {""min"": 120, ""max"": 130, ""confidence"": 0.06}, {""min"": 190, ""max"": 200, ""confidence"": 0.05}, {""min"": 110, ""max"": 120, ""confidence"": 0.04}, {""min"": 200, ""max"": 210, ""confidence"": 0.03}]",,101.jpg,5,137.4,10,10
wgd_spd_101_20,160.0,0.25,"[{""min"": 150, ""max"": 170, ""confidence"": 0.25}, {""min"": 160, ""max"": 180, ""confidence"": 0.2}, {""min"": 140, ""max"": 160, ""confidence"": 0.2}, {""min"": 170, ""max"": 190, ""confidence"": 0.15}, {""min"": 130, ""max"": 150, ""confidence"": 0.1}]",,101.jpg,10,137.4,20,5
wgd_spd_101_40,160.0,0.45,"[{""min"": 140, ""max"": 180, ""confidence"": 0.45}, {""min"": 160, ""max"": 200, ""confidence"": 0.3}, {""min"": 120, ""max"": 160, ""confidence"": 0.25}]",,101.jpg,20,137.4,40,3
wgd_spd_102_02,155.0,0.2,"[{""min"": 150, ""max"": 152, ""confidence"": 0.1}, {""min"": 152, ""max"": 154, ""confidence"": 0.15}, {""min"": 154, ""max"": 156, ""confidence"": 0.2}, {""min"": 156, ""max"": 158, ""confidence"": 0.15}, {""min"": 158, ""max"": 160, ""confidence"": 0.1}, {""min"": 160, ""max"": 162, ""confidence"": 0.08}, {""min"": 162, ""max"": 164, ""confidence"": 0.06}, {""min"": 164, ""max"": 166, ""confidence"": 0.05}, {""min"": 166, ""max"": 168, ""confidence"": 0.04}, {""min"": 168, ""max"": 170, ""confidence"": 0.07}]",,102.jpg,1,152.4,2,10
wgd_spd_102_10,145.0,0.15,"[{""min"": 140, ""max"": 150, ""confidence"": 0.15}, {""min"": 150, ""max"": 160, ""confidence"": 0.15}, {""min"": 160, ""max"": 170, ""confidence"": 0.14}, {""min"": 170, ""max"": 180, ""confidence"": 0.13}, {""min"": 130, ""max"": 140, ""confidence"": 0.12}, {""min"": 120, ""max"": 130, ""confidence"": 0.08}, {""min"": 180, ""max"": 190, ""confidence"": 0.07}, {""min"": 190, ""max"": 200, ""confidence"": 0.06}, {""min"": 110, ""max"": 120, ""confidence"": 0.05}, {""min"": 200, ""max"": 210, ""confidence"": 0.05}]",,102.jpg,5,152.4,10,10
wgd_spd_102_20,160.0,0.3,"[{""min"": 140, ""max"": 160, ""confidence"": 0.25}, {""min"": 150, ""max"": 170, ""confidence"": 0.3}, {""min"": 160, ""max"": 180, ""confidence"": 0.25}, {""min"": 170, ""max"": 190, ""confidence"": 0.15}, {""min"": 180, ""max"": 200, ""confidence"": 0.05}]",,102.jpg,10,152.4,20,5
wgd_spd_102_40,160.0,0.6,"[{""min"": 140, ""max"": 180, ""confidence"": 0.6}, {""min"": 160, ""max"": 200, ""confidence"": 0.3}, {""min"": 120, ""max"": 160, ""confidence"": 0.1}]",,102.jpg,20,152.4,40,3
wgd_spd_103_02,135.0,0.3,"[{""min"": 130, ""max"": 132, ""confidence"": 0.1}, {""min"": 132, ""max"": 134, ""confidence"": 0.2}, {""min"": 134, ""max"": 136, ""confidence"": 0.3}, {""min"": 136, ""max"": 138, ""confidence"": 0.2}, {""min"": 138, ""max"": 140, ""confidence"": 0.1}, {""min"": 140, ""max"": 142, ""confidence"": 0.05}, {""min"": 142, ""max"": 144, ""confidence"": 0.03}, {""min"": 144, ""max"": 146, ""confidence"": 0.01}, {""min"": 146, ""max"": 148, ""confidence"": 0.005}, {""min"": 148, ""max"": 150, ""confidence"": 0.005}]",,103.jpg,1,122.4,2,10
wgd_spd_103_10,155.0,0.21,"[{""min"": 140, ""max"": 150, ""confidence"": 0.12}, {""min"": 150, ""max"": 160, ""confidence"": 0.21}, {""min"": 130, ""max"": 140, ""confidence"": 0.11}, {""min"": 160, ""max"": 170, ""confidence"": 0.18}, {""min"": 120, ""max"": 130, ""confidence"": 0.07}, {""min"": 170, ""max"": 180, ""confidence"": 0.13}, {""min"": 180, ""max"": 190, ""confidence"": 0.08}, {""min"": 110, ""max"": 120, ""confidence"": 0.04}, {""min"": 190, ""max"": 200, ""confidence"": 0.04}, {""min"": 200, ""max"": 210, ""confidence"": 0.02}]",,103.jpg,5,122.4,10,10
wgd_spd_103_20,150.0,0.25,"[{""min"": 140, ""max"": 160, ""confidence"": 0.25}, {""min"": 150, ""max"": 170, ""confidence"": 0.2}, {""min"": 130, ""max"": 150, ""confidence"": 0.2}, {""min"": 160, ""max"": 180, ""confidence"": 0.15}, {""min"": 120, ""max"": 140, ""confidence"": 0.1}]",,103.jpg,10,122.4,20,5
wgd_spd_103_40,160.0,0.5,"[{""min"": 140, ""max"": 180, ""confidence"": 0.5}, {""min"": 160, ""max"": 200, ""confidence"": 0.3}, {""min"": 120, ""max"": 160, ""confidence"": 0.2}]",,103.jpg,20,122.4,40,3
wgd_spd_104_02,155.0,0.2,"[{""min"": 150, ""max"": 152, ""confidence"": 0.1}, {""min"": 152, ""max"": 154, ""confidence"": 0.15}, {""min"": 154, ""max"": 156, ""confidence"": 0.2}, {""min"": 156, ""max"": 158, ""confidence"": 0.18}, {""min"": 158, ""max"": 160, ""confidence"": 0.12}, {""min"": 160, ""max"": 162, ""confidence"": 0.08}, {""min"": 162, ""max"": 164, ""confidence"": 0.05}, {""min"": 164, ""max"": 166, ""confidence"": 0.04}, {""min"": 166, ""max"": 168, ""confidence"": 0.03}, {""min"": 168, ""max"": 170, ""confidence"": 0.05}]",,104.jpg,1,182.6,2,10
wgd_spd_104_10,155.0,0.15,"[{""min"": 150, ""max"": 160, ""confidence"": 0.15}, {""min"": 160, ""max"": 170, ""confidence"": 0.14}, {""min"": 140, ""max"": 150, ""confidence"": 0.13}, {""min"": 170, ""max"": 180, ""confidence"": 0.12}, {""min"": 130, ""max"": 140, ""confidence"": 0.11}, {""min"": 180, ""max"": 190, ""confidence"": 0.1}, {""min"": 120, ""max"": 130, ""confidence"": 0.08}, {""min"": 190, ""max"": 200, ""confidence"": 0.06}, {""min"": 110, ""max"": 120, ""confidence"": 0.05}, {""min"": 200, ""max"": 210, ""confidence"": 0.04}]",,104.jpg,5,182.6,10,10
wgd_spd_104_20,160.0,0.3,"[{""min"": 140, ""max"": 160, ""confidence"": 0.25}, {""min"": 150, ""max"": 170, ""confidence"": 0.3}, {""min"": 160, ""max"": 180, ""confidence"": 0.2}, {""min"": 130, ""max"": 150, ""confidence"": 0.15}, {""min"": 170, ""max"": 190, ""confidence"": 0.1}]",,104.jpg,10,182.6,20,5
wgd_spd_104_40,160.0,0.5,"[{""min"": 140, ""max"": 180, ""confidence"": 0.5}, {""min"": 160, ""max"": 200, ""confidence"": 0.3}, {""min"": 120, ""max"": 160, ""confidence"": 0.2}]",,104.jpg,20,182.6,40,3
wgd_spd_105_02,161.0,0.13,"[{""min"": 160, ""max"": 162, ""confidence"": 0.13}, {""min"": 162, ""max"": 164, ""confidence"": 0.13}, {""min"": 158, ""max"": 160, ""confidence"": 0.12}, {""min"": 164, ""max"": 166, ""confidence"": 0.12}, {""min"": 156, ""max"": 158, ""confidence"": 0.11}, {""min"": 166, ""max"": 168, ""confidence"": 0.11}, {""min"": 154, ""max"": 156, ""confidence"": 0.08}, {""min"": 168, ""max"": 170, ""confidence"": 0.08}, {""min"": 152, ""max"": 154, ""confidence"": 0.06}, {""min"": 170, ""max"": 172, ""confidence"": 0.06}]",,105.jpg,1,161.6,2,10
wgd_spd_105_10,165.0,0.15,"[{""min"": 160, ""max"": 170, ""confidence"": 0.15}, {""min"": 150, ""max"": 160, ""confidence"": 0.14}, {""min"": 170, ""max"": 180, ""confidence"": 0.13}, {""min"": 140, ""max"": 150, ""confidence"": 0.12}, {""min"": 180, ""max"": 190, ""confidence"": 0.11}, {""min"": 130, ""max"": 140, ""confidence"": 0.1}, {""min"": 190, ""max"": 200, ""confidence"": 0.08}, {""min"": 120, ""max"": 130, ""confidence"": 0.07}, {""min"": 200, ""max"": 210, ""confidence"": 0.05}, {""min"": 210, ""max"": 220, ""confidence"": 0.05}]",,105.jpg,5,161.6,10,10
wgd_spd_105_20,170.0,0.35,"[{""min"": 160, ""max"": 180, ""confidence"": 0.35}, {""min"": 140, ""max"": 160, ""confidence"": 0.25}, {""min"": 180, ""max"": 200, ""confidence"": 0.2}, {""min"": 120, ""max"": 140, ""confidence"": 0.1}, {""min"": 200, ""max"": 220, ""confidence"": 0.1}]",,105.jpg,10,161.6,20,5
wgd_spd_105_40,160.0,0.45,"[{""min"": 140, ""max"": 180, ""confidence"": 0.45}, {""min"": 160, ""max"": 200, ""confidence"": 0.3}, {""min"": 120, ""max"": 160, ""confidence"": 0.25}]",,105.jpg,20,161.6,40,3
wgd_spd_106_02,151.0,0.1,"[{""min"": 150, ""max"": 152, ""confidence"": 0.1}, {""min"": 152, ""max"": 154, ""confidence"": 0.1}, {""min"": 154, ""max"": 156, ""confidence"": 0.1}, {""min"": 156, ""max"": 158, ""confidence"": 0.1}, {""min"": 158, ""max"": 160, ""confidence"": 0.1}, {""min"": 160, ""max"": 162, ""confidence"": 0.1}, {""min"": 162, ""max"": 164, ""confidence"": 0.1}, {""min"": 164, ""max"": 166, ""confidence"": 0.1}, {""min"": 166, ""max"": 168, ""confidence"": 0.1}, {""min"": 168, ""max"": 170, ""confidence"": 0.1}]",,106.jpg,1,173.0,2,10
wgd_spd_106_10,165.0,0.25,"[{""min"": 140, ""max"": 150, ""confidence"": 0.15}, {""min"": 150, ""max"": 160, ""confidence"": 0.2}, {""min"": 160, ""max"": 170, ""confidence"": 0.25}, {""min"": 170, ""max"": 180, ""confidence"": 0.2}, {""min"": 180, ""max"": 190, ""confidence"": 0.1}, {""min"": 130, ""max"": 140, ""confidence"": 0.05}, {""min"": 190, ""max"": 200, ""confidence"": 0.03}, {""min"": 120, ""max"": 130, ""confidence"": 0.02}, {""min"": 200, ""max"": 210, ""confidence"": 0.01}, {""min"": 210, ""max"": 220, ""confidence"": 0.01}]",,106.jpg,5,173.0,10,10
wgd_spd_106_20,170.0,0.3,"[{""min"": 140, ""max"": 160, ""confidence"": 0.25}, {""min"": 160, ""max"": 180, ""confidence"": 0.3}, {""min"": 120, ""max"": 140, ""confidence"": 0.2}, {""min"": 180, ""max"": 200, ""confidence"": 0.15}, {""min"": 100, ""max"": 120, ""confidence"": 0.1}]",,106.jpg,10,173.0,20,5
wgd_spd_106_40,160.0,0.5,"[{""min"": 140, ""max"": 180, ""confidence"": 0.5}, {""min"": 160, ""max"": 200, ""confidence"": 0.3}, {""min"": 120, ""max"": 160, ""confidence"": 0.2}]",,106.jpg,20,173.0,40,3
wgd_spd_107_02,121.0,0.15,"[{""min"": 120, ""max"": 122, ""confidence"": 0.15}, {""min"": 122, ""max"": 124, ""confidence"": 0.14}, {""min"": 124, ""max"": 126, ""confidence"": 0.13}, {""min"": 126, ""max"": 128, ""confidence"": 0.12}, {""min"": 128, ""max"": 130, ""confidence"": 0.11}, {""min"": 130, ""max"": 132, ""confidence"": 0.1}, {""min"": 132, ""max"": 134, ""confidence"": 0.08}, {""min"": 134, ""max"": 136, ""confidence"": 0.06}, {""min"": 136, ""max"": 138, ""confidence"": 0.05}, {""min"": 138, ""max"": 140, ""confidence"": 0.04}]",,107.jpg,1,135.6,2,10
wgd_spd_107_10,145.0,0.15,"[{""min"": 140, ""max"": 150, ""confidence"": 0.15}, {""min"": 150, ""max"": 160, ""confidence"": 0.14}, {""min"": 130, ""max"": 140, ""confidence"": 0.13}, {""min"": 160, ""max"": 170, ""confidence"": 0.12}, {""min"": 120, ""max"": 130, ""confidence"": 0.11}, {""min"": 170, ""max"": 180, ""confidence"": 0.1}, {""min"": 110, ""max"": 120, ""confidence"": 0.08}, {""min"": 180, ""max"": 190, ""confidence"": 0.07}, {""min"": 190, ""max"": 200, ""confidence"": 0.05}, {""min"": 100, ""max"": 110, ""confidence"": 0.05}]",,107.jpg,5,135.6,10,10
wgd_spd_107_20,150.0,0.25,"[{""min"": 140, ""max"": 160, ""confidence"": 0.25}, {""min"": 150, ""max"": 170, ""confidence"": 0.2}, {""min"": 160, ""max"": 180, ""confidence"": 0.2}, {""min"": 130, ""max"": 150, ""confidence"": 0.15}, {""min"": 170, ""max"": 190, ""confidence"": 0.1}]",,107.jpg,10,135.6,20,5
wgd_spd_107_40,140.0,0.5,"[{""min"": 120, ""max"": 160, ""confidence"": 0.5}, {""min"": 140, ""max"": 180, ""confidence"": 0.3}, {""min"": 160, ""max"": 200, ""confidence"": 0.2}]",,107.jpg,20,135.6,40,3
wgd_spd_108_02,119.0,0.15,"[{""min"": 118, ""max"": 120, ""confidence"": 0.15}, {""min"": 120, ""max"": 122, ""confidence"": 0.14}, {""min"": 122, ""max"": 124, ""confidence"": 0.13}, {""min"": 124, ""max"": 126, ""confidence"": 0.12}, {""min"": 126, ""max"": 128, ""confidence"": 0.11}, {""min"": 128, ""max"": 130, ""confidence"": 0.1}, {""min"": 130, ""max"": 132, ""confidence"": 0.09}, {""min"": 132, ""max"": 134, ""confidence"": 0.08}, {""min"": 116, ""max"": 118, ""confidence"": 0.07}, {""min"": 134, ""max"": 136, ""confidence"": 0.01}]",,108.jpg,1,107.4,2,10
wgd_spd_108_10,135.0,0.2,"[{""min"": 120, ""max"": 130, ""confidence"": 0.15}, {""min"": 130, ""max"": 140, ""confidence"": 0.2}, {""min"": 110, ""max"": 120, ""confidence"": 0.1}, {""min"": 140, ""max"": 150, ""confidence"": 0.18}, {""min"": 150, ""max"": 160, ""confidence"": 0.12}, {""min"": 100, ""max"": 110, ""confidence"": 0.05}, {""min"": 160, ""max"": 170, ""confidence"": 0.08}, {""min"": 170, ""max"": 180, ""confidence"": 0.05}, {""min"": 90, ""max"": 100, ""confidence"": 0.03}, {""min"": 180, ""max"": 190, ""confidence"": 0.04}]",,108.jpg,5,107.4,10,10
wgd_spd_108_20,130.0,0.25,"[{""min"": 120, ""max"": 140, ""confidence"": 0.25}, {""min"": 130, ""max"": 150, ""confidence"": 0.25}, {""min"": 110, ""max"": 130, ""confidence"": 0.2}, {""min"": 140, ""max"": 160, ""confidence"": 0.15}, {""min"": 100, ""max"": 120, ""confidence"": 0.15}]",,108.jpg,10,107.4,20,5
wgd_spd_108_40,140.0,0.5,"[{""min"": 120, ""max"": 160, ""confidence"": 0.5}, {""min"": 130, ""max"": 170, ""confidence"": 0.3}, {""min"": 110, ""max"": 150, ""confidence"": 0.2}]",,108.jpg,20,107.4,40,3
wgd_spd_109_02,121.0,0.102,"[{""min"": 120, ""max"": 122, ""confidence"": 0.102}, {""min"": 118, ""max"": 120, ""confidence"": 0.101}, {""min"": 122, ""max"": 124, ""confidence"": 0.1}, {""min"": 116, ""max"": 118, ""confidence"": 0.099}, {""min"": 124, ""max"": 126, ""confidence"": 0.098}, {""min"": 114, ""max"": 116, ""confidence"": 0.097}, {""min"": 126, ""max"": 128, ""confidence"": 0.095}, {""min"": 112, ""max"": 114, ""confidence"": 0.093}, {""min"": 128, ""max"": 130, ""confidence"": 0.092}, {""min"": 110, ""max"": 112, ""confidence"": 0.09}]",,109.jpg,1,120.0,2,10
wgd_spd_109_10,135.0,0.2,"[{""min"": 120, ""max"": 130, ""confidence"": 0.15}, {""min"": 130, ""max"": 140, ""confidence"": 0.2}, {""min"": 110, ""max"": 120, ""confidence"": 0.1}, {""min"": 140, ""max"": 150, ""confidence"": 0.15}, {""min"": 150, ""max"": 160, ""confidence"": 0.1}, {""min"": 100, ""max"": 110, ""confidence"": 0.05}, {""min"": 160, ""max"": 170, ""confidence"": 0.05}, {""min"": 90, ""max"": 100, ""confidence"": 0.05}, {""min"": 170, ""max"": 180, ""confidence"": 0.05}, {""min"": 80, ""max"": 90, ""confidence"": 0.1}]",,109.jpg,5,120.0,10,10
wgd_spd_109_20,130.0,0.3,"[{""min"": 100, ""max"": 120, ""confidence"": 0.25}, {""min"": 120, ""max"": 140, ""confidence"": 0.3}, {""min"": 140, ""max"": 160, ""confidence"": 0.25}, {""min"": 160, ""max"": 180, ""confidence"": 0.15}, {""min"": 180, ""max"": 200, ""confidence"": 0.05}]",,109.jpg,10,120.0,20,5
wgd_spd_109_40,140.0,0.5,"[{""min"": 120, ""max"": 160, ""confidence"": 0.5}, {""min"": 140, ""max"": 180, ""confidence"": 0.3}, {""min"": 100, ""max"": 140, ""confidence"": 0.2}]",,109.jpg,20,120.0,40,3
wgd_spd_110_02,111.0,0.12,"[{""min"": 110, ""max"": 112, ""confidence"": 0.12}, {""min"": 112, ""max"": 114, ""confidence"": 0.11}, {""min"": 108, ""max"": 110, ""confidence"": 0.1}, {""min"": 114, ""max"": 116, ""confidence"": 0.09}, {""min"": 106, ""max"": 108, ""confidence"": 0.08}, {""min"": 116, ""max"": 118, ""confidence"": 0.07}, {""min"": 104, ""max"": 106, ""confidence"": 0.06}, {""min"": 118, ""max"": 120, ""confidence"": 0.05}, {""min"": 120, ""max"": 122, ""confidence"": 0.04}, {""min"": 102, ""max"": 104, ""confidence"": 0.03}]",,110.jpg,1,147.0,2,10
wgd_spd_110_10,115.0,0.13,"[{""min"": 110, ""max"": 120, ""confidence"": 0.13}, {""min"": 120, ""max"": 130, ""confidence"": 0.12}, {""min"": 130, ""max"": 140, ""confidence"": 0.11}, {""min"": 100, ""max"": 110, ""confidence"": 0.1}, {""min"": 140, ""max"": 150, ""confidence"": 0.1}, {""min"": 90, ""max"": 100, ""confidence"": 0.09}, {""min"": 150, ""max"": 160, ""confidence"": 0.08}, {""min"": 80, ""max"": 90, ""confidence"": 0.07}, {""min"": 160, ""max"": 170, ""confidence"": 0.06}, {""min"": 170, ""max"": 180, ""confidence"": 0.05}]",,110.jpg,5,147.0,10,10
wgd_spd_110_20,130.0,0.25,"[{""min"": 120, ""max"": 140, ""confidence"": 0.25}, {""min"": 110, ""max"": 130, ""confidence"": 0.2}, {""min"": 130, ""max"": 150, ""confidence"": 0.2}, {""min"": 100, ""max"": 120, ""confidence"": 0.15}, {""min"": 140, ""max"": 160, ""confidence"": 0.1}]",,110.jpg,10,147.0,20,5
wgd_spd_110_40,140.0,0.6,"[{""min"": 120, ""max"": 160, ""confidence"": 0.6}, {""min"": 140, ""max"": 180, ""confidence"": 0.3}, {""min"": 100, ""max"": 140, ""confidence"": 0.1}]",,110.jpg,20,147.0,40,3
wgd_spd_111_02,155.0,0.13,"[{""min"": 154, ""max"": 156, ""confidence"": 0.13}, {""min"": 162, ""max"": 164, ""confidence"": 0.12}, {""min"": 150, ""max"": 152, ""confidence"": 0.11}, {""min"": 170, ""max"": 172, ""confidence"": 0.1}, {""min"": 160, ""max"": 162, ""confidence"": 0.1}, {""min"": 166, ""max"": 168, ""confidence"": 0.09}, {""min"": 152, ""max"": 154, ""confidence"": 0.08}, {""min"": 168, ""max"": 170, ""confidence"": 0.08}, {""min"": 164, ""max"": 166, ""confidence"": 0.07}, {""min"": 156, ""max"": 158, ""confidence"": 0.06}]",,111.jpg,1,148.0,2,10
wgd_spd_111_10,165.0,0.2,"[{""min"": 160, ""max"": 170, ""confidence"": 0.2}, {""min"": 170, ""max"": 180, ""confidence"": 0.18}, {""min"": 150, ""max"": 160, ""confidence"": 0.15}, {""min"": 180, ""max"": 190, ""confidence"": 0.12}, {""min"": 140, ""max"": 150, ""confidence"": 0.1}, {""min"": 190, ""max"": 200, ""confidence"": 0.08}, {""min"": 130, ""max"": 140, ""confidence"": 0.06}, {""min"": 200, ""max"": 210, ""confidence"": 0.05}, {""min"": 120, ""max"": 130, ""confidence"": 0.04}, {""min"": 210, ""max"": 220, ""confidence"": 0.02}]",,111.jpg,5,148.0,10,10
wgd_spd_111_20,170.0,0.25,"[{""min"": 160, ""max"": 180, ""confidence"": 0.25}, {""min"": 180, ""max"": 200, ""confidence"": 0.2}, {""min"": 140, ""max"": 160, ""confidence"": 0.2}, {""min"": 200, ""max"": 220, ""confidence"": 0.15}, {""min"": 120, ""max"": 140, ""confidence"": 0.1}]",,111.jpg,10,148.0,20,5
wgd_spd_111_40,180.0,0.6,"[{""min"": 160, ""max"": 200, ""confidence"": 0.6}, {""min"": 140, ""max"": 180, ""confidence"": 0.3}, {""min"": 180, ""max"": 220, ""confidence"": 0.1}]",,111.jpg,20,148.0,40,3
wgd_spd_112_02,141.0,0.15,"[{""min"": 140, ""max"": 142, ""confidence"": 0.15}, {""min"": 138, ""max"": 140, ""confidence"": 0.12}, {""min"": 142, ""max"": 144, ""confidence"": 0.11}, {""min"": 136, ""max"": 138, ""confidence"": 0.1}, {""min"": 144, ""max"": 146, ""confidence"": 0.08}, {""min"": 134, ""max"": 136, ""confidence"": 0.07}, {""min"": 146, ""max"": 148, ""confidence"": 0.06}, {""min"": 132, ""max"": 134, ""confidence"": 0.05}, {""min"": 148, ""max"": 150, ""confidence"": 0.05}, {""min"": 130, ""max"": 132, ""confidence"": 0.04}]",,112.jpg,1,147.8,2,10
wgd_spd_112_10,155.0,0.25,"[{""min"": 140, ""max"": 150, ""confidence"": 0.15}, {""min"": 150, ""max"": 160, ""confidence"": 0.25}, {""min"": 130, ""max"": 140, ""confidence"": 0.12}, {""min"": 160, ""max"": 170, ""confidence"": 0.2}, {""min"": 170, ""max"": 180, ""confidence"": 0.1}, {""min"": 120, ""max"": 130, ""confidence"": 0.05}, {""min"": 180, ""max"": 190, ""confidence"": 0.05}, {""min"": 110, ""max"": 120, ""confidence"": 0.03}, {""min"": 190, ""max"": 200, ""confidence"": 0.03}, {""min"": 100, ""max"": 110, ""confidence"": 0.02}]",,112.jpg,5,147.8,10,10
wgd_spd_112_20,160.0,0.3,"[{""min"": 140, ""max"": 160, ""confidence"": 0.25}, {""min"": 150, ""max"": 170, ""confidence"": 0.3}, {""min"": 160, ""max"": 180, ""confidence"": 0.2}, {""min"": 130, ""max"": 150, ""confidence"": 0.15}, {""min"": 170, ""max"": 190, ""confidence"": 0.1}]",,112.jpg,10,147.8,20,5
wgd_spd_112_40,160.0,0.5,"[{""min"": 140, ""max"": 180, ""confidence"": 0.5}, {""min"": 160, ""max"": 200, ""confidence"": 0.3}, {""min"": 120, ""max"": 160, ""confidence"": 0.2}]",,112.jpg,20,147.8,40,3
wgd_spd_114_02,111.0,0.12,"[{""min"": 110, ""max"": 112, ""confidence"": 0.12}, {""min"": 112, ""max"": 114, ""confidence"": 0.11}, {""min"": 108, ""max"": 110, ""confidence"": 0.1}, {""min"": 114, ""max"": 116, ""confidence"": 0.09}, {""min"": 106, ""max"": 108, ""confidence"": 0.08}, {""min"": 104, ""max"": 106, ""confidence"": 0.07}, {""min"": 116, ""max"": 118, ""confidence"": 0.07}, {""min"": 118, ""max"": 120, ""confidence"": 0.06}, {""min"": 102, ""max"": 104, ""confidence"": 0.05}, {""min"": 100, ""max"": 102, ""confidence"": 0.05}]",,114.jpg,1,117.0,2,10
wgd_spd_114_10,125.0,0.2,"[{""min"": 100, ""max"": 110, ""confidence"": 0.1}, {""min"": 110, ""max"": 120, ""confidence"": 0.15}, {""min"": 120, ""max"": 130, ""confidence"": 0.2}, {""min"": 130, ""max"": 140, ""confidence"": 0.15}, {""min"": 140, ""max"": 150, ""confidence"": 0.1}, {""min"": 90, ""max"": 100, ""confidence"": 0.05}, {""min"": 150, ""max"": 160, ""confidence"": 0.05}, {""min"": 80, ""max"": 90, ""confidence"": 0.05}, {""min"": 160, ""max"": 170, ""confidence"": 0.05}, {""min"": 170, ""max"": 180, ""confidence"": 0.1}]",,114.jpg,5,117.0,10,10
wgd_spd_114_20,130.0,0.25,"[{""min"": 120, ""max"": 140, ""confidence"": 0.25}, {""min"": 110, ""max"": 130, ""confidence"": 0.2}, {""min"": 130, ""max"": 150, ""confidence"": 0.2}, {""min"": 100, ""max"": 120, ""confidence"": 0.15}, {""min"": 140, ""max"": 160, ""confidence"": 0.15}]",,114.jpg,10,117.0,20,5
wgd_spd_114_40,130.0,0.5,"[{""min"": 110, ""max"": 150, ""confidence"": 0.5}, {""min"": 130, ""max"": 170, ""confidence"": 0.3}, {""min"": 90, ""max"": 130, ""confidence"": 0.2}]",,114.jpg,20,117.0,40,3
wgd_spd_115_02,121.0,0.1,"[{""min"": 120, ""max"": 122, ""confidence"": 0.1}, {""min"": 118, ""max"": 120, ""confidence"": 0.1}, {""min"": 122, ""max"": 124, ""confidence"": 0.1}, {""min"": 116, ""max"": 118, ""confidence"": 0.09}, {""min"": 124, ""max"": 126, ""confidence"": 0.09}, {""min"": 114, ""max"": 116, ""confidence"": 0.08}, {""min"": 126, ""max"": 128, ""confidence"": 0.08}, {""min"": 112, ""max"": 114, ""confidence"": 0.07}, {""min"": 128, ""max"": 130, ""confidence"": 0.07}, {""min"": 110, ""max"": 112, ""confidence"": 0.06}]",,115.jpg,1,157.0,2,10
wgd_spd_115_10,135.0,0.25,"[{""min"": 110, ""max"": 120, ""confidence"": 0.15}, {""min"": 120, ""max"": 130, ""confidence"": 0.2}, {""min"": 130, ""max"": 140, ""confidence"": 0.25}, {""min"": 100, ""max"": 110, ""confidence"": 0.1}, {""min"": 140, ""max"": 150, ""confidence"": 0.15}, {""min"": 90, ""max"": 100, ""confidence"": 0.05}, {""min"": 150, ""max"": 160, ""confidence"": 0.05}, {""min"": 80, ""max"": 90, ""confidence"": 0.03}, {""min"": 160, ""max"": 170, ""confidence"": 0.02}, {""min"": 70, ""max"": 80, ""confidence"": 0.01}]",,115.jpg,5,157.0,10,10
wgd_spd_115_20,130.0,0.3,"[{""min"": 100, ""max"": 120, ""confidence"": 0.25}, {""min"": 120, ""max"": 140, ""confidence"": 0.3}, {""min"": 140, ""max"": 160, ""confidence"": 0.2}, {""min"": 110, ""max"": 130, ""confidence"": 0.15}, {""min"": 130, ""max"": 150, ""confidence"": 0.1}]",,115.jpg,10,157.0,20,5
wgd_spd_115_40,120.0,0.45,"[{""min"": 100, ""max"": 140, ""confidence"": 0.45}, {""min"": 120, ""max"": 160, ""confidence"": 0.35}, {""min"": 140, ""max"": 180, ""confidence"": 0.2}]",,115.jpg,20,157.0,40,3
wgd_spd_116_02,119.0,0.15,"[{""min"": 118, ""max"": 120, ""confidence"": 0.15}, {""min"": 120, ""max"": 122, ""confidence"": 0.14}, {""min"": 122, ""max"": 124, ""confidence"": 0.13}, {""min"": 116, ""max"": 118, ""confidence"": 0.12}, {""min"": 124, ""max"": 126, ""confidence"": 0.11}, {""min"": 114, ""max"": 116, ""confidence"": 0.09}, {""min"": 126, ""max"": 128, ""confidence"": 0.08}, {""min"": 112, ""max"": 114, ""confidence"": 0.07}, {""min"": 128, ""max"": 130, ""confidence"": 0.06}, {""min"": 110, ""max"": 112, ""confidence"": 0.05}]",,116.jpg,1,122.0,2,10
wgd_spd_116_10,115.0,0.2,"[{""min"": 110, ""max"": 120, ""confidence"": 0.2}, {""min"": 120, ""max"": 130, ""confidence"": 0.15}, {""min"": 100, ""max"": 110, ""confidence"": 0.12}, {""min"": 130, ""max"": 140, ""confidence"": 0.1}, {""min"": 90, ""max"": 100, ""confidence"": 0.08}, {""min"": 140, ""max"": 150, ""confidence"": 0.07}, {""min"": 80, ""max"": 90, ""confidence"": 0.06}, {""min"": 150, ""max"": 160, ""confidence"": 0.05}, {""min"": 70, ""max"": 80, ""confidence"": 0.05}, {""min"": 160, ""max"": 170, ""confidence"": 0.04}]",,116.jpg,5,122.0,10,10
wgd_spd_116_20,130.0,0.3,"[{""min"": 110, ""max"": 130, ""confidence"": 0.25}, {""min"": 120, ""max"": 140, ""confidence"": 0.3}, {""min"": 130, ""max"": 150, ""confidence"": 0.2}, {""min"": 100, ""max"": 120, ""confidence"": 0.15}, {""min"": 140, ""max"": 160, ""confidence"": 0.1}]",,116.jpg,10,122.0,20,5
wgd_spd_116_40,140.0,0.5,"[{""min"": 120, ""max"": 160, ""confidence"": 0.5}, {""min"": 100, ""max"": 140, ""confidence"": 0.3}, {""min"": 140, ""max"": 180, ""confidence"": 0.2}]",,116.jpg,20,122.0,40,3
wgd_spd_117_02,121.0,0.12,"[{""min"": 120, ""max"": 122, ""confidence"": 0.12}, {""min"": 124, ""max"": 126, ""confidence"": 0.11}, {""min"": 128, ""max"": 130, ""confidence"": 0.1}, {""min"": 118, ""max"": 120, ""confidence"": 0.09}, {""min"": 122, ""max"": 124, ""confidence"": 0.09}, {""min"": 126, ""max"": 128, ""confidence"": 0.08}, {""min"": 130, ""max"": 132, ""confidence"": 0.07}, {""min"": 116, ""max"": 118, ""confidence"": 0.07}, {""min"": 132, ""max"": 134, ""confidence"": 0.06}, {""min"": 114, ""max"": 116, ""confidence"": 0.05}]",,117.jpg,1,178.0,2,10
wgd_spd_117_10,145.0,0.25,"[{""min"": 120, ""max"": 130, ""confidence"": 0.15}, {""min"": 130, ""max"": 140, ""confidence"": 0.2}, {""min"": 140, ""max"": 150, ""confidence"": 0.25}, {""min"": 150, ""max"": 160, ""confidence"": 0.2}, {""min"": 160, ""max"": 170, ""confidence"": 0.1}, {""min"": 110, ""max"": 120, ""confidence"": 0.05}, {""min"": 170, ""max"": 180, ""confidence"": 0.02}, {""min"": 180, ""max"": 190, ""confidence"": 0.01}, {""min"": 100, ""max"": 110, ""confidence"": 0.01}, {""min"": 190, ""max"": 200, ""confidence"": 0.01}]",,117.jpg,5,178.0,10,10
wgd_spd_117_20,150.0,0.25,"[{""min"": 140, ""max"": 160, ""confidence"": 0.25}, {""min"": 150, ""max"": 170, ""confidence"": 0.23}, {""min"": 130, ""max"": 150, ""confidence"": 0.2}, {""min"": 160, ""max"": 180, ""confidence"": 0.18}, {""min"": 120, ""max"": 140, ""confidence"": 0.14}]",,117.jpg,10,178.0,20,5
wgd_spd_117_40,140.0,0.45,"[{""min"": 120, ""max"": 160, ""confidence"": 0.45}, {""min"": 140, ""max"": 180, ""confidence"": 0.35}, {""min"": 160, ""max"": 200, ""confidence"": 0.2}]",,117.jpg,20,178.0,40,3
wgd_spd_118_02,141.0,0.1,"[{""min"": 140, ""max"": 142, ""confidence"": 0.1}, {""min"": 142, ""max"": 144, ""confidence"": 0.1}, {""min"": 144, ""max"": 146, ""confidence"": 0.1}, {""min"": 146, ""max"": 148, ""confidence"": 0.1}, {""min"": 148, ""max"": 150, ""confidence"": 0.1}, {""min"": 150, ""max"": 152, ""confidence"": 0.1}, {""min"": 152, ""max"": 154, ""confidence"": 0.1}, {""min"": 154, ""max"": 156, ""confidence"": 0.1}, {""min"": 156, ""max"": 158, ""confidence"": 0.1}, {""min"": 158, ""max"": 160, ""confidence"": 0.1}]",,118.jpg,1,153.0,2,10
wgd_spd_118_10,145.0,0.2,"[{""min"": 140, ""max"": 150, ""confidence"": 0.2}, {""min"": 150, ""max"": 160, ""confidence"": 0.18}, {""min"": 130, ""max"": 140, ""confidence"": 0.15}, {""min"": 160, ""max"": 170, ""confidence"": 0.12}, {""min"": 120, ""max"": 130, ""confidence"": 0.1}, {""min"": 170, ""max"": 180, ""confidence"": 0.08}, {""min"": 110, ""max"": 120, ""confidence"": 0.05}, {""min"": 180, ""max"": 190, ""confidence"": 0.05}, {""min"": 100, ""max"": 110, ""confidence"": 0.03}, {""min"": 190, ""max"": 200, ""confidence"": 0.02}]",,118.jpg,5,153.0,10,10
wgd_spd_118_20,150.0,0.25,"[{""min"": 140, ""max"": 160, ""confidence"": 0.25}, {""min"": 150, ""max"": 170, ""confidence"": 0.25}, {""min"": 160, ""max"": 180, ""confidence"": 0.2}, {""min"": 130, ""max"": 150, ""confidence"": 0.15}, {""min"": 170, ""max"": 190, ""confidence"": 0.15}]",,118.jpg,10,153.0,20,5
wgd_spd_118_40,150.0,0.5,"[{""min"": 130, ""max"": 170, ""confidence"": 0.5}, {""min"": 150, ""max"": 190, ""confidence"": 0.3}, {""min"": 110, ""max"": 150, ""confidence"": 0.2}]",,118.jpg,20,153.0,40,3
wgd_spd_119_02,151.0,0.1,"[{""min"": 150, ""max"": 152, ""confidence"": 0.1}, {""min"": 152, ""max"": 154, ""confidence"": 0.1}, {""min"": 154, ""max"": 156, ""confidence"": 0.1}, {""min"": 156, ""max"": 158, ""confidence"": 0.1}, {""min"": 158, ""max"": 160, ""confidence"": 0.1}, {""min"": 160, ""max"": 162, ""confidence"": 0.1}, {""min"": 162, ""max"": 164, ""confidence"": 0.1}, {""min"": 164, ""max"": 166, ""confidence"": 0.1}, {""min"": 166, ""max"": 168, ""confidence"": 0.1}, {""min"": 168, ""max"": 170, ""confidence"": 0.1}]",,119.jpg,1,144.0,2,10
wgd_spd_119_10,145.0,0.15,"[{""min"": 140, ""max"": 150, ""confidence"": 0.15}, {""min"": 150, ""max"": 160, ""confidence"": 0.15}, {""min"": 160, ""max"": 170, ""confidence"": 0.15}, {""min"": 170, ""max"": 180, ""confidence"": 0.15}, {""min"": 130, ""max"": 140, ""confidence"": 0.1}, {""min"": 180, ""max"": 190, ""confidence"": 0.1}, {""min"": 120, ""max"": 130, ""confidence"": 0.05}, {""min"": 190, ""max"": 200, ""confidence"": 0.05}, {""min"": 110, ""max"": 120, ""confidence"": 0.025}, {""min"": 200, ""max"": 210, ""confidence"": 0.025}]",,119.jpg,5,144.0,10,10
wgd_spd_119_20,170.0,0.3,"[{""min"": 140, ""max"": 160, ""confidence"": 0.25}, {""min"": 160, ""max"": 180, ""confidence"": 0.3}, {""min"": 150, ""max"": 170, ""confidence"": 0.2}, {""min"": 130, ""max"": 150, ""confidence"": 0.15}, {""min"": 170, ""max"": 190, ""confidence"": 0.1}]",,119.jpg,10,144.0,20,5
wgd_spd_119_40,160.0,0.5,"[{""min"": 140, ""max"": 180, ""confidence"": 0.5}, {""min"": 160, ""max"": 200, ""confidence"": 0.3}, {""min"": 120, ""max"": 160, ""confidence"": 0.2}]",,119.jpg,20,144.0,40,3
wgd_spd_120_02,129.0,0.1,"[{""min"": 128, ""max"": 130, ""confidence"": 0.1}, {""min"": 130, ""max"": 132, ""confidence"": 0.1}, {""min"": 132, ""max"": 134, ""confidence"": 0.1}, {""min"": 134, ""max"": 136, ""confidence"": 0.1}, {""min"": 136, ""max"": 138, ""confidence"": 0.1}, {""min"": 138, ""max"": 140, ""confidence"": 0.1}, {""min"": 140, ""max"": 142, ""confidence"": 0.1}, {""min"": 142, ""max"": 144, ""confidence"": 0.1}, {""min"": 144, ""max"": 146, ""confidence"": 0.1}, {""min"": 146, ""max"": 148, ""confidence"": 0.1}]",,120.jpg,1,144.0,2,10
wgd_spd_120_10,145.0,0.2,"[{""min"": 140, ""max"": 150, ""confidence"": 0.2}, {""min"": 150, ""max"": 160, ""confidence"": 0.15}, {""min"": 130, ""max"": 140, ""confidence"": 0.12}, {""min"": 160, ""max"": 170, ""confidence"": 0.1}, {""min"": 120, ""max"": 130, ""confidence"": 0.08}, {""min"": 170, ""max"": 180, ""confidence"": 0.07}, {""min"": 110, ""max"": 120, ""confidence"": 0.06}, {""min"": 180, ""max"": 190, ""confidence"": 0.05}, {""min"": 100, ""max"": 110, ""confidence"": 0.04}, {""min"": 190, ""max"": 200, ""confidence"": 0.03}]",,120.jpg,5,144.0,10,10
wgd_spd_120_20,160.0,0.3,"[{""min"": 140, ""max"": 160, ""confidence"": 0.25}, {""min"": 150, ""max"": 170, ""confidence"": 0.3}, {""min"": 160, ""max"": 180, ""confidence"": 0.2}, {""min"": 130, ""max"": 150, ""confidence"": 0.15}, {""min"": 170, ""max"": 190, ""confidence"": 0.1}]",,120.jpg,10,144.0,20,5
wgd_spd_120_40,150.0,0.6,"[{""min"": 130, ""max"": 170, ""confidence"": 0.6}, {""min"": 150, ""max"": 190, ""confidence"": 0.3}, {""min"": 110, ""max"": 150, ""confidence"": 0.1}]",,120.jpg,20,144.0,40,3
wgd_spd_121_02,131.0,0.15,"[{""min"": 130, ""max"": 132, ""confidence"": 0.15}, {""min"": 128, ""max"": 130, ""confidence"": 0.12}, {""min"": 132, ""max"": 134, ""confidence"": 0.11}, {""min"": 134, ""max"": 136, ""confidence"": 0.1}, {""min"": 126, ""max"": 128, ""confidence"": 0.09}, {""min"": 136, ""max"": 138, ""confidence"": 0.08}, {""min"": 124, ""max"": 126, ""confidence"": 0.07}, {""min"": 138, ""max"": 140, ""confidence"": 0.06}, {""min"": 122, ""max"": 124, ""confidence"": 0.05}, {""min"": 140, ""max"": 142, ""confidence"": 0.04}]",,121.jpg,1,173.0,2,10
wgd_spd_121_10,165.0,0.25,"[{""min"": 140, ""max"": 150, ""confidence"": 0.15}, {""min"": 150, ""max"": 160, ""confidence"": 0.2}, {""min"": 160, ""max"": 170, ""confidence"": 0.25}, {""min"": 170, ""max"": 180, ""confidence"": 0.2}, {""min"": 130, ""max"": 140, ""confidence"": 0.05}, {""min"": 180, ""max"": 190, ""confidence"": 0.05}, {""min"": 120, ""max"": 130, ""confidence"": 0.03}, {""min"": 190, ""max"": 200, ""confidence"": 0.02}, {""min"": 110, ""max"": 120, ""confidence"": 0.03}, {""min"": 200, ""max"": 210, ""confidence"": 0.02}]",,121.jpg,5,173.0,10,10
wgd_spd_121_20,160.0,0.3,"[{""min"": 140, ""max"": 160, ""confidence"": 0.25}, {""min"": 150, ""max"": 170, ""confidence"": 0.3}, {""min"": 160, ""max"": 180, ""confidence"": 0.25}, {""min"": 170, ""max"": 190, ""confidence"": 0.1}, {""min"": 180, ""max"": 200, ""confidence"": 0.1}]",,121.jpg,10,173.0,20,5
wgd_spd_121_40,160.0,0.5,"[{""min"": 140, ""max"": 180, ""confidence"": 0.5}, {""min"": 150, ""max"": 190, ""confidence"": 0.3}, {""min"": 160, ""max"": 200, ""confidence"": 0.2}]",,121.jpg,20,173.0,40,3
wgd_spd_122_02,155.0,0.12,"[{""min"": 154, ""max"": 156, ""confidence"": 0.12}, {""min"": 156, ""max"": 158, ""confidence"": 0.11}, {""min"": 160, ""max"": 162, ""confidence"": 0.1}, {""min"": 152, ""max"": 154, ""confidence"": 0.09}, {""min"": 158, ""max"": 160, ""confidence"": 0.09}, {""min"": 162, ""max"": 164, ""confidence"": 0.08}, {""min"": 150, ""max"": 152, ""confidence"": 0.08}, {""min"": 164, ""max"": 166, ""confidence"": 0.07}, {""min"": 148, ""max"": 150, ""confidence"": 0.06}, {""min"": 166, ""max"": 168, ""confidence"": 0.05}]",,122.jpg,1,147.0,2,10
wgd_spd_122_10,165.0,0.25,"[{""min"": 140, ""max"": 150, ""confidence"": 0.15}, {""min"": 150, ""max"": 160, ""confidence"": 0.2}, {""min"": 160, ""max"": 170, ""confidence"": 0.25}, {""min"": 170, ""max"": 180, ""confidence"": 0.2}, {""min"": 180, ""max"": 190, ""confidence"": 0.1}, {""min"": 130, ""max"": 140, ""confidence"": 0.05}, {""min"": 190, ""max"": 200, ""confidence"": 0.05}]",,122.jpg,5,147.0,10,10
wgd_spd_122_20,170.0,0.3,"[{""min"": 140, ""max"": 160, ""confidence"": 0.25}, {""min"": 160, ""max"": 180, ""confidence"": 0.3}, {""min"": 150, ""max"": 170, ""confidence"": 0.2}, {""min"": 170, ""max"": 190, ""confidence"": 0.15}, {""min"": 130, ""max"": 150, ""confidence"": 0.1}]",,122.jpg,10,147.0,20,5
wgd_spd_122_40,170.0,0.6,"[{""min"": 150, ""max"": 190, ""confidence"": 0.6}, {""min"": 160, ""max"": 200, ""confidence"": 0.25}, {""min"": 140, ""max"": 180, ""confidence"": 0.15}]",,122.jpg,20,147.0,40,3
wgd_spd_123_02,111.0,0.15,"[{""min"": 110, ""max"": 112, ""confidence"": 0.15}, {""min"": 112, ""max"": 114, ""confidence"": 0.12}, {""min"": 108, ""max"": 110, ""confidence"": 0.1}, {""min"": 114, ""max"": 116, ""confidence"": 0.09}, {""min"": 106, ""max"": 108, ""confidence"": 0.08}, {""min"": 116, ""max"": 118, ""confidence"": 0.07}, {""min"": 104, ""max"": 106, ""confidence"": 0.06}, {""min"": 118, ""max"": 120, ""confidence"": 0.06}, {""min"": 102, ""max"": 104, ""confidence"": 0.05}, {""min"": 120, ""max"": 122, ""confidence"": 0.05}]",,123.jpg,1,119.0,2,10
wgd_spd_123_10,125.0,0.25,"[{""min"": 110, ""max"": 120, ""confidence"": 0.2}, {""min"": 120, ""max"": 130, ""confidence"": 0.25}, {""min"": 130, ""max"": 140, ""confidence"": 0.2}, {""min"": 140, ""max"": 150, ""confidence"": 0.15}, {""min"": 150, ""max"": 160, ""confidence"": 0.1}, {""min"": 100, ""max"": 110, ""confidence"": 0.05}, {""min"": 90, ""max"": 100, ""confidence"": 0.02}, {""min"": 80, ""max"": 90, ""confidence"": 0.01}, {""min"": 160, ""max"": 170, ""confidence"": 0.02}, {""min"": 170, ""max"": 180, ""confidence"": 0.01}]",,123.jpg,5,119.0,10,10
wgd_spd_123_20,130.0,0.3,"[{""min"": 100, ""max"": 120, ""confidence"": 0.25}, {""min"": 120, ""max"": 140, ""confidence"": 0.3}, {""min"": 140, ""max"": 160, ""confidence"": 0.2}, {""min"": 110, ""max"": 130, ""confidence"": 0.15}, {""min"": 130, ""max"": 150, ""confidence"": 0.1}]",,123.jpg,10,119.0,20,5
wgd_spd_123_40,120.0,0.5,"[{""min"": 100, ""max"": 140, ""confidence"": 0.5}, {""min"": 120, ""max"": 160, ""confidence"": 0.4}, {""min"": 140, ""max"": 180, ""confidence"": 0.1}]",,123.jpg,20,119.0,40,3
wgd_spd_124_02,149.0,0.2,"[{""min"": 144, ""max"": 146, ""confidence"": 0.1}, {""min"": 146, ""max"": 148, ""confidence"": 0.15}, {""min"": 148, ""max"": 150, ""confidence"": 0.2}, {""min"": 150, ""max"": 152, ""confidence"": 0.15}, {""min"": 152, ""max"": 154, ""confidence"": 0.1}, {""min"": 154, ""max"": 156, ""confidence"": 0.08}, {""min"": 156, ""max"": 158, ""confidence"": 0.06}, {""min"": 158, ""max"": 160, ""confidence"": 0.05}, {""min"": 160, ""max"": 162, ""confidence"": 0.04}, {""min"": 162, ""max"": 164, ""confidence"": 0.07}]",,124.jpg,1,182.0,2,10
wgd_spd_124_10,155.0,0.2,"[{""min"": 150, ""max"": 160, ""confidence"": 0.2}, {""min"": 155, ""max"": 165, ""confidence"": 0.18}, {""min"": 140, ""max"": 150, ""confidence"": 0.15}, {""min"": 145, ""max"": 155, ""confidence"": 0.12}, {""min"": 160, ""max"": 170, ""confidence"": 0.1}, {""min"": 135, ""max"": 145, ""confidence"": 0.08}, {""min"": 165, ""max"": 175, ""confidence"": 0.05}, {""min"": 130, ""max"": 140, ""confidence"": 0.05}, {""min"": 170, ""max"": 180, ""confidence"": 0.03}, {""min"": 175, ""max"": 185, ""confidence"": 0.02}]",,124.jpg,5,182.0,10,10
wgd_spd_124_20,160.0,0.3,"[{""min"": 140, ""max"": 160, ""confidence"": 0.25}, {""min"": 150, ""max"": 170, ""confidence"": 0.3}, {""min"": 160, ""max"": 180, ""confidence"": 0.2}, {""min"": 130, ""max"": 150, ""confidence"": 0.15}, {""min"": 170, ""max"": 190, ""confidence"": 0.1}]",,124.jpg,10,182.0,20,5
wgd_spd_124_40,160.0,0.6,"[{""min"": 140, ""max"": 180, ""confidence"": 0.6}, {""min"": 160, ""max"": 200, ""confidence"": 0.3}, {""min"": 120, ""max"": 160, ""confidence"": 0.1}]",,124.jpg,20,182.0,40,3
wgd_spd_125_02,141.0,0.12,"[{""min"": 140, ""max"": 142, ""confidence"": 0.12}, {""min"": 142, ""max"": 144, ""confidence"": 0.11}, {""min"": 138, ""max"": 140, ""confidence"": 0.1}, {""min"": 144, ""max"": 146, ""confidence"": 0.09}, {""min"": 136, ""max"": 138, ""confidence"": 0.08}, {""min"": 146, ""max"": 148, ""confidence"": 0.07}, {""min"": 134, ""max"": 136, ""confidence"": 0.06}, {""min"": 148, ""max"": 150, ""confidence"": 0.06}, {""min"": 132, ""max"": 134, ""confidence"": 0.05}, {""min"": 150, ""max"": 152, ""confidence"": 0.05}]",,125.jpg,1,170.0,2,10
wgd_spd_125_10,135.0,0.23,"[{""min"": 130, ""max"": 140, ""confidence"": 0.23}, {""min"": 140, ""max"": 150, ""confidence"": 0.21}, {""min"": 120, ""max"": 130, ""confidence"": 0.17}, {""min"": 150, ""max"": 160, ""confidence"": 0.14}, {""min"": 110, ""max"": 120, ""confidence"": 0.08}, {""min"": 160, ""max"": 170, ""confidence"": 0.06}, {""min"": 100, ""max"": 110, ""confidence"": 0.04}, {""min"": 170, ""max"": 180, ""confidence"": 0.03}, {""min"": 90, ""max"": 100, ""confidence"": 0.02}, {""min"": 180, ""max"": 190, ""confidence"": 0.02}]",,125.jpg,5,170.0,10,10
wgd_spd_125_20,150.0,0.25,"[{""min"": 140, ""max"": 160, ""confidence"": 0.25}, {""min"": 130, ""max"": 150, ""confidence"": 0.2}, {""min"": 150, ""max"": 170, ""confidence"": 0.2}, {""min"": 120, ""max"": 140, ""confidence"": 0.15}, {""min"": 160, ""max"": 180, ""confidence"": 0.1}]",,125.jpg,10,170.0,20,5
wgd_spd_125_40,140.0,0.5,"[{""min"": 120, ""max"": 160, ""confidence"": 0.5}, {""min"": 140, ""max"": 180, ""confidence"": 0.3}, {""min"": 100, ""max"": 140, ""confidence"": 0.2}]",,125.jpg,20,170.0,40,3
wgd_spd_126_02,131.0,0.12,"[{""min"": 130, ""max"": 132, ""confidence"": 0.12}, {""min"": 132, ""max"": 134, ""confidence"": 0.11}, {""min"": 134, ""max"": 136, ""confidence"": 0.1}, {""min"": 128, ""max"": 130, ""confidence"": 0.1}, {""min"": 136, ""max"": 138, ""confidence"": 0.09}, {""min"": 126, ""max"": 128, ""confidence"": 0.08}, {""min"": 138, ""max"": 140, ""confidence"": 0.08}, {""min"": 124, ""max"": 126, ""confidence"": 0.07}, {""min"": 140, ""max"": 142, ""confidence"": 0.07}, {""min"": 122, ""max"": 124, ""confidence"": 0.06}]",,126.jpg,1,153.0,2,10
wgd_spd_126_10,155.0,0.2,"[{""min"": 130, ""max"": 140, ""confidence"": 0.1}, {""min"": 140, ""max"": 150, ""confidence"": 0.15}, {""min"": 150, ""max"": 160, ""confidence"": 0.2}, {""min"": 160, ""max"": 170, ""confidence"": 0.18}, {""min"": 170, ""max"": 180, ""confidence"": 0.12}, {""min"": 120, ""max"": 130, ""confidence"": 0.08}, {""min"": 180, ""max"": 190, ""confidence"": 0.06}, {""min"": 110, ""max"": 120, ""confidence"": 0.05}, {""min"": 190, ""max"": 200, ""confidence"": 0.04}, {""min"": 100, ""max"": 110, ""confidence"": 0.02}]",,126.jpg,5,153.0,10,10
wgd_spd_126_20,150.0,0.3,"[{""min"": 120, ""max"": 140, ""confidence"": 0.25}, {""min"": 140, ""max"": 160, ""confidence"": 0.3}, {""min"": 160, ""max"": 180, ""confidence"": 0.2}, {""min"": 100, ""max"": 120, ""confidence"": 0.15}, {""min"": 180, ""max"": 200, ""confidence"": 0.1}]",,126.jpg,10,153.0,20,5
wgd_spd_126_40,160.0,0.5,"[{""min"": 140, ""max"": 180, ""confidence"": 0.5}, {""min"": 160, ""max"": 200, ""confidence"": 0.3}, {""min"": 120, ""max"": 160, ""confidence"": 0.2}]",,126.jpg,20,153.0,40,3
wgd_spd_127_02,131.0,0.15,"[{""min"": 130, ""max"": 132, ""confidence"": 0.15}, {""min"": 128, ""max"": 130, ""confidence"": 0.12}, {""min"": 132, ""max"": 134, ""confidence"": 0.11}, {""min"": 134, ""max"": 136, ""confidence"": 0.10}, {""min"": 126, ""max"": 128, ""confidence"": 0.08}, {""min"": 136, ""max"": 138, ""confidence"": 0.07}, {""min"": 124, ""max"": 126, ""confidence"": 0.06}, {""min"": 138, ""max"": 140, ""confidence"": 0.06}, {""min"": 122, ""max"": 124, ""confidence"": 0.05}, {""min"": 140, ""max"": 142, ""confidence"": 0.05}]",,127.jpg,1,164.0,2,10
wgd_spd_127_10,145.0,0.2,"[{""min"": 130, ""max"": 140, ""confidence"": 0.15}, {""min"": 140, ""max"": 150, ""confidence"": 0.2}, {""min"": 120, ""max"": 130, ""confidence"": 0.12}, {""min"": 150, ""max"": 160, ""confidence"": 0.18}, {""min"": 110, ""max"": 120, ""confidence"": 0.08}, {""min"": 160, ""max"": 170, ""confidence"": 0.1}, {""min"": 100, ""max"": 110, ""confidence"": 0.05}, {""min"": 170, ""max"": 180, ""confidence"": 0.05}, {""min"": 180, ""max"": 190, ""confidence"": 0.03}, {""min"": 190, ""max"": 200, ""confidence"": 0.04}]",,127.jpg,5,164.0,10,10
wgd_spd_127_20,150.0,0.3,"[{""min"": 120, ""max"": 140, ""confidence"": 0.25}, {""min"": 140, ""max"": 160, ""confidence"": 0.3}, {""min"": 130, ""max"": 150, ""confidence"": 0.2}, {""min"": 150, ""max"": 170, ""confidence"": 0.15}, {""min"": 110, ""max"": 130, ""confidence"": 0.1}]",,127.jpg,10,164.0,20,5
wgd_spd_127_40,140.0,0.5,"[{""min"": 120, ""max"": 160, ""confidence"": 0.5}, {""min"": 140, ""max"": 180, ""confidence"": 0.35}, {""min"": 160, ""max"": 200, ""confidence"": 0.15}]",,127.jpg,20,164.0,40,3
wgd_spd_128_02,121.0,0.15,"[{""min"": 120, ""max"": 122, ""confidence"": 0.15}, {""min"": 122, ""max"": 124, ""confidence"": 0.14}, {""min"": 124, ""max"": 126, ""confidence"": 0.13}, {""min"": 126, ""max"": 128, ""confidence"": 0.12}, {""min"": 128, ""max"": 130, ""confidence"": 0.11}, {""min"": 130, ""max"": 132, ""confidence"": 0.1}, {""min"": 132, ""max"": 134, ""confidence"": 0.09}, {""min"": 134, ""max"": 136, ""confidence"": 0.08}, {""min"": 136, ""max"": 138, ""confidence"": 0.06}, {""min"": 138, ""max"": 140, ""confidence"": 0.02}]",,128.jpg,1,179.0,2,10
wgd_spd_128_10,145.0,0.25,"[{""min"": 120, ""max"": 130, ""confidence"": 0.15}, {""min"": 130, ""max"": 140, ""confidence"": 0.2}, {""min"": 140, ""max"": 150, ""confidence"": 0.25}, {""min"": 150, ""max"": 160, ""confidence"": 0.2}, {""min"": 160, ""max"": 170, ""confidence"": 0.1}, {""min"": 110, ""max"": 120, ""confidence"": 0.05}, {""min"": 170, ""max"": 180, ""confidence"": 0.03}, {""min"": 100, ""max"": 110, ""confidence"": 0.01}, {""min"": 180, ""max"": 190, ""confidence"": 0.005}, {""min"": 90, ""max"": 100, ""confidence"": 0.005}]",,128.jpg,5,179.0,10,10
wgd_spd_128_20,140.0,0.3,"[{""min"": 120, ""max"": 140, ""confidence"": 0.25}, {""min"": 130, ""max"": 150, ""confidence"": 0.3}, {""min"": 140, ""max"": 160, ""confidence"": 0.2}, {""min"": 150, ""max"": 170, ""confidence"": 0.15}, {""min"": 160, ""max"": 180, ""confidence"": 0.1}]",,128.jpg,10,179.0,20,5
wgd_spd_128_40,140.0,0.6,"[{""min"": 120, ""max"": 160, ""confidence"": 0.6}, {""min"": 140, ""max"": 180, ""confidence"": 0.3}, {""min"": 100, ""max"": 140, ""confidence"": 0.1}]",,128.jpg,20,179.0,40,3
wgd_spd_129_02,161.0,0.15,"[{""min"": 160, ""max"": 162, ""confidence"": 0.15}, {""min"": 162, ""max"": 164, ""confidence"": 0.14}, {""min"": 158, ""max"": 160, ""confidence"": 0.13}, {""min"": 164, ""max"": 166, ""confidence"": 0.12}, {""min"": 156, ""max"": 158, ""confidence"": 0.11}, {""min"": 166, ""max"": 168, ""confidence"": 0.09}, {""min"": 154, ""max"": 156, ""confidence"": 0.08}, {""min"": 168, ""max"": 170, ""confidence"": 0.07}, {""min"": 152, ""max"": 154, ""confidence"": 0.06}, {""min"": 170, ""max"": 172, ""confidence"": 0.05}]",,129.jpg,1,169.0,2,10
wgd_spd_129_10,165.0,0.15,"[{""min"": 160, ""max"": 170, ""confidence"": 0.15}, {""min"": 170, ""max"": 180, ""confidence"": 0.14}, {""min"": 150, ""max"": 160, ""confidence"": 0.13}, {""min"": 180, ""max"": 190, ""confidence"": 0.12}, {""min"": 140, ""max"": 150, ""confidence"": 0.11}, {""min"": 190, ""max"": 200, ""confidence"": 0.1}, {""min"": 130, ""max"": 140, ""confidence"": 0.08}, {""min"": 200, ""max"": 210, ""confidence"": 0.07}, {""min"": 120, ""max"": 130, ""confidence"": 0.06}, {""min"": 210, ""max"": 220, ""confidence"": 0.04}]",,129.jpg,5,169.0,10,10
wgd_spd_129_20,150.0,0.25,"[{""min"": 140, ""max"": 160, ""confidence"": 0.25}, {""min"": 160, ""max"": 180, ""confidence"": 0.2}, {""min"": 150, ""max"": 170, ""confidence"": 0.2}, {""min"": 170, ""max"": 190, ""confidence"": 0.15}, {""min"": 180, ""max"": 200, ""confidence"": 0.1}]",,129.jpg,10,169.0,20,5
wgd_spd_129_40,170.0,0.5,"[{""min"": 150, ""max"": 190, ""confidence"": 0.5}, {""min"": 170, ""max"": 210, ""confidence"": 0.3}, {""min"": 190, ""max"": 230, ""confidence"": 0.2}]",,129.jpg,20,169.0,40,3
wgd_spd_130_02,135.0,0.15,"[{""min"": 134, ""max"": 136, ""confidence"": 0.15}, {""min"": 136, ""max"": 138, ""confidence"": 0.12}, {""min"": 132, ""max"": 134, ""confidence"": 0.1}, {""min"": 138, ""max"": 140, ""confidence"": 0.1}, {""min"": 130, ""max"": 132, ""confidence"": 0.08}, {""min"": 140, ""max"": 142, ""confidence"": 0.08}, {""min"": 128, ""max"": 130, ""confidence"": 0.07}, {""min"": 142, ""max"": 144, ""confidence"": 0.07}, {""min"": 126, ""max"": 128, ""confidence"": 0.06}, {""min"": 144, ""max"": 146, ""confidence"": 0.06}]",,130.jpg,1,149.0,2,10
wgd_spd_130_10,145.0,0.25,"[{""min"": 120, ""max"": 130, ""confidence"": 0.15}, {""min"": 130, ""max"": 140, ""confidence"": 0.2}, {""min"": 140, ""max"": 150, ""confidence"": 0.25}, {""min"": 150, ""max"": 160, ""confidence"": 0.2}, {""min"": 160, ""max"": 170, ""confidence"": 0.1}, {""min"": 110, ""max"": 120, ""confidence"": 0.05}, {""min"": 170, ""max"": 180, ""confidence"": 0.03}, {""min"": 180, ""max"": 190, ""confidence"": 0.01}, {""min"": 100, ""max"": 110, ""confidence"": 0.01}, {""min"": 190, ""max"": 200, ""confidence"": 0.01}]",,130.jpg,5,149.0,10,10
wgd_spd_130_20,150.0,0.25,"[{""min"": 140, ""max"": 160, ""confidence"": 0.25}, {""min"": 150, ""max"": 170, ""confidence"": 0.2}, {""min"": 160, ""max"": 180, ""confidence"": 0.2}, {""min"": 130, ""max"": 150, ""confidence"": 0.15}, {""min"": 170, ""max"": 190, ""confidence"": 0.1}]",,130.jpg,10,149.0,20,5
wgd_spd_130_40,160.0,0.45,"[{""min"": 140, ""max"": 180, ""confidence"": 0.45}, {""min"": 160, ""max"": 200, ""confidence"": 0.3}, {""min"": 120, ""max"": 160, ""confidence"": 0.25}]",,130.jpg,20,149.0,40,3
wgd_spd_131_02,99.0,0.15,"[{""min"": 98, ""max"": 100, ""confidence"": 0.15}, {""min"": 100, ""max"": 102, ""confidence"": 0.14}, {""min"": 102, ""max"": 104, ""confidence"": 0.13}, {""min"": 104, ""max"": 106, ""confidence"": 0.12}, {""min"": 106, ""max"": 108, ""confidence"": 0.11}, {""min"": 108, ""max"": 110, ""confidence"": 0.1}, {""min"": 110, ""max"": 112, ""confidence"": 0.08}, {""min"": 112, ""max"": 114, ""confidence"": 0.06}, {""min"": 114, ""max"": 116, ""confidence"": 0.05}, {""min"": 116, ""max"": 118, ""confidence"": 0.04}]",,131.jpg,1,132.0,2,10
wgd_spd_131_10,95.0,0.2,"[{""min"": 90, ""max"": 100, ""confidence"": 0.2}, {""min"": 100, ""max"": 110, ""confidence"": 0.18}, {""min"": 110, ""max"": 120, ""confidence"": 0.15}, {""min"": 120, ""max"": 130, ""confidence"": 0.12}, {""min"": 80, ""max"": 90, ""confidence"": 0.1}, {""min"": 130, ""max"": 140, ""confidence"": 0.08}, {""min"": 70, ""max"": 80, ""confidence"": 0.07}, {""min"": 140, ""max"": 150, ""confidence"": 0.05}, {""min"": 150, ""max"": 160, ""confidence"": 0.03}, {""min"": 60, ""max"": 70, ""confidence"": 0.02}]",,131.jpg,5,132.0,10,10
wgd_spd_131_20,110.0,0.3,"[{""min"": 100, ""max"": 120, ""confidence"": 0.3}, {""min"": 120, ""max"": 140, ""confidence"": 0.25}, {""min"": 80, ""max"": 100, ""confidence"": 0.2}, {""min"": 140, ""max"": 160, ""confidence"": 0.15}, {""min"": 60, ""max"": 80, ""confidence"": 0.1}]",,131.jpg,10,132.0,20,5
wgd_spd_131_40,120.0,0.5,"[{""min"": 100, ""max"": 140, ""confidence"": 0.5}, {""min"": 120, ""max"": 160, ""confidence"": 0.3}, {""min"": 80, ""max"": 120, ""confidence"": 0.2}]",,131.jpg,20,132.0,40,3
wgd_spd_132_02,111.0,0.15,"[{""min"": 110, ""max"": 112, ""confidence"": 0.15}, {""min"": 112, ""max"": 114, ""confidence"": 0.14}, {""min"": 108, ""max"": 110, ""confidence"": 0.13}, {""min"": 114, ""max"": 116, ""confidence"": 0.12}, {""min"": 106, ""max"": 108, ""confidence"": 0.11}, {""min"": 116, ""max"": 118, ""confidence"": 0.1}, {""min"": 104, ""max"": 106, ""confidence"": 0.09}, {""min"": 118, ""max"": 120, ""confidence"": 0.08}, {""min"": 102, ""max"": 104, ""confidence"": 0.05}, {""min"": 120, ""max"": 122, ""confidence"": 0.03}]",,132.jpg,1,131.0,2,10
wgd_spd_132_10,135.0,0.25,"[{""min"": 110, ""max"": 120, ""confidence"": 0.15}, {""min"": 120, ""max"": 130, ""confidence"": 0.2}, {""min"": 130, ""max"": 140, ""confidence"": 0.25}, {""min"": 140, ""max"": 150, ""confidence"": 0.2}, {""min"": 150, ""max"": 160, ""confidence"": 0.1}, {""min"": 100, ""max"": 110, ""confidence"": 0.05}, {""min"": 90, ""max"": 100, ""confidence"": 0.02}, {""min"": 160, ""max"": 170, ""confidence"": 0.02}, {""min"": 80, ""max"": 90, ""confidence"": 0.01}, {""min"": 170, ""max"": 180, ""confidence"": 0.01}]",,132.jpg,5,131.0,10,10
wgd_spd_132_20,140.0,0.3,"[{""min"": 120, ""max"": 140, ""confidence"": 0.25}, {""min"": 130, ""max"": 150, ""confidence"": 0.3}, {""min"": 140, ""max"": 160, ""confidence"": 0.2}, {""min"": 110, ""max"": 130, ""confidence"": 0.15}, {""min"": 100, ""max"": 120, ""confidence"": 0.1}]",,132.jpg,10,131.0,20,5
wgd_spd_132_40,140.0,0.5,"[{""min"": 120, ""max"": 160, ""confidence"": 0.5}, {""min"": 140, ""max"": 180, ""confidence"": 0.3}, {""min"": 100, ""max"": 140, ""confidence"": 0.2}]",,132.jpg,20,131.0,40,3
wgd_spd_133_02,155.0,0.2,"[{""min"": 150, ""max"": 152, ""confidence"": 0.1}, {""min"": 152, ""max"": 154, ""confidence"": 0.15}, {""min"": 154, ""max"": 156, ""confidence"": 0.2}, {""min"": 156, ""max"": 158, ""confidence"": 0.15}, {""min"": 158, ""max"": 160, ""confidence"": 0.1}, {""min"": 160, ""max"": 162, ""confidence"": 0.05}, {""min"": 162, ""max"": 164, ""confidence"": 0.05}, {""min"": 164, ""max"": 166, ""confidence"": 0.05}, {""min"": 166, ""max"": 168, ""confidence"": 0.05}, {""min"": 168, ""max"": 170, ""confidence"": 0.1}]",,133.jpg,1,168.0,2,10
wgd_spd_133_10,145.0,0.15,"[{""min"": 140, ""max"": 150, ""confidence"": 0.15}, {""min"": 145, ""max"": 155, ""confidence"": 0.14}, {""min"": 150, ""max"": 160, ""confidence"": 0.13}, {""min"": 155, ""max"": 165, ""confidence"": 0.12}, {""min"": 130, ""max"": 140, ""confidence"": 0.11}, {""min"": 135, ""max"": 145, ""confidence"": 0.1}, {""min"": 160, ""max"": 170, ""confidence"": 0.08}, {""min"": 125, ""max"": 135, ""confidence"": 0.07}, {""min"": 165, ""max"": 175, ""confidence"": 0.06}, {""min"": 120, ""max"": 130, ""confidence"": 0.04}]",,133.jpg,5,168.0,10,10
wgd_spd_133_20,160.0,0.3,"[{""min"": 140, ""max"": 160, ""confidence"": 0.25}, {""min"": 150, ""max"": 170, ""confidence"": 0.3}, {""min"": 160, ""max"": 180, ""confidence"": 0.25}, {""min"": 170, ""max"": 190, ""confidence"": 0.15}, {""min"": 180, ""max"": 200, ""confidence"": 0.05}]",,133.jpg,10,168.0,20,5
wgd_spd_133_40,160.0,0.5,"[{""min"": 140, ""max"": 180, ""confidence"": 0.5}, {""min"": 160, ""max"": 200, ""confidence"": 0.3}, {""min"": 120, ""max"": 160, ""confidence"": 0.2}]",,133.jpg,20,168.0,40,3
wgd_spd_134_02,155.0,0.12,"[{""min"": 154, ""max"": 156, ""confidence"": 0.12}, {""min"": 156, ""max"": 158, ""confidence"": 0.11}, {""min"": 152, ""max"": 154, ""confidence"": 0.1}, {""min"": 158, ""max"": 160, ""confidence"": 0.09}, {""min"": 150, ""max"": 152, ""confidence"": 0.08}, {""min"": 160, ""max"": 162, ""confidence"": 0.08}, {""min"": 148, ""max"": 150, ""confidence"": 0.07}, {""min"": 162, ""max"": 164, ""confidence"": 0.07}, {""min"": 146, ""max"": 148, ""confidence"": 0.06}, {""min"": 164, ""max"": 166, ""confidence"": 0.06}]",,134.jpg,1,190.6,2,10
wgd_spd_134_10,145.0,0.15,"[{""min"": 140, ""max"": 150, ""confidence"": 0.15}, {""min"": 150, ""max"": 160, ""confidence"": 0.14}, {""min"": 170, ""max"": 180, ""confidence"": 0.13}, {""min"": 160, ""max"": 170, ""confidence"": 0.12}, {""min"": 180, ""max"": 190, ""confidence"": 0.11}, {""min"": 130, ""max"": 140, ""confidence"": 0.1}, {""min"": 190, ""max"": 200, ""confidence"": 0.08}, {""min"": 120, ""max"": 130, ""confidence"": 0.06}, {""min"": 110, ""max"": 120, ""confidence"": 0.06}, {""min"": 200, ""max"": 210, ""confidence"": 0.05}]",,134.jpg,5,190.6,10,10
wgd_spd_134_20,150.0,0.25,"[{""min"": 140, ""max"": 160, ""confidence"": 0.25}, {""min"": 160, ""max"": 180, ""confidence"": 0.25}, {""min"": 150, ""max"": 170, ""confidence"": 0.2}, {""min"": 170, ""max"": 190, ""confidence"": 0.15}, {""min"": 130, ""max"": 150, ""confidence"": 0.15}]",,134.jpg,10,190.6,20,5
wgd_spd_134_40,160.0,0.6,"[{""min"": 140, ""max"": 180, ""confidence"": 0.6}, {""min"": 160, ""max"": 200, ""confidence"": 0.3}, {""min"": 120, ""max"": 160, ""confidence"": 0.1}]",,134.jpg,20,190.6,40,3
wgd_spd_135_02,145.0,0.12,"[{""min"": 144, ""max"": 146, ""confidence"": 0.12}, {""min"": 146, ""max"": 148, ""confidence"": 0.11}, {""min"": 148, ""max"": 150, ""confidence"": 0.1}, {""min"": 150, ""max"": 152, ""confidence"": 0.09}, {""min"": 142, ""max"": 144, ""confidence"": 0.08}, {""min"": 152, ""max"": 154, ""confidence"": 0.08}, {""min"": 140, ""max"": 142, ""confidence"": 0.07}, {""min"": 154, ""max"": 156, ""confidence"": 0.07}, {""min"": 138, ""max"": 140, ""confidence"": 0.06}, {""min"": 156, ""max"": 158, ""confidence"": 0.06}]",,135.jpg,1,127.0,2,10
wgd_spd_135_10,145.0,0.18,"[{""min"": 140, ""max"": 150, ""confidence"": 0.18}, {""min"": 150, ""max"": 160, ""confidence"": 0.16}, {""min"": 160, ""max"": 170, ""confidence"": 0.14}, {""min"": 130, ""max"": 140, ""confidence"": 0.12}, {""min"": 170, ""max"": 180, ""confidence"": 0.1}, {""min"": 120, ""max"": 130, ""confidence"": 0.08}, {""min"": 180, ""max"": 190, ""confidence"": 0.06}, {""min"": 190, ""max"": 200, ""confidence"": 0.05}, {""min"": 110, ""max"": 120, ""confidence"": 0.05}, {""min"": 200, ""max"": 210, ""confidence"": 0.04}]",,135.jpg,5,127.0,10,10
wgd_spd_135_20,150.0,0.25,"[{""min"": 140, ""max"": 160, ""confidence"": 0.25}, {""min"": 150, ""max"": 170, ""confidence"": 0.2}, {""min"": 160, ""max"": 180, ""confidence"": 0.2}, {""min"": 130, ""max"": 150, ""confidence"": 0.15}, {""min"": 170, ""max"": 190, ""confidence"": 0.1}]",,135.jpg,10,127.0,20,5
wgd_spd_135_40,160.0,0.6,"[{""min"": 140, ""max"": 180, ""confidence"": 0.6}, {""min"": 160, ""max"": 200, ""confidence"": 0.3}, {""min"": 120, ""max"": 160, ""confidence"": 0.1}]",,135.jpg,20,127.0,40,3
wgd_spd_136_02,111.0,0.12,"[{""min"": 110, ""max"": 112, ""confidence"": 0.12}, {""min"": 112, ""max"": 114, ""confidence"": 0.11}, {""min"": 108, ""max"": 110, ""confidence"": 0.1}, {""min"": 114, ""max"": 116, ""confidence"": 0.09}, {""min"": 106, ""max"": 108, ""confidence"": 0.08}, {""min"": 116, ""max"": 118, ""confidence"": 0.08}, {""min"": 104, ""max"": 106, ""confidence"": 0.07}, {""min"": 118, ""max"": 120, ""confidence"": 0.07}, {""min"": 102, ""max"": 104, ""confidence"": 0.06}, {""min"": 120, ""max"": 122, ""confidence"": 0.05}]",,136.jpg,1,125.0,2,10
wgd_spd_136_10,105.0,0.23,"[{""min"": 100, ""max"": 110, ""confidence"": 0.23}, {""min"": 110, ""max"": 120, ""confidence"": 0.21}, {""min"": 90, ""max"": 100, ""confidence"": 0.17}, {""min"": 120, ""max"": 130, ""confidence"": 0.15}, {""min"": 80, ""max"": 90, ""confidence"": 0.08}, {""min"": 130, ""max"": 140, ""confidence"": 0.07}, {""min"": 70, ""max"": 80, ""confidence"": 0.04}, {""min"": 140, ""max"": 150, ""confidence"": 0.03}, {""min"": 150, ""max"": 160, ""confidence"": 0.02}, {""min"": 160, ""max"": 170, ""confidence"": 0.01}]",,136.jpg,5,125.0,10,10
wgd_spd_136_20,130.0,0.35,"[{""min"": 100, ""max"": 120, ""confidence"": 0.25}, {""min"": 110, ""max"": 130, ""confidence"": 0.3}, {""min"": 120, ""max"": 140, ""confidence"": 0.35}, {""min"": 90, ""max"": 110, ""confidence"": 0.05}, {""min"": 130, ""max"": 150, ""confidence"": 0.05}]",,136.jpg,10,125.0,20,5
wgd_spd_136_40,120.0,0.5,"[{""min"": 100, ""max"": 140, ""confidence"": 0.5}, {""min"": 110, ""max"": 150, ""confidence"": 0.3}, {""min"": 120, ""max"": 160, ""confidence"": 0.2}]",,136.jpg,20,125.0,40,3
wgd_spd_137_02,141.0,0.12,"[{""min"": 140, ""max"": 142, ""confidence"": 0.12}, {""min"": 142, ""max"": 144, ""confidence"": 0.11}, {""min"": 144, ""max"": 146, ""confidence"": 0.1}, {""min"": 146, ""max"": 148, ""confidence"": 0.1}, {""min"": 148, ""max"": 150, ""confidence"": 0.09}, {""min"": 150, ""max"": 152, ""confidence"": 0.09}, {""min"": 152, ""max"": 154, ""confidence"": 0.08}, {""min"": 154, ""max"": 156, ""confidence"": 0.07}, {""min"": 156, ""max"": 158, ""confidence"": 0.06}, {""min"": 158, ""max"": 160, ""confidence"": 0.05}]",,137.jpg,1,195.0,2,10
wgd_spd_137_10,145.0,0.15,"[{""min"": 140, ""max"": 150, ""confidence"": 0.15}, {""min"": 150, ""max"": 160, ""confidence"": 0.14}, {""min"": 160, ""max"": 170, ""confidence"": 0.13}, {""min"": 130, ""max"": 140, ""confidence"": 0.12}, {""min"": 170, ""max"": 180, ""confidence"": 0.11}, {""min"": 120, ""max"": 130, ""confidence"": 0.1}, {""min"": 180, ""max"": 190, ""confidence"": 0.08}, {""min"": 110, ""max"": 120, ""confidence"": 0.07}, {""min"": 190, ""max"": 200, ""confidence"": 0.06}, {""min"": 200, ""max"": 210, ""confidence"": 0.04}]",,137.jpg,5,195.0,10,10
wgd_spd_137_20,160.0,0.3,"[{""min"": 140, ""max"": 160, ""confidence"": 0.25}, {""min"": 150, ""max"": 170, ""confidence"": 0.3}, {""min"": 160, ""max"": 180, ""confidence"": 0.25}, {""min"": 170, ""max"": 190, ""confidence"": 0.15}, {""min"": 180, ""max"": 200, ""confidence"": 0.05}]",,137.jpg,10,195.0,20,5
wgd_spd_137_40,160.0,0.5,"[{""min"": 140, ""max"": 180, ""confidence"": 0.5}, {""min"": 160, ""max"": 200, ""confidence"": 0.3}, {""min"": 120, ""max"": 160, ""confidence"": 0.2}]",,137.jpg,20,195.0,40,3
wgd_spd_138_02,111.0,0.15,"[{""min"": 110, ""max"": 112, ""confidence"": 0.15}, {""min"": 112, ""max"": 114, ""confidence"": 0.14}, {""min"": 108, ""max"": 110, ""confidence"": 0.12}, {""min"": 114, ""max"": 116, ""confidence"": 0.11}, {""min"": 106, ""max"": 108, ""confidence"": 0.1}, {""min"": 116, ""max"": 118, ""confidence"": 0.09}, {""min"": 104, ""max"": 106, ""confidence"": 0.08}, {""min"": 118, ""max"": 120, ""confidence"": 0.07}, {""min"": 120, ""max"": 122, ""confidence"": 0.06}, {""min"": 122, ""max"": 124, ""confidence"": 0.05}]",,138.jpg,1,141.0,2,10
wgd_spd_138_10,135.0,0.25,"[{""min"": 110, ""max"": 120, ""confidence"": 0.15}, {""min"": 120, ""max"": 130, ""confidence"": 0.2}, {""min"": 130, ""max"": 140, ""confidence"": 0.25}, {""min"": 140, ""max"": 150, ""confidence"": 0.2}, {""min"": 150, ""max"": 160, ""confidence"": 0.1}, {""min"": 100, ""max"": 110, ""confidence"": 0.05}, {""min"": 90, ""max"": 100, ""confidence"": 0.02}, {""min"": 160, ""max"": 170, ""confidence"": 0.02}, {""min"": 80, ""max"": 90, ""confidence"": 0.01}, {""min"": 170, ""max"": 180, ""confidence"": 0.01}]",,138.jpg,5,141.0,10,10
wgd_spd_138_20,130.0,0.4,"[{""min"": 100, ""max"": 120, ""confidence"": 0.25}, {""min"": 120, ""max"": 140, ""confidence"": 0.4}, {""min"": 110, ""max"": 130, ""confidence"": 0.2}, {""min"": 90, ""max"": 110, ""confidence"": 0.1}, {""min"": 130, ""max"": 150, ""confidence"": 0.05}]",,138.jpg,10,141.0,20,5
wgd_spd_138_40,140.0,0.5,"[{""min"": 120, ""max"": 160, ""confidence"": 0.5}, {""min"": 100, ""max"": 140, ""confidence"": 0.3}, {""min"": 140, ""max"": 180, ""confidence"": 0.2}]",,138.jpg,20,141.0,40,3
wgd_spd_139_02,121.0,0.15,"[{""min"": 120, ""max"": 122, ""confidence"": 0.15}, {""min"": 122, ""max"": 124, ""confidence"": 0.12}, {""min"": 118, ""max"": 120, ""confidence"": 0.11}, {""min"": 124, ""max"": 126, ""confidence"": 0.1}, {""min"": 126, ""max"": 128, ""confidence"": 0.09}, {""min"": 116, ""max"": 118, ""confidence"": 0.08}, {""min"": 114, ""max"": 116, ""confidence"": 0.07}, {""min"": 128, ""max"": 130, ""confidence"": 0.06}, {""min"": 112, ""max"": 114, ""confidence"": 0.05}, {""min"": 130, ""max"": 132, ""confidence"": 0.04}]",,139.jpg,1,140.0,2,10
wgd_spd_139_10,145.0,0.25,"[{""min"": 120, ""max"": 130, ""confidence"": 0.15}, {""min"": 130, ""max"": 140, ""confidence"": 0.2}, {""min"": 140, ""max"": 150, ""confidence"": 0.25}, {""min"": 110, ""max"": 120, ""confidence"": 0.1}, {""min"": 150, ""max"": 160, ""confidence"": 0.15}, {""min"": 100, ""max"": 110, ""confidence"": 0.05}, {""min"": 160, ""max"": 170, ""confidence"": 0.05}, {""min"": 90, ""max"": 100, ""confidence"": 0.02}, {""min"": 170, ""max"": 180, ""confidence"": 0.02}, {""min"": 80, ""max"": 90, ""confidence"": 0.01}]",,139.jpg,5,140.0,10,10
wgd_spd_139_20,140.0,0.3,"[{""min"": 120, ""max"": 140, ""confidence"": 0.25}, {""min"": 130, ""max"": 150, ""confidence"": 0.3}, {""min"": 140, ""max"": 160, ""confidence"": 0.2}, {""min"": 110, ""max"": 130, ""confidence"": 0.15}, {""min"": 150, ""max"": 170, ""confidence"": 0.1}]",,139.jpg,10,140.0,20,5
wgd_spd_139_40,140.0,0.6,"[{""min"": 120, ""max"": 160, ""confidence"": 0.6}, {""min"": 100, ""max"": 140, ""confidence"": 0.25}, {""min"": 140, ""max"": 180, ""confidence"": 0.15}]",,139.jpg,20,140.0,40,3
wgd_spd_140_02,141.0,0.12,"[{""min"": 140, ""max"": 142, ""confidence"": 0.12}, {""min"": 142, ""max"": 144, ""confidence"": 0.11}, {""min"": 144, ""max"": 146, ""confidence"": 0.1}, {""min"": 146, ""max"": 148, ""confidence"": 0.09}, {""min"": 148, ""max"": 150, ""confidence"": 0.08}, {""min"": 150, ""max"": 152, ""confidence"": 0.08}, {""min"": 152, ""max"": 154, ""confidence"": 0.07}, {""min"": 154, ""max"": 156, ""confidence"": 0.07}, {""min"": 138, ""max"": 140, ""confidence"": 0.06}, {""min"": 156, ""max"": 158, ""confidence"": 0.06}]",,140.jpg,1,190.0,2,10
wgd_spd_140_10,150.0,0.2,"[{""min"": 140, ""max"": 150, ""confidence"": 0.15}, {""min"": 145, ""max"": 155, ""confidence"": 0.2}, {""min"": 150, ""max"": 160, ""confidence"": 0.2}, {""min"": 155, ""max"": 165, ""confidence"": 0.15}, {""min"": 130, ""max"": 140, ""confidence"": 0.1}, {""min"": 135, ""max"": 145, ""confidence"": 0.05}, {""min"": 160, ""max"": 170, ""confidence"": 0.05}, {""min"": 125, ""max"": 135, ""confidence"": 0.03}, {""min"": 165, ""max"": 175, ""confidence"": 0.02}, {""min"": 120, ""max"": 130, ""confidence"": 0.05}]",,140.jpg,5,190.0,10,10
wgd_spd_140_20,150.0,0.25,"[{""min"": 140, ""max"": 160, ""confidence"": 0.25}, {""min"": 150, ""max"": 170, ""confidence"": 0.25}, {""min"": 160, ""max"": 180, ""confidence"": 0.2}, {""min"": 130, ""max"": 150, ""confidence"": 0.15}, {""min"": 170, ""max"": 190, ""confidence"": 0.15}]",,140.jpg,10,190.0,20,5
wgd_spd_140_40,160.0,0.5,"[{""min"": 140, ""max"": 180, ""confidence"": 0.5}, {""min"": 150, ""max"": 190, ""confidence"": 0.3}, {""min"": 160, ""max"": 200, ""confidence"": 0.2}]",,140.jpg,20,190.0,40,3
wgd_spd_141_02,131.0,0.15,"[{""min"": 130, ""max"": 132, ""confidence"": 0.15}, {""min"": 132, ""max"": 134, ""confidence"": 0.14}, {""min"": 134, ""max"": 136, ""confidence"": 0.13}, {""min"": 136, ""max"": 138, ""confidence"": 0.12}, {""min"": 128, ""max"": 130, ""confidence"": 0.11}, {""min"": 138, ""max"": 140, ""confidence"": 0.1}, {""min"": 126, ""max"": 128, ""confidence"": 0.08}, {""min"": 140, ""max"": 142, ""confidence"": 0.07}, {""min"": 124, ""max"": 126, ""confidence"": 0.06}, {""min"": 142, ""max"": 144, ""confidence"": 0.05}]",,141.jpg,1,147.8,2,10
wgd_spd_141_10,145.0,0.25,"[{""min"": 140, ""max"": 150, ""confidence"": 0.25}, {""min"": 145, ""max"": 155, ""confidence"": 0.2}, {""min"": 150, ""max"": 160, ""confidence"": 0.15}, {""min"": 135, ""max"": 145, ""confidence"": 0.1}, {""min"": 155, ""max"": 165, ""confidence"": 0.1}, {""min"": 130, ""max"": 140, ""confidence"": 0.05}, {""min"": 160, ""max"": 170, ""confidence"": 0.05}, {""min"": 125, ""max"": 135, ""confidence"": 0.03}, {""min"": 165, ""max"": 175, ""confidence"": 0.02}, {""min"": 120, ""max"": 130, ""confidence"": 0.01}]",,141.jpg,5,147.8,10,10
wgd_spd_141_20,150.0,0.25,"[{""min"": 140, ""max"": 160, ""confidence"": 0.25}, {""min"": 130, ""max"": 150, ""confidence"": 0.2}, {""min"": 150, ""max"": 170, ""confidence"": 0.2}, {""min"": 120, ""max"": 140, ""confidence"": 0.15}, {""min"": 160, ""max"": 180, ""confidence"": 0.1}]",,141.jpg,10,147.8,20,5
wgd_spd_141_40,140.0,0.5,"[{""min"": 120, ""max"": 160, ""confidence"": 0.5}, {""min"": 140, ""max"": 180, ""confidence"": 0.3}, {""min"": 100, ""max"": 140, ""confidence"": 0.2}]",,141.jpg,20,147.8,40,3
wgd_spd_142_02,111.0,0.15,"[{""min"": 110, ""max"": 112, ""confidence"": 0.15}, {""min"": 112, ""max"": 114, ""confidence"": 0.14}, {""min"": 108, ""max"": 110, ""confidence"": 0.13}, {""min"": 114, ""max"": 116, ""confidence"": 0.12}, {""min"": 106, ""max"": 108, ""confidence"": 0.11}, {""min"": 116, ""max"": 118, ""confidence"": 0.1}, {""min"": 104, ""max"": 106, ""confidence"": 0.08}, {""min"": 118, ""max"": 120, ""confidence"": 0.07}, {""min"": 102, ""max"": 104, ""confidence"": 0.05}, {""min"": 120, ""max"": 122, ""confidence"": 0.05}]",,142.jpg,1,128.8,2,10
wgd_spd_142_10,125.0,0.25,"[{""min"": 110, ""max"": 120, ""confidence"": 0.2}, {""min"": 120, ""max"": 130, ""confidence"": 0.25}, {""min"": 130, ""max"": 140, ""confidence"": 0.2}, {""min"": 100, ""max"": 110, ""confidence"": 0.1}, {""min"": 90, ""max"": 100, ""confidence"": 0.05}, {""min"": 140, ""max"": 150, ""confidence"": 0.1}, {""min"": 150, ""max"": 160, ""confidence"": 0.05}, {""min"": 80, ""max"": 90, ""confidence"": 0.025}, {""min"": 160, ""max"": 170, ""confidence"": 0.025}, {""min"": 70, ""max"": 80, ""confidence"": 0.025}]",,142.jpg,5,128.8,10,10
wgd_spd_142_20,120.0,0.3,"[{""min"": 100, ""max"": 120, ""confidence"": 0.25}, {""min"": 110, ""max"": 130, ""confidence"": 0.3}, {""min"": 120, ""max"": 140, ""confidence"": 0.2}, {""min"": 90, ""max"": 110, ""confidence"": 0.15}, {""min"": 130, ""max"": 150, ""confidence"": 0.1}]",,142.jpg,10,128.8,20,5
wgd_spd_142_40,140.0,0.5,"[{""min"": 120, ""max"": 160, ""confidence"": 0.5}, {""min"": 100, ""max"": 140, ""confidence"": 0.3}, {""min"": 140, ""max"": 180, ""confidence"": 0.2}]",,142.jpg,20,128.8,40,3
wgd_spd_143_02,121.0,0.15,"[{""min"": 120, ""max"": 122, ""confidence"": 0.15}, {""min"": 122, ""max"": 124, ""confidence"": 0.13}, {""min"": 118, ""max"": 120, ""confidence"": 0.12}, {""min"": 124, ""max"": 126, ""confidence"": 0.11}, {""min"": 126, ""max"": 128, ""confidence"": 0.1}, {""min"": 116, ""max"": 118, ""confidence"": 0.09}, {""min"": 114, ""max"": 116, ""confidence"": 0.08}, {""min"": 128, ""max"": 130, ""confidence"": 0.07}, {""min"": 112, ""max"": 114, ""confidence"": 0.06}, {""min"": 130, ""max"": 132, ""confidence"": 0.05}]",,143.jpg,1,191.0,2,10
wgd_spd_143_10,145.0,0.25,"[{""min"": 120, ""max"": 130, ""confidence"": 0.15}, {""min"": 130, ""max"": 140, ""confidence"": 0.2}, {""min"": 140, ""max"": 150, ""confidence"": 0.25}, {""min"": 150, ""max"": 160, ""confidence"": 0.2}, {""min"": 160, ""max"": 170, ""confidence"": 0.1}, {""min"": 110, ""max"": 120, ""confidence"": 0.05}, {""min"": 170, ""max"": 180, ""confidence"": 0.03}, {""min"": 180, ""max"": 190, ""confidence"": 0.01}, {""min"": 100, ""max"": 110, ""confidence"": 0.005}, {""min"": 190, ""max"": 200, ""confidence"": 0.005}]",,143.jpg,5,191.0,10,10
wgd_spd_143_20,160.0,0.3,"[{""min"": 140, ""max"": 160, ""confidence"": 0.25}, {""min"": 150, ""max"": 170, ""confidence"": 0.3}, {""min"": 160, ""max"": 180, ""confidence"": 0.2}, {""min"": 130, ""max"": 150, ""confidence"": 0.15}, {""min"": 170, ""max"": 190, ""confidence"": 0.1}]",,143.jpg,10,191.0,20,5
wgd_spd_143_40,160.0,0.6,"[{""min"": 140, ""max"": 180, ""confidence"": 0.6}, {""min"": 120, ""max"": 160, ""confidence"": 0.3}, {""min"": 160, ""max"": 200, ""confidence"": 0.1}]",,143.jpg,20,191.0,40,3
wgd_spd_144_02,121.0,0.12,"[{""min"": 120, ""max"": 122, ""confidence"": 0.12}, {""min"": 118, ""max"": 120, ""confidence"": 0.11}, {""min"": 122, ""max"": 124, ""confidence"": 0.1}, {""min"": 116, ""max"": 118, ""confidence"": 0.09}, {""min"": 124, ""max"": 126, ""confidence"": 0.09}, {""min"": 114, ""max"": 116, ""confidence"": 0.08}, {""min"": 126, ""max"": 128, ""confidence"": 0.08}, {""min"": 112, ""max"": 114, ""confidence"": 0.07}, {""min"": 128, ""max"": 130, ""confidence"": 0.07}, {""min"": 130, ""max"": 132, ""confidence"": 0.06}]",,144.jpg,1,118.6,2,10
wgd_spd_144_10,135.0,0.25,"[{""min"": 110, ""max"": 120, ""confidence"": 0.15}, {""min"": 120, ""max"": 130, ""confidence"": 0.2}, {""min"": 130, ""max"": 140, ""confidence"": 0.25}, {""min"": 140, ""max"": 150, ""confidence"": 0.2}, {""min"": 150, ""max"": 160, ""confidence"": 0.1}, {""min"": 100, ""max"": 110, ""confidence"": 0.05}, {""min"": 90, ""max"": 100, ""confidence"": 0.02}, {""min"": 160, ""max"": 170, ""confidence"": 0.02}, {""min"": 80, ""max"": 90, ""confidence"": 0.01}, {""min"": 170, ""max"": 180, ""confidence"": 0.01}]",,144.jpg,5,118.6,10,10
wgd_spd_144_20,130.0,0.3,"[{""min"": 110, ""max"": 130, ""confidence"": 0.25}, {""min"": 120, ""max"": 140, ""confidence"": 0.3}, {""min"": 130, ""max"": 150, ""confidence"": 0.2}, {""min"": 140, ""max"": 160, ""confidence"": 0.15}, {""min"": 150, ""max"": 170, ""confidence"": 0.1}]",,144.jpg,10,118.6,20,5
wgd_spd_144_40,140.0,0.5,"[{""min"": 120, ""max"": 160, ""confidence"": 0.5}, {""min"": 140, ""max"": 180, ""confidence"": 0.3}, {""min"": 100, ""max"": 140, ""confidence"": 0.2}]",,144.jpg,20,118.6,40,3
wgd_spd_145_02,121.0,0.15,"[{""min"": 120, ""max"": 122, ""confidence"": 0.15}, {""min"": 118, ""max"": 120, ""confidence"": 0.12}, {""min"": 122, ""max"": 124, ""confidence"": 0.11}, {""min"": 116, ""max"": 118, ""confidence"": 0.1}, {""min"": 124, ""max"": 126, ""confidence"": 0.09}, {""min"": 114, ""max"": 116, ""confidence"": 0.08}, {""min"": 126, ""max"": 128, ""confidence"": 0.07}, {""min"": 112, ""max"": 114, ""confidence"": 0.06}, {""min"": 128, ""max"": 130, ""confidence"": 0.05}, {""min"": 110, ""max"": 112, ""confidence"": 0.04}]",,145.jpg,1,101.8,2,10
wgd_spd_145_10,135.0,0.2,"[{""min"": 120, ""max"": 130, ""confidence"": 0.15}, {""min"": 130, ""max"": 140, ""confidence"": 0.2}, {""min"": 110, ""max"": 120, ""confidence"": 0.12}, {""min"": 140, ""max"": 150, ""confidence"": 0.18}, {""min"": 150, ""max"": 160, ""confidence"": 0.13}, {""min"": 100, ""max"": 110, ""confidence"": 0.08}, {""min"": 160, ""max"": 170, ""confidence"": 0.06}, {""min"": 90, ""max"": 100, ""confidence"": 0.04}, {""min"": 170, ""max"": 180, ""confidence"": 0.03}, {""min"": 80, ""max"": 90, ""confidence"": 0.01}]",,145.jpg,5,101.8,10,10
wgd_spd_145_20,130.0,0.25,"[{""min"": 120, ""max"": 140, ""confidence"": 0.25}, {""min"": 110, ""max"": 130, ""confidence"": 0.2}, {""min"": 130, ""max"": 150, ""confidence"": 0.2}, {""min"": 100, ""max"": 120, ""confidence"": 0.15}, {""min"": 140, ""max"": 160, ""confidence"": 0.1}]",,145.jpg,10,101.8,20,5
wgd_spd_145_40,140.0,0.5,"[{""min"": 120, ""max"": 160, ""confidence"": 0.5}, {""min"": 100, ""max"": 140, ""confidence"": 0.3}, {""min"": 140, ""max"": 180, ""confidence"": 0.2}]",,145.jpg,20,101.8,40,3
wgd_spd_146_02,141.0,0.1,"[{""min"": 140, ""max"": 142, ""confidence"": 0.1}, {""min"": 142, ""max"": 144, ""confidence"": 0.1}, {""min"": 144, ""max"": 146, ""confidence"": 0.1}, {""min"": 146, ""max"": 148, ""confidence"": 0.1}, {""min"": 148, ""max"": 150, ""confidence"": 0.1}, {""min"": 150, ""max"": 152, ""confidence"": 0.1}, {""min"": 152, ""max"": 154, ""confidence"": 0.1}, {""min"": 154, ""max"": 156, ""confidence"": 0.1}, {""min"": 156, ""max"": 158, ""confidence"": 0.1}, {""min"": 158, ""max"": 160, ""confidence"": 0.1}]",,146.jpg,1,171.8,2,10
wgd_spd_146_10,145.0,0.15,"[{""min"": 140, ""max"": 150, ""confidence"": 0.15}, {""min"": 150, ""max"": 160, ""confidence"": 0.14}, {""min"": 160, ""max"": 170, ""confidence"": 0.13}, {""min"": 170, ""max"": 180, ""confidence"": 0.12}, {""min"": 130, ""max"": 140, ""confidence"": 0.11}, {""min"": 180, ""max"": 190, ""confidence"": 0.1}, {""min"": 120, ""max"": 130, ""confidence"": 0.08}, {""min"": 190, ""max"": 200, ""confidence"": 0.07}, {""min"": 110, ""max"": 120, ""confidence"": 0.06}, {""min"": 200, ""max"": 210, ""confidence"": 0.04}]",,146.jpg,5,171.8,10,10
wgd_spd_146_20,150.0,0.25,"[{""min"": 140, ""max"": 160, ""confidence"": 0.25}, {""min"": 150, ""max"": 170, ""confidence"": 0.25}, {""min"": 160, ""max"": 180, ""confidence"": 0.2}, {""min"": 130, ""max"": 150, ""confidence"": 0.15}, {""min"": 170, ""max"": 190, ""confidence"": 0.15}]",,146.jpg,10,171.8,20,5
wgd_spd_146_40,160.0,0.5,"[{""min"": 140, ""max"": 180, ""confidence"": 0.5}, {""min"": 160, ""max"": 200, ""confidence"": 0.3}, {""min"": 120, ""max"": 160, ""confidence"": 0.2}]",,146.jpg,20,171.8,40,3
wgd_spd_147_02,121.0,0.15,"[{""min"": 120, ""max"": 122, ""confidence"": 0.15}, {""min"": 122, ""max"": 124, ""confidence"": 0.12}, {""min"": 118, ""max"": 120, ""confidence"": 0.11}, {""min"": 124, ""max"": 126, ""confidence"": 0.1}, {""min"": 126, ""max"": 128, ""confidence"": 0.09}, {""min"": 116, ""max"": 118, ""confidence"": 0.08}, {""min"": 128, ""max"": 130, ""confidence"": 0.07}, {""min"": 114, ""max"": 116, ""confidence"": 0.06}, {""min"": 130, ""max"": 132, ""confidence"": 0.05}, {""min"": 112, ""max"": 114, ""confidence"": 0.04}]",,147.jpg,1,134.0,2,10
wgd_spd_147_10,135.0,0.25,"[{""min"": 110, ""max"": 120, ""confidence"": 0.15}, {""min"": 120, ""max"": 130, ""confidence"": 0.20}, {""min"": 130, ""max"": 140, ""confidence"": 0.25}, {""min"": 140, ""max"": 150, ""confidence"": 0.20}, {""min"": 150, ""max"": 160, ""confidence"": 0.10}, {""min"": 100, ""max"": 110, ""confidence"": 0.05}, {""min"": 90, ""max"": 100, ""confidence"": 0.02}, {""min"": 160, ""max"": 170, ""confidence"": 0.02}, {""min"": 80, ""max"": 90, ""confidence"": 0.01}, {""min"": 170, ""max"": 180, ""confidence"": 0.01}]",,147.jpg,5,134.0,10,10
wgd_spd_147_20,130.0,0.3,"[{""min"": 110, ""max"": 130, ""confidence"": 0.25}, {""min"": 120, ""max"": 140, ""confidence"": 0.3}, {""min"": 130, ""max"": 150, ""confidence"": 0.2}, {""min"": 100, ""max"": 120, ""confidence"": 0.15}, {""min"": 140, ""max"": 160, ""confidence"": 0.1}]",,147.jpg,10,134.0,20,5
wgd_spd_147_40,140.0,0.5,"[{""min"": 120, ""max"": 160, ""confidence"": 0.5}, {""min"": 100, ""max"": 140, ""confidence"": 0.3}, {""min"": 140, ""max"": 180, ""confidence"": 0.2}]",,147.jpg,20,134.0,40,3
wgd_spd_148_02,111.0,0.12,"[{""min"": 110, ""max"": 112, ""confidence"": 0.12}, {""min"": 112, ""max"": 114, ""confidence"": 0.11}, {""min"": 108, ""max"": 110, ""confidence"": 0.1}, {""min"": 114, ""max"": 116, ""confidence"": 0.09}, {""min"": 106, ""max"": 108, ""confidence"": 0.09}, {""min"": 116, ""max"": 118, ""confidence"": 0.08}, {""min"": 104, ""max"": 106, ""confidence"": 0.07}, {""min"": 118, ""max"": 120, ""confidence"": 0.07}, {""min"": 120, ""max"": 122, ""confidence"": 0.06}, {""min"": 102, ""max"": 104, ""confidence"": 0.05}]",,148.jpg,1,132.0,2,10
wgd_spd_148_10,125.0,0.25,"[{""min"": 100, ""max"": 110, ""confidence"": 0.15}, {""min"": 110, ""max"": 120, ""confidence"": 0.2}, {""min"": 120, ""max"": 130, ""confidence"": 0.25}, {""min"": 130, ""max"": 140, ""confidence"": 0.2}, {""min"": 140, ""max"": 150, ""confidence"": 0.1}, {""min"": 90, ""max"": 100, ""confidence"": 0.05}, {""min"": 150, ""max"": 160, ""confidence"": 0.03}, {""min"": 80, ""max"": 90, ""confidence"": 0.02}, {""min"": 160, ""max"": 170, ""confidence"": 0.01}, {""min"": 70, ""max"": 80, ""confidence"": 0.01}]",,148.jpg,5,132.0,10,10
wgd_spd_148_20,130.0,0.3,"[{""min"": 100, ""max"": 120, ""confidence"": 0.25}, {""min"": 120, ""max"": 140, ""confidence"": 0.3}, {""min"": 140, ""max"": 160, ""confidence"": 0.2}, {""min"": 110, ""max"": 130, ""confidence"": 0.15}, {""min"": 130, ""max"": 150, ""confidence"": 0.1}]",,148.jpg,10,132.0,20,5
wgd_spd_148_40,130.0,0.5,"[{""min"": 110, ""max"": 150, ""confidence"": 0.5}, {""min"": 130, ""max"": 170, ""confidence"": 0.3}, {""min"": 90, ""max"": 130, ""confidence"": 0.2}]",,148.jpg,20,132.0,40,3
wgd_spd_149_02,135.0,0.15,"[{""min"": 134, ""max"": 136, ""confidence"": 0.15}, {""min"": 136, ""max"": 138, ""confidence"": 0.14}, {""min"": 138, ""max"": 140, ""confidence"": 0.13}, {""min"": 140, ""max"": 142, ""confidence"": 0.12}, {""min"": 142, ""max"": 144, ""confidence"": 0.11}, {""min"": 144, ""max"": 146, ""confidence"": 0.1}, {""min"": 146, ""max"": 148, ""confidence"": 0.08}, {""min"": 148, ""max"": 150, ""confidence"": 0.06}, {""min"": 150, ""max"": 152, ""confidence"": 0.06}, {""min"": 152, ""max"": 154, ""confidence"": 0.05}]",,149.jpg,1,148.0,2,10
wgd_spd_149_10,145.0,0.15,"[{""min"": 140, ""max"": 150, ""confidence"": 0.15}, {""min"": 150, ""max"": 160, ""confidence"": 0.14}, {""min"": 130, ""max"": 140, ""confidence"": 0.13}, {""min"": 160, ""max"": 170, ""confidence"": 0.12}, {""min"": 120, ""max"": 130, ""confidence"": 0.11}, {""min"": 170, ""max"": 180, ""confidence"": 0.1}, {""min"": 110, ""max"": 120, ""confidence"": 0.08}, {""min"": 180, ""max"": 190, ""confidence"": 0.07}, {""min"": 100, ""max"": 110, ""confidence"": 0.06}, {""min"": 190, ""max"": 200, ""confidence"": 0.04}]",,149.jpg,5,148.0,10,10
wgd_spd_149_20,160.0,0.3,"[{""min"": 140, ""max"": 160, ""confidence"": 0.25}, {""min"": 150, ""max"": 170, ""confidence"": 0.3}, {""min"": 160, ""max"": 180, ""confidence"": 0.2}, {""min"": 130, ""max"": 150, ""confidence"": 0.15}, {""min"": 170, ""max"": 190, ""confidence"": 0.1}]",,149.jpg,10,148.0,20,5
wgd_spd_149_40,160.0,0.5,"[{""min"": 140, ""max"": 180, ""confidence"": 0.5}, {""min"": 160, ""max"": 200, ""confidence"": 0.3}, {""min"": 120, ""max"": 160, ""confidence"": 0.2}]",,149.jpg,20,148.0,40,3
wgd_spd_150_02,119.0,0.15,"[{""min"": 118, ""max"": 120, ""confidence"": 0.15}, {""min"": 120, ""max"": 122, ""confidence"": 0.14}, {""min"": 116, ""max"": 118, ""confidence"": 0.12}, {""min"": 122, ""max"": 124, ""confidence"": 0.11}, {""min"": 114, ""max"": 116, ""confidence"": 0.1}, {""min"": 124, ""max"": 126, ""confidence"": 0.09}, {""min"": 112, ""max"": 114, ""confidence"": 0.08}, {""min"": 126, ""max"": 128, ""confidence"": 0.07}, {""min"": 110, ""max"": 112, ""confidence"": 0.06}, {""min"": 128, ""max"": 130, ""confidence"": 0.05}]",,150.jpg,1,96.0,2,10
wgd_spd_150_10,125.0,0.15,"[{""min"": 120, ""max"": 130, ""confidence"": 0.15}, {""min"": 110, ""max"": 120, ""confidence"": 0.13}, {""min"": 130, ""max"": 140, ""confidence"": 0.12}, {""min"": 100, ""max"": 110, ""confidence"": 0.11}, {""min"": 140, ""max"": 150, ""confidence"": 0.1}, {""min"": 90, ""max"": 100, ""confidence"": 0.09}, {""min"": 150, ""max"": 160, ""confidence"": 0.08}, {""min"": 80, ""max"": 90, ""confidence"": 0.07}, {""min"": 160, ""max"": 170, ""confidence"": 0.06}, {""min"": 170, ""max"": 180, ""confidence"": 0.05}]",,150.jpg,5,96.0,10,10
wgd_spd_150_20,130.0,0.25,"[{""min"": 120, ""max"": 140, ""confidence"": 0.25}, {""min"": 100, ""max"": 120, ""confidence"": 0.2}, {""min"": 140, ""max"": 160, ""confidence"": 0.2}, {""min"": 80, ""max"": 100, ""confidence"": 0.15}, {""min"": 160, ""max"": 180, ""confidence"": 0.1}]",,150.jpg,10,96.0,20,5
wgd_spd_150_40,120.0,0.5,"[{""min"": 100, ""max"": 140, ""confidence"": 0.5}, {""min"": 120, ""max"": 160, ""confidence"": 0.3}, {""min"": 140, ""max"": 180, ""confidence"": 0.2}]",,150.jpg,20,96.0,40,3
wgd_spd_151_02,141.0,0.12,"[{""min"": 140, ""max"": 142, ""confidence"": 0.12}, {""min"": 142, ""max"": 144, ""confidence"": 0.11}, {""min"": 138, ""max"": 140, ""confidence"": 0.1}, {""min"": 144, ""max"": 146, ""confidence"": 0.09}, {""min"": 146, ""max"": 148, ""confidence"": 0.08}, {""min"": 136, ""max"": 138, ""confidence"": 0.08}, {""min"": 148, ""max"": 150, ""confidence"": 0.07}, {""min"": 134, ""max"": 136, ""confidence"": 0.07}, {""min"": 150, ""max"": 152, ""confidence"": 0.06}, {""min"": 132, ""max"": 134, ""confidence"": 0.05}]",,151.jpg,1,141.8,2,10
wgd_spd_151_10,165.0,0.25,"[{""min"": 140, ""max"": 150, ""confidence"": 0.15}, {""min"": 150, ""max"": 160, ""confidence"": 0.2}, {""min"": 160, ""max"": 170, ""confidence"": 0.25}, {""min"": 170, ""max"": 180, ""confidence"": 0.2}, {""min"": 180, ""max"": 190, ""confidence"": 0.1}, {""min"": 130, ""max"": 140, ""confidence"": 0.05}, {""min"": 120, ""max"": 130, ""confidence"": 0.03}, {""min"": 190, ""max"": 200, ""confidence"": 0.01}, {""min"": 110, ""max"": 120, ""confidence"": 0.01}, {""min"": 200, ""max"": 210, ""confidence"": 0.0}]",,151.jpg,5,141.8,10,10
wgd_spd_151_20,160.0,0.3,"[{""min"": 140, ""max"": 160, ""confidence"": 0.25}, {""min"": 150, ""max"": 170, ""confidence"": 0.3}, {""min"": 160, ""max"": 180, ""confidence"": 0.2}, {""min"": 170, ""max"": 190, ""confidence"": 0.15}, {""min"": 180, ""max"": 200, ""confidence"": 0.1}]",,151.jpg,10,141.8,20,5
wgd_spd_151_40,160.0,0.5,"[{""min"": 140, ""max"": 180, ""confidence"": 0.5}, {""min"": 120, ""max"": 160, ""confidence"": 0.3}, {""min"": 160, ""max"": 200, ""confidence"": 0.2}]",,151.jpg,20,141.8,40,3
wgd_spd_152_02,131.0,0.15,"[{""min"": 130, ""max"": 132, ""confidence"": 0.15}, {""min"": 128, ""max"": 130, ""confidence"": 0.12}, {""min"": 132, ""max"": 134, ""confidence"": 0.11}, {""min"": 126, ""max"": 128, ""confidence"": 0.1}, {""min"": 134, ""max"": 136, ""confidence"": 0.09}, {""min"": 124, ""max"": 126, ""confidence"": 0.08}, {""min"": 136, ""max"": 138, ""confidence"": 0.07}, {""min"": 122, ""max"": 124, ""confidence"": 0.06}, {""min"": 138, ""max"": 140, ""confidence"": 0.05}, {""min"": 120, ""max"": 122, ""confidence"": 0.04}]",,152.jpg,1,157.8,2,10
wgd_spd_152_10,135.0,0.12,"[{""min"": 130, ""max"": 140, ""confidence"": 0.12}, {""min"": 140, ""max"": 150, ""confidence"": 0.11}, {""min"": 120, ""max"": 130, ""confidence"": 0.1}, {""min"": 150, ""max"": 160, ""confidence"": 0.1}, {""min"": 110, ""max"": 120, ""confidence"": 0.09}, {""min"": 160, ""max"": 170, ""confidence"": 0.09}, {""min"": 170, ""max"": 180, ""confidence"": 0.08}, {""min"": 100, ""max"": 110, ""confidence"": 0.07}, {""min"": 180, ""max"": 190, ""confidence"": 0.07}, {""min"": 190, ""max"": 200, ""confidence"": 0.06}]",,152.jpg,5,157.8,10,10
wgd_spd_152_20,140.0,0.3,"[{""min"": 120, ""max"": 140, ""confidence"": 0.25}, {""min"": 130, ""max"": 150, ""confidence"": 0.3}, {""min"": 140, ""max"": 160, ""confidence"": 0.2}, {""min"": 150, ""max"": 170, ""confidence"": 0.15}, {""min"": 160, ""max"": 180, ""confidence"": 0.1}]",,152.jpg,10,157.8,20,5
wgd_spd_152_40,140.0,0.5,"[{""min"": 120, ""max"": 160, ""confidence"": 0.5}, {""min"": 140, ""max"": 180, ""confidence"": 0.3}, {""min"": 100, ""max"": 140, ""confidence"": 0.2}]",,152.jpg,20,157.8,40,3
wgd_spd_153_02,106.0,0.12,"[{""min"": 105, ""max"": 107, ""confidence"": 0.12}, {""min"": 107, ""max"": 109, ""confidence"": 0.11}, {""min"": 103, ""max"": 105, ""confidence"": 0.1}, {""min"": 109, ""max"": 111, ""confidence"": 0.09}, {""min"": 101, ""max"": 103, ""confidence"": 0.08}, {""min"": 111, ""max"": 113, ""confidence"": 0.08}, {""min"": 99, ""max"": 101, ""confidence"": 0.07}, {""min"": 113, ""max"": 115, ""confidence"": 0.07}, {""min"": 97, ""max"": 99, ""confidence"": 0.06}, {""min"": 115, ""max"": 117, ""confidence"": 0.05}]",,153.jpg,1,117.0,2,10
wgd_spd_153_10,125.0,0.25,"[{""min"": 100, ""max"": 110, ""confidence"": 0.15}, {""min"": 110, ""max"": 120, ""confidence"": 0.20}, {""min"": 120, ""max"": 130, ""confidence"": 0.25}, {""min"": 130, ""max"": 140, ""confidence"": 0.20}, {""min"": 140, ""max"": 150, ""confidence"": 0.10}, {""min"": 90, ""max"": 100, ""confidence"": 0.05}, {""min"": 150, ""max"": 160, ""confidence"": 0.03}, {""min"": 80, ""max"": 90, ""confidence"": 0.01}, {""min"": 160, ""max"": 170, ""confidence"": 0.01}, {""min"": 170, ""max"": 180, ""confidence"": 0.01}]",,153.jpg,5,117.0,10,10
wgd_spd_153_20,110.0,0.3,"[{""min"": 100, ""max"": 120, ""confidence"": 0.3}, {""min"": 90, ""max"": 110, ""confidence"": 0.25}, {""min"": 110, ""max"": 130, ""confidence"": 0.2}, {""min"": 80, ""max"": 100, ""confidence"": 0.15}, {""min"": 120, ""max"": 140, ""confidence"": 0.1}]",,153.jpg,10,117.0,20,5
wgd_spd_153_40,120.0,0.6,"[{""min"": 100, ""max"": 140, ""confidence"": 0.6}, {""min"": 120, ""max"": 160, ""confidence"": 0.3}, {""min"": 80, ""max"": 120, ""confidence"": 0.1}]",,153.jpg,20,117.0,40,3
wgd_spd_154_02,111.0,0.12,"[{""min"": 110, ""max"": 112, ""confidence"": 0.12}, {""min"": 112, ""max"": 114, ""confidence"": 0.11}, {""min"": 108, ""max"": 110, ""confidence"": 0.1}, {""min"": 114, ""max"": 116, ""confidence"": 0.09}, {""min"": 106, ""max"": 108, ""confidence"": 0.08}, {""min"": 116, ""max"": 118, ""confidence"": 0.07}, {""min"": 104, ""max"": 106, ""confidence"": 0.06}, {""min"": 118, ""max"": 120, ""confidence"": 0.06}, {""min"": 102, ""max"": 104, ""confidence"": 0.05}, {""min"": 120, ""max"": 122, ""confidence"": 0.05}]",,154.jpg,1,127.2,2,10
wgd_spd_154_10,135.0,0.25,"[{""min"": 110, ""max"": 120, ""confidence"": 0.15}, {""min"": 120, ""max"": 130, ""confidence"": 0.2}, {""min"": 130, ""max"": 140, ""confidence"": 0.25}, {""min"": 140, ""max"": 150, ""confidence"": 0.2}, {""min"": 150, ""max"": 160, ""confidence"": 0.1}, {""min"": 100, ""max"": 110, ""confidence"": 0.05}, {""min"": 90, ""max"": 100, ""confidence"": 0.02}, {""min"": 160, ""max"": 170, ""confidence"": 0.02}, {""min"": 170, ""max"": 180, ""confidence"": 0.01}, {""min"": 80, ""max"": 90, ""confidence"": 0.01}]",,154.jpg,5,127.2,10,10
wgd_spd_154_20,130.0,0.3,"[{""min"": 110, ""max"": 130, ""confidence"": 0.25}, {""min"": 120, ""max"": 140, ""confidence"": 0.3}, {""min"": 130, ""max"": 150, ""confidence"": 0.2}, {""min"": 140, ""max"": 160, ""confidence"": 0.15}, {""min"": 150, ""max"": 170, ""confidence"": 0.1}]",,154.jpg,10,127.2,20,5
wgd_spd_154_40,140.0,0.5,"[{""min"": 120, ""max"": 160, ""confidence"": 0.5}, {""min"": 110, ""max"": 150, ""confidence"": 0.3}, {""min"": 130, ""max"": 170, ""confidence"": 0.2}]",,154.jpg,20,127.2,40,3
wgd_spd_155_02,121.0,0.12,"[{""min"": 120, ""max"": 122, ""confidence"": 0.12}, {""min"": 122, ""max"": 124, ""confidence"": 0.11}, {""min"": 124, ""max"": 126, ""confidence"": 0.1}, {""min"": 126, ""max"": 128, ""confidence"": 0.09}, {""min"": 128, ""max"": 130, ""confidence"": 0.08}, {""min"": 130, ""max"": 132, ""confidence"": 0.07}, {""min"": 132, ""max"": 134, ""confidence"": 0.06}, {""min"": 134, ""max"": 136, ""confidence"": 0.05}, {""min"": 118, ""max"": 120, ""confidence"": 0.05}, {""min"": 136, ""max"": 138, ""confidence"": 0.04}]",,155.jpg,1,179.6,2,10
wgd_spd_155_10,145.0,0.25,"[{""min"": 120, ""max"": 130, ""confidence"": 0.15}, {""min"": 130, ""max"": 140, ""confidence"": 0.2}, {""min"": 140, ""max"": 150, ""confidence"": 0.25}, {""min"": 150, ""max"": 160, ""confidence"": 0.2}, {""min"": 160, ""max"": 170, ""confidence"": 0.1}, {""min"": 110, ""max"": 120, ""confidence"": 0.05}, {""min"": 170, ""max"": 180, ""confidence"": 0.025}, {""min"": 180, ""max"": 190, ""confidence"": 0.0125}, {""min"": 100, ""max"": 110, ""confidence"": 0.0125}, {""min"": 190, ""max"": 200, ""confidence"": 0.0125}]",,155.jpg,5,179.6,10,10
wgd_spd_155_20,140.0,0.3,"[{""min"": 120, ""max"": 140, ""confidence"": 0.25}, {""min"": 130, ""max"": 150, ""confidence"": 0.3}, {""min"": 140, ""max"": 160, ""confidence"": 0.2}, {""min"": 150, ""max"": 170, ""confidence"": 0.15}, {""min"": 110, ""max"": 130, ""confidence"": 0.1}]",,155.jpg,10,179.6,20,5
wgd_spd_155_40,140.0,0.45,"[{""min"": 120, ""max"": 160, ""confidence"": 0.45}, {""min"": 140, ""max"": 180, ""confidence"": 0.3}, {""min"": 160, ""max"": 200, ""confidence"": 0.25}]",,155.jpg,20,179.6,40,3
wgd_spd_200_02,191.0,0.14,"[{""min"": 190, ""max"": 192, ""confidence"": 0.14}, {""min"": 192, ""max"": 194, ""confidence"": 0.13}, {""min"": 188, ""max"": 190, ""confidence"": 0.12}, {""min"": 194, ""max"": 196, ""confidence"": 0.11}, {""min"": 186, ""max"": 188, ""confidence"": 0.1}, {""min"": 196, ""max"": 198, ""confidence"": 0.09}, {""min"": 184, ""max"": 186, ""confidence"": 0.08}, {""min"": 198, ""max"": 200, ""confidence"": 0.07}, {""min"": 182, ""max"": 184, ""confidence"": 0.06}, {""min"": 200, ""max"": 202, ""confidence"": 0.05}]",,200.jpg,1,218.0,2,10
wgd_spd_200_10,165.0,0.17,"[{""min"": 160, ""max"": 170, ""confidence"": 0.17}, {""min"": 170, ""max"": 180, ""confidence"": 0.16}, {""min"": 180, ""max"": 190, ""confidence"": 0.14}, {""min"": 150, ""max"": 160, ""confidence"": 0.13}, {""min"": 190, ""max"": 200, ""confidence"": 0.12}, {""min"": 140, ""max"": 150, ""confidence"": 0.08}, {""min"": 200, ""max"": 210, ""confidence"": 0.07}, {""min"": 210, ""max"": 220, ""confidence"": 0.06}, {""min"": 130, ""max"": 140, ""confidence"": 0.04}, {""min"": 220, ""max"": 230, ""confidence"": 0.03}]",,200.jpg,5,218.0,10,10
wgd_spd_200_20,170.0,0.25,"[{""min"": 160, ""max"": 180, ""confidence"": 0.25}, {""min"": 170, ""max"": 190, ""confidence"": 0.2}, {""min"": 180, ""max"": 200, ""confidence"": 0.2}, {""min"": 140, ""max"": 160, ""confidence"": 0.15}, {""min"": 150, ""max"": 170, ""confidence"": 0.1}]",,200.jpg,10,218.0,20,5
wgd_spd_200_40,180.0,0.5,"[{""min"": 160, ""max"": 200, ""confidence"": 0.5}, {""min"": 180, ""max"": 220, ""confidence"": 0.3}, {""min"": 140, ""max"": 180, ""confidence"": 0.2}]",,200.jpg,20,218.0,40,3
wgd_spd_201_02,161.0,0.14,"[{""min"": 160, ""max"": 162, ""confidence"": 0.14}, {""min"": 162, ""max"": 164, ""confidence"": 0.13}, {""min"": 164, ""max"": 166, ""confidence"": 0.12}, {""min"": 166, ""max"": 168, ""confidence"": 0.11}, {""min"": 168, ""max"": 170, ""confidence"": 0.1}, {""min"": 170, ""max"": 172, ""confidence"": 0.09}, {""min"": 158, ""max"": 160, ""confidence"": 0.08}, {""min"": 172, ""max"": 174, ""confidence"": 0.07}, {""min"": 156, ""max"": 158, ""confidence"": 0.06}, {""min"": 174, ""max"": 176, ""confidence"": 0.05}]",,201.jpg,1,162.0,2,10
wgd_spd_201_10,145.0,0.15,"[{""min"": 140, ""max"": 150, ""confidence"": 0.15}, {""min"": 150, ""max"": 160, ""confidence"": 0.14}, {""min"": 160, ""max"": 170, ""confidence"": 0.13}, {""min"": 170, ""max"": 180, ""confidence"": 0.12}, {""min"": 130, ""max"": 140, ""confidence"": 0.11}, {""min"": 180, ""max"": 190, ""confidence"": 0.1}, {""min"": 120, ""max"": 130, ""confidence"": 0.08}, {""min"": 190, ""max"": 200, ""confidence"": 0.07}, {""min"": 110, ""max"": 120, ""confidence"": 0.06}, {""min"": 200, ""max"": 210, ""confidence"": 0.04}]",,201.jpg,5,162.0,10,10
wgd_spd_201_20,150.0,0.3,"[{""min"": 130, ""max"": 150, ""confidence"": 0.25}, {""min"": 140, ""max"": 160, ""confidence"": 0.3}, {""min"": 150, ""max"": 170, ""confidence"": 0.2}, {""min"": 160, ""max"": 180, ""confidence"": 0.15}, {""min"": 170, ""max"": 190, ""confidence"": 0.1}]",,201.jpg,10,162.0,20,5
wgd_spd_201_40,140.0,0.6,"[{""min"": 120, ""max"": 160, ""confidence"": 0.6}, {""min"": 140, ""max"": 180, ""confidence"": 0.3}, {""min"": 160, ""max"": 200, ""confidence"": 0.1}]",,201.jpg,20,162.0,40,3
wgd_spd_202_02,148.0,0.14,"[{""min"": 147, ""max"": 149, ""confidence"": 0.14}, {""min"": 149, ""max"": 151, ""confidence"": 0.13}, {""min"": 145, ""max"": 147, ""confidence"": 0.12}, {""min"": 151, ""max"": 153, ""confidence"": 0.11}, {""min"": 143, ""max"": 145, ""confidence"": 0.1}, {""min"": 153, ""max"": 155, ""confidence"": 0.09}, {""min"": 141, ""max"": 143, ""confidence"": 0.08}, {""min"": 155, ""max"": 157, ""confidence"": 0.07}, {""min"": 139, ""max"": 141, ""confidence"": 0.06}, {""min"": 157, ""max"": 159, ""confidence"": 0.05}]",,202.jpg,1,139.0,2,10
wgd_spd_202_10,145.0,0.23,"[{""min"": 140, ""max"": 150, ""confidence"": 0.23}, {""min"": 150, ""max"": 160, ""confidence"": 0.21}, {""min"": 130, ""max"": 140, ""confidence"": 0.17}, {""min"": 160, ""max"": 170, ""confidence"": 0.13}, {""min"": 120, ""max"": 130, ""confidence"": 0.08}, {""min"": 170, ""max"": 180, ""confidence"": 0.06}, {""min"": 180, ""max"": 190, ""confidence"": 0.04}, {""min"": 110, ""max"": 120, ""confidence"": 0.03}, {""min"": 190, ""max"": 200, ""confidence"": 0.03}, {""min"": 200, ""max"": 210, ""confidence"": 0.02}]",,202.jpg,5,139.0,10,10
wgd_spd_202_20,160.0,0.3,"[{""min"": 140, ""max"": 160, ""confidence"": 0.25}, {""min"": 150, ""max"": 170, ""confidence"": 0.3}, {""min"": 160, ""max"": 180, ""confidence"": 0.2}, {""min"": 130, ""max"": 150, ""confidence"": 0.15}, {""min"": 170, ""max"": 190, ""confidence"": 0.1}]",,202.jpg,10,139.0,20,5
wgd_spd_202_40,160.0,0.5,"[{""min"": 140, ""max"": 180, ""confidence"": 0.5}, {""min"": 150, ""max"": 190, ""confidence"": 0.3}, {""min"": 160, ""max"": 200, ""confidence"": 0.2}]",,202.jpg,20,139.0,40,3
wgd_spd_203_02,111.0,0.12,"[{""min"": 110, ""max"": 112, ""confidence"": 0.12}, {""min"": 108, ""max"": 110, ""confidence"": 0.11}, {""min"": 112, ""max"": 114, ""confidence"": 0.1}, {""min"": 106, ""max"": 108, ""confidence"": 0.09}, {""min"": 114, ""max"": 116, ""confidence"": 0.09}, {""min"": 104, ""max"": 106, ""confidence"": 0.08}, {""min"": 116, ""max"": 118, ""confidence"": 0.08}, {""min"": 118, ""max"": 120, ""confidence"": 0.07}, {""min"": 102, ""max"": 104, ""confidence"": 0.06}, {""min"": 100, ""max"": 102, ""confidence"": 0.05}]",,203.jpg,1,132.0,2,10
wgd_spd_203_10,125.0,0.15,"[{""min"": 120, ""max"": 130, ""confidence"": 0.15}, {""min"": 110, ""max"": 120, ""confidence"": 0.14}, {""min"": 130, ""max"": 140, ""confidence"": 0.13}, {""min"": 100, ""max"": 110, ""confidence"": 0.12}, {""min"": 140, ""max"": 150, ""confidence"": 0.11}, {""min"": 90, ""max"": 100, ""confidence"": 0.09}, {""min"": 150, ""max"": 160, ""confidence"": 0.08}, {""min"": 80, ""max"": 90, ""confidence"": 0.07}, {""min"": 160, ""max"": 170, ""confidence"": 0.06}, {""min"": 170, ""max"": 180, ""confidence"": 0.05}]",,203.jpg,5,132.0,10,10
wgd_spd_203_20,130.0,0.3,"[{""min"": 100, ""max"": 120, ""confidence"": 0.25}, {""min"": 120, ""max"": 140, ""confidence"": 0.3}, {""min"": 110, ""max"": 130, ""confidence"": 0.2}, {""min"": 130, ""max"": 150, ""confidence"": 0.15}, {""min"": 140, ""max"": 160, ""confidence"": 0.1}]",,203.jpg,10,132.0,20,5
wgd_spd_203_40,120.0,0.5,"[{""min"": 100, ""max"": 140, ""confidence"": 0.5}, {""min"": 120, ""max"": 160, ""confidence"": 0.3}, {""min"": 140, ""max"": 180, ""confidence"": 0.2}]",,203.jpg,20,132.0,40,3
wgd_spd_204_02,121.0,0.12,"[{""min"": 120, ""max"": 122, ""confidence"": 0.12}, {""min"": 122, ""max"": 124, ""confidence"": 0.11}, {""min"": 118, ""max"": 120, ""confidence"": 0.1}, {""min"": 124, ""max"": 126, ""confidence"": 0.09}, {""min"": 126, ""max"": 128, ""confidence"": 0.08}, {""min"": 116, ""max"": 118, ""confidence"": 0.08}, {""min"": 128, ""max"": 130, ""confidence"": 0.07}, {""min"": 114, ""max"": 116, ""confidence"": 0.07}, {""min"": 130, ""max"": 132, ""confidence"": 0.06}, {""min"": 112, ""max"": 114, ""confidence"": 0.06}]",,204.jpg,1,142.0,2,10
wgd_spd_204_10,115.0,0.14,"[{""min"": 110, ""max"": 120, ""confidence"": 0.14}, {""min"": 120, ""max"": 130, ""confidence"": 0.12}, {""min"": 130, ""max"": 140, ""confidence"": 0.11}, {""min"": 100, ""max"": 110, ""confidence"": 0.1}, {""min"": 140, ""max"": 150, ""confidence"": 0.09}, {""min"": 90, ""max"": 100, ""confidence"": 0.08}, {""min"": 150, ""max"": 160, ""confidence"": 0.07}, {""min"": 80, ""max"": 90, ""confidence"": 0.07}, {""min"": 160, ""max"": 170, ""confidence"": 0.06}, {""min"": 170, ""max"": 180, ""confidence"": 0.05}]",,204.jpg,5,142.0,10,10
wgd_spd_204_20,130.0,0.3,"[{""min"": 110, ""max"": 130, ""confidence"": 0.25}, {""min"": 120, ""max"": 140, ""confidence"": 0.3}, {""min"": 130, ""max"": 150, ""confidence"": 0.2}, {""min"": 140, ""max"": 160, ""confidence"": 0.15}, {""min"": 150, ""max"": 170, ""confidence"": 0.1}]",,204.jpg,10,142.0,20,5
wgd_spd_204_40,140.0,0.5,"[{""min"": 120, ""max"": 160, ""confidence"": 0.5}, {""min"": 100, ""max"": 140, ""confidence"": 0.3}, {""min"": 140, ""max"": 180, ""confidence"": 0.2}]",,204.jpg,20,142.0,40,3
wgd_spd_205_02,111.0,0.15,"[{""min"": 110, ""max"": 112, ""confidence"": 0.15}, {""min"": 112, ""max"": 114, ""confidence"": 0.12}, {""min"": 108, ""max"": 110, ""confidence"": 0.1}, {""min"": 114, ""max"": 116, ""confidence"": 0.09}, {""min"": 106, ""max"": 108, ""confidence"": 0.08}, {""min"": 116, ""max"": 118, ""confidence"": 0.07}, {""min"": 104, ""max"": 106, ""confidence"": 0.06}, {""min"": 118, ""max"": 120, ""confidence"": 0.06}, {""min"": 120, ""max"": 122, ""confidence"": 0.05}, {""min"": 122, ""max"": 124, ""confidence"": 0.04}]",,205.jpg,1,108.0,2,10
wgd_spd_205_10,115.0,0.15,"[{""min"": 110, ""max"": 120, ""confidence"": 0.15}, {""min"": 115, ""max"": 125, ""confidence"": 0.12}, {""min"": 120, ""max"": 130, ""confidence"": 0.1}, {""min"": 100, ""max"": 110, ""confidence"": 0.09}, {""min"": 125, ""max"": 135, ""confidence"": 0.08}, {""min"": 130, ""max"": 140, ""confidence"": 0.07}, {""min"": 105, ""max"": 115, ""confidence"": 0.07}, {""min"": 135, ""max"": 145, ""confidence"": 0.06}, {""min"": 140, ""max"": 150, ""confidence"": 0.05}, {""min"": 145, ""max"": 155, ""confidence"": 0.04}]",,205.jpg,5,108.0,10,10
wgd_spd_205_20,130.0,0.3,"[{""min"": 100, ""max"": 120, ""confidence"": 0.25}, {""min"": 120, ""max"": 140, ""confidence"": 0.3}, {""min"": 110, ""max"": 130, ""confidence"": 0.2}, {""min"": 130, ""max"": 150, ""confidence"": 0.15}, {""min"": 90, ""max"": 110, ""confidence"": 0.1}]",,205.jpg,10,108.0,20,5
wgd_spd_205_40,130.0,0.5,"[{""min"": 110, ""max"": 150, ""confidence"": 0.5}, {""min"": 100, ""max"": 140, ""confidence"": 0.3}, {""min"": 120, ""max"": 160, ""confidence"": 0.2}]",,205.jpg,20,108.0,40,3
wgd_spd_206_02,141.0,0.15,"[{""min"": 140, ""max"": 142, ""confidence"": 0.15}, {""min"": 142, ""max"": 144, ""confidence"": 0.13}, {""min"": 144, ""max"": 146, ""confidence"": 0.12}, {""min"": 146, ""max"": 148, ""confidence"": 0.1}, {""min"": 148, ""max"": 150, ""confidence"": 0.1}, {""min"": 150, ""max"": 152, ""confidence"": 0.08}, {""min"": 152, ""max"": 154, ""confidence"": 0.08}, {""min"": 154, ""max"": 156, ""confidence"": 0.07}, {""min"": 156, ""max"": 158, ""confidence"": 0.06}, {""min"": 158, ""max"": 160, ""confidence"": 0.11}]",,206.jpg,1,169.0,2,10
wgd_spd_206_10,155.0,0.15,"[{""min"": 150, ""max"": 160, ""confidence"": 0.15}, {""min"": 155, ""max"": 165, ""confidence"": 0.12}, {""min"": 160, ""max"": 170, ""confidence"": 0.11}, {""min"": 145, ""max"": 155, ""confidence"": 0.1}, {""min"": 165, ""max"": 175, ""confidence"": 0.09}, {""min"": 140, ""max"": 150, ""confidence"": 0.08}, {""min"": 170, ""max"": 180, ""confidence"": 0.07}, {""min"": 135, ""max"": 145, ""confidence"": 0.06}, {""min"": 175, ""max"": 185, ""confidence"": 0.05}, {""min"": 180, ""max"": 190, ""confidence"": 0.04}]",,206.jpg,5,169.0,10,10
wgd_spd_206_20,150.0,0.25,"[{""min"": 140, ""max"": 160, ""confidence"": 0.25}, {""min"": 150, ""max"": 170, ""confidence"": 0.2}, {""min"": 160, ""max"": 180, ""confidence"": 0.2}, {""min"": 130, ""max"": 150, ""confidence"": 0.15}, {""min"": 170, ""max"": 190, ""confidence"": 0.1}]",,206.jpg,10,169.0,20,5
wgd_spd_206_40,160.0,0.5,"[{""min"": 140, ""max"": 180, ""confidence"": 0.5}, {""min"": 160, ""max"": 200, ""confidence"": 0.3}, {""min"": 120, ""max"": 160, ""confidence"": 0.2}]",,206.jpg,20,169.0,40,3
wgd_spd_207_02,105.0,0.15,"[{""min"": 100, ""max"": 102, ""confidence"": 0.1}, {""min"": 102, ""max"": 104, ""confidence"": 0.12}, {""min"": 104, ""max"": 106, ""confidence"": 0.15}, {""min"": 106, ""max"": 108, ""confidence"": 0.13}, {""min"": 108, ""max"": 110, ""confidence"": 0.11}, {""min"": 110, ""max"": 112, ""confidence"": 0.09}, {""min"": 112, ""max"": 114, ""confidence"": 0.08}, {""min"": 114, ""max"": 116, ""confidence"": 0.07}, {""min"": 116, ""max"": 118, ""confidence"": 0.06}, {""min"": 118, ""max"": 120, ""confidence"": 0.09}]",,207.jpg,1,101.0,2,10
wgd_spd_207_10,115.0,0.25,"[{""min"": 100, ""max"": 110, ""confidence"": 0.2}, {""min"": 110, ""max"": 120, ""confidence"": 0.25}, {""min"": 120, ""max"": 130, ""confidence"": 0.2}, {""min"": 90, ""max"": 100, ""confidence"": 0.1}, {""min"": 130, ""max"": 140, ""confidence"": 0.1}, {""min"": 140, ""max"": 150, ""confidence"": 0.05}, {""min"": 80, ""max"": 90, ""confidence"": 0.05}, {""min"": 150, ""max"": 160, ""confidence"": 0.025}, {""min"": 70, ""max"": 80, ""confidence"": 0.025}, {""min"": 160, ""max"": 170, ""confidence"": 0.025}]",,207.jpg,5,101.0,10,10
wgd_spd_207_20,120.0,0.3,"[{""min"": 100, ""max"": 120, ""confidence"": 0.25}, {""min"": 110, ""max"": 130, ""confidence"": 0.3}, {""min"": 120, ""max"": 140, ""confidence"": 0.2}, {""min"": 90, ""max"": 110, ""confidence"": 0.15}, {""min"": 130, ""max"": 150, ""confidence"": 0.1}]",,207.jpg,10,101.0,20,5
wgd_spd_207_40,120.0,0.6,"[{""min"": 100, ""max"": 140, ""confidence"": 0.6}, {""min"": 120, ""max"": 160, ""confidence"": 0.3}, {""min"": 80, ""max"": 120, ""confidence"": 0.1}]",,207.jpg,20,101.0,40,3
wgd_spd_208_02,141.0,0.15,"[{""min"": 140, ""max"": 142, ""confidence"": 0.15}, {""min"": 142, ""max"": 144, ""confidence"": 0.12}, {""min"": 144, ""max"": 146, ""confidence"": 0.11}, {""min"": 138, ""max"": 140, ""confidence"": 0.1}, {""min"": 146, ""max"": 148, ""confidence"": 0.09}, {""min"": 148, ""max"": 150, ""confidence"": 0.08}, {""min"": 136, ""max"": 138, ""confidence"": 0.07}, {""min"": 134, ""max"": 136, ""confidence"": 0.06}, {""min"": 150, ""max"": 152, ""confidence"": 0.06}, {""min"": 152, ""max"": 154, ""confidence"": 0.05}]",,208.jpg,1,143.0,2,10
wgd_spd_208_10,145.0,0.25,"[{""min"": 130, ""max"": 140, ""confidence"": 0.2}, {""min"": 140, ""max"": 150, ""confidence"": 0.25}, {""min"": 150, ""max"": 160, ""confidence"": 0.2}, {""min"": 120, ""max"": 130, ""confidence"": 0.15}, {""min"": 160, ""max"": 170, ""confidence"": 0.1}, {""min"": 110, ""max"": 120, ""confidence"": 0.05}, {""min"": 170, ""max"": 180, ""confidence"": 0.03}, {""min"": 180, ""max"": 190, ""confidence"": 0.02}, {""min"": 100, ""max"": 110, ""confidence"": 0.02}, {""min"": 190, ""max"": 200, ""confidence"": 0.01}]",,208.jpg,5,143.0,10,10
wgd_spd_208_20,150.0,0.3,"[{""min"": 130, ""max"": 150, ""confidence"": 0.25}, {""min"": 140, ""max"": 160, ""confidence"": 0.3}, {""min"": 150, ""max"": 170, ""confidence"": 0.2}, {""min"": 120, ""max"": 140, ""confidence"": 0.15}, {""min"": 160, ""max"": 180, ""confidence"": 0.1}]",,208.jpg,10,143.0,20,5
wgd_spd_208_40,140.0,0.5,"[{""min"": 120, ""max"": 160, ""confidence"": 0.5}, {""min"": 140, ""max"": 180, ""confidence"": 0.3}, {""min"": 160, ""max"": 200, ""confidence"": 0.2}]",,208.jpg,20,143.0,40,3
wgd_spd_209_02,121.0,0.12,"[{""min"": 120, ""max"": 122, ""confidence"": 0.12}, {""min"": 118, ""max"": 120, ""confidence"": 0.11}, {""min"": 122, ""max"": 124, ""confidence"": 0.1}, {""min"": 116, ""max"": 118, ""confidence"": 0.09}, {""min"": 124, ""max"": 126, ""confidence"": 0.08}, {""min"": 114, ""max"": 116, ""confidence"": 0.07}, {""min"": 126, ""max"": 128, ""confidence"": 0.07}, {""min"": 112, ""max"": 114, ""confidence"": 0.06}, {""min"": 128, ""max"": 130, ""confidence"": 0.05}, {""min"": 110, ""max"": 112, ""confidence"": 0.05}]",,209.jpg,1,140.0,2,10
wgd_spd_209_10,135.0,0.3,"[{""min"": 120, ""max"": 130, ""confidence"": 0.2}, {""min"": 130, ""max"": 140, ""confidence"": 0.3}, {""min"": 110, ""max"": 120, ""confidence"": 0.15}, {""min"": 140, ""max"": 150, ""confidence"": 0.15}, {""min"": 150, ""max"": 160, ""confidence"": 0.05}, {""min"": 160, ""max"": 170, ""confidence"": 0.05}, {""min"": 100, ""max"": 110, ""confidence"": 0.05}, {""min"": 170, ""max"": 180, ""confidence"": 0.02}, {""min"": 180, ""max"": 190, ""confidence"": 0.02}, {""min"": 190, ""max"": 200, ""confidence"": 0.01}]",,209.jpg,5,140.0,10,10
wgd_spd_209_20,130.0,0.3,"[{""min"": 110, ""max"": 130, ""confidence"": 0.25}, {""min"": 120, ""max"": 140, ""confidence"": 0.3}, {""min"": 130, ""max"": 150, ""confidence"": 0.2}, {""min"": 140, ""max"": 160, ""confidence"": 0.15}, {""min"": 150, ""max"": 170, ""confidence"": 0.1}]",,209.jpg,10,140.0,20,5
wgd_spd_209_40,140.0,0.45,"[{""min"": 120, ""max"": 160, ""confidence"": 0.45}, {""min"": 140, ""max"": 180, ""confidence"": 0.35}, {""min"": 100, ""max"": 140, ""confidence"": 0.2}]",,209.jpg,20,140.0,40,3
wgd_spd_210_02,145.0,0.2,"[{""min"": 140, ""max"": 142, ""confidence"": 0.1}, {""min"": 142, ""max"": 144, ""confidence"": 0.15}, {""min"": 144, ""max"": 146, ""confidence"": 0.2}, {""min"": 146, ""max"": 148, ""confidence"": 0.15}, {""min"": 148, ""max"": 150, ""confidence"": 0.1}, {""min"": 150, ""max"": 152, ""confidence"": 0.1}, {""min"": 152, ""max"": 154, ""confidence"": 0.05}, {""min"": 154, ""max"": 156, ""confidence"": 0.05}, {""min"": 156, ""max"": 158, ""confidence"": 0.05}, {""min"": 158, ""max"": 160, ""confidence"": 0.05}]",,210.jpg,1,171.0,2,10
wgd_spd_210_10,145.0,0.3,"[{""min"": 140, ""max"": 150, ""confidence"": 0.3}, {""min"": 150, ""max"": 160, ""confidence"": 0.25}, {""min"": 160, ""max"": 170, ""confidence"": 0.2}, {""min"": 170, ""max"": 180, ""confidence"": 0.1}, {""min"": 130, ""max"": 140, ""confidence"": 0.05}, {""min"": 180, ""max"": 190, ""confidence"": 0.05}, {""min"": 120, ""max"": 130, ""confidence"": 0.02}, {""min"": 190, ""max"": 200, ""confidence"": 0.02}, {""min"": 110, ""max"": 120, ""confidence"": 0.01}, {""min"": 200, ""max"": 210, ""confidence"": 0.01}]",,210.jpg,5,171.0,10,10
wgd_spd_210_20,180.0,0.3,"[{""min"": 150, ""max"": 170, ""confidence"": 0.25}, {""min"": 170, ""max"": 190, ""confidence"": 0.3}, {""min"": 160, ""max"": 180, ""confidence"": 0.2}, {""min"": 140, ""max"": 160, ""confidence"": 0.15}, {""min"": 180, ""max"": 200, ""confidence"": 0.1}]",,210.jpg,10,171.0,20,5
wgd_spd_210_40,160.0,0.45,"[{""min"": 140, ""max"": 180, ""confidence"": 0.45}, {""min"": 160, ""max"": 200, ""confidence"": 0.3}, {""min"": 120, ""max"": 160, ""confidence"": 0.25}]",,210.jpg,20,171.0,40,3
wgd_spd_211_02,141.0,0.12,"[{""min"": 140, ""max"": 142, ""confidence"": 0.12}, {""min"": 142, ""max"": 144, ""confidence"": 0.11}, {""min"": 144, ""max"": 146, ""confidence"": 0.1}, {""min"": 138, ""max"": 140, ""confidence"": 0.1}, {""min"": 146, ""max"": 148, ""confidence"": 0.09}, {""min"": 148, ""max"": 150, ""confidence"": 0.08}, {""min"": 136, ""max"": 138, ""confidence"": 0.08}, {""min"": 150, ""max"": 152, ""confidence"": 0.07}, {""min"": 134, ""max"": 136, ""confidence"": 0.07}, {""min"": 152, ""max"": 154, ""confidence"": 0.06}]",,211.jpg,1,150.0,2,10
wgd_spd_211_10,155.0,0.2,"[{""min"": 150, ""max"": 160, ""confidence"": 0.2}, {""min"": 160, ""max"": 170, ""confidence"": 0.18}, {""min"": 170, ""max"": 180, ""confidence"": 0.15}, {""min"": 140, ""max"": 150, ""confidence"": 0.12}, {""min"": 180, ""max"": 190, ""confidence"": 0.1}, {""min"": 130, ""max"": 140, ""confidence"": 0.08}, {""min"": 190, ""max"": 200, ""confidence"": 0.07}, {""min"": 120, ""max"": 130, ""confidence"": 0.05}, {""min"": 200, ""max"": 210, ""confidence"": 0.03}, {""min"": 210, ""max"": 220, ""confidence"": 0.02}]",,211.jpg,5,150.0,10,10
wgd_spd_211_20,170.0,0.3,"[{""min"": 160, ""max"": 180, ""confidence"": 0.3}, {""min"": 140, ""max"": 160, ""confidence"": 0.25}, {""min"": 180, ""max"": 200, ""confidence"": 0.2}, {""min"": 120, ""max"": 140, ""confidence"": 0.15}, {""min"": 200, ""max"": 220, ""confidence"": 0.1}]",,211.jpg,10,150.0,20,5
wgd_spd_211_40,160.0,0.4,"[{""min"": 140, ""max"": 180, ""confidence"": 0.4}, {""min"": 160, ""max"": 200, ""confidence"": 0.3}, {""min"": 180, ""max"": 220, ""confidence"": 0.3}]",,211.jpg,20,150.0,40,3
wgd_spd_212_02,111.0,0.15,"[{""min"": 110, ""max"": 112, ""confidence"": 0.15}, {""min"": 112, ""max"": 114, ""confidence"": 0.14}, {""min"": 108, ""max"": 110, ""confidence"": 0.13}, {""min"": 114, ""max"": 116, ""confidence"": 0.12}, {""min"": 106, ""max"": 108, ""confidence"": 0.11}, {""min"": 116, ""max"": 118, ""confidence"": 0.1}, {""min"": 104, ""max"": 106, ""confidence"": 0.08}, {""min"": 118, ""max"": 120, ""confidence"": 0.07}, {""min"": 102, ""max"": 104, ""confidence"": 0.05}, {""min"": 120, ""max"": 122, ""confidence"": 0.05}]",,212.jpg,1,151.0,2,10
wgd_spd_212_10,125.0,0.25,"[{""min"": 110, ""max"": 120, ""confidence"": 0.2}, {""min"": 120, ""max"": 130, ""confidence"": 0.25}, {""min"": 130, ""max"": 140, ""confidence"": 0.2}, {""min"": 100, ""max"": 110, ""confidence"": 0.1}, {""min"": 90, ""max"": 100, ""confidence"": 0.05}, {""min"": 140, ""max"": 150, ""confidence"": 0.1}, {""min"": 150, ""max"": 160, ""confidence"": 0.05}, {""min"": 80, ""max"": 90, ""confidence"": 0.025}, {""min"": 70, ""max"": 80, ""confidence"": 0.025}, {""min"": 160, ""max"": 170, ""confidence"": 0.025}]",,212.jpg,5,151.0,10,10
wgd_spd_212_20,120.0,0.3,"[{""min"": 110, ""max"": 130, ""confidence"": 0.3}, {""min"": 120, ""max"": 140, ""confidence"": 0.25}, {""min"": 100, ""max"": 120, ""confidence"": 0.2}, {""min"": 130, ""max"": 150, ""confidence"": 0.15}, {""min"": 90, ""max"": 110, ""confidence"": 0.1}]",,212.jpg,10,151.0,20,5
wgd_spd_212_40,120.0,0.5,"[{""min"": 100, ""max"": 140, ""confidence"": 0.5}, {""min"": 120, ""max"": 160, ""confidence"": 0.3}, {""min"": 140, ""max"": 180, ""confidence"": 0.2}]",,212.jpg,20,151.0,40,3
wgd_spd_213_02,141.0,0.12,"[{""min"": 140, ""max"": 142, ""confidence"": 0.12}, {""min"": 142, ""max"": 144, ""confidence"": 0.11}, {""min"": 144, ""max"": 146, ""confidence"": 0.1}, {""min"": 146, ""max"": 148, ""confidence"": 0.09}, {""min"": 148, ""max"": 150, ""confidence"": 0.08}, {""min"": 150, ""max"": 152, ""confidence"": 0.07}, {""min"": 152, ""max"": 154, ""confidence"": 0.06}, {""min"": 154, ""max"": 156, ""confidence"": 0.05}, {""min"": 138, ""max"": 140, ""confidence"": 0.04}, {""min"": 156, ""max"": 158, ""confidence"": 0.03}]",,213.jpg,1,178.0,2,10
wgd_spd_213_10,145.0,0.2,"[{""min"": 140, ""max"": 150, ""confidence"": 0.2}, {""min"": 150, ""max"": 160, ""confidence"": 0.18}, {""min"": 130, ""max"": 140, ""confidence"": 0.15}, {""min"": 160, ""max"": 170, ""confidence"": 0.12}, {""min"": 120, ""max"": 130, ""confidence"": 0.1}, {""min"": 170, ""max"": 180, ""confidence"": 0.08}, {""min"": 110, ""max"": 120, ""confidence"": 0.05}, {""min"": 180, ""max"": 190, ""confidence"": 0.05}, {""min"": 190, ""max"": 200, ""confidence"": 0.03}, {""min"": 200, ""max"": 210, ""confidence"": 0.02}]",,213.jpg,5,178.0,10,10
wgd_spd_213_20,160.0,0.3,"[{""min"": 140, ""max"": 160, ""confidence"": 0.25}, {""min"": 150, ""max"": 170, ""confidence"": 0.3}, {""min"": 160, ""max"": 180, ""confidence"": 0.2}, {""min"": 170, ""max"": 190, ""confidence"": 0.15}, {""min"": 180, ""max"": 200, ""confidence"": 0.1}]",,213.jpg,10,178.0,20,5
wgd_spd_213_40,160.0,0.5,"[{""min"": 140, ""max"": 180, ""confidence"": 0.5}, {""min"": 160, ""max"": 200, ""confidence"": 0.3}, {""min"": 120, ""max"": 160, ""confidence"": 0.2}]",,213.jpg,20,178.0,40,3
wgd_spd_214_02,141.0,0.12,"[{""min"": 140, ""max"": 142, ""confidence"": 0.12}, {""min"": 142, ""max"": 144, ""confidence"": 0.11}, {""min"": 144, ""max"": 146, ""confidence"": 0.1}, {""min"": 146, ""max"": 148, ""confidence"": 0.09}, {""min"": 148, ""max"": 150, ""confidence"": 0.08}, {""min"": 150, ""max"": 152, ""confidence"": 0.08}, {""min"": 152, ""max"": 154, ""confidence"": 0.07}, {""min"": 154, ""max"": 156, ""confidence"": 0.07}, {""min"": 138, ""max"": 140, ""confidence"": 0.065}, {""min"": 156, ""max"": 158, ""confidence"": 0.065}]",,214.jpg,1,191.0,2,10
wgd_spd_214_10,165.0,0.3,"[{""min"": 140, ""max"": 150, ""confidence"": 0.15}, {""min"": 150, ""max"": 160, ""confidence"": 0.25}, {""min"": 160, ""max"": 170, ""confidence"": 0.3}, {""min"": 170, ""max"": 180, ""confidence"": 0.15}, {""min"": 130, ""max"": 140, ""confidence"": 0.05}, {""min"": 180, ""max"": 190, ""confidence"": 0.05}, {""min"": 120, ""max"": 130, ""confidence"": 0.02}, {""min"": 190, ""max"": 200, ""confidence"": 0.02}, {""min"": 145, ""max"": 155, ""confidence"": 0.03}, {""min"": 155, ""max"": 165, ""confidence"": 0.05}]",,214.jpg,5,191.0,10,10
wgd_spd_214_20,150.0,0.3,"[{""min"": 140, ""max"": 160, ""confidence"": 0.3}, {""min"": 150, ""max"": 170, ""confidence"": 0.25}, {""min"": 160, ""max"": 180, ""confidence"": 0.2}, {""min"": 130, ""max"": 150, ""confidence"": 0.15}, {""min"": 170, ""max"": 190, ""confidence"": 0.1}]",,214.jpg,10,191.0,20,5
wgd_spd_214_40,160.0,0.5,"[{""min"": 140, ""max"": 180, ""confidence"": 0.5}, {""min"": 160, ""max"": 200, ""confidence"": 0.3}, {""min"": 120, ""max"": 160, ""confidence"": 0.2}]",,214.jpg,20,191.0,40,3
wgd_spd_215_02,121.0,0.13,"[{""min"": 120, ""max"": 122, ""confidence"": 0.13}, {""min"": 118, ""max"": 120, ""confidence"": 0.12}, {""min"": 122, ""max"": 124, ""confidence"": 0.11}, {""min"": 116, ""max"": 118, ""confidence"": 0.1}, {""min"": 124, ""max"": 126, ""confidence"": 0.09}, {""min"": 114, ""max"": 116, ""confidence"": 0.08}, {""min"": 126, ""max"": 128, ""confidence"": 0.07}, {""min"": 112, ""max"": 114, ""confidence"": 0.06}, {""min"": 128, ""max"": 130, ""confidence"": 0.05}, {""min"": 110, ""max"": 112, ""confidence"": 0.04}]",,215.jpg,1,158.0,2,10
wgd_spd_215_10,135.0,0.25,"[{""min"": 110, ""max"": 120, ""confidence"": 0.15}, {""min"": 120, ""max"": 130, ""confidence"": 0.2}, {""min"": 130, ""max"": 140, ""confidence"": 0.25}, {""min"": 140, ""max"": 150, ""confidence"": 0.2}, {""min"": 100, ""max"": 110, ""confidence"": 0.05}, {""min"": 150, ""max"": 160, ""confidence"": 0.1}, {""min"": 90, ""max"": 100, ""confidence"": 0.02}, {""min"": 160, ""max"": 170, ""confidence"": 0.02}, {""min"": 80, ""max"": 90, ""confidence"": 0.01}, {""min"": 170, ""max"": 180, ""confidence"": 0.01}]",,215.jpg,5,158.0,10,10
wgd_spd_215_20,130.0,0.3,"[{""min"": 110, ""max"": 130, ""confidence"": 0.25}, {""min"": 120, ""max"": 140, ""confidence"": 0.3}, {""min"": 130, ""max"": 150, ""confidence"": 0.2}, {""min"": 140, ""max"": 160, ""confidence"": 0.15}, {""min"": 150, ""max"": 170, ""confidence"": 0.1}]",,215.jpg,10,158.0,20,5
wgd_spd_215_40,140.0,0.5,"[{""min"": 120, ""max"": 160, ""confidence"": 0.5}, {""min"": 100, ""max"": 140, ""confidence"": 0.3}, {""min"": 140, ""max"": 180, ""confidence"": 0.2}]",,215.jpg,20,158.0,40,3
wgd_spd_216_02,141.0,0.15,"[{""min"": 140, ""max"": 142, ""confidence"": 0.15}, {""min"": 142, ""max"": 144, ""confidence"": 0.12}, {""min"": 144, ""max"": 146, ""confidence"": 0.1}, {""min"": 146, ""max"": 148, ""confidence"": 0.09}, {""min"": 148, ""max"": 150, ""confidence"": 0.08}, {""min"": 150, ""max"": 152, ""confidence"": 0.07}, {""min"": 152, ""max"": 154, ""confidence"": 0.06}, {""min"": 154, ""max"": 156, ""confidence"": 0.06}, {""min"": 156, ""max"": 158, ""confidence"": 0.05}, {""min"": 158, ""max"": 160, ""confidence"": 0.05}]",,216.jpg,1,184.0,2,10
wgd_spd_216_10,165.0,0.25,"[{""min"": 140, ""max"": 150, ""confidence"": 0.15}, {""min"": 150, ""max"": 160, ""confidence"": 0.2}, {""min"": 160, ""max"": 170, ""confidence"": 0.25}, {""min"": 170, ""max"": 180, ""confidence"": 0.2}, {""min"": 180, ""max"": 190, ""confidence"": 0.1}, {""min"": 145, ""max"": 155, ""confidence"": 0.05}, {""min"": 155, ""max"": 165, ""confidence"": 0.05}, {""min"": 165, ""max"": 175, ""confidence"": 0.05}, {""min"": 175, ""max"": 185, ""confidence"": 0.025}, {""min"": 185, ""max"": 195, ""confidence"": 0.025}]",,216.jpg,5,184.0,10,10
wgd_spd_216_20,170.0,0.3,"[{""min"": 160, ""max"": 180, ""confidence"": 0.3}, {""min"": 140, ""max"": 160, ""confidence"": 0.25}, {""min"": 180, ""max"": 200, ""confidence"": 0.2}, {""min"": 120, ""max"": 140, ""confidence"": 0.15}, {""min"": 200, ""max"": 220, ""confidence"": 0.1}]",,216.jpg,10,184.0,20,5
wgd_spd_216_40,160.0,0.4,"[{""min"": 140, ""max"": 180, ""confidence"": 0.4}, {""min"": 160, ""max"": 200, ""confidence"": 0.3}, {""min"": 180, ""max"": 220, ""confidence"": 0.3}]",,216.jpg,20,184.0,40,3
wgd_spd_217_02,115.0,0.2,"[{""min"": 110, ""max"": 112, ""confidence"": 0.1}, {""min"": 112, ""max"": 114, ""confidence"": 0.15}, {""min"": 114, ""max"": 116, ""confidence"": 0.2}, {""min"": 116, ""max"": 118, ""confidence"": 0.15}, {""min"": 118, ""max"": 120, ""confidence"": 0.1}, {""min"": 120, ""max"": 122, ""confidence"": 0.1}, {""min"": 122, ""max"": 124, ""confidence"": 0.05}, {""min"": 124, ""max"": 126, ""confidence"": 0.05}, {""min"": 126, ""max"": 128, ""confidence"": 0.05}, {""min"": 128, ""max"": 130, ""confidence"": 0.05}]",,217.jpg,1,120.0,2,10
wgd_spd_217_10,125.0,0.2,"[{""min"": 100, ""max"": 110, ""confidence"": 0.1}, {""min"": 110, ""max"": 120, ""confidence"": 0.15}, {""min"": 120, ""max"": 130, ""confidence"": 0.2}, {""min"": 130, ""max"": 140, ""confidence"": 0.2}, {""min"": 140, ""max"": 150, ""confidence"": 0.15}, {""min"": 90, ""max"": 100, ""confidence"": 0.05}, {""min"": 150, ""max"": 160, ""confidence"": 0.05}, {""min"": 80, ""max"": 90, ""confidence"": 0.03}, {""min"": 160, ""max"": 170, ""confidence"": 0.03}, {""min"": 170, ""max"": 180, ""confidence"": 0.04}]",,217.jpg,5,120.0,10,10
wgd_spd_217_20,120.0,0.3,"[{""min"": 100, ""max"": 120, ""confidence"": 0.25}, {""min"": 110, ""max"": 130, ""confidence"": 0.3}, {""min"": 120, ""max"": 140, ""confidence"": 0.2}, {""min"": 90, ""max"": 110, ""confidence"": 0.15}, {""min"": 130, ""max"": 150, ""confidence"": 0.1}]",,217.jpg,10,120.0,20,5
wgd_spd_217_40,120.0,0.5,"[{""min"": 100, ""max"": 140, ""confidence"": 0.5}, {""min"": 120, ""max"": 160, ""confidence"": 0.3}, {""min"": 140, ""max"": 180, ""confidence"": 0.2}]",,217.jpg,20,120.0,40,3
wgd_spd_218_02,141.0,0.14,"[{""min"": 140, ""max"": 142, ""confidence"": 0.14}, {""min"": 142, ""max"": 144, ""confidence"": 0.13}, {""min"": 144, ""max"": 146, ""confidence"": 0.12}, {""min"": 146, ""max"": 148, ""confidence"": 0.11}, {""min"": 148, ""max"": 150, ""confidence"": 0.1}, {""min"": 150, ""max"": 152, ""confidence"": 0.09}, {""min"": 152, ""max"": 154, ""confidence"": 0.08}, {""min"": 154, ""max"": 156, ""confidence"": 0.07}, {""min"": 156, ""max"": 158, ""confidence"": 0.06}, {""min"": 158, ""max"": 160, ""confidence"": 0.05}]",,218.jpg,1,169.0,2,10
wgd_spd_218_10,155.0,0.25,"[{""min"": 130, ""max"": 140, ""confidence"": 0.15}, {""min"": 140, ""max"": 150, ""confidence"": 0.20}, {""min"": 150, ""max"": 160, ""confidence"": 0.25}, {""min"": 160, ""max"": 170, ""confidence"": 0.20}, {""min"": 170, ""max"": 180, ""confidence"": 0.10}, {""min"": 120, ""max"": 130, ""confidence"": 0.05}, {""min"": 180, ""max"": 190, ""confidence"": 0.03}, {""min"": 110, ""max"": 120, ""confidence"": 0.01}, {""min"": 190, ""max"": 200, ""confidence"": 0.01}, {""min"": 100, ""max"": 110, ""confidence"": 0.01}]",,218.jpg,5,169.0,10,10
wgd_spd_218_20,160.0,0.3,"[{""min"": 140, ""max"": 160, ""confidence"": 0.25}, {""min"": 150, ""max"": 170, ""confidence"": 0.3}, {""min"": 160, ""max"": 180, ""confidence"": 0.2}, {""min"": 130, ""max"": 150, ""confidence"": 0.15}, {""min"": 170, ""max"": 190, ""confidence"": 0.1}]",,218.jpg,10,169.0,20,5
wgd_spd_218_40,160.0,0.5,"[{""min"": 140, ""max"": 180, ""confidence"": 0.5}, {""min"": 160, ""max"": 200, ""confidence"": 0.3}, {""min"": 120, ""max"": 160, ""confidence"": 0.2}]",,218.jpg,20,169.0,40,3
wgd_spd_219_02,141.0,0.12,"[{""min"": 140, ""max"": 142, ""confidence"": 0.12}, {""min"": 142, ""max"": 144, ""confidence"": 0.11}, {""min"": 144, ""max"": 146, ""confidence"": 0.1}, {""min"": 146, ""max"": 148, ""confidence"": 0.09}, {""min"": 148, ""max"": 150, ""confidence"": 0.08}, {""min"": 150, ""max"": 152, ""confidence"": 0.08}, {""min"": 152, ""max"": 154, ""confidence"": 0.07}, {""min"": 154, ""max"": 156, ""confidence"": 0.07}, {""min"": 156, ""max"": 158, ""confidence"": 0.06}, {""min"": 158, ""max"": 160, ""confidence"": 0.06}]",,219.jpg,1,127.0,2,10
wgd_spd_219_10,145.0,0.15,"[{""min"": 140, ""max"": 150, ""confidence"": 0.15}, {""min"": 150, ""max"": 160, ""confidence"": 0.14}, {""min"": 160, ""max"": 170, ""confidence"": 0.13}, {""min"": 170, ""max"": 180, ""confidence"": 0.12}, {""min"": 130, ""max"": 140, ""confidence"": 0.11}, {""min"": 180, ""max"": 190, ""confidence"": 0.1}, {""min"": 120, ""max"": 130, ""confidence"": 0.08}, {""min"": 190, ""max"": 200, ""confidence"": 0.07}, {""min"": 110, ""max"": 120, ""confidence"": 0.06}, {""min"": 200, ""max"": 210, ""confidence"": 0.04}]",,219.jpg,5,127.0,10,10
wgd_spd_219_20,150.0,0.35,"[{""min"": 140, ""max"": 160, ""confidence"": 0.35}, {""min"": 150, ""max"": 170, ""confidence"": 0.25}, {""min"": 160, ""max"": 180, ""confidence"": 0.2}, {""min"": 130, ""max"": 150, ""confidence"": 0.1}, {""min"": 170, ""max"": 190, ""confidence"": 0.1}]",,219.jpg,10,127.0,20,5
wgd_spd_219_40,160.0,0.5,"[{""min"": 140, ""max"": 180, ""confidence"": 0.5}, {""min"": 160, ""max"": 200, ""confidence"": 0.3}, {""min"": 120, ""max"": 160, ""confidence"": 0.2}]",,219.jpg,20,127.0,40,3
wgd_spd_220_02,141.0,0.15,"[{""min"": 140, ""max"": 142, ""confidence"": 0.15}, {""min"": 142, ""max"": 144, ""confidence"": 0.12}, {""min"": 144, ""max"": 146, ""confidence"": 0.1}, {""min"": 146, ""max"": 148, ""confidence"": 0.09}, {""min"": 148, ""max"": 150, ""confidence"": 0.08}, {""min"": 150, ""max"": 152, ""confidence"": 0.07}, {""min"": 152, ""max"": 154, ""confidence"": 0.06}, {""min"": 154, ""max"": 156, ""confidence"": 0.05}, {""min"": 156, ""max"": 158, ""confidence"": 0.04}, {""min"": 158, ""max"": 160, ""confidence"": 0.03}]",,220.jpg,1,153.0,2,10
wgd_spd_220_10,145.0,0.25,"[{""min"": 120, ""max"": 130, ""confidence"": 0.15}, {""min"": 130, ""max"": 140, ""confidence"": 0.2}, {""min"": 140, ""max"": 150, ""confidence"": 0.25}, {""min"": 150, ""max"": 160, ""confidence"": 0.2}, {""min"": 160, ""max"": 170, ""confidence"": 0.1}, {""min"": 125, ""max"": 135, ""confidence"": 0.05}, {""min"": 135, ""max"": 145, ""confidence"": 0.05}, {""min"": 110, ""max"": 120, ""confidence"": 0.01}, {""min"": 145, ""max"": 155, ""confidence"": 0.03}, {""min"": 155, ""max"": 165, ""confidence"": 0.02}]",,220.jpg,5,153.0,10,10
wgd_spd_220_20,160.0,0.3,"[{""min"": 140, ""max"": 160, ""confidence"": 0.25}, {""min"": 150, ""max"": 170, ""confidence"": 0.3}, {""min"": 130, ""max"": 150, ""confidence"": 0.2}, {""min"": 160, ""max"": 180, ""confidence"": 0.15}, {""min"": 120, ""max"": 140, ""confidence"": 0.1}]",,220.jpg,10,153.0,20,5
wgd_spd_220_40,160.0,0.5,"[{""min"": 140, ""max"": 180, ""confidence"": 0.5}, {""min"": 160, ""max"": 200, ""confidence"": 0.3}, {""min"": 120, ""max"": 160, ""confidence"": 0.2}]",,220.jpg,20,153.0,40,3
wgd_spd_221_02,111.0,0.12,"[{""min"": 110, ""max"": 112, ""confidence"": 0.12}, {""min"": 112, ""max"": 114, ""confidence"": 0.11}, {""min"": 114, ""max"": 116, ""confidence"": 0.1}, {""min"": 108, ""max"": 110, ""confidence"": 0.09}, {""min"": 116, ""max"": 118, ""confidence"": 0.09}, {""min"": 106, ""max"": 108, ""confidence"": 0.08}, {""min"": 118, ""max"": 120, ""confidence"": 0.08}, {""min"": 104, ""max"": 106, ""confidence"": 0.07}, {""min"": 120, ""max"": 122, ""confidence"": 0.07}, {""min"": 122, ""max"": 124, ""confidence"": 0.06}]",,221.jpg,1,116.0,2,10
wgd_spd_221_10,125.0,0.25,"[{""min"": 100, ""max"": 110, ""confidence"": 0.15}, {""min"": 110, ""max"": 120, ""confidence"": 0.2}, {""min"": 120, ""max"": 130, ""confidence"": 0.25}, {""min"": 130, ""max"": 140, ""confidence"": 0.2}, {""min"": 140, ""max"": 150, ""confidence"": 0.1}, {""min"": 90, ""max"": 100, ""confidence"": 0.05}, {""min"": 150, ""max"": 160, ""confidence"": 0.03}, {""min"": 80, ""max"": 90, ""confidence"": 0.01}, {""min"": 160, ""max"": 170, ""confidence"": 0.01}, {""min"": 170, ""max"": 180, ""confidence"": 0.01}]",,221.jpg,5,116.0,10,10
wgd_spd_221_20,110.0,0.3,"[{""min"": 100, ""max"": 120, ""confidence"": 0.3}, {""min"": 110, ""max"": 130, ""confidence"": 0.25}, {""min"": 120, ""max"": 140, ""confidence"": 0.2}, {""min"": 90, ""max"": 110, ""confidence"": 0.15}, {""min"": 130, ""max"": 150, ""confidence"": 0.1}]",,221.jpg,10,116.0,20,5
wgd_spd_221_40,120.0,0.4,"[{""min"": 100, ""max"": 140, ""confidence"": 0.4}, {""min"": 120, ""max"": 160, ""confidence"": 0.3}, {""min"": 140, ""max"": 180, ""confidence"": 0.3}]",,221.jpg,20,116.0,40,3
wgd_spd_222_02,125.0,0.12,"[{""min"": 124, ""max"": 126, ""confidence"": 0.12}, {""min"": 126, ""max"": 128, ""confidence"": 0.11}, {""min"": 128, ""max"": 130, ""confidence"": 0.1}, {""min"": 130, ""max"": 132, ""confidence"": 0.09}, {""min"": 122, ""max"": 124, ""confidence"": 0.08}, {""min"": 132, ""max"": 134, ""confidence"": 0.08}, {""min"": 120, ""max"": 122, ""confidence"": 0.07}, {""min"": 134, ""max"": 136, ""confidence"": 0.07}, {""min"": 118, ""max"": 120, ""confidence"": 0.06}, {""min"": 136, ""max"": 138, ""confidence"": 0.06}]",,222.jpg,1,119.0,2,10
wgd_spd_222_10,135.0,0.2,"[{""min"": 130, ""max"": 140, ""confidence"": 0.2}, {""min"": 140, ""max"": 150, ""confidence"": 0.18}, {""min"": 120, ""max"": 130, ""confidence"": 0.15}, {""min"": 150, ""max"": 160, ""confidence"": 0.12}, {""min"": 110, ""max"": 120, ""confidence"": 0.1}, {""min"": 160, ""max"": 170, ""confidence"": 0.08}, {""min"": 100, ""max"": 110, ""confidence"": 0.06}, {""min"": 170, ""max"": 180, ""confidence"": 0.05}, {""min"": 180, ""max"": 190, ""confidence"": 0.04}, {""min"": 190, ""max"": 200, ""confidence"": 0.02}]",,222.jpg,5,119.0,10,10
wgd_spd_222_20,150.0,0.3,"[{""min"": 120, ""max"": 140, ""confidence"": 0.25}, {""min"": 140, ""max"": 160, ""confidence"": 0.3}, {""min"": 130, ""max"": 150, ""confidence"": 0.2}, {""min"": 150, ""max"": 170, ""confidence"": 0.15}, {""min"": 160, ""max"": 180, ""confidence"": 0.1}]",,222.jpg,10,119.0,20,5
wgd_spd_222_40,140.0,0.5,"[{""min"": 120, ""max"": 160, ""confidence"": 0.5}, {""min"": 140, ""max"": 180, ""confidence"": 0.3}, {""min"": 160, ""max"": 200, ""confidence"": 0.2}]",,222.jpg,20,119.0,40,3
wgd_spd_223_02,161.0,0.15,"[{""min"": 160, ""max"": 162, ""confidence"": 0.15}, {""min"": 162, ""max"": 164, ""confidence"": 0.13}, {""min"": 158, ""max"": 160, ""confidence"": 0.12}, {""min"": 164, ""max"": 166, ""confidence"": 0.11}, {""min"": 156, ""max"": 158, ""confidence"": 0.1}, {""min"": 166, ""max"": 168, ""confidence"": 0.09}, {""min"": 154, ""max"": 156, ""confidence"": 0.08}, {""min"": 168, ""max"": 170, ""confidence"": 0.07}, {""min"": 152, ""max"": 154, ""confidence"": 0.06}, {""min"": 170, ""max"": 172, ""confidence"": 0.05}]",,223.jpg,1,187.0,2,10
wgd_spd_223_10,165.0,0.25,"[{""min"": 160, ""max"": 170, ""confidence"": 0.25}, {""min"": 170, ""max"": 180, ""confidence"": 0.2}, {""min"": 150, ""max"": 160, ""confidence"": 0.15}, {""min"": 180, ""max"": 190, ""confidence"": 0.12}, {""min"": 140, ""max"": 150, ""confidence"": 0.08}, {""min"": 190, ""max"": 200, ""confidence"": 0.06}, {""min"": 130, ""max"": 140, ""confidence"": 0.05}, {""min"": 200, ""max"": 210, ""confidence"": 0.03}, {""min"": 210, ""max"": 220, ""confidence"": 0.02}, {""min"": 120, ""max"": 130, ""confidence"": 0.01}]",,223.jpg,5,187.0,10,10
wgd_spd_223_20,170.0,0.25,"[{""min"": 160, ""max"": 180, ""confidence"": 0.25}, {""min"": 170, ""max"": 190, ""confidence"": 0.25}, {""min"": 150, ""max"": 170, ""confidence"": 0.2}, {""min"": 180, ""max"": 200, ""confidence"": 0.15}, {""min"": 140, ""max"": 160, ""confidence"": 0.15}]",,223.jpg,10,187.0,20,5
wgd_spd_223_40,180.0,0.5,"[{""min"": 160, ""max"": 200, ""confidence"": 0.5}, {""min"": 180, ""max"": 220, ""confidence"": 0.3}, {""min"": 140, ""max"": 180, ""confidence"": 0.2}]",,223.jpg,20,187.0,40,3
wgd_spd_224_02,111.0,0.15,"[{""min"": 110, ""max"": 112, ""confidence"": 0.15}, {""min"": 112, ""max"": 114, ""confidence"": 0.14}, {""min"": 108, ""max"": 110, ""confidence"": 0.13}, {""min"": 114, ""max"": 116, ""confidence"": 0.12}, {""min"": 106, ""max"": 108, ""confidence"": 0.11}, {""min"": 116, ""max"": 118, ""confidence"": 0.09}, {""min"": 104, ""max"": 106, ""confidence"": 0.08}, {""min"": 118, ""max"": 120, ""confidence"": 0.07}, {""min"": 102, ""max"": 104, ""confidence"": 0.06}, {""min"": 120, ""max"": 122, ""confidence"": 0.05}]",,224.jpg,1,110.0,2,10
wgd_spd_224_10,135.0,0.25,"[{""min"": 100, ""max"": 110, ""confidence"": 0.05}, {""min"": 110, ""max"": 120, ""confidence"": 0.1}, {""min"": 120, ""max"": 130, ""confidence"": 0.2}, {""min"": 130, ""max"": 140, ""confidence"": 0.25}, {""min"": 140, ""max"": 150, ""confidence"": 0.2}, {""min"": 150, ""max"": 160, ""confidence"": 0.1}, {""min"": 160, ""max"": 170, ""confidence"": 0.05}, {""min"": 90, ""max"": 100, ""confidence"": 0.03}, {""min"": 80, ""max"": 90, ""confidence"": 0.01}, {""min"": 170, ""max"": 180, ""confidence"": 0.02}]",,224.jpg,5,110.0,10,10
wgd_spd_224_20,120.0,0.3,"[{""min"": 100, ""max"": 120, ""confidence"": 0.25}, {""min"": 110, ""max"": 130, ""confidence"": 0.3}, {""min"": 120, ""max"": 140, ""confidence"": 0.2}, {""min"": 90, ""max"": 110, ""confidence"": 0.15}, {""min"": 130, ""max"": 150, ""confidence"": 0.1}]",,224.jpg,10,110.0,20,5
wgd_spd_224_40,120.0,0.5,"[{""min"": 100, ""max"": 140, ""confidence"": 0.5}, {""min"": 120, ""max"": 160, ""confidence"": 0.3}, {""min"": 140, ""max"": 180, ""confidence"": 0.2}]",,224.jpg,20,110.0,40,3
wgd_spd_225_02,105.0,0.2,"[{""min"": 100, ""max"": 102, ""confidence"": 0.1}, {""min"": 102, ""max"": 104, ""confidence"": 0.15}, {""min"": 104, ""max"": 106, ""confidence"": 0.2}, {""min"": 106, ""max"": 108, ""confidence"": 0.15}, {""min"": 108, ""max"": 110, ""confidence"": 0.1}, {""min"": 110, ""max"": 112, ""confidence"": 0.05}, {""min"": 112, ""max"": 114, ""confidence"": 0.05}, {""min"": 114, ""max"": 116, ""confidence"": 0.05}, {""min"": 116, ""max"": 118, ""confidence"": 0.05}, {""min"": 118, ""max"": 120, ""confidence"": 0.1}]",,225.jpg,1,125.0,2,10
wgd_spd_225_10,125.0,0.25,"[{""min"": 110, ""max"": 120, ""confidence"": 0.2}, {""min"": 120, ""max"": 130, ""confidence"": 0.25}, {""min"": 100, ""max"": 110, ""confidence"": 0.15}, {""min"": 130, ""max"": 140, ""confidence"": 0.2}, {""min"": 90, ""max"": 100, ""confidence"": 0.05}, {""min"": 140, ""max"": 150, ""confidence"": 0.1}, {""min"": 80, ""max"": 90, ""confidence"": 0.02}, {""min"": 150, ""max"": 160, ""confidence"": 0.02}, {""min"": 70, ""max"": 80, ""confidence"": 0.01}, {""min"": 160, ""max"": 170, ""confidence"": 0.01}]",,225.jpg,5,125.0,10,10
wgd_spd_225_20,120.0,0.3,"[{""min"": 100, ""max"": 120, ""confidence"": 0.25}, {""min"": 110, ""max"": 130, ""confidence"": 0.3}, {""min"": 120, ""max"": 140, ""confidence"": 0.2}, {""min"": 130, ""max"": 150, ""confidence"": 0.15}, {""min"": 140, ""max"": 160, ""confidence"": 0.1}]",,225.jpg,10,125.0,20,5
wgd_spd_225_40,120.0,0.5,"[{""min"": 100, ""max"": 140, ""confidence"": 0.5}, {""min"": 120, ""max"": 160, ""confidence"": 0.3}, {""min"": 140, ""max"": 180, ""confidence"": 0.2}]",,225.jpg,20,125.0,40,3
wgd_spd_226_02,101.0,0.1,"[{""min"": 100, ""max"": 102, ""confidence"": 0.1}, {""min"": 102, ""max"": 104, ""confidence"": 0.1}, {""min"": 104, ""max"": 106, ""confidence"": 0.1}, {""min"": 106, ""max"": 108, ""confidence"": 0.1}, {""min"": 108, ""max"": 110, ""confidence"": 0.1}, {""min"": 110, ""max"": 112, ""confidence"": 0.1}, {""min"": 112, ""max"": 114, ""confidence"": 0.1}, {""min"": 114, ""max"": 116, ""confidence"": 0.1}, {""min"": 116, ""max"": 118, ""confidence"": 0.1}, {""min"": 118, ""max"": 120, ""confidence"": 0.1}]",,226.jpg,1,144.0,2,10
wgd_spd_226_10,135.0,0.25,"[{""min"": 110, ""max"": 120, ""confidence"": 0.15}, {""min"": 120, ""max"": 130, ""confidence"": 0.2}, {""min"": 130, ""max"": 140, ""confidence"": 0.25}, {""min"": 140, ""max"": 150, ""confidence"": 0.2}, {""min"": 150, ""max"": 160, ""confidence"": 0.1}, {""min"": 100, ""max"": 110, ""confidence"": 0.05}, {""min"": 160, ""max"": 170, ""confidence"": 0.03}, {""min"": 90, ""max"": 100, ""confidence"": 0.01}, {""min"": 170, ""max"": 180, ""confidence"": 0.005}, {""min"": 80, ""max"": 90, ""confidence"": 0.005}]",,226.jpg,5,144.0,10,10
wgd_spd_226_20,130.0,0.27,"[{""min"": 100, ""max"": 120, ""confidence"": 0.23}, {""min"": 110, ""max"": 130, ""confidence"": 0.25}, {""min"": 120, ""max"": 140, ""confidence"": 0.27}, {""min"": 130, ""max"": 150, ""confidence"": 0.2}, {""min"": 140, ""max"": 160, ""confidence"": 0.05}]",,226.jpg,10,144.0,20,5
wgd_spd_226_40,120.0,0.5,"[{""min"": 100, ""max"": 140, ""confidence"": 0.5}, {""min"": 120, ""max"": 160, ""confidence"": 0.3}, {""min"": 140, ""max"": 180, ""confidence"": 0.2}]",,226.jpg,20,144.0,40,3
wgd_spd_227_02,151.0,0.15,"[{""min"": 150, ""max"": 152, ""confidence"": 0.15}, {""min"": 152, ""max"": 154, ""confidence"": 0.12}, {""min"": 148, ""max"": 150, ""confidence"": 0.1}, {""min"": 154, ""max"": 156, ""confidence"": 0.09}, {""min"": 156, ""max"": 158, ""confidence"": 0.08}, {""min"": 158, ""max"": 160, ""confidence"": 0.07}, {""min"": 146, ""max"": 148, ""confidence"": 0.06}, {""min"": 160, ""max"": 162, ""confidence"": 0.06}, {""min"": 144, ""max"": 146, ""confidence"": 0.05}, {""min"": 162, ""max"": 164, ""confidence"": 0.05}]",,227.jpg,1,184.0,2,10
wgd_spd_227_10,145.0,0.16,"[{""min"": 140, ""max"": 150, ""confidence"": 0.16}, {""min"": 150, ""max"": 160, ""confidence"": 0.14}, {""min"": 160, ""max"": 170, ""confidence"": 0.12}, {""min"": 130, ""max"": 140, ""confidence"": 0.11}, {""min"": 170, ""max"": 180, ""confidence"": 0.10}, {""min"": 120, ""max"": 130, ""confidence"": 0.09}, {""min"": 180, ""max"": 190, ""confidence"": 0.08}, {""min"": 110, ""max"": 120, ""confidence"": 0.07}, {""min"": 190, ""max"": 200, ""confidence"": 0.07}, {""min"": 200, ""max"": 210, ""confidence"": 0.06}]",,227.jpg,5,184.0,10,10
wgd_spd_227_20,160.0,0.3,"[{""min"": 140, ""max"": 160, ""confidence"": 0.25}, {""min"": 150, ""max"": 170, ""confidence"": 0.3}, {""min"": 160, ""max"": 180, ""confidence"": 0.2}, {""min"": 170, ""max"": 190, ""confidence"": 0.15}, {""min"": 180, ""max"": 200, ""confidence"": 0.1}]",,227.jpg,10,184.0,20,5
wgd_spd_227_40,160.0,0.5,"[{""min"": 140, ""max"": 180, ""confidence"": 0.5}, {""min"": 160, ""max"": 200, ""confidence"": 0.3}, {""min"": 120, ""max"": 160, ""confidence"": 0.2}]",,227.jpg,20,184.0,40,3
wgd_spd_228_02,111.0,0.15,"[{""min"": 110, ""max"": 112, ""confidence"": 0.15}, {""min"": 112, ""max"": 114, ""confidence"": 0.12}, {""min"": 108, ""max"": 110, ""confidence"": 0.1}, {""min"": 114, ""max"": 116, ""confidence"": 0.09}, {""min"": 106, ""max"": 108, ""confidence"": 0.08}, {""min"": 116, ""max"": 118, ""confidence"": 0.07}, {""min"": 104, ""max"": 106, ""confidence"": 0.06}, {""min"": 118, ""max"": 120, ""confidence"": 0.05}, {""min"": 120, ""max"": 122, ""confidence"": 0.04}, {""min"": 102, ""max"": 104, ""confidence"": 0.03}]",,228.jpg,1,139.0,2,10
wgd_spd_228_10,115.0,0.14,"[{""min"": 110, ""max"": 120, ""confidence"": 0.14}, {""min"": 120, ""max"": 130, ""confidence"": 0.13}, {""min"": 130, ""max"": 140, ""confidence"": 0.12}, {""min"": 100, ""max"": 110, ""confidence"": 0.11}, {""min"": 140, ""max"": 150, ""confidence"": 0.1}, {""min"": 90, ""max"": 100, ""confidence"": 0.09}, {""min"": 150, ""max"": 160, ""confidence"": 0.08}, {""min"": 80, ""max"": 90, ""confidence"": 0.07}, {""min"": 160, ""max"": 170, ""confidence"": 0.06}, {""min"": 170, ""max"": 180, ""confidence"": 0.05}]",,228.jpg,5,139.0,10,10
wgd_spd_228_20,130.0,0.25,"[{""min"": 120, ""max"": 140, ""confidence"": 0.25}, {""min"": 110, ""max"": 130, ""confidence"": 0.2}, {""min"": 130, ""max"": 150, ""confidence"": 0.2}, {""min"": 100, ""max"": 120, ""confidence"": 0.15}, {""min"": 140, ""max"": 160, ""confidence"": 0.15}]",,228.jpg,10,139.0,20,5
wgd_spd_228_40,140.0,0.5,"[{""min"": 120, ""max"": 160, ""confidence"": 0.5}, {""min"": 100, ""max"": 140, ""confidence"": 0.3}, {""min"": 140, ""max"": 180, ""confidence"": 0.2}]",,228.jpg,20,139.0,40,3
wgd_spd_229_02,125.0,0.2,"[{""min"": 120, ""max"": 122, ""confidence"": 0.1}, {""min"": 122, ""max"": 124, ""confidence"": 0.15}, {""min"": 124, ""max"": 126, ""confidence"": 0.2}, {""min"": 126, ""max"": 128, ""confidence"": 0.15}, {""min"": 128, ""max"": 130, ""confidence"": 0.1}, {""min"": 130, ""max"": 132, ""confidence"": 0.1}, {""min"": 118, ""max"": 120, ""confidence"": 0.05}, {""min"": 132, ""max"": 134, ""confidence"": 0.05}, {""min"": 116, ""max"": 118, ""confidence"": 0.05}, {""min"": 134, ""max"": 136, ""confidence"": 0.05}]",,229.jpg,1,131.0,2,10
wgd_spd_229_10,135.0,0.25,"[{""min"": 110, ""max"": 120, ""confidence"": 0.15}, {""min"": 120, ""max"": 130, ""confidence"": 0.2}, {""min"": 130, ""max"": 140, ""confidence"": 0.25}, {""min"": 140, ""max"": 150, ""confidence"": 0.2}, {""min"": 150, ""max"": 160, ""confidence"": 0.1}, {""min"": 100, ""max"": 110, ""confidence"": 0.05}, {""min"": 90, ""max"": 100, ""confidence"": 0.02}, {""min"": 160, ""max"": 170, ""confidence"": 0.02}, {""min"": 80, ""max"": 90, ""confidence"": 0.01}, {""min"": 170, ""max"": 180, ""confidence"": 0.01}]",,229.jpg,5,131.0,10,10
wgd_spd_229_20,130.0,0.3,"[{""min"": 110, ""max"": 130, ""confidence"": 0.25}, {""min"": 120, ""max"": 140, ""confidence"": 0.3}, {""min"": 130, ""max"": 150, ""confidence"": 0.2}, {""min"": 140, ""max"": 160, ""confidence"": 0.15}, {""min"": 150, ""max"": 170, ""confidence"": 0.1}]",,229.jpg,10,131.0,20,5
wgd_spd_229_40,120.0,0.5,"[{""min"": 100, ""max"": 140, ""confidence"": 0.5}, {""min"": 120, ""max"": 160, ""confidence"": 0.3}, {""min"": 140, ""max"": 180, ""confidence"": 0.2}]",,229.jpg,20,131.0,40,3
wgd_spd_230_02,101.0,0.1,"[{""min"": 100, ""max"": 102, ""confidence"": 0.1}, {""min"": 102, ""max"": 104, ""confidence"": 0.1}, {""min"": 104, ""max"": 106, ""confidence"": 0.1}, {""min"": 106, ""max"": 108, ""confidence"": 0.1}, {""min"": 108, ""max"": 110, ""confidence"": 0.1}, {""min"": 110, ""max"": 112, ""confidence"": 0.1}, {""min"": 112, ""max"": 114, ""confidence"": 0.1}, {""min"": 114, ""max"": 116, ""confidence"": 0.1}, {""min"": 116, ""max"": 118, ""confidence"": 0.1}, {""min"": 118, ""max"": 120, ""confidence"": 0.1}]",,230.jpg,1,109.0,2,10
wgd_spd_230_10,125.0,0.25,"[{""min"": 100, ""max"": 110, ""confidence"": 0.15}, {""min"": 110, ""max"": 120, ""confidence"": 0.2}, {""min"": 120, ""max"": 130, ""confidence"": 0.25}, {""min"": 130, ""max"": 140, ""confidence"": 0.2}, {""min"": 140, ""max"": 150, ""confidence"": 0.1}, {""min"": 90, ""max"": 100, ""confidence"": 0.05}, {""min"": 80, ""max"": 90, ""confidence"": 0.02}, {""min"": 150, ""max"": 160, ""confidence"": 0.02}, {""min"": 70, ""max"": 80, ""confidence"": 0.01}, {""min"": 160, ""max"": 170, ""confidence"": 0.01}]",,230.jpg,5,109.0,10,10
wgd_spd_230_20,130.0,0.3,"[{""min"": 110, ""max"": 130, ""confidence"": 0.25}, {""min"": 120, ""max"": 140, ""confidence"": 0.3}, {""min"": 130, ""max"": 150, ""confidence"": 0.2}, {""min"": 90, ""max"": 110, ""confidence"": 0.15}, {""min"": 100, ""max"": 120, ""confidence"": 0.1}]",,230.jpg,10,109.0,20,5
wgd_spd_230_40,120.0,0.5,"[{""min"": 100, ""max"": 140, ""confidence"": 0.5}, {""min"": 120, ""max"": 160, ""confidence"": 0.3}, {""min"": 80, ""max"": 120, ""confidence"": 0.2}]",,230.jpg,20,109.0,40,3
wgd_spd_231_02,151.0,0.1,"[{""min"": 150, ""max"": 152, ""confidence"": 0.1}, {""min"": 152, ""max"": 154, ""confidence"": 0.1}, {""min"": 154, ""max"": 156, ""confidence"": 0.1}, {""min"": 156, ""max"": 158, ""confidence"": 0.1}, {""min"": 158, ""max"": 160, ""confidence"": 0.1}, {""min"": 160, ""max"": 162, ""confidence"": 0.1}, {""min"": 162, ""max"": 164, ""confidence"": 0.1}, {""min"": 164, ""max"": 166, ""confidence"": 0.1}, {""min"": 166, ""max"": 168, ""confidence"": 0.1}, {""min"": 168, ""max"": 170, ""confidence"": 0.1}]",,231.jpg,1,149.0,2,10
wgd_spd_231_10,165.0,0.15,"[{""min"": 160, ""max"": 170, ""confidence"": 0.15}, {""min"": 170, ""max"": 180, ""confidence"": 0.13}, {""min"": 150, ""max"": 160, ""confidence"": 0.12}, {""min"": 180, ""max"": 190, ""confidence"": 0.11}, {""min"": 140, ""max"": 150, ""confidence"": 0.1}, {""min"": 190, ""max"": 200, ""confidence"": 0.09}, {""min"": 130, ""max"": 140, ""confidence"": 0.08}, {""min"": 200, ""max"": 210, ""confidence"": 0.07}, {""min"": 120, ""max"": 130, ""confidence"": 0.06}, {""min"": 210, ""max"": 220, ""confidence"": 0.05}]",,231.jpg,5,149.0,10,10
wgd_spd_231_20,160.0,0.25,"[{""min"": 150, ""max"": 170, ""confidence"": 0.25}, {""min"": 160, ""max"": 180, ""confidence"": 0.2}, {""min"": 170, ""max"": 190, ""confidence"": 0.2}, {""min"": 140, ""max"": 160, ""confidence"": 0.15}, {""min"": 180, ""max"": 200, ""confidence"": 0.1}]",,231.jpg,10,149.0,20,5
wgd_spd_231_40,160.0,0.5,"[{""min"": 140, ""max"": 180, ""confidence"": 0.5}, {""min"": 160, ""max"": 200, ""confidence"": 0.3}, {""min"": 120, ""max"": 160, ""confidence"": 0.2}]",,231.jpg,20,149.0,40,3
wgd_spd_232_02,141.0,0.13,"[{""min"": 140, ""max"": 142, ""confidence"": 0.13}, {""min"": 142, ""max"": 144, ""confidence"": 0.12}, {""min"": 138, ""max"": 140, ""confidence"": 0.11}, {""min"": 144, ""max"": 146, ""confidence"": 0.1}, {""min"": 136, ""max"": 138, ""confidence"": 0.09}, {""min"": 146, ""max"": 148, ""confidence"": 0.08}, {""min"": 134, ""max"": 136, ""confidence"": 0.07}, {""min"": 148, ""max"": 150, ""confidence"": 0.07}, {""min"": 132, ""max"": 134, ""confidence"": 0.06}, {""min"": 150, ""max"": 152, ""confidence"": 0.05}]",,232.jpg,1,194.0,2,10
wgd_spd_232_10,155.0,0.25,"[{""min"": 130, ""max"": 140, ""confidence"": 0.15}, {""min"": 140, ""max"": 150, ""confidence"": 0.20}, {""min"": 150, ""max"": 160, ""confidence"": 0.25}, {""min"": 160, ""max"": 170, ""confidence"": 0.20}, {""min"": 170, ""max"": 180, ""confidence"": 0.10}, {""min"": 120, ""max"": 130, ""confidence"": 0.05}, {""min"": 180, ""max"": 190, ""confidence"": 0.03}, {""min"": 110, ""max"": 120, ""confidence"": 0.02}, {""min"": 190, ""max"": 200, ""confidence"": 0.01}, {""min"": 100, ""max"": 110, ""confidence"": 0.01}]",,232.jpg,5,194.0,10,10
wgd_spd_232_20,150.0,0.3,"[{""min"": 130, ""max"": 150, ""confidence"": 0.25}, {""min"": 140, ""max"": 160, ""confidence"": 0.3}, {""min"": 150, ""max"": 170, ""confidence"": 0.2}, {""min"": 120, ""max"": 140, ""confidence"": 0.15}, {""min"": 160, ""max"": 180, ""confidence"": 0.1}]",,232.jpg,10,194.0,20,5
wgd_spd_232_40,160.0,0.5,"[{""min"": 140, ""max"": 180, ""confidence"": 0.5}, {""min"": 150, ""max"": 190, ""confidence"": 0.3}, {""min"": 160, ""max"": 200, ""confidence"": 0.2}]",,232.jpg,20,194.0,40,3
wgd_spd_233_02,141.0,0.12,"[{""min"": 140, ""max"": 142, ""confidence"": 0.12}, {""min"": 142, ""max"": 144, ""confidence"": 0.11}, {""min"": 144, ""max"": 146, ""confidence"": 0.1}, {""min"": 146, ""max"": 148, ""confidence"": 0.09}, {""min"": 148, ""max"": 150, ""confidence"": 0.08}, {""min"": 150, ""max"": 152, ""confidence"": 0.08}, {""min"": 152, ""max"": 154, ""confidence"": 0.07}, {""min"": 154, ""max"": 156, ""confidence"": 0.07}, {""min"": 156, ""max"": 158, ""confidence"": 0.06}, {""min"": 158, ""max"": 160, ""confidence"": 0.06}]",,233.jpg,1,184.0,2,10
wgd_spd_233_10,165.0,0.25,"[{""min"": 140, ""max"": 150, ""confidence"": 0.15}, {""min"": 150, ""max"": 160, ""confidence"": 0.2}, {""min"": 160, ""max"": 170, ""confidence"": 0.25}, {""min"": 170, ""max"": 180, ""confidence"": 0.2}, {""min"": 130, ""max"": 140, ""confidence"": 0.05}, {""min"": 180, ""max"": 190, ""confidence"": 0.05}, {""min"": 120, ""max"": 130, ""confidence"": 0.03}, {""min"": 190, ""max"": 200, ""confidence"": 0.02}, {""min"": 110, ""max"": 120, ""confidence"": 0.02}, {""min"": 200, ""max"": 210, ""confidence"": 0.03}]",,233.jpg,5,184.0,10,10
wgd_spd_233_20,160.0,0.3,"[{""min"": 140, ""max"": 160, ""confidence"": 0.25}, {""min"": 150, ""max"": 170, ""confidence"": 0.3}, {""min"": 160, ""max"": 180, ""confidence"": 0.25}, {""min"": 170, ""max"": 190, ""confidence"": 0.15}, {""min"": 180, ""max"": 200, ""confidence"": 0.05}]",,233.jpg,10,184.0,20,5
wgd_spd_233_40,160.0,0.5,"[{""min"": 140, ""max"": 180, ""confidence"": 0.5}, {""min"": 150, ""max"": 190, ""confidence"": 0.3}, {""min"": 160, ""max"": 200, ""confidence"": 0.2}]",,233.jpg,20,184.0,40,3
wgd_spd_234_02,111.0,0.1,"[{""min"": 110, ""max"": 112, ""confidence"": 0.1}, {""min"": 112, ""max"": 114, ""confidence"": 0.1}, {""min"": 114, ""max"": 116, ""confidence"": 0.1}, {""min"": 116, ""max"": 118, ""confidence"": 0.1}, {""min"": 118, ""max"": 120, ""confidence"": 0.1}, {""min"": 120, ""max"": 122, ""confidence"": 0.1}, {""min"": 122, ""max"": 124, ""confidence"": 0.1}, {""min"": 124, ""max"": 126, ""confidence"": 0.1}, {""min"": 126, ""max"": 128, ""confidence"": 0.1}, {""min"": 128, ""max"": 130, ""confidence"": 0.1}]",,234.jpg,1,142.0,2,10
wgd_spd_234_10,115.0,0.3,"[{""min"": 100, ""max"": 110, ""confidence"": 0.2}, {""min"": 110, ""max"": 120, ""confidence"": 0.3}, {""min"": 120, ""max"": 130, ""confidence"": 0.25}, {""min"": 90, ""max"": 100, ""confidence"": 0.1}, {""min"": 130, ""max"": 140, ""confidence"": 0.05}, {""min"": 140, ""max"": 150, ""confidence"": 0.03}, {""min"": 80, ""max"": 90, ""confidence"": 0.02}, {""min"": 150, ""max"": 160, ""confidence"": 0.02}, {""min"": 70, ""max"": 80, ""confidence"": 0.02}, {""min"": 160, ""max"": 170, ""confidence"": 0.01}]",,234.jpg,5,142.0,10,10
wgd_spd_234_20,120.0,0.3,"[{""min"": 100, ""max"": 120, ""confidence"": 0.25}, {""min"": 110, ""max"": 130, ""confidence"": 0.3}, {""min"": 120, ""max"": 140, ""confidence"": 0.2}, {""min"": 130, ""max"": 150, ""confidence"": 0.15}, {""min"": 140, ""max"": 160, ""confidence"": 0.1}]",,234.jpg,10,142.0,20,5
wgd_spd_234_40,120.0,0.5,"[{""min"": 100, ""max"": 140, ""confidence"": 0.5}, {""min"": 120, ""max"": 160, ""confidence"": 0.3}, {""min"": 140, ""max"": 180, ""confidence"": 0.2}]",,234.jpg,20,142.0,40,3
wgd_spd_235_02,121.0,0.15,"[{""min"": 120, ""max"": 122, ""confidence"": 0.15}, {""min"": 118, ""max"": 120, ""confidence"": 0.12}, {""min"": 122, ""max"": 124, ""confidence"": 0.11}, {""min"": 116, ""max"": 118, ""confidence"": 0.1}, {""min"": 124, ""max"": 126, ""confidence"": 0.09}, {""min"": 114, ""max"": 116, ""confidence"": 0.08}, {""min"": 126, ""max"": 128, ""confidence"": 0.07}, {""min"": 112, ""max"": 114, ""confidence"": 0.06}, {""min"": 128, ""max"": 130, ""confidence"": 0.05}, {""min"": 110, ""max"": 112, ""confidence"": 0.04}]",,235.jpg,1,138.0,2,10
wgd_spd_235_10,135.0,0.25,"[{""min"": 110, ""max"": 120, ""confidence"": 0.15}, {""min"": 120, ""max"": 130, ""confidence"": 0.2}, {""min"": 130, ""max"": 140, ""confidence"": 0.25}, {""min"": 140, ""max"": 150, ""confidence"": 0.2}, {""min"": 150, ""max"": 160, ""confidence"": 0.1}, {""min"": 100, ""max"": 110, ""confidence"": 0.05}, {""min"": 90, ""max"": 100, ""confidence"": 0.02}, {""min"": 160, ""max"": 170, ""confidence"": 0.01}, {""min"": 80, ""max"": 90, ""confidence"": 0.01}, {""min"": 170, ""max"": 180, ""confidence"": 0.01}]",,235.jpg,5,138.0,10,10
wgd_spd_235_20,120.0,0.3,"[{""min"": 100, ""max"": 120, ""confidence"": 0.25}, {""min"": 110, ""max"": 130, ""confidence"": 0.3}, {""min"": 120, ""max"": 140, ""confidence"": 0.2}, {""min"": 130, ""max"": 150, ""confidence"": 0.15}, {""min"": 140, ""max"": 160, ""confidence"": 0.1}]",,235.jpg,10,138.0,20,5
wgd_spd_235_40,130.0,0.5,"[{""min"": 110, ""max"": 150, ""confidence"": 0.5}, {""min"": 130, ""max"": 170, ""confidence"": 0.3}, {""min"": 90, ""max"": 130, ""confidence"": 0.2}]",,235.jpg,20,138.0,40,3
wgd_spd_236_02,111.0,0.12,"[{""min"": 110, ""max"": 112, ""confidence"": 0.12}, {""min"": 108, ""max"": 110, ""confidence"": 0.11}, {""min"": 112, ""max"": 114, ""confidence"": 0.1}, {""min"": 106, ""max"": 108, ""confidence"": 0.09}, {""min"": 114, ""max"": 116, ""confidence"": 0.08}, {""min"": 104, ""max"": 106, ""confidence"": 0.07}, {""min"": 116, ""max"": 118, ""confidence"": 0.07}, {""min"": 118, ""max"": 120, ""confidence"": 0.06}, {""min"": 120, ""max"": 122, ""confidence"": 0.05}, {""min"": 102, ""max"": 104, ""confidence"": 0.05}]",,236.jpg,1,121.0,2,10
wgd_spd_236_10,115.0,0.25,"[{""min"": 90, ""max"": 100, ""confidence"": 0.15}, {""min"": 100, ""max"": 110, ""confidence"": 0.2}, {""min"": 110, ""max"": 120, ""confidence"": 0.25}, {""min"": 120, ""max"": 130, ""confidence"": 0.2}, {""min"": 130, ""max"": 140, ""confidence"": 0.1}, {""min"": 80, ""max"": 90, ""confidence"": 0.05}, {""min"": 140, ""max"": 150, ""confidence"": 0.03}, {""min"": 70, ""max"": 80, ""confidence"": 0.01}, {""min"": 150, ""max"": 160, ""confidence"": 0.01}, {""min"": 160, ""max"": 170, ""confidence"": 0.01}]",,236.jpg,5,121.0,10,10
wgd_spd_236_20,120.0,0.3,"[{""min"": 100, ""max"": 120, ""confidence"": 0.25}, {""min"": 110, ""max"": 130, ""confidence"": 0.3}, {""min"": 120, ""max"": 140, ""confidence"": 0.2}, {""min"": 130, ""max"": 150, ""confidence"": 0.15}, {""min"": 140, ""max"": 160, ""confidence"": 0.1}]",,236.jpg,10,121.0,20,5
wgd_spd_236_40,120.0,0.5,"[{""min"": 100, ""max"": 140, ""confidence"": 0.5}, {""min"": 120, ""max"": 160, ""confidence"": 0.3}, {""min"": 140, ""max"": 180, ""confidence"": 0.2}]",,236.jpg,20,121.0,40,3
wgd_spd_237_02,141.0,0.12,"[{""min"": 140, ""max"": 142, ""confidence"": 0.12}, {""min"": 142, ""max"": 144, ""confidence"": 0.11}, {""min"": 144, ""max"": 146, ""confidence"": 0.1}, {""min"": 146, ""max"": 148, ""confidence"": 0.09}, {""min"": 148, ""max"": 150, ""confidence"": 0.08}, {""min"": 150, ""max"": 152, ""confidence"": 0.08}, {""min"": 152, ""max"": 154, ""confidence"": 0.07}, {""min"": 154, ""max"": 156, ""confidence"": 0.07}, {""min"": 156, ""max"": 158, ""confidence"": 0.06}, {""min"": 158, ""max"": 160, ""confidence"": 0.06}]",,237.jpg,1,174.0,2,10
wgd_spd_237_10,145.0,0.2,"[{""min"": 140, ""max"": 150, ""confidence"": 0.2}, {""min"": 150, ""max"": 160, ""confidence"": 0.18}, {""min"": 160, ""max"": 170, ""confidence"": 0.15}, {""min"": 130, ""max"": 140, ""confidence"": 0.12}, {""min"": 170, ""max"": 180, ""confidence"": 0.1}, {""min"": 120, ""max"": 130, ""confidence"": 0.08}, {""min"": 180, ""max"": 190, ""confidence"": 0.06}, {""min"": 110, ""max"": 120, ""confidence"": 0.05}, {""min"": 190, ""max"": 200, ""confidence"": 0.04}, {""min"": 200, ""max"": 210, ""confidence"": 0.02}]",,237.jpg,5,174.0,10,10
wgd_spd_237_20,160.0,0.3,"[{""min"": 140, ""max"": 160, ""confidence"": 0.25}, {""min"": 150, ""max"": 170, ""confidence"": 0.3}, {""min"": 160, ""max"": 180, ""confidence"": 0.2}, {""min"": 130, ""max"": 150, ""confidence"": 0.15}, {""min"": 170, ""max"": 190, ""confidence"": 0.1}]",,237.jpg,10,174.0,20,5
wgd_spd_237_40,160.0,0.5,"[{""min"": 140, ""max"": 180, ""confidence"": 0.5}, {""min"": 160, ""max"": 200, ""confidence"": 0.3}, {""min"": 120, ""max"": 160, ""confidence"": 0.2}]",,237.jpg,20,174.0,40,3
wgd_spd_238_02,141.0,0.12,"[{""min"": 140, ""max"": 142, ""confidence"": 0.12}, {""min"": 142, ""max"": 144, ""confidence"": 0.11}, {""min"": 144, ""max"": 146, ""confidence"": 0.1}, {""min"": 146, ""max"": 148, ""confidence"": 0.09}, {""min"": 148, ""max"": 150, ""confidence"": 0.08}, {""min"": 150, ""max"": 152, ""confidence"": 0.08}, {""min"": 152, ""max"": 154, ""confidence"": 0.07}, {""min"": 154, ""max"": 156, ""confidence"": 0.07}, {""min"": 156, ""max"": 158, ""confidence"": 0.06}, {""min"": 158, ""max"": 160, ""confidence"": 0.05}]",,238.jpg,1,185.0,2,10
wgd_spd_238_10,165.0,0.25,"[{""min"": 140, ""max"": 150, ""confidence"": 0.15}, {""min"": 150, ""max"": 160, ""confidence"": 0.2}, {""min"": 160, ""max"": 170, ""confidence"": 0.25}, {""min"": 170, ""max"": 180, ""confidence"": 0.2}, {""min"": 180, ""max"": 190, ""confidence"": 0.1}, {""min"": 130, ""max"": 140, ""confidence"": 0.05}, {""min"": 120, ""max"": 130, ""confidence"": 0.02}, {""min"": 190, ""max"": 200, ""confidence"": 0.02}, {""min"": 110, ""max"": 120, ""confidence"": 0.01}, {""min"": 200, ""max"": 210, ""confidence"": 0.01}]",,238.jpg,5,185.0,10,10
wgd_spd_238_20,160.0,0.3,"[{""min"": 140, ""max"": 160, ""confidence"": 0.25}, {""min"": 150, ""max"": 170, ""confidence"": 0.3}, {""min"": 160, ""max"": 180, ""confidence"": 0.2}, {""min"": 130, ""max"": 150, ""confidence"": 0.15}, {""min"": 170, ""max"": 190, ""confidence"": 0.1}]",,238.jpg,10,185.0,20,5
wgd_spd_238_40,160.0,0.6,"[{""min"": 140, ""max"": 180, ""confidence"": 0.6}, {""min"": 160, ""max"": 200, ""confidence"": 0.3}, {""min"": 120, ""max"": 160, ""confidence"": 0.1}]",,238.jpg,20,185.0,40,3
wgd_spd_239_02,111.0,0.15,"[{""min"": 110, ""max"": 112, ""confidence"": 0.15}, {""min"": 112, ""max"": 114, ""confidence"": 0.12}, {""min"": 108, ""max"": 110, ""confidence"": 0.1}, {""min"": 114, ""max"": 116, ""confidence"": 0.09}, {""min"": 106, ""max"": 108, ""confidence"": 0.08}, {""min"": 116, ""max"": 118, ""confidence"": 0.07}, {""min"": 104, ""max"": 106, ""confidence"": 0.06}, {""min"": 118, ""max"": 120, ""confidence"": 0.06}, {""min"": 102, ""max"": 104, ""confidence"": 0.05}, {""min"": 120, ""max"": 122, ""confidence"": 0.05}]",,239.jpg,1,121.0,2,10
wgd_spd_239_10,135.0,0.25,"[{""min"": 110, ""max"": 120, ""confidence"": 0.15}, {""min"": 120, ""max"": 130, ""confidence"": 0.2}, {""min"": 130, ""max"": 140, ""confidence"": 0.25}, {""min"": 140, ""max"": 150, ""confidence"": 0.2}, {""min"": 150, ""max"": 160, ""confidence"": 0.1}, {""min"": 100, ""max"": 110, ""confidence"": 0.05}, {""min"": 90, ""max"": 100, ""confidence"": 0.02}, {""min"": 160, ""max"": 170, ""confidence"": 0.02}, {""min"": 80, ""max"": 90, ""confidence"": 0.01}, {""min"": 170, ""max"": 180, ""confidence"": 0.01}]",,239.jpg,5,121.0,10,10
wgd_spd_239_20,130.0,0.3,"[{""min"": 110, ""max"": 130, ""confidence"": 0.25}, {""min"": 120, ""max"": 140, ""confidence"": 0.3}, {""min"": 130, ""max"": 150, ""confidence"": 0.2}, {""min"": 140, ""max"": 160, ""confidence"": 0.15}, {""min"": 150, ""max"": 170, ""confidence"": 0.1}]",,239.jpg,10,121.0,20,5
wgd_spd_239_40,130.0,0.6,"[{""min"": 110, ""max"": 150, ""confidence"": 0.6}, {""min"": 130, ""max"": 170, ""confidence"": 0.3}, {""min"": 90, ""max"": 130, ""confidence"": 0.1}]",,239.jpg,20,121.0,40,3
wgd_spd_240_02,161.0,0.14,"[{""min"": 160, ""max"": 162, ""confidence"": 0.14}, {""min"": 162, ""max"": 164, ""confidence"": 0.13}, {""min"": 158, ""max"": 160, ""confidence"": 0.12}, {""min"": 164, ""max"": 166, ""confidence"": 0.11}, {""min"": 156, ""max"": 158, ""confidence"": 0.1}, {""min"": 166, ""max"": 168, ""confidence"": 0.09}, {""min"": 154, ""max"": 156, ""confidence"": 0.08}, {""min"": 168, ""max"": 170, ""confidence"": 0.07}, {""min"": 152, ""max"": 154, ""confidence"": 0.06}, {""min"": 170, ""max"": 172, ""confidence"": 0.05}]",,240.jpg,1,215.0,2,10
wgd_spd_240_10,175.0,0.25,"[{""min"": 170, ""max"": 180, ""confidence"": 0.25}, {""min"": 160, ""max"": 170, ""confidence"": 0.2}, {""min"": 180, ""max"": 190, ""confidence"": 0.15}, {""min"": 150, ""max"": 160, ""confidence"": 0.12}, {""min"": 190, ""max"": 200, ""confidence"": 0.08}, {""min"": 140, ""max"": 150, ""confidence"": 0.05}, {""min"": 200, ""max"": 210, ""confidence"": 0.05}, {""min"": 210, ""max"": 220, ""confidence"": 0.03}, {""min"": 130, ""max"": 140, ""confidence"": 0.02}, {""min"": 220, ""max"": 230, ""confidence"": 0.02}]",,240.jpg,5,215.0,10,10
wgd_spd_240_20,170.0,0.25,"[{""min"": 160, ""max"": 180, ""confidence"": 0.25}, {""min"": 170, ""max"": 190, ""confidence"": 0.2}, {""min"": 150, ""max"": 170, ""confidence"": 0.2}, {""min"": 180, ""max"": 200, ""confidence"": 0.15}, {""min"": 140, ""max"": 160, ""confidence"": 0.1}]",,240.jpg,10,215.0,20,5
wgd_spd_240_40,180.0,0.5,"[{""min"": 160, ""max"": 200, ""confidence"": 0.5}, {""min"": 180, ""max"": 220, ""confidence"": 0.3}, {""min"": 140, ""max"": 180, ""confidence"": 0.2}]",,240.jpg,20,215.0,40,3
wgd_spd_241_02,171.0,0.12,"[{""min"": 170, ""max"": 172, ""confidence"": 0.12}, {""min"": 168, ""max"": 170, ""confidence"": 0.11}, {""min"": 172, ""max"": 174, ""confidence"": 0.1}, {""min"": 166, ""max"": 168, ""confidence"": 0.09}, {""min"": 174, ""max"": 176, ""confidence"": 0.08}, {""min"": 164, ""max"": 166, ""confidence"": 0.07}, {""min"": 176, ""max"": 178, ""confidence"": 0.07}, {""min"": 162, ""max"": 164, ""confidence"": 0.06}, {""min"": 178, ""max"": 180, ""confidence"": 0.05}, {""min"": 160, ""max"": 162, ""confidence"": 0.05}]",,241.jpg,1,154.0,2,10
wgd_spd_241_10,155.0,0.2,"[{""min"": 150, ""max"": 160, ""confidence"": 0.2}, {""min"": 160, ""max"": 170, ""confidence"": 0.15}, {""min"": 170, ""max"": 180, ""confidence"": 0.12}, {""min"": 180, ""max"": 190, ""confidence"": 0.1}, {""min"": 140, ""max"": 150, ""confidence"": 0.08}, {""min"": 190, ""max"": 200, ""confidence"": 0.07}, {""min"": 130, ""max"": 140, ""confidence"": 0.06}, {""min"": 200, ""max"": 210, ""confidence"": 0.05}, {""min"": 210, ""max"": 220, ""confidence"": 0.04}, {""min"": 120, ""max"": 130, ""confidence"": 0.03}]",,241.jpg,5,154.0,10,10
wgd_spd_241_20,190.0,0.3,"[{""min"": 160, ""max"": 180, ""confidence"": 0.25}, {""min"": 180, ""max"": 200, ""confidence"": 0.3}, {""min"": 140, ""max"": 160, ""confidence"": 0.2}, {""min"": 200, ""max"": 220, ""confidence"": 0.15}, {""min"": 120, ""max"": 140, ""confidence"": 0.1}]",,241.jpg,10,154.0,20,5
wgd_spd_241_40,180.0,0.5,"[{""min"": 160, ""max"": 200, ""confidence"": 0.5}, {""min"": 180, ""max"": 220, ""confidence"": 0.3}, {""min"": 140, ""max"": 180, ""confidence"": 0.2}]",,241.jpg,20,154.0,40,3
wgd_spd_242_02,151.0,0.12,"[{""min"": 150, ""max"": 152, ""confidence"": 0.12}, {""min"": 152, ""max"": 154, ""confidence"": 0.11}, {""min"": 148, ""max"": 150, ""confidence"": 0.1}, {""min"": 154, ""max"": 156, ""confidence"": 0.09}, {""min"": 146, ""max"": 148, ""confidence"": 0.08}, {""min"": 156, ""max"": 158, ""confidence"": 0.07}, {""min"": 144, ""max"": 146, ""confidence"": 0.06}, {""min"": 158, ""max"": 160, ""confidence"": 0.06}, {""min"": 142, ""max"": 144, ""confidence"": 0.05}, {""min"": 160, ""max"": 162, ""confidence"": 0.05}]",,242.jpg,1,175.0,2,10
wgd_spd_242_10,165.0,0.25,"[{""min"": 140, ""max"": 150, ""confidence"": 0.15}, {""min"": 150, ""max"": 160, ""confidence"": 0.2}, {""min"": 160, ""max"": 170, ""confidence"": 0.25}, {""min"": 170, ""max"": 180, ""confidence"": 0.2}, {""min"": 180, ""max"": 190, ""confidence"": 0.1}, {""min"": 145, ""max"": 155, ""confidence"": 0.05}, {""min"": 155, ""max"": 165, ""confidence"": 0.03}, {""min"": 165, ""max"": 175, ""confidence"": 0.01}, {""min"": 175, ""max"": 185, ""confidence"": 0.005}, {""min"": 185, ""max"": 195, ""confidence"": 0.005}]",,242.jpg,5,175.0,10,10
wgd_spd_242_20,170.0,0.3,"[{""min"": 150, ""max"": 170, ""confidence"": 0.25}, {""min"": 160, ""max"": 180, ""confidence"": 0.3}, {""min"": 170, ""max"": 190, ""confidence"": 0.2}, {""min"": 140, ""max"": 160, ""confidence"": 0.15}, {""min"": 180, ""max"": 200, ""confidence"": 0.1}]",,242.jpg,10,175.0,20,5
wgd_spd_242_40,160.0,0.6,"[{""min"": 140, ""max"": 180, ""confidence"": 0.6}, {""min"": 160, ""max"": 200, ""confidence"": 0.3}, {""min"": 120, ""max"": 160, ""confidence"": 0.1}]",,242.jpg,20,175.0,40,3
wgd_spd_243_02,153.0,0.12,"[{""min"": 152, ""max"": 154, ""confidence"": 0.12}, {""min"": 154, ""max"": 156, ""confidence"": 0.11}, {""min"": 150, ""max"": 152, ""confidence"": 0.1}, {""min"": 156, ""max"": 158, ""confidence"": 0.09}, {""min"": 148, ""max"": 150, ""confidence"": 0.08}, {""min"": 158, ""max"": 160, ""confidence"": 0.08}, {""min"": 160, ""max"": 162, ""confidence"": 0.07}, {""min"": 146, ""max"": 148, ""confidence"": 0.07}, {""min"": 162, ""max"": 164, ""confidence"": 0.06}, {""min"": 164, ""max"": 166, ""confidence"": 0.05}]",,243.jpg,1,161.0,2,10
wgd_spd_243_10,165.0,0.25,"[{""min"": 140, ""max"": 150, ""confidence"": 0.15}, {""min"": 150, ""max"": 160, ""confidence"": 0.2}, {""min"": 160, ""max"": 170, ""confidence"": 0.25}, {""min"": 170, ""max"": 180, ""confidence"": 0.2}, {""min"": 180, ""max"": 190, ""confidence"": 0.1}, {""min"": 130, ""max"": 140, ""confidence"": 0.05}, {""min"": 120, ""max"": 130, ""confidence"": 0.02}, {""min"": 190, ""max"": 200, ""confidence"": 0.02}, {""min"": 110, ""max"": 120, ""confidence"": 0.01}, {""min"": 200, ""max"": 210, ""confidence"": 0.01}]",,243.jpg,5,161.0,10,10
wgd_spd_243_20,150.0,0.25,"[{""min"": 140, ""max"": 160, ""confidence"": 0.25}, {""min"": 150, ""max"": 170, ""confidence"": 0.25}, {""min"": 160, ""max"": 180, ""confidence"": 0.2}, {""min"": 170, ""max"": 190, ""confidence"": 0.15}, {""min"": 180, ""max"": 200, ""confidence"": 0.15}]",,243.jpg,10,161.0,20,5
wgd_spd_243_40,160.0,0.45,"[{""min"": 140, ""max"": 180, ""confidence"": 0.45}, {""min"": 160, ""max"": 200, ""confidence"": 0.35}, {""min"": 120, ""max"": 160, ""confidence"": 0.2}]",,243.jpg,20,161.0,40,3
wgd_spd_244_02,121.0,0.11,"[{""min"": 120, ""max"": 122, ""confidence"": 0.11}, {""min"": 122, ""max"": 124, ""confidence"": 0.10}, {""min"": 118, ""max"": 120, ""confidence"": 0.09}, {""min"": 124, ""max"": 126, ""confidence"": 0.09}, {""min"": 126, ""max"": 128, ""confidence"": 0.08}, {""min"": 116, ""max"": 118, ""confidence"": 0.08}, {""min"": 128, ""max"": 130, ""confidence"": 0.07}, {""min"": 114, ""max"": 116, ""confidence"": 0.07}, {""min"": 130, ""max"": 132, ""confidence"": 0.06}, {""min"": 112, ""max"": 114, ""confidence"": 0.06}]",,244.jpg,1,165.0,2,10
wgd_spd_244_10,145.0,0.25,"[{""min"": 120, ""max"": 130, ""confidence"": 0.15}, {""min"": 130, ""max"": 140, ""confidence"": 0.20}, {""min"": 140, ""max"": 150, ""confidence"": 0.25}, {""min"": 150, ""max"": 160, ""confidence"": 0.20}, {""min"": 160, ""max"": 170, ""confidence"": 0.10}, {""min"": 110, ""max"": 120, ""confidence"": 0.05}, {""min"": 170, ""max"": 180, ""confidence"": 0.03}, {""min"": 180, ""max"": 190, ""confidence"": 0.01}, {""min"": 100, ""max"": 110, ""confidence"": 0.01}, {""min"": 190, ""max"": 200, ""confidence"": 0.005}]",,244.jpg,5,165.0,10,10
wgd_spd_244_20,150.0,0.3,"[{""min"": 120, ""max"": 140, ""confidence"": 0.25}, {""min"": 140, ""max"": 160, ""confidence"": 0.3}, {""min"": 100, ""max"": 120, ""confidence"": 0.2}, {""min"": 160, ""max"": 180, ""confidence"": 0.15}, {""min"": 80, ""max"": 100, ""confidence"": 0.1}]",,244.jpg,10,165.0,20,5
wgd_spd_244_40,140.0,0.5,"[{""min"": 120, ""max"": 160, ""confidence"": 0.5}, {""min"": 140, ""max"": 180, ""confidence"": 0.3}, {""min"": 100, ""max"": 140, ""confidence"": 0.2}]",,244.jpg,20,165.0,40,3
wgd_spd_245_02,151.0,0.1,"[{""min"": 150, ""max"": 152, ""confidence"": 0.1}, {""min"": 152, ""max"": 154, ""confidence"": 0.1}, {""min"": 154, ""max"": 156, ""confidence"": 0.1}, {""min"": 156, ""max"": 158, ""confidence"": 0.1}, {""min"": 158, ""max"": 160, ""confidence"": 0.1}, {""min"": 160, ""max"": 162, ""confidence"": 0.1}, {""min"": 162, ""max"": 164, ""confidence"": 0.1}, {""min"": 164, ""max"": 166, ""confidence"": 0.1}, {""min"": 166, ""max"": 168, ""confidence"": 0.1}, {""min"": 168, ""max"": 170, ""confidence"": 0.1}]",,245.jpg,1,173.0,2,10
wgd_spd_245_10,155.0,0.2,"[{""min"": 150, ""max"": 160, ""confidence"": 0.2}, {""min"": 160, ""max"": 170, ""confidence"": 0.15}, {""min"": 140, ""max"": 150, ""confidence"": 0.12}, {""min"": 170, ""max"": 180, ""confidence"": 0.1}, {""min"": 130, ""max"": 140, ""confidence"": 0.08}, {""min"": 180, ""max"": 190, ""confidence"": 0.07}, {""min"": 120, ""max"": 130, ""confidence"": 0.06}, {""min"": 190, ""max"": 200, ""confidence"": 0.05}, {""min"": 110, ""max"": 120, ""confidence"": 0.05}, {""min"": 200, ""max"": 210, ""confidence"": 0.02}]",,245.jpg,5,173.0,10,10
wgd_spd_245_20,160.0,0.3,"[{""min"": 140, ""max"": 160, ""confidence"": 0.25}, {""min"": 150, ""max"": 170, ""confidence"": 0.3}, {""min"": 160, ""max"": 180, ""confidence"": 0.2}, {""min"": 170, ""max"": 190, ""confidence"": 0.15}, {""min"": 180, ""max"": 200, ""confidence"": 0.1}]",,245.jpg,10,173.0,20,5
wgd_spd_245_40,180.0,0.5,"[{""min"": 160, ""max"": 200, ""confidence"": 0.5}, {""min"": 140, ""max"": 180, ""confidence"": 0.3}, {""min"": 180, ""max"": 220, ""confidence"": 0.2}]",,245.jpg,20,173.0,40,3
wgd_spd_246_02,111.0,0.15,"[{""min"": 110, ""max"": 112, ""confidence"": 0.15}, {""min"": 112, ""max"": 114, ""confidence"": 0.14}, {""min"": 108, ""max"": 110, ""confidence"": 0.13}, {""min"": 114, ""max"": 116, ""confidence"": 0.12}, {""min"": 106, ""max"": 108, ""confidence"": 0.11}, {""min"": 116, ""max"": 118, ""confidence"": 0.1}, {""min"": 104, ""max"": 106, ""confidence"": 0.08}, {""min"": 118, ""max"": 120, ""confidence"": 0.07}, {""min"": 102, ""max"": 104, ""confidence"": 0.06}, {""min"": 120, ""max"": 122, ""confidence"": 0.04}]",,246.jpg,1,121.0,2,10
wgd_spd_246_10,125.0,0.25,"[{""min"": 100, ""max"": 110, ""confidence"": 0.15}, {""min"": 110, ""max"": 120, ""confidence"": 0.2}, {""min"": 120, ""max"": 130, ""confidence"": 0.25}, {""min"": 130, ""max"": 140, ""confidence"": 0.2}, {""min"": 90, ""max"": 100, ""confidence"": 0.1}, {""min"": 140, ""max"": 150, ""confidence"": 0.05}, {""min"": 80, ""max"": 90, ""confidence"": 0.03}, {""min"": 150, ""max"": 160, ""confidence"": 0.01}, {""min"": 70, ""max"": 80, ""confidence"": 0.01}, {""min"": 160, ""max"": 170, ""confidence"": 0.01}]",,246.jpg,5,121.0,10,10
wgd_spd_246_20,130.0,0.35,"[{""min"": 100, ""max"": 120, ""confidence"": 0.25}, {""min"": 110, ""max"": 130, ""confidence"": 0.3}, {""min"": 120, ""max"": 140, ""confidence"": 0.35}, {""min"": 130, ""max"": 150, ""confidence"": 0.05}, {""min"": 90, ""max"": 110, ""confidence"": 0.05}]",,246.jpg,10,121.0,20,5
wgd_spd_246_40,120.0,0.45,"[{""min"": 100, ""max"": 140, ""confidence"": 0.45}, {""min"": 120, ""max"": 160, ""confidence"": 0.35}, {""min"": 80, ""max"": 120, ""confidence"": 0.2}]",,246.jpg,20,121.0,40,3
wgd_spd_247_02,121.0,0.12,"[{""min"": 120, ""max"": 122, ""confidence"": 0.12}, {""min"": 118, ""max"": 120, ""confidence"": 0.11}, {""min"": 122, ""max"": 124, ""confidence"": 0.1}, {""min"": 116, ""max"": 118, ""confidence"": 0.09}, {""min"": 124, ""max"": 126, ""confidence"": 0.08}, {""min"": 114, ""max"": 116, ""confidence"": 0.07}, {""min"": 126, ""max"": 128, ""confidence"": 0.07}, {""min"": 112, ""max"": 114, ""confidence"": 0.06}, {""min"": 128, ""max"": 130, ""confidence"": 0.05}, {""min"": 110, ""max"": 112, ""confidence"": 0.05}]",,247.jpg,1,161.0,2,10
wgd_spd_247_10,135.0,0.25,"[{""min"": 110, ""max"": 120, ""confidence"": 0.15}, {""min"": 120, ""max"": 130, ""confidence"": 0.2}, {""min"": 130, ""max"": 140, ""confidence"": 0.25}, {""min"": 140, ""max"": 150, ""confidence"": 0.2}, {""min"": 150, ""max"": 160, ""confidence"": 0.1}, {""min"": 100, ""max"": 110, ""confidence"": 0.05}, {""min"": 90, ""max"": 100, ""confidence"": 0.02}, {""min"": 160, ""max"": 170, ""confidence"": 0.02}, {""min"": 80, ""max"": 90, ""confidence"": 0.01}, {""min"": 170, ""max"": 180, ""confidence"": 0.01}]",,247.jpg,5,161.0,10,10
wgd_spd_247_20,130.0,0.3,"[{""min"": 110, ""max"": 130, ""confidence"": 0.25}, {""min"": 120, ""max"": 140, ""confidence"": 0.3}, {""min"": 130, ""max"": 150, ""confidence"": 0.2}, {""min"": 140, ""max"": 160, ""confidence"": 0.15}, {""min"": 150, ""max"": 170, ""confidence"": 0.1}]",,247.jpg,10,161.0,20,5
wgd_spd_247_40,140.0,0.5,"[{""min"": 120, ""max"": 160, ""confidence"": 0.5}, {""min"": 130, ""max"": 170, ""confidence"": 0.3}, {""min"": 110, ""max"": 150, ""confidence"": 0.2}]",,247.jpg,20,161.0,40,3
wgd_spd_248_02,121.0,0.15,"[{""min"": 120, ""max"": 122, ""confidence"": 0.15}, {""min"": 118, ""max"": 120, ""confidence"": 0.13}, {""min"": 122, ""max"": 124, ""confidence"": 0.12}, {""min"": 116, ""max"": 118, ""confidence"": 0.11}, {""min"": 124, ""max"": 126, ""confidence"": 0.1}, {""min"": 114, ""max"": 116, ""confidence"": 0.09}, {""min"": 126, ""max"": 128, ""confidence"": 0.08}, {""min"": 112, ""max"": 114, ""confidence"": 0.07}, {""min"": 128, ""max"": 130, ""confidence"": 0.06}, {""min"": 110, ""max"": 112, ""confidence"": 0.05}]",,248.jpg,1,125.0,2,10
wgd_spd_248_10,135.0,0.25,"[{""min"": 110, ""max"": 120, ""confidence"": 0.15}, {""min"": 120, ""max"": 130, ""confidence"": 0.2}, {""min"": 130, ""max"": 140, ""confidence"": 0.25}, {""min"": 140, ""max"": 150, ""confidence"": 0.2}, {""min"": 150, ""max"": 160, ""confidence"": 0.1}, {""min"": 100, ""max"": 110, ""confidence"": 0.05}, {""min"": 90, ""max"": 100, ""confidence"": 0.02}, {""min"": 160, ""max"": 170, ""confidence"": 0.02}, {""min"": 80, ""max"": 90, ""confidence"": 0.01}, {""min"": 170, ""max"": 180, ""confidence"": 0.01}]",,248.jpg,5,125.0,10,10
wgd_spd_248_20,130.0,0.25,"[{""min"": 120, ""max"": 140, ""confidence"": 0.25}, {""min"": 110, ""max"": 130, ""confidence"": 0.2}, {""min"": 130, ""max"": 150, ""confidence"": 0.2}, {""min"": 100, ""max"": 120, ""confidence"": 0.15}, {""min"": 140, ""max"": 160, ""confidence"": 0.1}]",,248.jpg,10,125.0,20,5
wgd_spd_248_40,140.0,0.5,"[{""min"": 120, ""max"": 160, ""confidence"": 0.5}, {""min"": 100, ""max"": 140, ""confidence"": 0.3}, {""min"": 140, ""max"": 180, ""confidence"": 0.2}]",,248.jpg,20,125.0,40,3
wgd_spd_249_02,101.0,0.12,"[{""min"": 100, ""max"": 102, ""confidence"": 0.12}, {""min"": 102, ""max"": 104, ""confidence"": 0.11}, {""min"": 98, ""max"": 100, ""confidence"": 0.1}, {""min"": 104, ""max"": 106, ""confidence"": 0.09}, {""min"": 106, ""max"": 108, ""confidence"": 0.08}, {""min"": 96, ""max"": 98, ""confidence"": 0.07}, {""min"": 108, ""max"": 110, ""confidence"": 0.07}, {""min"": 110, ""max"": 112, ""confidence"": 0.06}, {""min"": 94, ""max"": 96, ""confidence"": 0.05}, {""min"": 92, ""max"": 94, ""confidence"": 0.04}]",,249.jpg,1,142.0,2,10
wgd_spd_249_10,125.0,0.25,"[{""min"": 100, ""max"": 110, ""confidence"": 0.15}, {""min"": 110, ""max"": 120, ""confidence"": 0.2}, {""min"": 120, ""max"": 130, ""confidence"": 0.25}, {""min"": 130, ""max"": 140, ""confidence"": 0.2}, {""min"": 140, ""max"": 150, ""confidence"": 0.1}, {""min"": 90, ""max"": 100, ""confidence"": 0.05}, {""min"": 150, ""max"": 160, ""confidence"": 0.03}, {""min"": 80, ""max"": 90, ""confidence"": 0.01}, {""min"": 160, ""max"": 170, ""confidence"": 0.005}, {""min"": 170, ""max"": 180, ""confidence"": 0.005}]",,249.jpg,5,142.0,10,10
wgd_spd_249_20,120.0,0.3,"[{""min"": 100, ""max"": 120, ""confidence"": 0.25}, {""min"": 110, ""max"": 130, ""confidence"": 0.3}, {""min"": 120, ""max"": 140, ""confidence"": 0.2}, {""min"": 130, ""max"": 150, ""confidence"": 0.15}, {""min"": 140, ""max"": 160, ""confidence"": 0.1}]",,249.jpg,10,142.0,20,5
wgd_spd_249_40,120.0,0.5,"[{""min"": 100, ""max"": 140, ""confidence"": 0.5}, {""min"": 120, ""max"": 160, ""confidence"": 0.3}, {""min"": 80, ""max"": 120, ""confidence"": 0.2}]",,249.jpg,20,142.0,40,3
wgd_spd_250_02,141.0,0.1,"[{""min"": 140, ""max"": 142, ""confidence"": 0.1}, {""min"": 142, ""max"": 144, ""confidence"": 0.1}, {""min"": 144, ""max"": 146, ""confidence"": 0.1}, {""min"": 146, ""max"": 148, ""confidence"": 0.1}, {""min"": 148, ""max"": 150, ""confidence"": 0.1}, {""min"": 150, ""max"": 152, ""confidence"": 0.1}, {""min"": 152, ""max"": 154, ""confidence"": 0.1}, {""min"": 154, ""max"": 156, ""confidence"": 0.1}, {""min"": 156, ""max"": 158, ""confidence"": 0.1}, {""min"": 158, ""max"": 160, ""confidence"": 0.1}]",,250.jpg,1,175.0,2,10
wgd_spd_250_10,165.0,0.25,"[{""min"": 140, ""max"": 150, ""confidence"": 0.15}, {""min"": 150, ""max"": 160, ""confidence"": 0.2}, {""min"": 160, ""max"": 170, ""confidence"": 0.25}, {""min"": 170, ""max"": 180, ""confidence"": 0.2}, {""min"": 180, ""max"": 190, ""confidence"": 0.1}, {""min"": 130, ""max"": 140, ""confidence"": 0.05}, {""min"": 120, ""max"": 130, ""confidence"": 0.03}, {""min"": 190, ""max"": 200, ""confidence"": 0.01}, {""min"": 110, ""max"": 120, ""confidence"": 0.01}, {""min"": 200, ""max"": 210, ""confidence"": 0.0}]",,250.jpg,5,175.0,10,10
wgd_spd_250_20,160.0,0.3,"[{""min"": 140, ""max"": 160, ""confidence"": 0.25}, {""min"": 150, ""max"": 170, ""confidence"": 0.3}, {""min"": 160, ""max"": 180, ""confidence"": 0.25}, {""min"": 170, ""max"": 190, ""confidence"": 0.15}, {""min"": 180, ""max"": 200, ""confidence"": 0.05}]",,250.jpg,10,175.0,20,5
wgd_spd_250_40,160.0,0.5,"[{""min"": 140, ""max"": 180, ""confidence"": 0.5}, {""min"": 150, ""max"": 190, ""confidence"": 0.3}, {""min"": 160, ""max"": 200, ""confidence"": 0.2}]",,250.jpg,20,175.0,40,3
wgd_spd_251_02,141.0,0.15,"[{""min"": 140, ""max"": 142, ""confidence"": 0.15}, {""min"": 142, ""max"": 144, ""confidence"": 0.14}, {""min"": 144, ""max"": 146, ""confidence"": 0.13}, {""min"": 146, ""max"": 148, ""confidence"": 0.12}, {""min"": 148, ""max"": 150, ""confidence"": 0.11}, {""min"": 150, ""max"": 152, ""confidence"": 0.1}, {""min"": 152, ""max"": 154, ""confidence"": 0.09}, {""min"": 154, ""max"": 156, ""confidence"": 0.06}, {""min"": 156, ""max"": 158, ""confidence"": 0.05}, {""min"": 158, ""max"": 160, ""confidence"": 0.05}]",,251.jpg,1,178.0,2,10
wgd_spd_251_10,155.0,0.25,"[{""min"": 130, ""max"": 140, ""confidence"": 0.15}, {""min"": 140, ""max"": 150, ""confidence"": 0.2}, {""min"": 150, ""max"": 160, ""confidence"": 0.25}, {""min"": 160, ""max"": 170, ""confidence"": 0.2}, {""min"": 170, ""max"": 180, ""confidence"": 0.1}, {""min"": 120, ""max"": 130, ""confidence"": 0.05}, {""min"": 110, ""max"": 120, ""confidence"": 0.02}, {""min"": 180, ""max"": 190, ""confidence"": 0.01}, {""min"": 190, ""max"": 200, ""confidence"": 0.01}, {""min"": 100, ""max"": 110, ""confidence"": 0.01}]",,251.jpg,5,178.0,10,10
wgd_spd_251_20,150.0,0.35,"[{""min"": 130, ""max"": 150, ""confidence"": 0.25}, {""min"": 140, ""max"": 160, ""confidence"": 0.35}, {""min"": 150, ""max"": 170, ""confidence"": 0.2}, {""min"": 120, ""max"": 140, ""confidence"": 0.1}, {""min"": 160, ""max"": 180, ""confidence"": 0.1}]",,251.jpg,10,178.0,20,5
wgd_spd_251_40,150.0,0.6,"[{""min"": 130, ""max"": 170, ""confidence"": 0.6}, {""min"": 150, ""max"": 190, ""confidence"": 0.3}, {""min"": 110, ""max"": 150, ""confidence"": 0.1}]",,251.jpg,20,178.0,40,3
wgd_spd_252_02,141.0,0.15,"[{""min"": 140, ""max"": 142, ""confidence"": 0.15}, {""min"": 142, ""max"": 144, ""confidence"": 0.12}, {""min"": 138, ""max"": 140, ""confidence"": 0.11}, {""min"": 144, ""max"": 146, ""confidence"": 0.1}, {""min"": 146, ""max"": 148, ""confidence"": 0.09}, {""min"": 136, ""max"": 138, ""confidence"": 0.08}, {""min"": 148, ""max"": 150, ""confidence"": 0.07}, {""min"": 134, ""max"": 136, ""confidence"": 0.06}, {""min"": 150, ""max"": 152, ""confidence"": 0.05}, {""min"": 132, ""max"": 134, ""confidence"": 0.05}]",,252.jpg,1,147.0,2,10
wgd_spd_252_10,145.0,0.18,"[{""min"": 140, ""max"": 150, ""confidence"": 0.18}, {""min"": 145, ""max"": 155, ""confidence"": 0.17}, {""min"": 150, ""max"": 160, ""confidence"": 0.16}, {""min"": 155, ""max"": 165, ""confidence"": 0.15}, {""min"": 130, ""max"": 140, ""confidence"": 0.12}, {""min"": 135, ""max"": 145, ""confidence"": 0.11}, {""min"": 160, ""max"": 170, ""confidence"": 0.06}, {""min"": 125, ""max"": 135, ""confidence"": 0.03}, {""min"": 165, ""max"": 175, ""confidence"": 0.02}, {""min"": 120, ""max"": 130, ""confidence"": 0.0}]",,252.jpg,5,147.0,10,10
wgd_spd_252_20,160.0,0.3,"[{""min"": 140, ""max"": 160, ""confidence"": 0.25}, {""min"": 150, ""max"": 170, ""confidence"": 0.3}, {""min"": 160, ""max"": 180, ""confidence"": 0.2}, {""min"": 130, ""max"": 150, ""confidence"": 0.15}, {""min"": 170, ""max"": 190, ""confidence"": 0.1}]",,252.jpg,10,147.0,20,5
wgd_spd_252_40,160.0,0.5,"[{""min"": 140, ""max"": 180, ""confidence"": 0.5}, {""min"": 160, ""max"": 200, ""confidence"": 0.3}, {""min"": 120, ""max"": 160, ""confidence"": 0.2}]",,252.jpg,20,147.0,40,3
wgd_spd_253_02,111.0,0.15,"[{""min"": 110, ""max"": 112, ""confidence"": 0.15}, {""min"": 112, ""max"": 114, ""confidence"": 0.12}, {""min"": 108, ""max"": 110, ""confidence"": 0.1}, {""min"": 114, ""max"": 116, ""confidence"": 0.09}, {""min"": 106, ""max"": 108, ""confidence"": 0.08}, {""min"": 116, ""max"": 118, ""confidence"": 0.07}, {""min"": 104, ""max"": 106, ""confidence"": 0.06}, {""min"": 118, ""max"": 120, ""confidence"": 0.05}, {""min"": 102, ""max"": 104, ""confidence"": 0.04}, {""min"": 120, ""max"": 122, ""confidence"": 0.03}]",,253.jpg,1,133.0,2,10
wgd_spd_253_10,125.0,0.25,"[{""min"": 110, ""max"": 120, ""confidence"": 0.2}, {""min"": 120, ""max"": 130, ""confidence"": 0.25}, {""min"": 130, ""max"": 140, ""confidence"": 0.2}, {""min"": 140, ""max"": 150, ""confidence"": 0.15}, {""min"": 150, ""max"": 160, ""confidence"": 0.05}, {""min"": 100, ""max"": 110, ""confidence"": 0.05}, {""min"": 90, ""max"": 100, ""confidence"": 0.025}, {""min"": 80, ""max"": 90, ""confidence"": 0.025}, {""min"": 160, ""max"": 170, ""confidence"": 0.025}, {""min"": 170, ""max"": 180, ""confidence"": 0.025}]",,253.jpg,5,133.0,10,10
wgd_spd_253_20,130.0,0.3,"[{""min"": 110, ""max"": 130, ""confidence"": 0.25}, {""min"": 120, ""max"": 140, ""confidence"": 0.3}, {""min"": 130, ""max"": 150, ""confidence"": 0.2}, {""min"": 140, ""max"": 160, ""confidence"": 0.15}, {""min"": 150, ""max"": 170, ""confidence"": 0.1}]",,253.jpg,10,133.0,20,5
wgd_spd_253_40,140.0,0.5,"[{""min"": 120, ""max"": 160, ""confidence"": 0.5}, {""min"": 100, ""max"": 140, ""confidence"": 0.3}, {""min"": 140, ""max"": 180, ""confidence"": 0.2}]",,253.jpg,20,133.0,40,3
wgd_spd_254_02,147.0,0.14,"[{""min"": 140, ""max"": 142, ""confidence"": 0.1}, {""min"": 142, ""max"": 144, ""confidence"": 0.12}, {""min"": 144, ""max"": 146, ""confidence"": 0.13}, {""min"": 146, ""max"": 148, ""confidence"": 0.14}, {""min"": 148, ""max"": 150, ""confidence"": 0.12}, {""min"": 150, ""max"": 152, ""confidence"": 0.1}, {""min"": 152, ""max"": 154, ""confidence"": 0.08}, {""min"": 154, ""max"": 156, ""confidence"": 0.07}, {""min"": 156, ""max"": 158, ""confidence"": 0.06}, {""min"": 158, ""max"": 160, ""confidence"": 0.05}]",,254.jpg,1,140.0,2,10
wgd_spd_254_10,145.0,0.2,"[{""min"": 140, ""max"": 150, ""confidence"": 0.2}, {""min"": 150, ""max"": 160, ""confidence"": 0.15}, {""min"": 130, ""max"": 140, ""confidence"": 0.12}, {""min"": 160, ""max"": 170, ""confidence"": 0.1}, {""min"": 120, ""max"": 130, ""confidence"": 0.08}, {""min"": 170, ""max"": 180, ""confidence"": 0.08}, {""min"": 180, ""max"": 190, ""confidence"": 0.07}, {""min"": 110, ""max"": 120, ""confidence"": 0.06}, {""min"": 190, ""max"": 200, ""confidence"": 0.06}, {""min"": 200, ""max"": 210, ""confidence"": 0.05}]",,254.jpg,5,140.0,10,10
wgd_spd_254_20,160.0,0.3,"[{""min"": 140, ""max"": 160, ""confidence"": 0.25}, {""min"": 150, ""max"": 170, ""confidence"": 0.3}, {""min"": 160, ""max"": 180, ""confidence"": 0.2}, {""min"": 130, ""max"": 150, ""confidence"": 0.15}, {""min"": 170, ""max"": 190, ""confidence"": 0.1}]",,254.jpg,10,140.0,20,5
wgd_spd_254_40,160.0,0.5,"[{""min"": 140, ""max"": 180, ""confidence"": 0.5}, {""min"": 160, ""max"": 200, ""confidence"": 0.3}, {""min"": 120, ""max"": 160, ""confidence"": 0.2}]",,254.jpg,20,140.0,40,3
wgd_spd_255_02,121.0,0.1,"[{""min"": 120, ""max"": 122, ""confidence"": 0.1}, {""min"": 122, ""max"": 124, ""confidence"": 0.1}, {""min"": 124, ""max"": 126, ""confidence"": 0.1}, {""min"": 126, ""max"": 128, ""confidence"": 0.1}, {""min"": 128, ""max"": 130, ""confidence"": 0.1}, {""min"": 130, ""max"": 132, ""confidence"": 0.1}, {""min"": 132, ""max"": 134, ""confidence"": 0.1}, {""min"": 134, ""max"": 136, ""confidence"": 0.1}, {""min"": 136, ""max"": 138, ""confidence"": 0.1}, {""min"": 138, ""max"": 140, ""confidence"": 0.1}]",,255.jpg,1,170.0,2,10
wgd_spd_255_10,135.0,0.25,"[{""min"": 110, ""max"": 120, ""confidence"": 0.15}, {""min"": 120, ""max"": 130, ""confidence"": 0.2}, {""min"": 130, ""max"": 140, ""confidence"": 0.25}, {""min"": 140, ""max"": 150, ""confidence"": 0.2}, {""min"": 150, ""max"": 160, ""confidence"": 0.1}, {""min"": 100, ""max"": 110, ""confidence"": 0.05}, {""min"": 90, ""max"": 100, ""confidence"": 0.02}, {""min"": 160, ""max"": 170, ""confidence"": 0.01}, {""min"": 80, ""max"": 90, ""confidence"": 0.01}, {""min"": 170, ""max"": 180, ""confidence"": 0.01}]",,255.jpg,5,170.0,10,10
wgd_spd_255_20,130.0,0.3,"[{""min"": 110, ""max"": 130, ""confidence"": 0.25}, {""min"": 120, ""max"": 140, ""confidence"": 0.3}, {""min"": 130, ""max"": 150, ""confidence"": 0.2}, {""min"": 140, ""max"": 160, ""confidence"": 0.15}, {""min"": 150, ""max"": 170, ""confidence"": 0.1}]",,255.jpg,10,170.0,20,5
wgd_spd_255_40,140.0,0.5,"[{""min"": 120, ""max"": 160, ""confidence"": 0.5}, {""min"": 110, ""max"": 150, ""confidence"": 0.3}, {""min"": 130, ""max"": 170, ""confidence"": 0.2}]",,255.jpg,20,170.0,40,3
wgd_spd_256_02,141.0,0.12,"[{""min"": 140, ""max"": 142, ""confidence"": 0.12}, {""min"": 142, ""max"": 144, ""confidence"": 0.11}, {""min"": 144, ""max"": 146, ""confidence"": 0.1}, {""min"": 146, ""max"": 148, ""confidence"": 0.09}, {""min"": 148, ""max"": 150, ""confidence"": 0.08}, {""min"": 150, ""max"": 152, ""confidence"": 0.07}, {""min"": 152, ""max"": 154, ""confidence"": 0.06}, {""min"": 154, ""max"": 156, ""confidence"": 0.05}, {""min"": 138, ""max"": 140, ""confidence"": 0.05}, {""min"": 156, ""max"": 158, ""confidence"": 0.04}]",,256.jpg,1,183.0,2,10
wgd_spd_256_10,145.0,0.15,"[{""min"": 140, ""max"": 150, ""confidence"": 0.15}, {""min"": 145, ""max"": 155, ""confidence"": 0.14}, {""min"": 150, ""max"": 160, ""confidence"": 0.13}, {""min"": 155, ""max"": 165, ""confidence"": 0.12}, {""min"": 130, ""max"": 140, ""confidence"": 0.11}, {""min"": 135, ""max"": 145, ""confidence"": 0.10}, {""min"": 160, ""max"": 170, ""confidence"": 0.09}, {""min"": 125, ""max"": 135, ""confidence"": 0.06}, {""min"": 165, ""max"": 175, ""confidence"": 0.05}, {""min"": 120, ""max"": 130, ""confidence"": 0.05}]",,256.jpg,5,183.0,10,10
wgd_spd_256_20,150.0,0.35,"[{""min"": 140, ""max"": 160, ""confidence"": 0.35}, {""min"": 160, ""max"": 180, ""confidence"": 0.25}, {""min"": 120, ""max"": 140, ""confidence"": 0.2}, {""min"": 180, ""max"": 200, ""confidence"": 0.1}, {""min"": 100, ""max"": 120, ""confidence"": 0.1}]",,256.jpg,10,183.0,20,5
wgd_spd_256_40,160.0,0.5,"[{""min"": 140, ""max"": 180, ""confidence"": 0.5}, {""min"": 160, ""max"": 200, ""confidence"": 0.3}, {""min"": 120, ""max"": 160, ""confidence"": 0.2}]",,256.jpg,20,183.0,40,3
wgd_spd_257_02,155.0,0.12,"[{""min"": 154, ""max"": 156, ""confidence"": 0.12}, {""min"": 156, ""max"": 158, ""confidence"": 0.11}, {""min"": 158, ""max"": 160, ""confidence"": 0.1}, {""min"": 160, ""max"": 162, ""confidence"": 0.09}, {""min"": 162, ""max"": 164, ""confidence"": 0.08}, {""min"": 164, ""max"": 166, ""confidence"": 0.08}, {""min"": 166, ""max"": 168, ""confidence"": 0.07}, {""min"": 168, ""max"": 170, ""confidence"": 0.07}, {""min"": 152, ""max"": 154, ""confidence"": 0.07}, {""min"": 150, ""max"": 152, ""confidence"": 0.06}]",,257.jpg,1,145.0,2,10
wgd_spd_257_10,165.0,0.2,"[{""min"": 160, ""max"": 170, ""confidence"": 0.2}, {""min"": 150, ""max"": 160, ""confidence"": 0.15}, {""min"": 170, ""max"": 180, ""confidence"": 0.15}, {""min"": 140, ""max"": 150, ""confidence"": 0.1}, {""min"": 180, ""max"": 190, ""confidence"": 0.1}, {""min"": 130, ""max"": 140, ""confidence"": 0.08}, {""min"": 190, ""max"": 200, ""confidence"": 0.07}, {""min"": 120, ""max"": 130, ""confidence"": 0.05}, {""min"": 200, ""max"": 210, ""confidence"": 0.05}, {""min"": 210, ""max"": 220, ""confidence"": 0.05}]",,257.jpg,5,145.0,10,10
wgd_spd_257_20,170.0,0.25,"[{""min"": 160, ""max"": 180, ""confidence"": 0.25}, {""min"": 170, ""max"": 190, ""confidence"": 0.2}, {""min"": 150, ""max"": 170, ""confidence"": 0.2}, {""min"": 180, ""max"": 200, ""confidence"": 0.15}, {""min"": 140, ""max"": 160, ""confidence"": 0.1}]",,257.jpg,10,145.0,20,5
wgd_spd_257_40,160.0,0.6,"[{""min"": 140, ""max"": 180, ""confidence"": 0.6}, {""min"": 160, ""max"": 200, ""confidence"": 0.3}, {""min"": 180, ""max"": 220, ""confidence"": 0.1}]",,257.jpg,20,145.0,40,3
wgd_spd_258_02,141.0,0.12,"[{""min"": 140, ""max"": 142, ""confidence"": 0.12}, {""min"": 142, ""max"": 144, ""confidence"": 0.11}, {""min"": 138, ""max"": 140, ""confidence"": 0.1}, {""min"": 144, ""max"": 146, ""confidence"": 0.1}, {""min"": 136, ""max"": 138, ""confidence"": 0.09}, {""min"": 146, ""max"": 148, ""confidence"": 0.09}, {""min"": 134, ""max"": 136, ""confidence"": 0.08}, {""min"": 148, ""max"": 150, ""confidence"": 0.08}, {""min"": 132, ""max"": 134, ""confidence"": 0.07}, {""min"": 150, ""max"": 152, ""confidence"": 0.07}]",,258.jpg,1,182.0,2,10
wgd_spd_258_10,165.0,0.2,"[{""min"": 130, ""max"": 140, ""confidence"": 0.12}, {""min"": 140, ""max"": 150, ""confidence"": 0.15}, {""min"": 150, ""max"": 160, ""confidence"": 0.17}, {""min"": 160, ""max"": 170, ""confidence"": 0.20}, {""min"": 170, ""max"": 180, ""confidence"": 0.18}, {""min"": 180, ""max"": 190, ""confidence"": 0.10}, {""min"": 135, ""max"": 145, ""confidence"": 0.05}, {""min"": 145, ""max"": 155, ""confidence"": 0.08}, {""min"": 155, ""max"": 165, ""confidence"": 0.07}, {""min"": 165, ""max"": 175, ""confidence"": 0.05}]",,258.jpg,5,182.0,10,10
wgd_spd_258_20,160.0,0.3,"[{""min"": 140, ""max"": 160, ""confidence"": 0.25}, {""min"": 150, ""max"": 170, ""confidence"": 0.3}, {""min"": 160, ""max"": 180, ""confidence"": 0.2}, {""min"": 170, ""max"": 190, ""confidence"": 0.15}, {""min"": 180, ""max"": 200, ""confidence"": 0.1}]",,258.jpg,10,182.0,20,5
wgd_spd_258_40,160.0,0.5,"[{""min"": 140, ""max"": 180, ""confidence"": 0.5}, {""min"": 160, ""max"": 200, ""confidence"": 0.3}, {""min"": 120, ""max"": 160, ""confidence"": 0.2}]",,258.jpg,20,182.0,40,3
wgd_spd_259_02,141.0,0.12,"[{""min"": 140, ""max"": 142, ""confidence"": 0.12}, {""min"": 142, ""max"": 144, ""confidence"": 0.11}, {""min"": 144, ""max"": 146, ""confidence"": 0.1}, {""min"": 146, ""max"": 148, ""confidence"": 0.09}, {""min"": 148, ""max"": 150, ""confidence"": 0.08}, {""min"": 150, ""max"": 152, ""confidence"": 0.08}, {""min"": 152, ""max"": 154, ""confidence"": 0.07}, {""min"": 154, ""max"": 156, ""confidence"": 0.07}, {""min"": 156, ""max"": 158, ""confidence"": 0.06}, {""min"": 158, ""max"": 160, ""confidence"": 0.06}]",,259.jpg,1,120.0,2,10
wgd_spd_259_10,165.0,0.25,"[{""min"": 140, ""max"": 150, ""confidence"": 0.15}, {""min"": 150, ""max"": 160, ""confidence"": 0.2}, {""min"": 160, ""max"": 170, ""confidence"": 0.25}, {""min"": 170, ""max"": 180, ""confidence"": 0.2}, {""min"": 180, ""max"": 190, ""confidence"": 0.1}, {""min"": 130, ""max"": 140, ""confidence"": 0.05}, {""min"": 190, ""max"": 200, ""confidence"": 0.03}, {""min"": 120, ""max"": 130, ""confidence"": 0.01}, {""min"": 200, ""max"": 210, ""confidence"": 0.01}, {""min"": 210, ""max"": 220, ""confidence"": 0.01}]",,259.jpg,5,120.0,10,10
wgd_spd_259_20,150.0,0.3,"[{""min"": 140, ""max"": 160, ""confidence"": 0.3}, {""min"": 160, ""max"": 180, ""confidence"": 0.25}, {""min"": 120, ""max"": 140, ""confidence"": 0.2}, {""min"": 180, ""max"": 200, ""confidence"": 0.15}, {""min"": 100, ""max"": 120, ""confidence"": 0.1}]",,259.jpg,10,120.0,20,5
wgd_spd_259_40,160.0,0.6,"[{""min"": 140, ""max"": 180, ""confidence"": 0.6}, {""min"": 160, ""max"": 200, ""confidence"": 0.3}, {""min"": 120, ""max"": 160, ""confidence"": 0.1}]",,259.jpg,20,120.0,40,3
wgd_spd_260_02,155.0,0.13,"[{""min"": 154, ""max"": 156, ""confidence"": 0.13}, {""min"": 156, ""max"": 158, ""confidence"": 0.12}, {""min"": 152, ""max"": 154, ""confidence"": 0.11}, {""min"": 158, ""max"": 160, ""confidence"": 0.1}, {""min"": 150, ""max"": 152, ""confidence"": 0.09}, {""min"": 160, ""max"": 162, ""confidence"": 0.08}, {""min"": 148, ""max"": 150, ""confidence"": 0.07}, {""min"": 162, ""max"": 164, ""confidence"": 0.07}, {""min"": 146, ""max"": 148, ""confidence"": 0.06}, {""min"": 164, ""max"": 166, ""confidence"": 0.05}]",,260.jpg,1,163.0,2,10
wgd_spd_260_10,165.0,0.15,"[{""min"": 160, ""max"": 170, ""confidence"": 0.15}, {""min"": 170, ""max"": 180, ""confidence"": 0.14}, {""min"": 180, ""max"": 190, ""confidence"": 0.13}, {""min"": 150, ""max"": 160, ""confidence"": 0.12}, {""min"": 190, ""max"": 200, ""confidence"": 0.11}, {""min"": 140, ""max"": 150, ""confidence"": 0.09}, {""min"": 200, ""max"": 210, ""confidence"": 0.08}, {""min"": 210, ""max"": 220, ""confidence"": 0.07}, {""min"": 130, ""max"": 140, ""confidence"": 0.06}, {""min"": 220, ""max"": 230, ""confidence"": 0.05}]",,260.jpg,5,163.0,10,10
wgd_spd_260_20,170.0,0.25,"[{""min"": 160, ""max"": 180, ""confidence"": 0.25}, {""min"": 180, ""max"": 200, ""confidence"": 0.2}, {""min"": 140, ""max"": 160, ""confidence"": 0.2}, {""min"": 170, ""max"": 190, ""confidence"": 0.18}, {""min"": 150, ""max"": 170, ""confidence"": 0.17}]",,260.jpg,10,163.0,20,5
wgd_spd_260_40,180.0,0.5,"[{""min"": 160, ""max"": 200, ""confidence"": 0.5}, {""min"": 140, ""max"": 180, ""confidence"": 0.3}, {""min"": 180, ""max"": 220, ""confidence"": 0.2}]",,260.jpg,20,163.0,40,3
wgd_spd_261_02,141.0,0.12,"[{""min"": 140, ""max"": 142, ""confidence"": 0.12}, {""min"": 142, ""max"": 144, ""confidence"": 0.11}, {""min"": 144, ""max"": 146, ""confidence"": 0.1}, {""min"": 138, ""max"": 140, ""confidence"": 0.09}, {""min"": 146, ""max"": 148, ""confidence"": 0.09}, {""min"": 148, ""max"": 150, ""confidence"": 0.08}, {""min"": 136, ""max"": 138, ""confidence"": 0.07}, {""min"": 150, ""max"": 152, ""confidence"": 0.07}, {""min"": 134, ""max"": 136, ""confidence"": 0.06}, {""min"": 152, ""max"": 154, ""confidence"": 0.05}]",,261.jpg,1,155.0,2,10
wgd_spd_261_10,145.0,0.2,"[{""min"": 140, ""max"": 150, ""confidence"": 0.2}, {""min"": 150, ""max"": 160, ""confidence"": 0.18}, {""min"": 130, ""max"": 140, ""confidence"": 0.15}, {""min"": 160, ""max"": 170, ""confidence"": 0.12}, {""min"": 120, ""max"": 130, ""confidence"": 0.1}, {""min"": 170, ""max"": 180, ""confidence"": 0.08}, {""min"": 110, ""max"": 120, ""confidence"": 0.05}, {""min"": 180, ""max"": 190, ""confidence"": 0.05}, {""min"": 100, ""max"": 110, ""confidence"": 0.03}, {""min"": 190, ""max"": 200, ""confidence"": 0.04}]",,261.jpg,5,155.0,10,10
wgd_spd_261_20,160.0,0.3,"[{""min"": 140, ""max"": 160, ""confidence"": 0.25}, {""min"": 150, ""max"": 170, ""confidence"": 0.3}, {""min"": 160, ""max"": 180, ""confidence"": 0.25}, {""min"": 170, ""max"": 190, ""confidence"": 0.15}, {""min"": 180, ""max"": 200, ""confidence"": 0.05}]",,261.jpg,10,155.0,20,5
wgd_spd_261_40,160.0,0.6,"[{""min"": 140, ""max"": 180, ""confidence"": 0.6}, {""min"": 160, ""max"": 200, ""confidence"": 0.3}, {""min"": 120, ""max"": 160, ""confidence"": 0.1}]",,261.jpg,20,155.0,40,3
wgd_spd_262_02,111.0,0.15,"[{""min"": 110, ""max"": 112, ""confidence"": 0.15}, {""min"": 112, ""max"": 114, ""confidence"": 0.13}, {""min"": 108, ""max"": 110, ""confidence"": 0.12}, {""min"": 114, ""max"": 116, ""confidence"": 0.1}, {""min"": 106, ""max"": 108, ""confidence"": 0.09}, {""min"": 116, ""max"": 118, ""confidence"": 0.08}, {""min"": 104, ""max"": 106, ""confidence"": 0.07}, {""min"": 118, ""max"": 120, ""confidence"": 0.07}, {""min"": 120, ""max"": 122, ""confidence"": 0.06}, {""min"": 122, ""max"": 124, ""confidence"": 0.05}]",,262.jpg,1,131.0,2,10
wgd_spd_262_10,125.0,0.2,"[{""min"": 120, ""max"": 130, ""confidence"": 0.2}, {""min"": 130, ""max"": 140, ""confidence"": 0.15}, {""min"": 110, ""max"": 120, ""confidence"": 0.12}, {""min"": 140, ""max"": 150, ""confidence"": 0.1}, {""min"": 150, ""max"": 160, ""confidence"": 0.08}, {""min"": 100, ""max"": 110, ""confidence"": 0.07}, {""min"": 160, ""max"": 170, ""confidence"": 0.06}, {""min"": 90, ""max"": 100, ""confidence"": 0.05}, {""min"": 170, ""max"": 180, ""confidence"": 0.04}, {""min"": 180, ""max"": 190, ""confidence"": 0.03}]",,262.jpg,5,131.0,10,10
wgd_spd_262_20,150.0,0.3,"[{""min"": 120, ""max"": 140, ""confidence"": 0.25}, {""min"": 140, ""max"": 160, ""confidence"": 0.3}, {""min"": 100, ""max"": 120, ""confidence"": 0.2}, {""min"": 160, ""max"": 180, ""confidence"": 0.15}, {""min"": 80, ""max"": 100, ""confidence"": 0.1}]",,262.jpg,10,131.0,20,5
wgd_spd_262_40,140.0,0.5,"[{""min"": 120, ""max"": 160, ""confidence"": 0.5}, {""min"": 140, ""max"": 180, ""confidence"": 0.3}, {""min"": 100, ""max"": 140, ""confidence"": 0.2}]",,262.jpg,20,131.0,40,3
wgd_spd_263_02,171.0,0.12,"[{""min"": 170, ""max"": 172, ""confidence"": 0.12}, {""min"": 172, ""max"": 174, ""confidence"": 0.11}, {""min"": 168, ""max"": 170, ""confidence"": 0.1}, {""min"": 174, ""max"": 176, ""confidence"": 0.09}, {""min"": 166, ""max"": 168, ""confidence"": 0.08}, {""min"": 176, ""max"": 178, ""confidence"": 0.07}, {""min"": 164, ""max"": 166, ""confidence"": 0.06}, {""min"": 178, ""max"": 180, ""confidence"": 0.06}, {""min"": 162, ""max"": 164, ""confidence"": 0.05}, {""min"": 180, ""max"": 182, ""confidence"": 0.05}]",,263.jpg,1,215.0,2,10
wgd_spd_263_10,175.0,0.15,"[{""min"": 170, ""max"": 180, ""confidence"": 0.15}, {""min"": 180, ""max"": 190, ""confidence"": 0.14}, {""min"": 160, ""max"": 170, ""confidence"": 0.13}, {""min"": 190, ""max"": 200, ""confidence"": 0.12}, {""min"": 150, ""max"": 160, ""confidence"": 0.11}, {""min"": 200, ""max"": 210, ""confidence"": 0.1}, {""min"": 140, ""max"": 150, ""confidence"": 0.08}, {""min"": 210, ""max"": 220, ""confidence"": 0.06}, {""min"": 130, ""max"": 140, ""confidence"": 0.05}, {""min"": 220, ""max"": 230, ""confidence"": 0.04}]",,263.jpg,5,215.0,10,10
wgd_spd_263_20,170.0,0.35,"[{""min"": 160, ""max"": 180, ""confidence"": 0.35}, {""min"": 180, ""max"": 200, ""confidence"": 0.28}, {""min"": 140, ""max"": 160, ""confidence"": 0.2}, {""min"": 200, ""max"": 220, ""confidence"": 0.1}, {""min"": 120, ""max"": 140, ""confidence"": 0.07}]",,263.jpg,10,215.0,20,5
wgd_spd_263_40,190.0,0.45,"[{""min"": 170, ""max"": 210, ""confidence"": 0.45}, {""min"": 190, ""max"": 230, ""confidence"": 0.35}, {""min"": 150, ""max"": 190, ""confidence"": 0.2}]",,263.jpg,20,215.0,40,3
wgd_spd_264_02,157.0,0.2,"[{""min"": 150, ""max"": 152, ""confidence"": 0.05}, {""min"": 152, ""max"": 154, ""confidence"": 0.1}, {""min"": 154, ""max"": 156, ""confidence"": 0.15}, {""min"": 156, ""max"": 158, ""confidence"": 0.2}, {""min"": 158, ""max"": 160, ""confidence"": 0.2}, {""min"": 160, ""max"": 162, ""confidence"": 0.15}, {""min"": 162, ""max"": 164, ""confidence"": 0.1}, {""min"": 164, ""max"": 166, ""confidence"": 0.03}, {""min"": 166, ""max"": 168, ""confidence"": 0.01}, {""min"": 168, ""max"": 170, ""confidence"": 0.01}]",,264.jpg,1,380.0,2,10
wgd_spd_264_10,155.0,0.15,"[{""min"": 150, ""max"": 160, ""confidence"": 0.15}, {""min"": 160, ""max"": 170, ""confidence"": 0.14}, {""min"": 170, ""max"": 180, ""confidence"": 0.13}, {""min"": 180, ""max"": 190, ""confidence"": 0.12}, {""min"": 140, ""max"": 150, ""confidence"": 0.11}, {""min"": 190, ""max"": 200, ""confidence"": 0.10}, {""min"": 130, ""max"": 140, ""confidence"": 0.09}, {""min"": 200, ""max"": 210, ""confidence"": 0.08}, {""min"": 210, ""max"": 220, ""confidence"": 0.05}, {""min"": 120, ""max"": 130, ""confidence"": 0.03}]",,264.jpg,5,380.0,10,10
wgd_spd_264_20,160.0,0.25,"[{""min"": 150, ""max"": 170, ""confidence"": 0.25}, {""min"": 170, ""max"": 190, ""confidence"": 0.25}, {""min"": 190, ""max"": 210, ""confidence"": 0.2}, {""min"": 210, ""max"": 230, ""confidence"": 0.15}, {""min"": 230, ""max"": 250, ""confidence"": 0.15}]",,264.jpg,10,380.0,20,5
wgd_spd_264_40,160.0,0.5,"[{""min"": 140, ""max"": 180, ""confidence"": 0.5}, {""min"": 160, ""max"": 200, ""confidence"": 0.3}, {""min"": 180, ""max"": 220, ""confidence"": 0.2}]",,264.jpg,20,380.0,40,3
wgd_spd_265_02,121.0,0.15,"[{""min"": 120, ""max"": 122, ""confidence"": 0.15}, {""min"": 118, ""max"": 120, ""confidence"": 0.13}, {""min"": 122, ""max"": 124, ""confidence"": 0.12}, {""min"": 116, ""max"": 118, ""confidence"": 0.11}, {""min"": 124, ""max"": 126, ""confidence"": 0.10}, {""min"": 114, ""max"": 116, ""confidence"": 0.09}, {""min"": 126, ""max"": 128, ""confidence"": 0.08}, {""min"": 112, ""max"": 114, ""confidence"": 0.07}, {""min"": 128, ""max"": 130, ""confidence"": 0.06}, {""min"": 110, ""max"": 112, ""confidence"": 0.05}]",,265.jpg,1,155.0,2,10
wgd_spd_265_10,125.0,0.25,"[{""min"": 110, ""max"": 120, ""confidence"": 0.2}, {""min"": 120, ""max"": 130, ""confidence"": 0.25}, {""min"": 130, ""max"": 140, ""confidence"": 0.2}, {""min"": 100, ""max"": 110, ""confidence"": 0.1}, {""min"": 140, ""max"": 150, ""confidence"": 0.1}, {""min"": 90, ""max"": 100, ""confidence"": 0.05}, {""min"": 150, ""max"": 160, ""confidence"": 0.05}, {""min"": 80, ""max"": 90, ""confidence"": 0.025}, {""min"": 160, ""max"": 170, ""confidence"": 0.025}, {""min"": 170, ""max"": 180, ""confidence"": 0.0}]",,265.jpg,5,155.0,10,10
wgd_spd_265_20,130.0,0.25,"[{""min"": 120, ""max"": 140, ""confidence"": 0.25}, {""min"": 110, ""max"": 130, ""confidence"": 0.2}, {""min"": 130, ""max"": 150, ""confidence"": 0.2}, {""min"": 140, ""max"": 160, ""confidence"": 0.15}, {""min"": 100, ""max"": 120, ""confidence"": 0.1}]",,265.jpg,10,155.0,20,5
wgd_spd_265_40,130.0,0.4,"[{""min"": 110, ""max"": 150, ""confidence"": 0.4}, {""min"": 130, ""max"": 170, ""confidence"": 0.3}, {""min"": 90, ""max"": 130, ""confidence"": 0.3}]",,265.jpg,20,155.0,40,3
wgd_spd_266_02,111.0,0.15,"[{""min"": 110, ""max"": 112, ""confidence"": 0.15}, {""min"": 112, ""max"": 114, ""confidence"": 0.12}, {""min"": 108, ""max"": 110, ""confidence"": 0.1}, {""min"": 114, ""max"": 116, ""confidence"": 0.1}, {""min"": 106, ""max"": 108, ""confidence"": 0.09}, {""min"": 116, ""max"": 118, ""confidence"": 0.08}, {""min"": 104, ""max"": 106, ""confidence"": 0.07}, {""min"": 118, ""max"": 120, ""confidence"": 0.07}, {""min"": 120, ""max"": 122, ""confidence"": 0.06}, {""min"": 122, ""max"": 124, ""confidence"": 0.05}]",,266.jpg,1,200.0,2,10
wgd_spd_266_10,145.0,0.25,"[{""min"": 120, ""max"": 130, ""confidence"": 0.15}, {""min"": 130, ""max"": 140, ""confidence"": 0.2}, {""min"": 140, ""max"": 150, ""confidence"": 0.25}, {""min"": 150, ""max"": 160, ""confidence"": 0.2}, {""min"": 160, ""max"": 170, ""confidence"": 0.1}, {""min"": 110, ""max"": 120, ""confidence"": 0.05}, {""min"": 170, ""max"": 180, ""confidence"": 0.03}, {""min"": 180, ""max"": 190, ""confidence"": 0.01}, {""min"": 100, ""max"": 110, ""confidence"": 0.01}, {""min"": 190, ""max"": 200, ""confidence"": 0.01}]",,266.jpg,5,200.0,10,10
wgd_spd_266_20,140.0,0.3,"[{""min"": 120, ""max"": 140, ""confidence"": 0.25}, {""min"": 130, ""max"": 150, ""confidence"": 0.3}, {""min"": 140, ""max"": 160, ""confidence"": 0.2}, {""min"": 110, ""max"": 130, ""confidence"": 0.15}, {""min"": 150, ""max"": 170, ""confidence"": 0.1}]",,266.jpg,10,200.0,20,5
wgd_spd_266_40,140.0,0.5,"[{""min"": 120, ""max"": 160, ""confidence"": 0.5}, {""min"": 110, ""max"": 150, ""confidence"": 0.3}, {""min"": 130, ""max"": 170, ""confidence"": 0.2}]",,266.jpg,20,200.0,40,3
wgd_spd_267_02,161.0,0.12,"[{""min"": 160, ""max"": 162, ""confidence"": 0.12}, {""min"": 158, ""max"": 160, ""confidence"": 0.11}, {""min"": 162, ""max"": 164, ""confidence"": 0.1}, {""min"": 156, ""max"": 158, ""confidence"": 0.09}, {""min"": 164, ""max"": 166, ""confidence"": 0.08}, {""min"": 154, ""max"": 156, ""confidence"": 0.07}, {""min"": 166, ""max"": 168, ""confidence"": 0.07}, {""min"": 152, ""max"": 154, ""confidence"": 0.06}, {""min"": 168, ""max"": 170, ""confidence"": 0.05}, {""min"": 170, ""max"": 172, ""confidence"": 0.05}]",,267.jpg,1,195.0,2,10
wgd_spd_267_10,155.0,0.15,"[{""min"": 150, ""max"": 160, ""confidence"": 0.15}, {""min"": 140, ""max"": 150, ""confidence"": 0.14}, {""min"": 160, ""max"": 170, ""confidence"": 0.13}, {""min"": 170, ""max"": 180, ""confidence"": 0.12}, {""min"": 130, ""max"": 140, ""confidence"": 0.11}, {""min"": 180, ""max"": 190, ""confidence"": 0.10}, {""min"": 190, ""max"": 200, ""confidence"": 0.08}, {""min"": 120, ""max"": 130, ""confidence"": 0.07}, {""min"": 200, ""max"": 210, ""confidence"": 0.06}, {""min"": 210, ""max"": 220, ""confidence"": 0.04}]",,267.jpg,5,195.0,10,10
wgd_spd_267_20,170.0,0.3,"[{""min"": 150, ""max"": 170, ""confidence"": 0.25}, {""min"": 160, ""max"": 180, ""confidence"": 0.3}, {""min"": 170, ""max"": 190, ""confidence"": 0.2}, {""min"": 180, ""max"": 200, ""confidence"": 0.15}, {""min"": 190, ""max"": 210, ""confidence"": 0.1}]",,267.jpg,10,195.0,20,5
wgd_spd_267_40,180.0,0.6,"[{""min"": 160, ""max"": 200, ""confidence"": 0.6}, {""min"": 140, ""max"": 180, ""confidence"": 0.3}, {""min"": 180, ""max"": 220, ""confidence"": 0.1}]",,267.jpg,20,195.0,40,3
wgd_spd_268_02,151.0,0.12,"[{""min"": 150, ""max"": 152, ""confidence"": 0.12}, {""min"": 152, ""max"": 154, ""confidence"": 0.11}, {""min"": 154, ""max"": 156, ""confidence"": 0.1}, {""min"": 156, ""max"": 158, ""confidence"": 0.09}, {""min"": 148, ""max"": 150, ""confidence"": 0.09}, {""min"": 158, ""max"": 160, ""confidence"": 0.08}, {""min"": 160, ""max"": 162, ""confidence"": 0.07}, {""min"": 146, ""max"": 148, ""confidence"": 0.07}, {""min"": 162, ""max"": 164, ""confidence"": 0.06}, {""min"": 144, ""max"": 146, ""confidence"": 0.05}]",,268.jpg,1,205.0,2,10
wgd_spd_268_10,155.0,0.2,"[{""min"": 150, ""max"": 160, ""confidence"": 0.2}, {""min"": 160, ""max"": 170, ""confidence"": 0.15}, {""min"": 140, ""max"": 150, ""confidence"": 0.12}, {""min"": 170, ""max"": 180, ""confidence"": 0.1}, {""min"": 130, ""max"": 140, ""confidence"": 0.08}, {""min"": 180, ""max"": 190, ""confidence"": 0.07}, {""min"": 120, ""max"": 130, ""confidence"": 0.06}, {""min"": 190, ""max"": 200, ""confidence"": 0.05}, {""min"": 110, ""max"": 120, ""confidence"": 0.04}, {""min"": 200, ""max"": 210, ""confidence"": 0.03}]",,268.jpg,5,205.0,10,10
wgd_spd_268_20,170.0,0.3,"[{""min"": 140, ""max"": 160, ""confidence"": 0.25}, {""min"": 160, ""max"": 180, ""confidence"": 0.3}, {""min"": 150, ""max"": 170, ""confidence"": 0.2}, {""min"": 170, ""max"": 190, ""confidence"": 0.15}, {""min"": 180, ""max"": 200, ""confidence"": 0.1}]",,268.jpg,10,205.0,20,5
wgd_spd_268_40,160.0,0.5,"[{""min"": 140, ""max"": 180, ""confidence"": 0.5}, {""min"": 160, ""max"": 200, ""confidence"": 0.3}, {""min"": 120, ""max"": 160, ""confidence"": 0.2}]",,268.jpg,20,205.0,40,3
wgd_spd_270_02,161.0,0.12,"[{""min"": 160, ""max"": 162, ""confidence"": 0.12}, {""min"": 158, ""max"": 160, ""confidence"": 0.11}, {""min"": 162, ""max"": 164, ""confidence"": 0.1}, {""min"": 156, ""max"": 158, ""confidence"": 0.09}, {""min"": 164, ""max"": 166, ""confidence"": 0.09}, {""min"": 154, ""max"": 156, ""confidence"": 0.08}, {""min"": 166, ""max"": 168, ""confidence"": 0.07}, {""min"": 152, ""max"": 154, ""confidence"": 0.06}, {""min"": 168, ""max"": 170, ""confidence"": 0.05}, {""min"": 170, ""max"": 172, ""confidence"": 0.04}]",,270.jpg,1,155.0,2,10
wgd_spd_270_10,155.0,0.2,"[{""min"": 150, ""max"": 160, ""confidence"": 0.2}, {""min"": 160, ""max"": 170, ""confidence"": 0.18}, {""min"": 170, ""max"": 180, ""confidence"": 0.15}, {""min"": 140, ""max"": 150, ""confidence"": 0.12}, {""min"": 180, ""max"": 190, ""confidence"": 0.1}, {""min"": 130, ""max"": 140, ""confidence"": 0.08}, {""min"": 190, ""max"": 200, ""confidence"": 0.06}, {""min"": 120, ""max"": 130, ""confidence"": 0.05}, {""min"": 200, ""max"": 210, ""confidence"": 0.04}, {""min"": 210, ""max"": 220, ""confidence"": 0.02}]",,270.jpg,5,155.0,10,10
wgd_spd_270_20,170.0,0.35,"[{""min"": 160, ""max"": 180, ""confidence"": 0.35}, {""min"": 140, ""max"": 160, ""confidence"": 0.25}, {""min"": 180, ""max"": 200, ""confidence"": 0.2}, {""min"": 120, ""max"": 140, ""confidence"": 0.1}, {""min"": 200, ""max"": 220, ""confidence"": 0.1}]",,270.jpg,10,155.0,20,5
wgd_spd_270_40,170.0,0.5,"[{""min"": 150, ""max"": 190, ""confidence"": 0.5}, {""min"": 170, ""max"": 210, ""confidence"": 0.3}, {""min"": 190, ""max"": 230, ""confidence"": 0.2}]",,270.jpg,20,155.0,40,3
wgd_spd_271_02,121.0,0.12,"[{""min"": 120, ""max"": 122, ""confidence"": 0.12}, {""min"": 122, ""max"": 124, ""confidence"": 0.11}, {""min"": 118, ""max"": 120, ""confidence"": 0.1}, {""min"": 124, ""max"": 126, ""confidence"": 0.09}, {""min"": 126, ""max"": 128, ""confidence"": 0.08}, {""min"": 116, ""max"": 118, ""confidence"": 0.07}, {""min"": 114, ""max"": 116, ""confidence"": 0.07}, {""min"": 128, ""max"": 130, ""confidence"": 0.06}, {""min"": 112, ""max"": 114, ""confidence"": 0.05}, {""min"": 130, ""max"": 132, ""confidence"": 0.05}]",,271.jpg,1,120.0,2,10
wgd_spd_271_10,145.0,0.25,"[{""min"": 120, ""max"": 130, ""confidence"": 0.15}, {""min"": 130, ""max"": 140, ""confidence"": 0.2}, {""min"": 140, ""max"": 150, ""confidence"": 0.25}, {""min"": 150, ""max"": 160, ""confidence"": 0.2}, {""min"": 160, ""max"": 170, ""confidence"": 0.1}, {""min"": 110, ""max"": 120, ""confidence"": 0.05}, {""min"": 170, ""max"": 180, ""confidence"": 0.03}, {""min"": 180, ""max"": 190, ""confidence"": 0.01}, {""min"": 100, ""max"": 110, ""confidence"": 0.005}, {""min"": 190, ""max"": 200, ""confidence"": 0.005}]",,271.jpg,5,120.0,10,10
wgd_spd_271_20,140.0,0.3,"[{""min"": 120, ""max"": 140, ""confidence"": 0.25}, {""min"": 130, ""max"": 150, ""confidence"": 0.3}, {""min"": 140, ""max"": 160, ""confidence"": 0.25}, {""min"": 110, ""max"": 130, ""confidence"": 0.1}, {""min"": 150, ""max"": 170, ""confidence"": 0.1}]",,271.jpg,10,120.0,20,5
wgd_spd_271_40,140.0,0.5,"[{""min"": 120, ""max"": 160, ""confidence"": 0.5}, {""min"": 140, ""max"": 180, ""confidence"": 0.3}, {""min"": 100, ""max"": 140, ""confidence"": 0.2}]",,271.jpg,20,120.0,40,3
wgd_spd_272_02,141.0,0.15,"[{""min"": 140, ""max"": 142, ""confidence"": 0.15}, {""min"": 142, ""max"": 144, ""confidence"": 0.13}, {""min"": 138, ""max"": 140, ""confidence"": 0.12}, {""min"": 144, ""max"": 146, ""confidence"": 0.11}, {""min"": 136, ""max"": 138, ""confidence"": 0.1}, {""min"": 146, ""max"": 148, ""confidence"": 0.09}, {""min"": 134, ""max"": 136, ""confidence"": 0.08}, {""min"": 148, ""max"": 150, ""confidence"": 0.07}, {""min"": 132, ""max"": 134, ""confidence"": 0.06}, {""min"": 150, ""max"": 152, ""confidence"": 0.05}]",,272.jpg,1,165.0,2,10
wgd_spd_272_10,155.0,0.25,"[{""min"": 130, ""max"": 140, ""confidence"": 0.15}, {""min"": 140, ""max"": 150, ""confidence"": 0.2}, {""min"": 150, ""max"": 160, ""confidence"": 0.25}, {""min"": 160, ""max"": 170, ""confidence"": 0.2}, {""min"": 170, ""max"": 180, ""confidence"": 0.1}, {""min"": 120, ""max"": 130, ""confidence"": 0.05}, {""min"": 180, ""max"": 190, ""confidence"": 0.03}, {""min"": 110, ""max"": 120, ""confidence"": 0.02}, {""min"": 190, ""max"": 200, ""confidence"": 0.01}, {""min"": 100, ""max"": 110, ""confidence"": 0.01}]",,272.jpg,5,165.0,10,10
wgd_spd_272_20,150.0,0.3,"[{""min"": 130, ""max"": 150, ""confidence"": 0.25}, {""min"": 140, ""max"": 160, ""confidence"": 0.3}, {""min"": 150, ""max"": 170, ""confidence"": 0.25}, {""min"": 120, ""max"": 140, ""confidence"": 0.1}, {""min"": 160, ""max"": 180, ""confidence"": 0.1}]",,272.jpg,10,165.0,20,5
wgd_spd_272_40,160.0,0.5,"[{""min"": 140, ""max"": 180, ""confidence"": 0.5}, {""min"": 160, ""max"": 200, ""confidence"": 0.3}, {""min"": 120, ""max"": 160, ""confidence"": 0.2}]",,272.jpg,20,165.0,40,3
wgd_spd_273_02,111.0,0.12,"[{""min"": 110, ""max"": 112, ""confidence"": 0.12}, {""min"": 112, ""max"": 114, ""confidence"": 0.11}, {""min"": 108, ""max"": 110, ""confidence"": 0.1}, {""min"": 114, ""max"": 116, ""confidence"": 0.1}, {""min"": 106, ""max"": 108, ""confidence"": 0.09}, {""min"": 116, ""max"": 118, ""confidence"": 0.09}, {""min"": 104, ""max"": 106, ""confidence"": 0.08}, {""min"": 118, ""max"": 120, ""confidence"": 0.08}, {""min"": 120, ""max"": 122, ""confidence"": 0.07}, {""min"": 122, ""max"": 124, ""confidence"": 0.06}]",,273.jpg,1,120.0,2,10
wgd_spd_273_10,135.0,0.25,"[{""min"": 110, ""max"": 120, ""confidence"": 0.15}, {""min"": 120, ""max"": 130, ""confidence"": 0.2}, {""min"": 130, ""max"": 140, ""confidence"": 0.25}, {""min"": 140, ""max"": 150, ""confidence"": 0.2}, {""min"": 100, ""max"": 110, ""confidence"": 0.05}, {""min"": 150, ""max"": 160, ""confidence"": 0.05}, {""min"": 90, ""max"": 100, ""confidence"": 0.03}, {""min"": 160, ""max"": 170, ""confidence"": 0.02}, {""min"": 80, ""max"": 90, ""confidence"": 0.03}, {""min"": 170, ""max"": 180, ""confidence"": 0.02}]",,273.jpg,5,120.0,10,10
wgd_spd_273_20,130.0,0.3,"[{""min"": 110, ""max"": 130, ""confidence"": 0.25}, {""min"": 120, ""max"": 140, ""confidence"": 0.3}, {""min"": 130, ""max"": 150, ""confidence"": 0.2}, {""min"": 100, ""max"": 120, ""confidence"": 0.15}, {""min"": 140, ""max"": 160, ""confidence"": 0.1}]",,273.jpg,10,120.0,20,5
wgd_spd_273_40,140.0,0.5,"[{""min"": 120, ""max"": 160, ""confidence"": 0.5}, {""min"": 100, ""max"": 140, ""confidence"": 0.3}, {""min"": 140, ""max"": 180, ""confidence"": 0.2}]",,273.jpg,20,120.0,40,3
wgd_spd_274_02,111.0,0.12,"[{""min"": 110, ""max"": 112, ""confidence"": 0.12}, {""min"": 108, ""max"": 110, ""confidence"": 0.11}, {""min"": 112, ""max"": 114, ""confidence"": 0.1}, {""min"": 106, ""max"": 108, ""confidence"": 0.09}, {""min"": 114, ""max"": 116, ""confidence"": 0.08}, {""min"": 104, ""max"": 106, ""confidence"": 0.07}, {""min"": 116, ""max"": 118, ""confidence"": 0.07}, {""min"": 118, ""max"": 120, ""confidence"": 0.06}, {""min"": 120, ""max"": 122, ""confidence"": 0.05}, {""min"": 122, ""max"": 124, ""confidence"": 0.05}]",,274.jpg,1,135.0,2,10
wgd_spd_274_10,125.0,0.25,"[{""min"": 100, ""max"": 110, ""confidence"": 0.15}, {""min"": 110, ""max"": 120, ""confidence"": 0.2}, {""min"": 120, ""max"": 130, ""confidence"": 0.25}, {""min"": 130, ""max"": 140, ""confidence"": 0.2}, {""min"": 140, ""max"": 150, ""confidence"": 0.1}, {""min"": 90, ""max"": 100, ""confidence"": 0.05}, {""min"": 80, ""max"": 90, ""confidence"": 0.02}, {""min"": 150, ""max"": 160, ""confidence"": 0.01}, {""min"": 160, ""max"": 170, ""confidence"": 0.01}, {""min"": 170, ""max"": 180, ""confidence"": 0.01}]",,274.jpg,5,135.0,10,10
wgd_spd_274_20,120.0,0.3,"[{""min"": 110, ""max"": 130, ""confidence"": 0.3}, {""min"": 120, ""max"": 140, ""confidence"": 0.25}, {""min"": 130, ""max"": 150, ""confidence"": 0.2}, {""min"": 100, ""max"": 120, ""confidence"": 0.15}, {""min"": 140, ""max"": 160, ""confidence"": 0.1}]",,274.jpg,10,135.0,20,5
wgd_spd_274_40,120.0,0.4,"[{""min"": 100, ""max"": 140, ""confidence"": 0.4}, {""min"": 120, ""max"": 160, ""confidence"": 0.3}, {""min"": 140, ""max"": 180, ""confidence"": 0.3}]",,274.jpg,20,135.0,40,3
wgd_spd_275_02,121.0,0.1,"[{""min"": 120, ""max"": 122, ""confidence"": 0.1}, {""min"": 118, ""max"": 120, ""confidence"": 0.1}, {""min"": 122, ""max"": 124, ""confidence"": 0.1}, {""min"": 116, ""max"": 118, ""confidence"": 0.1}, {""min"": 124, ""max"": 126, ""confidence"": 0.1}, {""min"": 114, ""max"": 116, ""confidence"": 0.1}, {""min"": 126, ""max"": 128, ""confidence"": 0.1}, {""min"": 112, ""max"": 114, ""confidence"": 0.05}, {""min"": 128, ""max"": 130, ""confidence"": 0.05}, {""min"": 110, ""max"": 112, ""confidence"": 0.05}]",,275.jpg,1,140.0,2,10
wgd_spd_275_10,115.0,0.25,"[{""min"": 100, ""max"": 110, ""confidence"": 0.2}, {""min"": 110, ""max"": 120, ""confidence"": 0.25}, {""min"": 120, ""max"": 130, ""confidence"": 0.2}, {""min"": 130, ""max"": 140, ""confidence"": 0.15}, {""min"": 140, ""max"": 150, ""confidence"": 0.1}, {""min"": 90, ""max"": 100, ""confidence"": 0.05}, {""min"": 150, ""max"": 160, ""confidence"": 0.03}, {""min"": 80, ""max"": 90, ""confidence"": 0.02}, {""min"": 160, ""max"": 170, ""confidence"": 0.01}, {""min"": 170, ""max"": 180, ""confidence"": 0.01}]",,275.jpg,5,140.0,10,10
wgd_spd_275_20,110.0,0.25,"[{""min"": 100, ""max"": 120, ""confidence"": 0.25}, {""min"": 110, ""max"": 130, ""confidence"": 0.2}, {""min"": 120, ""max"": 140, ""confidence"": 0.2}, {""min"": 90, ""max"": 110, ""confidence"": 0.15}, {""min"": 130, ""max"": 150, ""confidence"": 0.1}]",,275.jpg,10,140.0,20,5
wgd_spd_275_40,120.0,0.4,"[{""min"": 100, ""max"": 140, ""confidence"": 0.4}, {""min"": 120, ""max"": 160, ""confidence"": 0.3}, {""min"": 140, ""max"": 180, ""confidence"": 0.3}]",,275.jpg,20,140.0,40,3
wgd_spd_276_02,141.0,0.15,"[{""min"": 140, ""max"": 142, ""confidence"": 0.15}, {""min"": 142, ""max"": 144, ""confidence"": 0.12}, {""min"": 138, ""max"": 140, ""confidence"": 0.1}, {""min"": 144, ""max"": 146, ""confidence"": 0.1}, {""min"": 136, ""max"": 138, ""confidence"": 0.09}, {""min"": 146, ""max"": 148, ""confidence"": 0.08}, {""min"": 134, ""max"": 136, ""confidence"": 0.07}, {""min"": 148, ""max"": 150, ""confidence"": 0.07}, {""min"": 132, ""max"": 134, ""confidence"": 0.06}, {""min"": 130, ""max"": 132, ""confidence"": 0.05}]",,276.jpg,1,165.0,2,10
wgd_spd_276_10,135.0,0.25,"[{""min"": 120, ""max"": 130, ""confidence"": 0.2}, {""min"": 130, ""max"": 140, ""confidence"": 0.25}, {""min"": 140, ""max"": 150, ""confidence"": 0.2}, {""min"": 150, ""max"": 160, ""confidence"": 0.15}, {""min"": 160, ""max"": 170, ""confidence"": 0.1}, {""min"": 110, ""max"": 120, ""confidence"": 0.05}, {""min"": 170, ""max"": 180, ""confidence"": 0.025}, {""min"": 180, ""max"": 190, ""confidence"": 0.0125}, {""min"": 100, ""max"": 110, ""confidence"": 0.0125}, {""min"": 190, ""max"": 200, ""confidence"": 0.0125}]",,276.jpg,5,165.0,10,10
wgd_spd_276_20,150.0,0.25,"[{""min"": 140, ""max"": 160, ""confidence"": 0.25}, {""min"": 150, ""max"": 170, ""confidence"": 0.2}, {""min"": 160, ""max"": 180, ""confidence"": 0.2}, {""min"": 130, ""max"": 150, ""confidence"": 0.15}, {""min"": 170, ""max"": 190, ""confidence"": 0.1}]",,276.jpg,10,165.0,20,5
wgd_spd_276_40,160.0,0.5,"[{""min"": 140, ""max"": 180, ""confidence"": 0.5}, {""min"": 160, ""max"": 200, ""confidence"": 0.3}, {""min"": 120, ""max"": 160, ""confidence"": 0.2}]",,276.jpg,20,165.0,40,3
wgd_spd_277_02,151.0,0.12,"[{""min"": 150, ""max"": 152, ""confidence"": 0.12}, {""min"": 152, ""max"": 154, ""confidence"": 0.11}, {""min"": 148, ""max"": 150, ""confidence"": 0.1}, {""min"": 154, ""max"": 156, ""confidence"": 0.09}, {""min"": 156, ""max"": 158, ""confidence"": 0.08}, {""min"": 146, ""max"": 148, ""confidence"": 0.08}, {""min"": 158, ""max"": 160, ""confidence"": 0.07}, {""min"": 144, ""max"": 146, ""confidence"": 0.07}, {""min"": 160, ""max"": 162, ""confidence"": 0.06}, {""min"": 142, ""max"": 144, ""confidence"": 0.05}]",,277.jpg,1,205.0,2,10
wgd_spd_277_10,155.0,0.2,"[{""min"": 150, ""max"": 160, ""confidence"": 0.2}, {""min"": 155, ""max"": 165, ""confidence"": 0.15}, {""min"": 160, ""max"": 170, ""confidence"": 0.13}, {""min"": 140, ""max"": 150, ""confidence"": 0.12}, {""min"": 165, ""max"": 175, ""confidence"": 0.1}, {""min"": 170, ""max"": 180, ""confidence"": 0.08}, {""min"": 145, ""max"": 155, ""confidence"": 0.07}, {""min"": 175, ""max"": 185, ""confidence"": 0.05}, {""min"": 135, ""max"": 145, ""confidence"": 0.05}, {""min"": 180, ""max"": 190, ""confidence"": 0.05}]",,277.jpg,5,205.0,10,10
wgd_spd_277_20,160.0,0.25,"[{""min"": 150, ""max"": 170, ""confidence"": 0.25}, {""min"": 160, ""max"": 180, ""confidence"": 0.2}, {""min"": 140, ""max"": 160, ""confidence"": 0.2}, {""min"": 170, ""max"": 190, ""confidence"": 0.15}, {""min"": 130, ""max"": 150, ""confidence"": 0.1}]",,277.jpg,10,205.0,20,5
wgd_spd_277_40,160.0,0.5,"[{""min"": 140, ""max"": 180, ""confidence"": 0.5}, {""min"": 160, ""max"": 200, ""confidence"": 0.3}, {""min"": 120, ""max"": 160, ""confidence"": 0.2}]",,277.jpg,20,205.0,40,3
wgd_spd_278_02,111.0,0.12,"[{""min"": 110, ""max"": 112, ""confidence"": 0.12}, {""min"": 112, ""max"": 114, ""confidence"": 0.11}, {""min"": 108, ""max"": 110, ""confidence"": 0.1}, {""min"": 114, ""max"": 116, ""confidence"": 0.09}, {""min"": 106, ""max"": 108, ""confidence"": 0.08}, {""min"": 116, ""max"": 118, ""confidence"": 0.08}, {""min"": 104, ""max"": 106, ""confidence"": 0.07}, {""min"": 118, ""max"": 120, ""confidence"": 0.07}, {""min"": 120, ""max"": 122, ""confidence"": 0.06}, {""min"": 122, ""max"": 124, ""confidence"": 0.05}]",,278.jpg,1,135.0,2,10
wgd_spd_278_10,125.0,0.25,"[{""min"": 100, ""max"": 110, ""confidence"": 0.15}, {""min"": 110, ""max"": 120, ""confidence"": 0.2}, {""min"": 120, ""max"": 130, ""confidence"": 0.25}, {""min"": 130, ""max"": 140, ""confidence"": 0.2}, {""min"": 140, ""max"": 150, ""confidence"": 0.1}, {""min"": 90, ""max"": 100, ""confidence"": 0.05}, {""min"": 150, ""max"": 160, ""confidence"": 0.03}, {""min"": 80, ""max"": 90, ""confidence"": 0.01}, {""min"": 160, ""max"": 170, ""confidence"": 0.01}, {""min"": 170, ""max"": 180, ""confidence"": 0.01}]",,278.jpg,5,135.0,10,10
wgd_spd_278_20,120.0,0.3,"[{""min"": 100, ""max"": 120, ""confidence"": 0.25}, {""min"": 110, ""max"": 130, ""confidence"": 0.3}, {""min"": 120, ""max"": 140, ""confidence"": 0.2}, {""min"": 90, ""max"": 110, ""confidence"": 0.15}, {""min"": 130, ""max"": 150, ""confidence"": 0.1}]",,278.jpg,10,135.0,20,5
wgd_spd_278_40,120.0,0.4,"[{""min"": 100, ""max"": 140, ""confidence"": 0.4}, {""min"": 120, ""max"": 160, ""confidence"": 0.3}, {""min"": 140, ""max"": 180, ""confidence"": 0.3}]",,278.jpg,20,135.0,40,3
wgd_spd_279_02,119.0,0.15,"[{""min"": 118, ""max"": 120, ""confidence"": 0.15}, {""min"": 120, ""max"": 122, ""confidence"": 0.14}, {""min"": 122, ""max"": 124, ""confidence"": 0.13}, {""min"": 124, ""max"": 126, ""confidence"": 0.12}, {""min"": 126, ""max"": 128, ""confidence"": 0.11}, {""min"": 128, ""max"": 130, ""confidence"": 0.1}, {""min"": 130, ""max"": 132, ""confidence"": 0.09}, {""min"": 132, ""max"": 134, ""confidence"": 0.08}, {""min"": 134, ""max"": 136, ""confidence"": 0.06}, {""min"": 136, ""max"": 138, ""confidence"": 0.02}]",,279.jpg,1,155.0,2,10
wgd_spd_279_10,135.0,0.25,"[{""min"": 110, ""max"": 120, ""confidence"": 0.15}, {""min"": 120, ""max"": 130, ""confidence"": 0.2}, {""min"": 130, ""max"": 140, ""confidence"": 0.25}, {""min"": 140, ""max"": 150, ""confidence"": 0.2}, {""min"": 150, ""max"": 160, ""confidence"": 0.1}, {""min"": 90, ""max"": 100, ""confidence"": 0.05}, {""min"": 100, ""max"": 110, ""confidence"": 0.05}, {""min"": 160, ""max"": 170, ""confidence"": 0.0}, {""min"": 170, ""max"": 180, ""confidence"": 0.0}, {""min"": 80, ""max"": 90, ""confidence"": 0.0}]",,279.jpg,5,155.0,10,10
wgd_spd_279_20,130.0,0.3,"[{""min"": 110, ""max"": 130, ""confidence"": 0.25}, {""min"": 120, ""max"": 140, ""confidence"": 0.3}, {""min"": 130, ""max"": 150, ""confidence"": 0.2}, {""min"": 140, ""max"": 160, ""confidence"": 0.15}, {""min"": 150, ""max"": 170, ""confidence"": 0.1}]",,279.jpg,10,155.0,20,5
wgd_spd_279_40,130.0,0.5,"[{""min"": 110, ""max"": 150, ""confidence"": 0.5}, {""min"": 120, ""max"": 160, ""confidence"": 0.3}, {""min"": 100, ""max"": 140, ""confidence"": 0.2}]",,279.jpg,20,155.0,40,3
wgd_spd_280_02,121.0,0.15,"[{""min"": 120, ""max"": 122, ""confidence"": 0.15}, {""min"": 122, ""max"": 124, ""confidence"": 0.14}, {""min"": 118, ""max"": 120, ""confidence"": 0.13}, {""min"": 124, ""max"": 126, ""confidence"": 0.12}, {""min"": 126, ""max"": 128, ""confidence"": 0.11}, {""min"": 116, ""max"": 118, ""confidence"": 0.1}, {""min"": 114, ""max"": 116, ""confidence"": 0.08}, {""min"": 128, ""max"": 130, ""confidence"": 0.07}, {""min"": 112, ""max"": 114, ""confidence"": 0.06}, {""min"": 130, ""max"": 132, ""confidence"": 0.04}]",,280.jpg,1,160.0,2,10
wgd_spd_280_10,135.0,0.25,"[{""min"": 110, ""max"": 120, ""confidence"": 0.15}, {""min"": 120, ""max"": 130, ""confidence"": 0.2}, {""min"": 130, ""max"": 140, ""confidence"": 0.25}, {""min"": 140, ""max"": 150, ""confidence"": 0.2}, {""min"": 150, ""max"": 160, ""confidence"": 0.1}, {""min"": 100, ""max"": 110, ""confidence"": 0.05}, {""min"": 90, ""max"": 100, ""confidence"": 0.02}, {""min"": 160, ""max"": 170, ""confidence"": 0.01}, {""min"": 170, ""max"": 180, ""confidence"": 0.01}, {""min"": 80, ""max"": 90, ""confidence"": 0.01}]",,280.jpg,5,160.0,10,10
wgd_spd_280_20,130.0,0.3,"[{""min"": 110, ""max"": 130, ""confidence"": 0.25}, {""min"": 120, ""max"": 140, ""confidence"": 0.3}, {""min"": 130, ""max"": 150, ""confidence"": 0.2}, {""min"": 100, ""max"": 120, ""confidence"": 0.15}, {""min"": 140, ""max"": 160, ""confidence"": 0.1}]",,280.jpg,10,160.0,20,5
wgd_spd_280_40,140.0,0.5,"[{""min"": 120, ""max"": 160, ""confidence"": 0.5}, {""min"": 100, ""max"": 140, ""confidence"": 0.3}, {""min"": 140, ""max"": 180, ""confidence"": 0.2}]",,280.jpg,20,160.0,40,3
wgd_spd_281_02,161.0,0.12,"[{""min"": 160, ""max"": 162, ""confidence"": 0.12}, {""min"": 158, ""max"": 160, ""confidence"": 0.11}, {""min"": 162, ""max"": 164, ""confidence"": 0.1}, {""min"": 164, ""max"": 166, ""confidence"": 0.09}, {""min"": 156, ""max"": 158, ""confidence"": 0.08}, {""min"": 154, ""max"": 156, ""confidence"": 0.07}, {""min"": 166, ""max"": 168, ""confidence"": 0.07}, {""min"": 152, ""max"": 154, ""confidence"": 0.06}, {""min"": 168, ""max"": 170, ""confidence"": 0.05}, {""min"": 150, ""max"": 152, ""confidence"": 0.05}]",,281.jpg,1,154.0,2,10
wgd_spd_281_10,165.0,0.25,"[{""min"": 140, ""max"": 150, ""confidence"": 0.15}, {""min"": 150, ""max"": 160, ""confidence"": 0.2}, {""min"": 160, ""max"": 170, ""confidence"": 0.25}, {""min"": 170, ""max"": 180, ""confidence"": 0.2}, {""min"": 180, ""max"": 190, ""confidence"": 0.1}, {""min"": 130, ""max"": 140, ""confidence"": 0.05}, {""min"": 190, ""max"": 200, ""confidence"": 0.03}, {""min"": 120, ""max"": 130, ""confidence"": 0.02}, {""min"": 200, ""max"": 210, ""confidence"": 0.01}, {""min"": 210, ""max"": 220, ""confidence"": 0.01}]",,281.jpg,5,154.0,10,10
wgd_spd_281_20,170.0,0.25,"[{""min"": 160, ""max"": 180, ""confidence"": 0.25}, {""min"": 140, ""max"": 160, ""confidence"": 0.2}, {""min"": 170, ""max"": 190, ""confidence"": 0.2}, {""min"": 150, ""max"": 170, ""confidence"": 0.18}, {""min"": 180, ""max"": 200, ""confidence"": 0.17}]",,281.jpg,10,154.0,20,5
wgd_spd_281_40,160.0,0.6,"[{""min"": 140, ""max"": 180, ""confidence"": 0.6}, {""min"": 160, ""max"": 200, ""confidence"": 0.3}, {""min"": 120, ""max"": 160, ""confidence"": 0.1}]",,281.jpg,20,154.0,40,3
wgd_spd_282_02,121.0,0.15,"[{""min"": 120, ""max"": 122, ""confidence"": 0.15}, {""min"": 122, ""max"": 124, ""confidence"": 0.12}, {""min"": 118, ""max"": 120, ""confidence"": 0.11}, {""min"": 124, ""max"": 126, ""confidence"": 0.1}, {""min"": 126, ""max"": 128, ""confidence"": 0.09}, {""min"": 116, ""max"": 118, ""confidence"": 0.08}, {""min"": 128, ""max"": 130, ""confidence"": 0.07}, {""min"": 114, ""max"": 116, ""confidence"": 0.06}, {""min"": 130, ""max"": 132, ""confidence"": 0.05}, {""min"": 132, ""max"": 134, ""confidence"": 0.04}]",,282.jpg,1,180.0,2,10
wgd_spd_282_10,145.0,0.2,"[{""min"": 120, ""max"": 130, ""confidence"": 0.12}, {""min"": 130, ""max"": 140, ""confidence"": 0.15}, {""min"": 140, ""max"": 150, ""confidence"": 0.20}, {""min"": 150, ""max"": 160, ""confidence"": 0.18}, {""min"": 160, ""max"": 170, ""confidence"": 0.15}, {""min"": 170, ""max"": 180, ""confidence"": 0.10}, {""min"": 180, ""max"": 190, ""confidence"": 0.05}, {""min"": 110, ""max"": 120, ""confidence"": 0.03}, {""min"": 100, ""max"": 110, ""confidence"": 0.01}, {""min"": 190, ""max"": 200, ""confidence"": 0.01}]",,282.jpg,5,180.0,10,10
wgd_spd_282_20,140.0,0.3,"[{""min"": 120, ""max"": 140, ""confidence"": 0.25}, {""min"": 130, ""max"": 150, ""confidence"": 0.3}, {""min"": 140, ""max"": 160, ""confidence"": 0.2}, {""min"": 110, ""max"": 130, ""confidence"": 0.15}, {""min"": 150, ""max"": 170, ""confidence"": 0.1}]",,282.jpg,10,180.0,20,5
wgd_spd_282_40,140.0,0.45,"[{""min"": 120, ""max"": 160, ""confidence"": 0.45}, {""min"": 140, ""max"": 180, ""confidence"": 0.3}, {""min"": 160, ""max"": 200, ""confidence"": 0.25}]",,282.jpg,20,180.0,40,3
wgd_spd_283_02,157.0,0.2,"[{""min"": 150, ""max"": 152, ""confidence"": 0.05}, {""min"": 152, ""max"": 154, ""confidence"": 0.1}, {""min"": 154, ""max"": 156, ""confidence"": 0.15}, {""min"": 156, ""max"": 158, ""confidence"": 0.2}, {""min"": 158, ""max"": 160, ""confidence"": 0.2}, {""min"": 160, ""max"": 162, ""confidence"": 0.15}, {""min"": 162, ""max"": 164, ""confidence"": 0.1}, {""min"": 164, ""max"": 166, ""confidence"": 0.05}, {""min"": 168, ""max"": 170, ""confidence"": 0.0}, {""min"": 170, ""max"": 172, ""confidence"": 0.0}]",,283.jpg,1,170.0,2,10
wgd_spd_283_10,165.0,0.3,"[{""min"": 160, ""max"": 170, ""confidence"": 0.3}, {""min"": 150, ""max"": 160, ""confidence"": 0.2}, {""min"": 170, ""max"": 180, ""confidence"": 0.15}, {""min"": 140, ""max"": 150, ""confidence"": 0.1}, {""min"": 180, ""max"": 190, ""confidence"": 0.05}, {""min"": 130, ""max"": 140, ""confidence"": 0.05}, {""min"": 190, ""max"": 200, ""confidence"": 0.05}, {""min"": 120, ""max"": 130, ""confidence"": 0.03}, {""min"": 200, ""max"": 210, ""confidence"": 0.02}, {""min"": 210, ""max"": 220, ""confidence"": 0.01}]",,283.jpg,5,170.0,10,10
wgd_spd_283_20,170.0,0.25,"[{""min"": 160, ""max"": 180, ""confidence"": 0.25}, {""min"": 140, ""max"": 160, ""confidence"": 0.2}, {""min"": 180, ""max"": 200, ""confidence"": 0.2}, {""min"": 120, ""max"": 140, ""confidence"": 0.15}, {""min"": 200, ""max"": 220, ""confidence"": 0.1}]",,283.jpg,10,170.0,20,5
wgd_spd_283_40,160.0,0.5,"[{""min"": 140, ""max"": 180, ""confidence"": 0.5}, {""min"": 150, ""max"": 190, ""confidence"": 0.3}, {""min"": 160, ""max"": 200, ""confidence"": 0.2}]",,283.jpg,20,170.0,40,3
wgd_spd_284_02,155.0,0.13,"[{""min"": 154, ""max"": 156, ""confidence"": 0.13}, {""min"": 156, ""max"": 158, ""confidence"": 0.12}, {""min"": 158, ""max"": 160, ""confidence"": 0.11}, {""min"": 160, ""max"": 162, ""confidence"": 0.1}, {""min"": 162, ""max"": 164, ""confidence"": 0.09}, {""min"": 164, ""max"": 166, ""confidence"": 0.08}, {""min"": 166, ""max"": 168, ""confidence"": 0.07}, {""min"": 168, ""max"": 170, ""confidence"": 0.06}, {""min"": 152, ""max"": 154, ""confidence"": 0.06}, {""min"": 170, ""max"": 172, ""confidence"": 0.05}]",,284.jpg,1,220.0,2,10
wgd_spd_284_10,175.0,0.2,"[{""min"": 160, ""max"": 170, ""confidence"": 0.15}, {""min"": 170, ""max"": 180, ""confidence"": 0.20}, {""min"": 180, ""max"": 190, ""confidence"": 0.18}, {""min"": 190, ""max"": 200, ""confidence"": 0.12}, {""min"": 150, ""max"": 160, ""confidence"": 0.10}, {""min"": 140, ""max"": 150, ""confidence"": 0.08}, {""min"": 200, ""max"": 210, ""confidence"": 0.06}, {""min"": 210, ""max"": 220, ""confidence"": 0.04}, {""min"": 130, ""max"": 140, ""confidence"": 0.04}, {""min"": 120, ""max"": 130, ""confidence"": 0.03}]",,284.jpg,5,220.0,10,10
wgd_spd_284_20,170.0,0.25,"[{""min"": 160, ""max"": 180, ""confidence"": 0.25}, {""min"": 180, ""max"": 200, ""confidence"": 0.2}, {""min"": 140, ""max"": 160, ""confidence"": 0.2}, {""min"": 170, ""max"": 190, ""confidence"": 0.18}, {""min"": 150, ""max"": 170, ""confidence"": 0.17}]",,284.jpg,10,220.0,20,5
wgd_spd_284_40,180.0,0.5,"[{""min"": 160, ""max"": 200, ""confidence"": 0.5}, {""min"": 180, ""max"": 220, ""confidence"": 0.3}, {""min"": 140, ""max"": 180, ""confidence"": 0.2}]",,284.jpg,20,220.0,40,3
wgd_spd_285_02,161.0,0.15,"[{""min"": 160, ""max"": 162, ""confidence"": 0.15}, {""min"": 162, ""max"": 164, ""confidence"": 0.14}, {""min"": 158, ""max"": 160, ""confidence"": 0.12}, {""min"": 164, ""max"": 166, ""confidence"": 0.11}, {""min"": 156, ""max"": 158, ""confidence"": 0.1}, {""min"": 166, ""max"": 168, ""confidence"": 0.09}, {""min"": 154, ""max"": 156, ""confidence"": 0.08}, {""min"": 168, ""max"": 170, ""confidence"": 0.07}, {""min"": 152, ""max"": 154, ""confidence"": 0.06}, {""min"": 170, ""max"": 172, ""confidence"": 0.05}]",,285.jpg,1,170.0,2,10
wgd_spd_285_10,175.0,0.3,"[{""min"": 150, ""max"": 160, ""confidence"": 0.15}, {""min"": 160, ""max"": 170, ""confidence"": 0.25}, {""min"": 170, ""max"": 180, ""confidence"": 0.3}, {""min"": 180, ""max"": 190, ""confidence"": 0.15}, {""min"": 190, ""max"": 200, ""confidence"": 0.05}, {""min"": 140, ""max"": 150, ""confidence"": 0.05}, {""min"": 130, ""max"": 140, ""confidence"": 0.02}, {""min"": 120, ""max"": 130, ""confidence"": 0.01}, {""min"": 200, ""max"": 210, ""confidence"": 0.01}, {""min"": 210, ""max"": 220, ""confidence"": 0.01}]",,285.jpg,5,170.0,10,10
wgd_spd_285_20,160.0,0.3,"[{""min"": 150, ""max"": 170, ""confidence"": 0.3}, {""min"": 170, ""max"": 190, ""confidence"": 0.25}, {""min"": 160, ""max"": 180, ""confidence"": 0.2}, {""min"": 140, ""max"": 160, ""confidence"": 0.15}, {""min"": 180, ""max"": 200, ""confidence"": 0.1}]",,285.jpg,10,170.0,20,5
wgd_spd_285_40,160.0,0.5,"[{""min"": 140, ""max"": 180, ""confidence"": 0.5}, {""min"": 160, ""max"": 200, ""confidence"": 0.3}, {""min"": 120, ""max"": 160, ""confidence"": 0.2}]",,285.jpg,20,170.0,40,3
wgd_spd_286_02,151.0,0.12,"[{""min"": 150, ""max"": 152, ""confidence"": 0.12}, {""min"": 152, ""max"": 154, ""confidence"": 0.11}, {""min"": 154, ""max"": 156, ""confidence"": 0.10}, {""min"": 148, ""max"": 150, ""confidence"": 0.10}, {""min"": 156, ""max"": 158, ""confidence"": 0.09}, {""min"": 158, ""max"": 160, ""confidence"": 0.08}, {""min"": 146, ""max"": 148, ""confidence"": 0.08}, {""min"": 160, ""max"": 162, ""confidence"": 0.07}, {""min"": 144, ""max"": 146, ""confidence"": 0.07}, {""min"": 162, ""max"": 164, ""confidence"": 0.06}]",,286.jpg,1,175.0,2,10
wgd_spd_286_10,155.0,0.25,"[{""min"": 130, ""max"": 140, ""confidence"": 0.15}, {""min"": 140, ""max"": 150, ""confidence"": 0.2}, {""min"": 150, ""max"": 160, ""confidence"": 0.25}, {""min"": 160, ""max"": 170, ""confidence"": 0.2}, {""min"": 170, ""max"": 180, ""confidence"": 0.1}, {""min"": 120, ""max"": 130, ""confidence"": 0.05}, {""min"": 180, ""max"": 190, ""confidence"": 0.03}, {""min"": 110, ""max"": 120, ""confidence"": 0.02}, {""min"": 190, ""max"": 200, ""confidence"": 0.01}, {""min"": 100, ""max"": 110, ""confidence"": 0.01}]",,286.jpg,5,175.0,10,10
wgd_spd_286_20,150.0,0.3,"[{""min"": 140, ""max"": 160, ""confidence"": 0.3}, {""min"": 150, ""max"": 170, ""confidence"": 0.25}, {""min"": 160, ""max"": 180, ""confidence"": 0.2}, {""min"": 170, ""max"": 190, ""confidence"": 0.15}, {""min"": 180, ""max"": 200, ""confidence"": 0.1}]",,286.jpg,10,175.0,20,5
wgd_spd_286_40,160.0,0.5,"[{""min"": 140, ""max"": 180, ""confidence"": 0.5}, {""min"": 160, ""max"": 200, ""confidence"": 0.3}, {""min"": 120, ""max"": 160, ""confidence"": 0.2}]",,286.jpg,20,175.0,40,3
wgd_spd_287_02,111.0,0.12,"[{""min"": 110, ""max"": 112, ""confidence"": 0.12}, {""min"": 112, ""max"": 114, ""confidence"": 0.11}, {""min"": 108, ""max"": 110, ""confidence"": 0.1}, {""min"": 114, ""max"": 116, ""confidence"": 0.09}, {""min"": 106, ""max"": 108, ""confidence"": 0.08}, {""min"": 116, ""max"": 118, ""confidence"": 0.08}, {""min"": 104, ""max"": 106, ""confidence"": 0.07}, {""min"": 118, ""max"": 120, ""confidence"": 0.07}, {""min"": 120, ""max"": 122, ""confidence"": 0.06}, {""min"": 122, ""max"": 124, ""confidence"": 0.05}]",,287.jpg,1,155.0,2,10
wgd_spd_287_10,135.0,0.25,"[{""min"": 110, ""max"": 120, ""confidence"": 0.15}, {""min"": 120, ""max"": 130, ""confidence"": 0.2}, {""min"": 130, ""max"": 140, ""confidence"": 0.25}, {""min"": 140, ""max"": 150, ""confidence"": 0.2}, {""min"": 150, ""max"": 160, ""confidence"": 0.1}, {""min"": 100, ""max"": 110, ""confidence"": 0.05}, {""min"": 160, ""max"": 170, ""confidence"": 0.03}, {""min"": 90, ""max"": 100, ""confidence"": 0.01}, {""min"": 170, ""max"": 180, ""confidence"": 0.01}, {""min"": 80, ""max"": 90, ""confidence"": 0}]",,287.jpg,5,155.0,10,10
wgd_spd_287_20,130.0,0.3,"[{""min"": 110, ""max"": 130, ""confidence"": 0.25}, {""min"": 120, ""max"": 140, ""confidence"": 0.3}, {""min"": 130, ""max"": 150, ""confidence"": 0.2}, {""min"": 140, ""max"": 160, ""confidence"": 0.15}, {""min"": 150, ""max"": 170, ""confidence"": 0.1}]",,287.jpg,10,155.0,20,5
wgd_spd_287_40,140.0,0.5,"[{""min"": 120, ""max"": 160, ""confidence"": 0.5}, {""min"": 140, ""max"": 180, ""confidence"": 0.3}, {""min"": 100, ""max"": 140, ""confidence"": 0.2}]",,287.jpg,20,155.0,40,3
wgd_spd_288_02,111.0,0.12,"[{""min"": 110, ""max"": 112, ""confidence"": 0.12}, {""min"": 112, ""max"": 114, ""confidence"": 0.11}, {""min"": 108, ""max"": 110, ""confidence"": 0.1}, {""min"": 114, ""max"": 116, ""confidence"": 0.09}, {""min"": 106, ""max"": 108, ""confidence"": 0.08}, {""min"": 116, ""max"": 118, ""confidence"": 0.08}, {""min"": 104, ""max"": 106, ""confidence"": 0.07}, {""min"": 118, ""max"": 120, ""confidence"": 0.07}, {""min"": 120, ""max"": 122, ""confidence"": 0.06}, {""min"": 102, ""max"": 104, ""confidence"": 0.05}]",,288.jpg,1,130.0,2,10
wgd_spd_288_10,135.0,0.25,"[{""min"": 110, ""max"": 120, ""confidence"": 0.15}, {""min"": 120, ""max"": 130, ""confidence"": 0.2}, {""min"": 130, ""max"": 140, ""confidence"": 0.25}, {""min"": 140, ""max"": 150, ""confidence"": 0.2}, {""min"": 150, ""max"": 160, ""confidence"": 0.1}, {""min"": 100, ""max"": 110, ""confidence"": 0.05}, {""min"": 90, ""max"": 100, ""confidence"": 0.02}, {""min"": 160, ""max"": 170, ""confidence"": 0.02}, {""min"": 80, ""max"": 90, ""confidence"": 0.01}, {""min"": 170, ""max"": 180, ""confidence"": 0.01}]",,288.jpg,5,130.0,10,10
wgd_spd_288_20,120.0,0.3,"[{""min"": 100, ""max"": 120, ""confidence"": 0.25}, {""min"": 110, ""max"": 130, ""confidence"": 0.3}, {""min"": 120, ""max"": 140, ""confidence"": 0.25}, {""min"": 130, ""max"": 150, ""confidence"": 0.1}, {""min"": 140, ""max"": 160, ""confidence"": 0.1}]",,288.jpg,10,130.0,20,5
wgd_spd_288_40,140.0,0.5,"[{""min"": 120, ""max"": 160, ""confidence"": 0.5}, {""min"": 100, ""max"": 140, ""confidence"": 0.3}, {""min"": 140, ""max"": 180, ""confidence"": 0.2}]",,288.jpg,20,130.0,40,3
wgd_spd_289_02,141.0,0.1,"[{""min"": 140, ""max"": 142, ""confidence"": 0.1}, {""min"": 142, ""max"": 144, ""confidence"": 0.1}, {""min"": 144, ""max"": 146, ""confidence"": 0.1}, {""min"": 146, ""max"": 148, ""confidence"": 0.1}, {""min"": 148, ""max"": 150, ""confidence"": 0.1}, {""min"": 150, ""max"": 152, ""confidence"": 0.1}, {""min"": 152, ""max"": 154, ""confidence"": 0.1}, {""min"": 154, ""max"": 156, ""confidence"": 0.1}, {""min"": 156, ""max"": 158, ""confidence"": 0.1}, {""min"": 158, ""max"": 160, ""confidence"": 0.1}]",,289.jpg,1,158.0,2,10
wgd_spd_289_10,145.0,0.15,"[{""min"": 140, ""max"": 150, ""confidence"": 0.15}, {""min"": 150, ""max"": 160, ""confidence"": 0.14}, {""min"": 130, ""max"": 140, ""confidence"": 0.13}, {""min"": 160, ""max"": 170, ""confidence"": 0.12}, {""min"": 120, ""max"": 130, ""confidence"": 0.11}, {""min"": 170, ""max"": 180, ""confidence"": 0.1}, {""min"": 180, ""max"": 190, ""confidence"": 0.08}, {""min"": 110, ""max"": 120, ""confidence"": 0.07}, {""min"": 190, ""max"": 200, ""confidence"": 0.06}, {""min"": 200, ""max"": 210, ""confidence"": 0.04}]",,289.jpg,5,158.0,10,10
wgd_spd_289_20,150.0,0.3,"[{""min"": 130, ""max"": 150, ""confidence"": 0.25}, {""min"": 140, ""max"": 160, ""confidence"": 0.3}, {""min"": 150, ""max"": 170, ""confidence"": 0.25}, {""min"": 160, ""max"": 180, ""confidence"": 0.15}, {""min"": 170, ""max"": 190, ""confidence"": 0.05}]",,289.jpg,10,158.0,20,5
wgd_spd_289_40,160.0,0.5,"[{""min"": 140, ""max"": 180, ""confidence"": 0.5}, {""min"": 160, ""max"": 200, ""confidence"": 0.3}, {""min"": 120, ""max"": 160, ""confidence"": 0.2}]",,289.jpg,20,158.0,40,3
wgd_spd_290_02,121.0,0.15,"[{""min"": 120, ""max"": 122, ""confidence"": 0.15}, {""min"": 122, ""max"": 124, ""confidence"": 0.12}, {""min"": 118, ""max"": 120, ""confidence"": 0.1}, {""min"": 124, ""max"": 126, ""confidence"": 0.08}, {""min"": 126, ""max"": 128, ""confidence"": 0.07}, {""min"": 116, ""max"": 118, ""confidence"": 0.06}, {""min"": 114, ""max"": 116, ""confidence"": 0.06}, {""min"": 128, ""max"": 130, ""confidence"": 0.06}, {""min"": 112, ""max"": 114, ""confidence"": 0.05}, {""min"": 130, ""max"": 132, ""confidence"": 0.05}]",,290.jpg,1,126.0,2,10
wgd_spd_290_10,125.0,0.25,"[{""min"": 110, ""max"": 120, ""confidence"": 0.2}, {""min"": 120, ""max"": 130, ""confidence"": 0.25}, {""min"": 130, ""max"": 140, ""confidence"": 0.2}, {""min"": 140, ""max"": 150, ""confidence"": 0.15}, {""min"": 150, ""max"": 160, ""confidence"": 0.1}, {""min"": 100, ""max"": 110, ""confidence"": 0.05}, {""min"": 160, ""max"": 170, ""confidence"": 0.025}, {""min"": 90, ""max"": 100, ""confidence"": 0.0125}, {""min"": 170, ""max"": 180, ""confidence"": 0.0125}, {""min"": 80, ""max"": 90, ""confidence"": 0.01}]",,290.jpg,5,126.0,10,10
wgd_spd_290_20,140.0,0.3,"[{""min"": 120, ""max"": 140, ""confidence"": 0.25}, {""min"": 130, ""max"": 150, ""confidence"": 0.3}, {""min"": 140, ""max"": 160, ""confidence"": 0.2}, {""min"": 110, ""max"": 130, ""confidence"": 0.15}, {""min"": 150, ""max"": 170, ""confidence"": 0.1}]",,290.jpg,10,126.0,20,5
wgd_spd_290_40,140.0,0.5,"[{""min"": 120, ""max"": 160, ""confidence"": 0.5}, {""min"": 110, ""max"": 150, ""confidence"": 0.3}, {""min"": 130, ""max"": 170, ""confidence"": 0.2}]",,290.jpg,20,126.0,40,3
wgd_spd_291_02,121.0,0.12,"[{""min"": 120, ""max"": 122, ""confidence"": 0.12}, {""min"": 118, ""max"": 120, ""confidence"": 0.11}, {""min"": 122, ""max"": 124, ""confidence"": 0.1}, {""min"": 116, ""max"": 118, ""confidence"": 0.09}, {""min"": 124, ""max"": 126, ""confidence"": 0.08}, {""min"": 114, ""max"": 116, ""confidence"": 0.07}, {""min"": 126, ""max"": 128, ""confidence"": 0.07}, {""min"": 112, ""max"": 114, ""confidence"": 0.06}, {""min"": 128, ""max"": 130, ""confidence"": 0.05}, {""min"": 110, ""max"": 112, ""confidence"": 0.05}]",,291.jpg,1,113.0,2,10
wgd_spd_291_10,135.0,0.25,"[{""min"": 110, ""max"": 120, ""confidence"": 0.15}, {""min"": 120, ""max"": 130, ""confidence"": 0.2}, {""min"": 130, ""max"": 140, ""confidence"": 0.25}, {""min"": 140, ""max"": 150, ""confidence"": 0.2}, {""min"": 150, ""max"": 160, ""confidence"": 0.1}, {""min"": 100, ""max"": 110, ""confidence"": 0.05}, {""min"": 160, ""max"": 170, ""confidence"": 0.03}, {""min"": 90, ""max"": 100, ""confidence"": 0.01}, {""min"": 170, ""max"": 180, ""confidence"": 0.01}, {""min"": 80, ""max"": 90, ""confidence"": 0.0}]",,291.jpg,5,113.0,10,10
wgd_spd_291_20,130.0,0.25,"[{""min"": 120, ""max"": 140, ""confidence"": 0.25}, {""min"": 110, ""max"": 130, ""confidence"": 0.2}, {""min"": 130, ""max"": 150, ""confidence"": 0.2}, {""min"": 100, ""max"": 120, ""confidence"": 0.15}, {""min"": 140, ""max"": 160, ""confidence"": 0.1}]",,291.jpg,10,113.0,20,5
wgd_spd_291_40,140.0,0.6,"[{""min"": 120, ""max"": 160, ""confidence"": 0.6}, {""min"": 100, ""max"": 140, ""confidence"": 0.3}, {""min"": 140, ""max"": 180, ""confidence"": 0.1}]",,291.jpg,20,113.0,40,3
wgd_spd_292_02,111.0,0.13,"[{""min"": 110, ""max"": 112, ""confidence"": 0.13}, {""min"": 112, ""max"": 114, ""confidence"": 0.12}, {""min"": 108, ""max"": 110, ""confidence"": 0.11}, {""min"": 114, ""max"": 116, ""confidence"": 0.11}, {""min"": 106, ""max"": 108, ""confidence"": 0.1}, {""min"": 116, ""max"": 118, ""confidence"": 0.1}, {""min"": 104, ""max"": 106, ""confidence"": 0.09}, {""min"": 118, ""max"": 120, ""confidence"": 0.09}, {""min"": 102, ""max"": 104, ""confidence"": 0.08}, {""min"": 120, ""max"": 122, ""confidence"": 0.07}]",,292.jpg,1,117.0,2,10
wgd_spd_292_10,125.0,0.2,"[{""min"": 110, ""max"": 120, ""confidence"": 0.15}, {""min"": 120, ""max"": 130, ""confidence"": 0.2}, {""min"": 100, ""max"": 110, ""confidence"": 0.1}, {""min"": 130, ""max"": 140, ""confidence"": 0.15}, {""min"": 90, ""max"": 100, ""confidence"": 0.05}, {""min"": 140, ""max"": 150, ""confidence"": 0.1}, {""min"": 80, ""max"": 90, ""confidence"": 0.05}, {""min"": 150, ""max"": 160, ""confidence"": 0.05}, {""min"": 160, ""max"": 170, ""confidence"": 0.05}, {""min"": 170, ""max"": 180, ""confidence"": 0.1}]",,292.jpg,5,117.0,10,10
wgd_spd_292_20,110.0,0.3,"[{""min"": 100, ""max"": 120, ""confidence"": 0.3}, {""min"": 110, ""max"": 130, ""confidence"": 0.25}, {""min"": 120, ""max"": 140, ""confidence"": 0.2}, {""min"": 130, ""max"": 150, ""confidence"": 0.15}, {""min"": 140, ""max"": 160, ""confidence"": 0.1}]",,292.jpg,10,117.0,20,5
wgd_spd_292_40,120.0,0.5,"[{""min"": 100, ""max"": 140, ""confidence"": 0.5}, {""min"": 120, ""max"": 160, ""confidence"": 0.3}, {""min"": 80, ""max"": 120, ""confidence"": 0.2}]",,292.jpg,20,117.0,40,3
wgd_spd_293_02,111.0,0.15,"[{""min"": 110, ""max"": 112, ""confidence"": 0.15}, {""min"": 112, ""max"": 114, ""confidence"": 0.14}, {""min"": 108, ""max"": 110, ""confidence"": 0.13}, {""min"": 114, ""max"": 116, ""confidence"": 0.12}, {""min"": 106, ""max"": 108, ""confidence"": 0.11}, {""min"": 116, ""max"": 118, ""confidence"": 0.1}, {""min"": 104, ""max"": 106, ""confidence"": 0.08}, {""min"": 118, ""max"": 120, ""confidence"": 0.07}, {""min"": 102, ""max"": 104, ""confidence"": 0.05}, {""min"": 120, ""max"": 122, ""confidence"": 0.05}]",,293.jpg,1,113.0,2,10
wgd_spd_293_10,125.0,0.25,"[{""min"": 110, ""max"": 120, ""confidence"": 0.2}, {""min"": 120, ""max"": 130, ""confidence"": 0.25}, {""min"": 130, ""max"": 140, ""confidence"": 0.2}, {""min"": 100, ""max"": 110, ""confidence"": 0.1}, {""min"": 140, ""max"": 150, ""confidence"": 0.1}, {""min"": 90, ""max"": 100, ""confidence"": 0.05}, {""min"": 150, ""max"": 160, ""confidence"": 0.05}, {""min"": 80, ""max"": 90, ""confidence"": 0.025}, {""min"": 160, ""max"": 170, ""confidence"": 0.025}, {""min"": 170, ""max"": 180, ""confidence"": 0.01}]",,293.jpg,5,113.0,10,10
wgd_spd_293_20,120.0,0.3,"[{""min"": 100, ""max"": 120, ""confidence"": 0.25}, {""min"": 110, ""max"": 130, ""confidence"": 0.3}, {""min"": 120, ""max"": 140, ""confidence"": 0.25}, {""min"": 130, ""max"": 150, ""confidence"": 0.15}, {""min"": 90, ""max"": 110, ""confidence"": 0.05}]",,293.jpg,10,113.0,20,5
wgd_spd_293_40,120.0,0.5,"[{""min"": 100, ""max"": 140, ""confidence"": 0.5}, {""min"": 120, ""max"": 160, ""confidence"": 0.3}, {""min"": 140, ""max"": 180, ""confidence"": 0.2}]",,293.jpg,20,113.0,40,3
wgd_spd_294_02,111.0,0.15,"[{""min"": 110, ""max"": 112, ""confidence"": 0.15}, {""min"": 112, ""max"": 114, ""confidence"": 0.14}, {""min"": 108, ""max"": 110, ""confidence"": 0.13}, {""min"": 114, ""max"": 116, ""confidence"": 0.12}, {""min"": 106, ""max"": 108, ""confidence"": 0.11}, {""min"": 116, ""max"": 118, ""confidence"": 0.1}, {""min"": 104, ""max"": 106, ""confidence"": 0.08}, {""min"": 118, ""max"": 120, ""confidence"": 0.07}, {""min"": 102, ""max"": 104, ""confidence"": 0.06}, {""min"": 120, ""max"": 122, ""confidence"": 0.04}]",,294.jpg,1,125.0,2,10
wgd_spd_294_10,135.0,0.17,"[{""min"": 110, ""max"": 120, ""confidence"": 0.13}, {""min"": 120, ""max"": 130, ""confidence"": 0.16}, {""min"": 130, ""max"": 140, ""confidence"": 0.17}, {""min"": 140, ""max"": 150, ""confidence"": 0.16}, {""min"": 150, ""max"": 160, ""confidence"": 0.13}, {""min"": 160, ""max"": 170, ""confidence"": 0.09}, {""min"": 100, ""max"": 110, ""confidence"": 0.07}, {""min"": 90, ""max"": 100, ""confidence"": 0.04}, {""min"": 80, ""max"": 90, ""confidence"": 0.03}, {""min"": 170, ""max"": 180, ""confidence"": 0.02}]",,294.jpg,5,125.0,10,10
wgd_spd_294_20,120.0,0.4,"[{""min"": 110, ""max"": 130, ""confidence"": 0.4}, {""min"": 120, ""max"": 140, ""confidence"": 0.25}, {""min"": 100, ""max"": 120, ""confidence"": 0.2}, {""min"": 130, ""max"": 150, ""confidence"": 0.1}, {""min"": 90, ""max"": 110, ""confidence"": 0.05}]",,294.jpg,10,125.0,20,5
wgd_spd_294_40,120.0,0.5,"[{""min"": 100, ""max"": 140, ""confidence"": 0.5}, {""min"": 120, ""max"": 160, ""confidence"": 0.3}, {""min"": 140, ""max"": 180, ""confidence"": 0.2}]",,294.jpg,20,125.0,40,3
wgd_spd_295_02,135.0,0.2,"[{""min"": 130, ""max"": 132, ""confidence"": 0.1}, {""min"": 132, ""max"": 134, ""confidence"": 0.15}, {""min"": 134, ""max"": 136, ""confidence"": 0.2}, {""min"": 136, ""max"": 138, ""confidence"": 0.15}, {""min"": 138, ""max"": 140, ""confidence"": 0.1}, {""min"": 140, ""max"": 142, ""confidence"": 0.1}, {""min"": 142, ""max"": 144, ""confidence"": 0.05}, {""min"": 144, ""max"": 146, ""confidence"": 0.05}, {""min"": 146, ""max"": 148, ""confidence"": 0.05}, {""min"": 148, ""max"": 150, ""confidence"": 0.05}]",,295.jpg,1,145.0,2,10
wgd_spd_295_10,155.0,0.25,"[{""min"": 130, ""max"": 140, ""confidence"": 0.15}, {""min"": 140, ""max"": 150, ""confidence"": 0.2}, {""min"": 150, ""max"": 160, ""confidence"": 0.25}, {""min"": 160, ""max"": 170, ""confidence"": 0.2}, {""min"": 120, ""max"": 130, ""confidence"": 0.1}, {""min"": 170, ""max"": 180, ""confidence"": 0.05}, {""min"": 110, ""max"": 120, ""confidence"": 0.03}, {""min"": 180, ""max"": 190, ""confidence"": 0.02}, {""min"": 190, ""max"": 200, ""confidence"": 0.01}, {""min"": 100, ""max"": 110, ""confidence"": 0.01}]",,295.jpg,5,145.0,10,10
wgd_spd_295_20,150.0,0.3,"[{""min"": 140, ""max"": 160, ""confidence"": 0.3}, {""min"": 150, ""max"": 170, ""confidence"": 0.25}, {""min"": 160, ""max"": 180, ""confidence"": 0.2}, {""min"": 130, ""max"": 150, ""confidence"": 0.15}, {""min"": 170, ""max"": 190, ""confidence"": 0.1}]",,295.jpg,10,145.0,20,5
wgd_spd_295_40,140.0,0.5,"[{""min"": 120, ""max"": 160, ""confidence"": 0.5}, {""min"": 140, ""max"": 180, ""confidence"": 0.3}, {""min"": 160, ""max"": 200, ""confidence"": 0.2}]",,295.jpg,20,145.0,40,3
wgd_spd_296_02,111.0,0.12,"[{""min"": 110, ""max"": 112, ""confidence"": 0.12}, {""min"": 112, ""max"": 114, ""confidence"": 0.11}, {""min"": 108, ""max"": 110, ""confidence"": 0.1}, {""min"": 114, ""max"": 116, ""confidence"": 0.09}, {""min"": 106, ""max"": 108, ""confidence"": 0.08}, {""min"": 116, ""max"": 118, ""confidence"": 0.08}, {""min"": 104, ""max"": 106, ""confidence"": 0.07}, {""min"": 118, ""max"": 120, ""confidence"": 0.07}, {""min"": 102, ""max"": 104, ""confidence"": 0.06}, {""min"": 120, ""max"": 122, ""confidence"": 0.05}]",,296.jpg,1,125.0,2,10
wgd_spd_296_10,115.0,0.25,"[{""min"": 100, ""max"": 110, ""confidence"": 0.2}, {""min"": 110, ""max"": 120, ""confidence"": 0.25}, {""min"": 120, ""max"": 130, ""confidence"": 0.2}, {""min"": 90, ""max"": 100, ""confidence"": 0.1}, {""min"": 130, ""max"": 140, ""confidence"": 0.1}, {""min"": 80, ""max"": 90, ""confidence"": 0.05}, {""min"": 140, ""max"": 150, ""confidence"": 0.05}, {""min"": 70, ""max"": 80, ""confidence"": 0.025}, {""min"": 150, ""max"": 160, ""confidence"": 0.025}, {""min"": 160, ""max"": 170, ""confidence"": 0.0}]",,296.jpg,5,125.0,10,10
wgd_spd_296_20,120.0,0.3,"[{""min"": 100, ""max"": 120, ""confidence"": 0.25}, {""min"": 110, ""max"": 130, ""confidence"": 0.3}, {""min"": 120, ""max"": 140, ""confidence"": 0.2}, {""min"": 90, ""max"": 110, ""confidence"": 0.15}, {""min"": 130, ""max"": 150, ""confidence"": 0.1}]",,296.jpg,10,125.0,20,5
wgd_spd_296_40,120.0,0.5,"[{""min"": 100, ""max"": 140, ""confidence"": 0.5}, {""min"": 120, ""max"": 160, ""confidence"": 0.3}, {""min"": 80, ""max"": 120, ""confidence"": 0.2}]",,296.jpg,20,125.0,40,3
wgd_spd_297_02,111.0,0.15,"[{""min"": 110, ""max"": 112, ""confidence"": 0.15}, {""min"": 112, ""max"": 114, ""confidence"": 0.14}, {""min"": 108, ""max"": 110, ""confidence"": 0.13}, {""min"": 114, ""max"": 116, ""confidence"": 0.12}, {""min"": 106, ""max"": 108, ""confidence"": 0.11}, {""min"": 116, ""max"": 118, ""confidence"": 0.09}, {""min"": 104, ""max"": 106, ""confidence"": 0.08}, {""min"": 118, ""max"": 120, ""confidence"": 0.07}, {""min"": 102, ""max"": 104, ""confidence"": 0.06}, {""min"": 120, ""max"": 122, ""confidence"": 0.05}]",,297.jpg,1,120.0,2,10
wgd_spd_297_10,135.0,0.25,"[{""min"": 110, ""max"": 120, ""confidence"": 0.15}, {""min"": 120, ""max"": 130, ""confidence"": 0.2}, {""min"": 130, ""max"": 140, ""confidence"": 0.25}, {""min"": 140, ""max"": 150, ""confidence"": 0.2}, {""min"": 150, ""max"": 160, ""confidence"": 0.1}, {""min"": 100, ""max"": 110, ""confidence"": 0.05}, {""min"": 90, ""max"": 100, ""confidence"": 0.02}, {""min"": 160, ""max"": 170, ""confidence"": 0.02}, {""min"": 80, ""max"": 90, ""confidence"": 0.01}, {""min"": 170, ""max"": 180, ""confidence"": 0.01}]",,297.jpg,5,120.0,10,10
wgd_spd_297_20,130.0,0.3,"[{""min"": 110, ""max"": 130, ""confidence"": 0.25}, {""min"": 120, ""max"": 140, ""confidence"": 0.3}, {""min"": 130, ""max"": 150, ""confidence"": 0.2}, {""min"": 100, ""max"": 120, ""confidence"": 0.15}, {""min"": 140, ""max"": 160, ""confidence"": 0.1}]",,297.jpg,10,120.0,20,5
wgd_spd_297_40,120.0,0.4,"[{""min"": 100, ""max"": 140, ""confidence"": 0.4}, {""min"": 120, ""max"": 160, ""confidence"": 0.3}, {""min"": 140, ""max"": 180, ""confidence"": 0.3}]",,297.jpg,20,120.0,40,3
wgd_spd_298_02,121.0,0.15,"[{""min"": 120, ""max"": 122, ""confidence"": 0.15}, {""min"": 118, ""max"": 120, ""confidence"": 0.12}, {""min"": 122, ""max"": 124, ""confidence"": 0.1}, {""min"": 116, ""max"": 118, ""confidence"": 0.09}, {""min"": 124, ""max"": 126, ""confidence"": 0.08}, {""min"": 114, ""max"": 116, ""confidence"": 0.07}, {""min"": 126, ""max"": 128, ""confidence"": 0.07}, {""min"": 112, ""max"": 114, ""confidence"": 0.06}, {""min"": 110, ""max"": 112, ""confidence"": 0.05}, {""min"": 128, ""max"": 130, ""confidence"": 0.05}]",,298.jpg,1,165.0,2,10
wgd_spd_298_10,135.0,0.25,"[{""min"": 110, ""max"": 120, ""confidence"": 0.15}, {""min"": 120, ""max"": 130, ""confidence"": 0.2}, {""min"": 130, ""max"": 140, ""confidence"": 0.25}, {""min"": 140, ""max"": 150, ""confidence"": 0.2}, {""min"": 150, ""max"": 160, ""confidence"": 0.1}, {""min"": 160, ""max"": 170, ""confidence"": 0.05}, {""min"": 100, ""max"": 110, ""confidence"": 0.02}, {""min"": 90, ""max"": 100, ""confidence"": 0.01}, {""min"": 80, ""max"": 90, ""confidence"": 0.01}, {""min"": 170, ""max"": 180, ""confidence"": 0.01}]",,298.jpg,5,165.0,10,10
wgd_spd_298_20,110.0,0.3,"[{""min"": 100, ""max"": 120, ""confidence"": 0.3}, {""min"": 120, ""max"": 140, ""confidence"": 0.25}, {""min"": 110, ""max"": 130, ""confidence"": 0.2}, {""min"": 130, ""max"": 150, ""confidence"": 0.15}, {""min"": 140, ""max"": 160, ""confidence"": 0.1}]",,298.jpg,10,165.0,20,5
wgd_spd_298_40,140.0,0.5,"[{""min"": 120, ""max"": 160, ""confidence"": 0.5}, {""min"": 100, ""max"": 140, ""confidence"": 0.3}, {""min"": 140, ""max"": 180, ""confidence"": 0.2}]",,298.jpg,20,165.0,40,3
wgd_spd_299_02,131.0,0.15,"[{""min"": 130, ""max"": 132, ""confidence"": 0.15}, {""min"": 132, ""max"": 134, ""confidence"": 0.12}, {""min"": 134, ""max"": 136, ""confidence"": 0.1}, {""min"": 136, ""max"": 138, ""confidence"": 0.08}, {""min"": 138, ""max"": 140, ""confidence"": 0.07}, {""min"": 140, ""max"": 142, ""confidence"": 0.07}, {""min"": 142, ""max"": 144, ""confidence"": 0.06}, {""min"": 144, ""max"": 146, ""confidence"": 0.05}, {""min"": 146, ""max"": 148, ""confidence"": 0.05}, {""min"": 148, ""max"": 150, ""confidence"": 0.05}]",,299.jpg,1,177.0,2,10
wgd_spd_299_10,145.0,0.25,"[{""min"": 120, ""max"": 130, ""confidence"": 0.15}, {""min"": 130, ""max"": 140, ""confidence"": 0.2}, {""min"": 140, ""max"": 150, ""confidence"": 0.25}, {""min"": 150, ""max"": 160, ""confidence"": 0.2}, {""min"": 160, ""max"": 170, ""confidence"": 0.1}, {""min"": 170, ""max"": 180, ""confidence"": 0.05}, {""min"": 180, ""max"": 190, ""confidence"": 0.03}, {""min"": 190, ""max"": 200, ""confidence"": 0.01}, {""min"": 110, ""max"": 120, ""confidence"": 0.01}, {""min"": 100, ""max"": 110, ""confidence"": 0.01}]",,299.jpg,5,177.0,10,10
wgd_spd_299_20,150.0,0.3,"[{""min"": 120, ""max"": 140, ""confidence"": 0.25}, {""min"": 140, ""max"": 160, ""confidence"": 0.3}, {""min"": 160, ""max"": 180, ""confidence"": 0.2}, {""min"": 180, ""max"": 200, ""confidence"": 0.15}, {""min"": 100, ""max"": 120, ""confidence"": 0.1}]",,299.jpg,10,177.0,20,5
wgd_spd_299_40,140.0,0.5,"[{""min"": 120, ""max"": 160, ""confidence"": 0.5}, {""min"": 140, ""max"": 180, ""confidence"": 0.3}, {""min"": 160, ""max"": 200, ""confidence"": 0.2}]",,299.jpg,20,177.0,40,3
wgd_spd_300_02,171.0,0.15,"[{""min"": 170, ""max"": 172, ""confidence"": 0.15}, {""min"": 168, ""max"": 170, ""confidence"": 0.14}, {""min"": 172, ""max"": 174, ""confidence"": 0.12}, {""min"": 166, ""max"": 168, ""confidence"": 0.11}, {""min"": 174, ""max"": 176, ""confidence"": 0.1}, {""min"": 164, ""max"": 166, ""confidence"": 0.09}, {""min"": 176, ""max"": 178, ""confidence"": 0.08}, {""min"": 162, ""max"": 164, ""confidence"": 0.07}, {""min"": 178, ""max"": 180, ""confidence"": 0.06}, {""min"": 180, ""max"": 182, ""confidence"": 0.05}]",,300.jpg,1,182.0,2,10
wgd_spd_300_10,155.0,0.2,"[{""min"": 150, ""max"": 160, ""confidence"": 0.2}, {""min"": 160, ""max"": 170, ""confidence"": 0.19}, {""min"": 170, ""max"": 180, ""confidence"": 0.15}, {""min"": 140, ""max"": 150, ""confidence"": 0.13}, {""min"": 180, ""max"": 190, ""confidence"": 0.1}, {""min"": 130, ""max"": 140, ""confidence"": 0.08}, {""min"": 190, ""max"": 200, ""confidence"": 0.05}, {""min"": 120, ""max"": 130, ""confidence"": 0.04}, {""min"": 200, ""max"": 210, ""confidence"": 0.03}, {""min"": 210, ""max"": 220, ""confidence"": 0.03}]",,300.jpg,5,182.0,10,10
wgd_spd_300_20,160.0,0.3,"[{""min"": 150, ""max"": 170, ""confidence"": 0.3}, {""min"": 160, ""max"": 180, ""confidence"": 0.25}, {""min"": 170, ""max"": 190, ""confidence"": 0.2}, {""min"": 140, ""max"": 160, ""confidence"": 0.15}, {""min"": 180, ""max"": 200, ""confidence"": 0.1}]",,300.jpg,10,182.0,20,5
wgd_spd_300_40,160.0,0.5,"[{""min"": 140, ""max"": 180, ""confidence"": 0.5}, {""min"": 160, ""max"": 200, ""confidence"": 0.3}, {""min"": 180, ""max"": 220, ""confidence"": 0.2}]",,300.jpg,20,182.0,40,3
wgd_spd_301_02,121.0,0.15,"[{""min"": 120, ""max"": 122, ""confidence"": 0.15}, {""min"": 122, ""max"": 124, ""confidence"": 0.14}, {""min"": 124, ""max"": 126, ""confidence"": 0.13}, {""min"": 118, ""max"": 120, ""confidence"": 0.12}, {""min"": 126, ""max"": 128, ""confidence"": 0.11}, {""min"": 116, ""max"": 118, ""confidence"": 0.1}, {""min"": 128, ""max"": 130, ""confidence"": 0.08}, {""min"": 130, ""max"": 132, ""confidence"": 0.06}, {""min"": 114, ""max"": 116, ""confidence"": 0.05}, {""min"": 132, ""max"": 134, ""confidence"": 0.04}]",,301.jpg,1,150.0,2,10
wgd_spd_301_10,135.0,0.25,"[{""min"": 110, ""max"": 120, ""confidence"": 0.15}, {""min"": 120, ""max"": 130, ""confidence"": 0.2}, {""min"": 130, ""max"": 140, ""confidence"": 0.25}, {""min"": 140, ""max"": 150, ""confidence"": 0.2}, {""min"": 150, ""max"": 160, ""confidence"": 0.1}, {""min"": 160, ""max"": 170, ""confidence"": 0.05}, {""min"": 100, ""max"": 110, ""confidence"": 0.03}, {""min"": 90, ""max"": 100, ""confidence"": 0.02}, {""min"": 80, ""max"": 90, ""confidence"": 0.01}, {""min"": 170, ""max"": 180, ""confidence"": 0.01}]",,301.jpg,5,150.0,10,10
wgd_spd_301_20,130.0,0.25,"[{""min"": 120, ""max"": 140, ""confidence"": 0.25}, {""min"": 110, ""max"": 130, ""confidence"": 0.2}, {""min"": 130, ""max"": 150, ""confidence"": 0.2}, {""min"": 100, ""max"": 120, ""confidence"": 0.15}, {""min"": 140, ""max"": 160, ""confidence"": 0.1}]",,301.jpg,10,150.0,20,5
wgd_spd_301_40,140.0,0.5,"[{""min"": 120, ""max"": 160, ""confidence"": 0.5}, {""min"": 100, ""max"": 140, ""confidence"": 0.3}, {""min"": 140, ""max"": 180, ""confidence"": 0.2}]",,301.jpg,20,150.0,40,3
